problem_id,similar_problem_id,similarity_score,rank,domain,subtopic,difficulty_label,similar_domain,similar_subtopic,similar_difficulty_label
MATHNET-0490,MATHNET-04ch,1.0,2,Algebra,Equations and Inequalities | Intermediate Algebra,Easy,Algebra,Algebraic Expressions,Easy
MATHNET-0490,MATHNET-04st,1.0,1,Algebra,Equations and Inequalities | Intermediate Algebra,Easy,Algebra,Algebraic Expressions | Equations and Inequalities,Easy
MATHNET-0cy4,MATHNET-0anq,1.0,8,Algebra,Algebraic Expressions | Prealgebra / Basic Algebra,Easy,Algebra,Equations and Inequalities | Intermediate Algebra,Easy
MATHNET-0cy4,MATHNET-09u9,1.0,7,Algebra,Algebraic Expressions | Prealgebra / Basic Algebra,Easy,Algebra,Prealgebra / Basic Algebra,Easy
MATHNET-0cy4,MATHNET-0490,1.0,6,Algebra,Algebraic Expressions | Prealgebra / Basic Algebra,Easy,Algebra,Equations and Inequalities | Intermediate Algebra,Easy
MATHNET-0cy4,MATHNET-0au5,1.0,5,Algebra,Algebraic Expressions | Prealgebra / Basic Algebra,Easy,Algebra,Intermediate Algebra,Easy
MATHNET-0cy4,MATHNET-0ar9,1.0,4,Algebra,Algebraic Expressions | Prealgebra / Basic Algebra,Easy,Algebra,Algebraic Expressions,Easy
MATHNET-0cy4,MATHNET-0a32,1.0,3,Algebra,Algebraic Expressions | Prealgebra / Basic Algebra,Easy,Algebra,Algebraic Expressions,Easy
MATHNET-0cy4,MATHNET-04ch,1.0,2,Algebra,Algebraic Expressions | Prealgebra / Basic Algebra,Easy,Algebra,Algebraic Expressions,Easy
MATHNET-0cy4,MATHNET-04st,1.0,1,Algebra,Algebraic Expressions | Prealgebra / Basic Algebra,Easy,Algebra,Algebraic Expressions | Equations and Inequalities,Easy
MATHNET-0cy4,MATHNET-0lad,1.0,10,Algebra,Algebraic Expressions | Prealgebra / Basic Algebra,Easy,Algebra,Equations and Inequalities,Easy
MATHNET-0cy4,MATHNET-0br0,1.0,9,Algebra,Algebraic Expressions | Prealgebra / Basic Algebra,Easy,Algebra,Abstract Algebra,Easy
MATHNET-04e2,MATHNET-0f03,1.0,6,Geometry,Plane Geometry,Easy,Geometry,Plane Geometry,Easy
MATHNET-04e2,MATHNET-01t8,1.0,5,Geometry,Plane Geometry,Easy,Geometry,Plane Geometry,Easy
MATHNET-04e2,MATHNET-09jr,1.0,4,Geometry,Plane Geometry,Easy,Geometry,Plane Geometry,Easy
MATHNET-04i0,MATHNET-0aut,1.0,2,Algebra | Geometry,Algebraic Expressions | Plane Geometry,Easy,Algebra | Geometry,Intermediate Algebra | Plane Geometry,Easy
MATHNET-04i0,MATHNET-0bh8,1.0,1,Algebra | Geometry,Algebraic Expressions | Plane Geometry,Easy,Algebra | Geometry,Algebraic Expressions | Plane Geometry,Easy
MATHNET-0cx2,MATHNET-09i8,1.0,1,Algebra | Number Theory,Divisibility / Factorization | Prealgebra / Basic Algebra,Easy,Algebra | Number Theory,Diophantine Equations | Prealgebra / Basic Algebra,Easy
MATHNET-02cu,MATHNET-0anv,1.0,3,Algebra,Prealgebra / Basic Algebra,Easy,Algebra,Algebraic Expressions,Easy
MATHNET-02cu,MATHNET-0kn4,1.0,2,Algebra,Prealgebra / Basic Algebra,Easy,Algebra,Prealgebra / Basic Algebra,Easy
MATHNET-02cu,MATHNET-02c0,1.0,1,Algebra,Prealgebra / Basic Algebra,Easy,Algebra,Prealgebra / Basic Algebra,Easy
MATHNET-09hn,MATHNET-0l80,1.0,1,Algebra | Number Theory,Other | Prealgebra / Basic Algebra,Easy,Algebra | Number Theory,Algebraic Expressions | Other,Easy
MATHNET-04iq,MATHNET-0f78,1.0,4,Discrete Mathematics,Combinatorics,Easy,Discrete Mathematics,Combinatorics | Graph Theory,Easy
MATHNET-04iq,MATHNET-0eyj,1.0,3,Discrete Mathematics,Combinatorics,Easy,Discrete Mathematics,Graph Theory,Easy
MATHNET-04iq,MATHNET-0dd1,1.0,2,Discrete Mathematics,Combinatorics,Easy,Discrete Mathematics,Combinatorics,Easy
MATHNET-04iq,MATHNET-04hy,1.0,1,Discrete Mathematics,Combinatorics,Easy,Discrete Mathematics,Combinatorics,Easy
MATHNET-01nc,MATHNET-04uw,1.0,10,Geometry,Plane Geometry,Easy,Geometry,Plane Geometry,Easy
MATHNET-01nc,MATHNET-0gg9,1.0,9,Geometry,Plane Geometry,Easy,Geometry,Plane Geometry,Easy
MATHNET-01nc,MATHNET-0eyx,1.0,8,Geometry,Plane Geometry,Easy,Geometry,Plane Geometry,Easy
MATHNET-01nc,MATHNET-0c9v,1.0,7,Geometry,Plane Geometry,Easy,Geometry,Plane Geometry,Easy
MATHNET-01nc,MATHNET-0dgr,1.0,6,Geometry,Plane Geometry,Easy,Geometry,Plane Geometry,Easy
MATHNET-0b09,MATHNET-09jj,1.0,6,Number Theory,Modular Arithmetic | Residues and Primitive Roots,Easy,Number Theory,Diophantine Equations | Divisibility / Factorization,Easy
MATHNET-0b09,MATHNET-0c6i,1.0,4,Number Theory,Modular Arithmetic | Residues and Primitive Roots,Easy,Number Theory,Diophantine Equations | Divisibility / Factorization,Easy
MATHNET-0b09,MATHNET-0698,1.0,3,Number Theory,Modular Arithmetic | Residues and Primitive Roots,Easy,Number Theory,Diophantine Equations | Divisibility / Factorization | Modular Arithmetic,Easy
MATHNET-0b09,MATHNET-0c1k,1.0,1,Number Theory,Modular Arithmetic | Residues and Primitive Roots,Easy,Number Theory,Divisibility / Factorization | Modular Arithmetic,Easy
MATHNET-09zj,MATHNET-0khx,1.0,1,Discrete Mathematics,Combinatorics,Easy,Discrete Mathematics,Combinatorics | Graph Theory,Easy
MATHNET-01nc,MATHNET-0dgx,1.0,5,Geometry,Plane Geometry,Easy,Geometry,Plane Geometry,Easy
MATHNET-01nc,MATHNET-09k0,1.0,4,Geometry,Plane Geometry,Easy,Geometry,Plane Geometry,Easy
MATHNET-01nc,MATHNET-09ka,1.0,3,Geometry,Plane Geometry,Easy,Geometry,Plane Geometry,Easy
MATHNET-01nc,MATHNET-0cie,1.0,2,Geometry,Plane Geometry,Easy,Geometry,Plane Geometry,Easy
MATHNET-01nc,MATHNET-0fg6,1.0,1,Geometry,Plane Geometry,Easy,Geometry,Plane Geometry,Easy
MATHNET-0kn4,MATHNET-0anv,1.0,3,Algebra,Prealgebra / Basic Algebra,Easy,Algebra,Algebraic Expressions,Easy
MATHNET-0kn4,MATHNET-02cu,1.0,2,Algebra,Prealgebra / Basic Algebra,Easy,Algebra,Prealgebra / Basic Algebra,Easy
MATHNET-0kn4,MATHNET-02c0,1.0,1,Algebra,Prealgebra / Basic Algebra,Easy,Algebra,Prealgebra / Basic Algebra,Easy
MATHNET-04iq,MATHNET-04up,1.0,8,Discrete Mathematics,Combinatorics,Easy,Discrete Mathematics,Combinatorics,Easy
MATHNET-04iq,MATHNET-0gme,1.0,7,Discrete Mathematics,Combinatorics,Easy,Discrete Mathematics,Combinatorics,Easy
MATHNET-04iq,MATHNET-0f9f,1.0,6,Discrete Mathematics,Combinatorics,Easy,Discrete Mathematics,Combinatorics | Graph Theory,Easy
MATHNET-04iq,MATHNET-001e,1.0,5,Discrete Mathematics,Combinatorics,Easy,Discrete Mathematics,Combinatorics,Easy
MATHNET-04e2,MATHNET-0gg9,1.0,3,Geometry,Plane Geometry,Easy,Geometry,Plane Geometry,Easy
MATHNET-04e2,MATHNET-09k0,1.0,2,Geometry,Plane Geometry,Easy,Geometry,Plane Geometry,Easy
MATHNET-04e2,MATHNET-0dgx,1.0,1,Geometry,Plane Geometry,Easy,Geometry,Plane Geometry,Easy
MATHNET-0eyx,MATHNET-04uw,1.0,10,Geometry,Plane Geometry,Easy,Geometry,Plane Geometry,Easy
MATHNET-0eyx,MATHNET-09ka,1.0,9,Geometry,Plane Geometry,Easy,Geometry,Plane Geometry,Easy
MATHNET-0eyx,MATHNET-0cie,1.0,8,Geometry,Plane Geometry,Easy,Geometry,Plane Geometry,Easy
MATHNET-0eyx,MATHNET-0dgr,1.0,7,Geometry,Plane Geometry,Easy,Geometry,Plane Geometry,Easy
MATHNET-0490,MATHNET-0cy4,1.0,6,Algebra,Equations and Inequalities | Intermediate Algebra,Easy,Algebra,Algebraic Expressions | Prealgebra / Basic Algebra,Easy
MATHNET-0490,MATHNET-0au5,1.0,5,Algebra,Equations and Inequalities | Intermediate Algebra,Easy,Algebra,Intermediate Algebra,Easy
MATHNET-0490,MATHNET-0ar9,1.0,4,Algebra,Equations and Inequalities | Intermediate Algebra,Easy,Algebra,Algebraic Expressions,Easy
MATHNET-04uw,MATHNET-09k0,1.0,2,Geometry,Plane Geometry,Easy,Geometry,Plane Geometry,Easy
MATHNET-04uw,MATHNET-0dgx,1.0,1,Geometry,Plane Geometry,Easy,Geometry,Plane Geometry,Easy
MATHNET-001e,MATHNET-0gme,1.0,8,Discrete Mathematics,Combinatorics,Easy,Discrete Mathematics,Combinatorics,Easy
MATHNET-001e,MATHNET-04iq,1.0,7,Discrete Mathematics,Combinatorics,Easy,Discrete Mathematics,Combinatorics,Easy
MATHNET-0fg6,MATHNET-04uw,1.0,10,Geometry,Plane Geometry,Easy,Geometry,Plane Geometry,Easy
MATHNET-0fg6,MATHNET-0gg9,1.0,9,Geometry,Plane Geometry,Easy,Geometry,Plane Geometry,Easy
MATHNET-0fg6,MATHNET-0eyx,1.0,8,Geometry,Plane Geometry,Easy,Geometry,Plane Geometry,Easy
MATHNET-0fg6,MATHNET-0c9v,1.0,7,Geometry,Plane Geometry,Easy,Geometry,Plane Geometry,Easy
MATHNET-0fg6,MATHNET-0dgr,1.0,6,Geometry,Plane Geometry,Easy,Geometry,Plane Geometry,Easy
MATHNET-0fg6,MATHNET-0dgx,1.0,5,Geometry,Plane Geometry,Easy,Geometry,Plane Geometry,Easy
MATHNET-01t8,MATHNET-09jr,1.0,10,Geometry,Plane Geometry,Easy,Geometry,Plane Geometry,Easy
MATHNET-01t8,MATHNET-0f03,1.0,9,Geometry,Plane Geometry,Easy,Geometry,Plane Geometry,Easy
MATHNET-01t8,MATHNET-01nc,1.0,8,Geometry,Plane Geometry,Easy,Geometry,Plane Geometry,Easy
MATHNET-01t8,MATHNET-0fg6,1.0,7,Geometry,Plane Geometry,Easy,Geometry,Plane Geometry,Easy
MATHNET-01t8,MATHNET-0c1x,1.0,6,Geometry,Plane Geometry,Easy,Geometry,Plane Geometry,Easy
MATHNET-0a32,MATHNET-0br0,1.0,5,Algebra,Algebraic Expressions,Easy,Algebra,Abstract Algebra,Easy
MATHNET-0a32,MATHNET-0lad,1.0,4,Algebra,Algebraic Expressions,Easy,Algebra,Equations and Inequalities,Easy
MATHNET-01t8,MATHNET-04uw,1.0,5,Geometry,Plane Geometry,Easy,Geometry,Plane Geometry,Easy
MATHNET-01t8,MATHNET-0gg9,1.0,4,Geometry,Plane Geometry,Easy,Geometry,Plane Geometry,Easy
MATHNET-01t8,MATHNET-09ka,1.0,3,Geometry,Plane Geometry,Easy,Geometry,Plane Geometry,Easy
MATHNET-01t8,MATHNET-0dgr,1.0,2,Geometry,Plane Geometry,Easy,Geometry,Plane Geometry,Easy
MATHNET-01t8,MATHNET-0dgx,1.0,1,Geometry,Plane Geometry,Easy,Geometry,Plane Geometry,Easy
MATHNET-02c0,MATHNET-0anv,1.0,3,Algebra,Prealgebra / Basic Algebra,Easy,Algebra,Algebraic Expressions,Easy
MATHNET-02c0,MATHNET-02cu,1.0,2,Algebra,Prealgebra / Basic Algebra,Easy,Algebra,Prealgebra / Basic Algebra,Easy
MATHNET-02c0,MATHNET-0kn4,1.0,1,Algebra,Prealgebra / Basic Algebra,Easy,Algebra,Prealgebra / Basic Algebra,Easy
MATHNET-0au5,MATHNET-0anq,1.0,10,Algebra,Intermediate Algebra,Easy,Algebra,Equations and Inequalities | Intermediate Algebra,Easy
MATHNET-0au5,MATHNET-000t,1.0,9,Algebra,Intermediate Algebra,Easy,Algebra,Prealgebra / Basic Algebra,Easy
MATHNET-0au5,MATHNET-0gm2,1.0,8,Algebra,Intermediate Algebra,Easy,Algebra,Algebraic Expressions,Easy
MATHNET-0au5,MATHNET-04ch,1.0,6,Algebra,Intermediate Algebra,Easy,Algebra,Algebraic Expressions,Easy
MATHNET-0au5,MATHNET-0br0,1.0,5,Algebra,Intermediate Algebra,Easy,Algebra,Abstract Algebra,Easy
MATHNET-0au5,MATHNET-0lad,1.0,4,Algebra,Intermediate Algebra,Easy,Algebra,Equations and Inequalities,Easy
MATHNET-0au5,MATHNET-0490,1.0,3,Algebra,Intermediate Algebra,Easy,Algebra,Equations and Inequalities | Intermediate Algebra,Easy
MATHNET-0au5,MATHNET-0ar9,1.0,2,Algebra,Intermediate Algebra,Easy,Algebra,Algebraic Expressions,Easy
MATHNET-0au5,MATHNET-04st,1.0,1,Algebra,Intermediate Algebra,Easy,Algebra,Algebraic Expressions | Equations and Inequalities,Easy
MATHNET-0a32,MATHNET-0anq,1.0,10,Algebra,Algebraic Expressions,Easy,Algebra,Equations and Inequalities | Intermediate Algebra,Easy
MATHNET-0a32,MATHNET-000t,1.0,9,Algebra,Algebraic Expressions,Easy,Algebra,Prealgebra / Basic Algebra,Easy
MATHNET-0a32,MATHNET-0gm2,1.0,8,Algebra,Algebraic Expressions,Easy,Algebra,Algebraic Expressions,Easy
MATHNET-0a32,MATHNET-0au5,1.0,7,Algebra,Algebraic Expressions,Easy,Algebra,Intermediate Algebra,Easy
MATHNET-0a32,MATHNET-04ch,1.0,6,Algebra,Algebraic Expressions,Easy,Algebra,Algebraic Expressions,Easy
MATHNET-0a32,MATHNET-0490,1.0,3,Algebra,Algebraic Expressions,Easy,Algebra,Equations and Inequalities | Intermediate Algebra,Easy
MATHNET-0a32,MATHNET-0ar9,1.0,2,Algebra,Algebraic Expressions,Easy,Algebra,Algebraic Expressions,Easy
MATHNET-0a32,MATHNET-04st,1.0,1,Algebra,Algebraic Expressions,Easy,Algebra,Algebraic Expressions | Equations and Inequalities,Easy
MATHNET-0fg6,MATHNET-09k0,1.0,4,Geometry,Plane Geometry,Easy,Geometry,Plane Geometry,Easy
MATHNET-0fg6,MATHNET-09ka,1.0,3,Geometry,Plane Geometry,Easy,Geometry,Plane Geometry,Easy
MATHNET-0fg6,MATHNET-0cie,1.0,2,Geometry,Plane Geometry,Easy,Geometry,Plane Geometry,Easy
MATHNET-0fg6,MATHNET-01nc,1.0,1,Geometry,Plane Geometry,Easy,Geometry,Plane Geometry,Easy
MATHNET-04up,MATHNET-0dd1,1.0,8,Discrete Mathematics,Combinatorics,Easy,Discrete Mathematics,Combinatorics,Easy
MATHNET-04up,MATHNET-04iq,1.0,7,Discrete Mathematics,Combinatorics,Easy,Discrete Mathematics,Combinatorics,Easy
MATHNET-04up,MATHNET-0f9f,1.0,6,Discrete Mathematics,Combinatorics,Easy,Discrete Mathematics,Combinatorics | Graph Theory,Easy
MATHNET-04up,MATHNET-0gme,1.0,5,Discrete Mathematics,Combinatorics,Easy,Discrete Mathematics,Combinatorics,Easy
MATHNET-04up,MATHNET-001e,1.0,4,Discrete Mathematics,Combinatorics,Easy,Discrete Mathematics,Combinatorics,Easy
MATHNET-04up,MATHNET-0eyj,1.0,3,Discrete Mathematics,Combinatorics,Easy,Discrete Mathematics,Graph Theory,Easy
MATHNET-04up,MATHNET-0f78,1.0,2,Discrete Mathematics,Combinatorics,Easy,Discrete Mathematics,Combinatorics | Graph Theory,Easy
MATHNET-04up,MATHNET-04hy,1.0,1,Discrete Mathematics,Combinatorics,Easy,Discrete Mathematics,Combinatorics,Easy
MATHNET-0au5,MATHNET-0a32,1.0,7,Algebra,Intermediate Algebra,Easy,Algebra,Algebraic Expressions,Easy
MATHNET-09u9,MATHNET-0anq,1.0,10,Algebra,Prealgebra / Basic Algebra,Easy,Algebra,Equations and Inequalities | Intermediate Algebra,Easy
MATHNET-09u9,MATHNET-0br0,1.0,9,Algebra,Prealgebra / Basic Algebra,Easy,Algebra,Abstract Algebra,Easy
MATHNET-09u9,MATHNET-0gm2,1.0,8,Algebra,Prealgebra / Basic Algebra,Easy,Algebra,Algebraic Expressions,Easy
MATHNET-09u9,MATHNET-0a32,1.0,7,Algebra,Prealgebra / Basic Algebra,Easy,Algebra,Algebraic Expressions,Easy
MATHNET-09u9,MATHNET-0au5,1.0,6,Algebra,Prealgebra / Basic Algebra,Easy,Algebra,Intermediate Algebra,Easy
MATHNET-09u9,MATHNET-04ch,1.0,5,Algebra,Prealgebra / Basic Algebra,Easy,Algebra,Algebraic Expressions,Easy
MATHNET-09u9,MATHNET-0lad,1.0,4,Algebra,Prealgebra / Basic Algebra,Easy,Algebra,Equations and Inequalities,Easy
MATHNET-09u9,MATHNET-0490,1.0,3,Algebra,Prealgebra / Basic Algebra,Easy,Algebra,Equations and Inequalities | Intermediate Algebra,Easy
MATHNET-09u9,MATHNET-0ar9,1.0,2,Algebra,Prealgebra / Basic Algebra,Easy,Algebra,Algebraic Expressions,Easy
MATHNET-09u9,MATHNET-04st,1.0,1,Algebra,Prealgebra / Basic Algebra,Easy,Algebra,Algebraic Expressions | Equations and Inequalities,Easy
MATHNET-0khx,MATHNET-09zj,1.0,1,Discrete Mathematics,Combinatorics | Graph Theory,Easy,Discrete Mathematics,Combinatorics,Easy
MATHNET-001e,MATHNET-0f9f,1.0,6,Discrete Mathematics,Combinatorics,Easy,Discrete Mathematics,Combinatorics | Graph Theory,Easy
MATHNET-001e,MATHNET-0dd1,1.0,5,Discrete Mathematics,Combinatorics,Easy,Discrete Mathematics,Combinatorics,Easy
MATHNET-001e,MATHNET-0eyj,1.0,4,Discrete Mathematics,Combinatorics,Easy,Discrete Mathematics,Graph Theory,Easy
MATHNET-0eyx,MATHNET-0f03,1.0,6,Geometry,Plane Geometry,Easy,Geometry,Plane Geometry,Easy
MATHNET-0eyx,MATHNET-01t8,1.0,5,Geometry,Plane Geometry,Easy,Geometry,Plane Geometry,Easy
MATHNET-0eyx,MATHNET-09jr,1.0,4,Geometry,Plane Geometry,Easy,Geometry,Plane Geometry,Easy
MATHNET-0eyx,MATHNET-0gg9,1.0,3,Geometry,Plane Geometry,Easy,Geometry,Plane Geometry,Easy
MATHNET-0eyx,MATHNET-09k0,1.0,2,Geometry,Plane Geometry,Easy,Geometry,Plane Geometry,Easy
MATHNET-0eyx,MATHNET-0dgx,1.0,1,Geometry,Plane Geometry,Easy,Geometry,Plane Geometry,Easy
MATHNET-0c1x,MATHNET-09k0,1.0,2,Geometry,Plane Geometry,Easy,Geometry,Plane Geometry,Easy
MATHNET-0c1x,MATHNET-0dgx,1.0,1,Geometry,Plane Geometry,Easy,Geometry,Plane Geometry,Easy
MATHNET-0atv,MATHNET-0lad,1.0,10,Algebra,Equations and Inequalities | Intermediate Algebra,Easy,Algebra,Equations and Inequalities,Easy
MATHNET-0atv,MATHNET-0br0,1.0,9,Algebra,Equations and Inequalities | Intermediate Algebra,Easy,Algebra,Abstract Algebra,Easy
MATHNET-0atv,MATHNET-0anq,1.0,8,Algebra,Equations and Inequalities | Intermediate Algebra,Easy,Algebra,Equations and Inequalities | Intermediate Algebra,Easy
MATHNET-0atv,MATHNET-09u9,1.0,7,Algebra,Equations and Inequalities | Intermediate Algebra,Easy,Algebra,Prealgebra / Basic Algebra,Easy
MATHNET-0dgr,MATHNET-0fg6,1.0,1,Geometry,Plane Geometry,Easy,Geometry,Plane Geometry,Easy
MATHNET-08ic,MATHNET-008t,1.0,10,Geometry,Plane Geometry,Easy,Geometry,Plane Geometry,Easy
MATHNET-08ic,MATHNET-0c4k,1.0,9,Geometry,Plane Geometry,Easy,Geometry,Plane Geometry,Easy
MATHNET-08ic,MATHNET-04dz,1.0,8,Geometry,Plane Geometry,Easy,Geometry,Plane Geometry,Easy
MATHNET-08ic,MATHNET-00cj,1.0,7,Geometry,Plane Geometry,Easy,Geometry,Plane Geometry,Easy
MATHNET-08ic,MATHNET-0atn,1.0,6,Geometry,Plane Geometry,Easy,Geometry,Plane Geometry,Easy
MATHNET-08ic,MATHNET-0c9x,1.0,5,Geometry,Plane Geometry,Easy,Geometry,Plane Geometry,Easy
MATHNET-08ic,MATHNET-004m,1.0,4,Geometry,Plane Geometry,Easy,Geometry,Plane Geometry,Easy
MATHNET-08ic,MATHNET-0bqa,1.0,3,Geometry,Plane Geometry,Easy,Geometry,Plane Geometry,Easy
MATHNET-08ic,MATHNET-049x,1.0,2,Geometry,Plane Geometry,Easy,Geometry,Plane Geometry,Easy
MATHNET-08ic,MATHNET-0041,1.0,1,Geometry,Plane Geometry,Easy,Geometry,Plane Geometry,Easy
MATHNET-0gfg,MATHNET-0bdr,1.0,10,Algebra,Algebraic Expressions | Equations and Inequalities,Easy,Algebra,Algebraic Expressions | Intermediate Algebra,Easy
MATHNET-0gfg,MATHNET-0gfd,1.0,9,Algebra,Algebraic Expressions | Equations and Inequalities,Easy,Algebra,Equations and Inequalities,Easy
MATHNET-0gfg,MATHNET-0caz,1.0,8,Algebra,Algebraic Expressions | Equations and Inequalities,Easy,Algebra,Algebraic Expressions,Easy
MATHNET-0dgr,MATHNET-09ka,1.0,10,Geometry,Plane Geometry,Easy,Geometry,Plane Geometry,Easy
MATHNET-0dgr,MATHNET-0cie,1.0,9,Geometry,Plane Geometry,Easy,Geometry,Plane Geometry,Easy
MATHNET-0dgr,MATHNET-01t8,1.0,8,Geometry,Plane Geometry,Easy,Geometry,Plane Geometry,Easy
MATHNET-0dgr,MATHNET-0c9v,1.0,7,Geometry,Plane Geometry,Easy,Geometry,Plane Geometry,Easy
MATHNET-0dgr,MATHNET-04uw,1.0,6,Geometry,Plane Geometry,Easy,Geometry,Plane Geometry,Easy
MATHNET-0dgr,MATHNET-0gg9,1.0,5,Geometry,Plane Geometry,Easy,Geometry,Plane Geometry,Easy
MATHNET-0dgr,MATHNET-09k0,1.0,4,Geometry,Plane Geometry,Easy,Geometry,Plane Geometry,Easy
MATHNET-0dgr,MATHNET-0f03,1.0,3,Geometry,Plane Geometry,Easy,Geometry,Plane Geometry,Easy
MATHNET-0dgr,MATHNET-01nc,1.0,2,Geometry,Plane Geometry,Easy,Geometry,Plane Geometry,Easy
MATHNET-004m,MATHNET-008t,1.0,10,Geometry,Plane Geometry,Easy,Geometry,Plane Geometry,Easy
MATHNET-004m,MATHNET-0c4k,1.0,9,Geometry,Plane Geometry,Easy,Geometry,Plane Geometry,Easy
MATHNET-004m,MATHNET-04dz,1.0,8,Geometry,Plane Geometry,Easy,Geometry,Plane Geometry,Easy
MATHNET-004m,MATHNET-00cj,1.0,7,Geometry,Plane Geometry,Easy,Geometry,Plane Geometry,Easy
MATHNET-004m,MATHNET-0atn,1.0,6,Geometry,Plane Geometry,Easy,Geometry,Plane Geometry,Easy
MATHNET-0gfg,MATHNET-0bl4,1.0,7,Algebra,Algebraic Expressions | Equations and Inequalities,Easy,Algebra,Equations and Inequalities,Easy
MATHNET-0gfg,MATHNET-0002,1.0,6,Algebra,Algebraic Expressions | Equations and Inequalities,Easy,Algebra,Algebraic Expressions,Easy
MATHNET-0gfg,MATHNET-0beo,1.0,5,Algebra,Algebraic Expressions | Equations and Inequalities,Easy,Algebra,Algebraic Expressions,Easy
MATHNET-0gfg,MATHNET-0bpv,1.0,4,Algebra,Algebraic Expressions | Equations and Inequalities,Easy,Algebra,Equations and Inequalities,Easy
MATHNET-0gfg,MATHNET-0c4x,1.0,3,Algebra,Algebraic Expressions | Equations and Inequalities,Easy,Algebra,Linear Algebra,Easy
MATHNET-0gfg,MATHNET-0l7k,1.0,2,Algebra,Algebraic Expressions | Equations and Inequalities,Easy,Algebra,Algebraic Expressions,Easy
MATHNET-0gfg,MATHNET-0bw4,1.0,1,Algebra,Algebraic Expressions | Equations and Inequalities,Easy,Algebra,Equations and Inequalities,Easy
MATHNET-04st,MATHNET-0atv,1.0,10,Algebra,Algebraic Expressions | Equations and Inequalities,Easy,Algebra,Equations and Inequalities | Intermediate Algebra,Easy
MATHNET-04st,MATHNET-000t,1.0,9,Algebra,Algebraic Expressions | Equations and Inequalities,Easy,Algebra,Prealgebra / Basic Algebra,Easy
MATHNET-0atv,MATHNET-000t,1.0,6,Algebra,Equations and Inequalities | Intermediate Algebra,Easy,Algebra,Prealgebra / Basic Algebra,Easy
MATHNET-0atv,MATHNET-0au5,1.0,5,Algebra,Equations and Inequalities | Intermediate Algebra,Easy,Algebra,Intermediate Algebra,Easy
MATHNET-0atv,MATHNET-0ar9,1.0,4,Algebra,Equations and Inequalities | Intermediate Algebra,Easy,Algebra,Algebraic Expressions,Easy
MATHNET-0atv,MATHNET-0a32,1.0,3,Algebra,Equations and Inequalities | Intermediate Algebra,Easy,Algebra,Algebraic Expressions,Easy
MATHNET-04uw,MATHNET-0gg9,1.0,10,Geometry,Plane Geometry,Easy,Geometry,Plane Geometry,Easy
MATHNET-04uw,MATHNET-09ka,1.0,9,Geometry,Plane Geometry,Easy,Geometry,Plane Geometry,Easy
MATHNET-04uw,MATHNET-0cie,1.0,8,Geometry,Plane Geometry,Easy,Geometry,Plane Geometry,Easy
MATHNET-04uw,MATHNET-0dgr,1.0,7,Geometry,Plane Geometry,Easy,Geometry,Plane Geometry,Easy
MATHNET-04uw,MATHNET-0f03,1.0,6,Geometry,Plane Geometry,Easy,Geometry,Plane Geometry,Easy
MATHNET-04uw,MATHNET-01t8,1.0,5,Geometry,Plane Geometry,Easy,Geometry,Plane Geometry,Easy
MATHNET-04uw,MATHNET-09jr,1.0,4,Geometry,Plane Geometry,Easy,Geometry,Plane Geometry,Easy
MATHNET-04uw,MATHNET-0c9v,1.0,3,Geometry,Plane Geometry,Easy,Geometry,Plane Geometry,Easy
MATHNET-0atv,MATHNET-04ch,1.0,2,Algebra,Equations and Inequalities | Intermediate Algebra,Easy,Algebra,Algebraic Expressions,Easy
MATHNET-0atv,MATHNET-04st,1.0,1,Algebra,Equations and Inequalities | Intermediate Algebra,Easy,Algebra,Algebraic Expressions | Equations and Inequalities,Easy
MATHNET-004m,MATHNET-0bqa,1.0,3,Geometry,Plane Geometry,Easy,Geometry,Plane Geometry,Easy
MATHNET-004m,MATHNET-049x,1.0,2,Geometry,Plane Geometry,Easy,Geometry,Plane Geometry,Easy
MATHNET-004m,MATHNET-0041,1.0,1,Geometry,Plane Geometry,Easy,Geometry,Plane Geometry,Easy
MATHNET-0002,MATHNET-0c4x,1.0,4,Algebra,Algebraic Expressions,Easy,Algebra,Linear Algebra,Easy
MATHNET-0002,MATHNET-0bpv,1.0,3,Algebra,Algebraic Expressions,Easy,Algebra,Equations and Inequalities,Easy
MATHNET-0002,MATHNET-0beo,1.0,2,Algebra,Algebraic Expressions,Easy,Algebra,Algebraic Expressions,Easy
MATHNET-0002,MATHNET-0bw4,1.0,1,Algebra,Algebraic Expressions,Easy,Algebra,Equations and Inequalities,Easy
MATHNET-04st,MATHNET-0gm2,1.0,8,Algebra,Algebraic Expressions | Equations and Inequalities,Easy,Algebra,Algebraic Expressions,Easy
MATHNET-04st,MATHNET-0a32,1.0,7,Algebra,Algebraic Expressions | Equations and Inequalities,Easy,Algebra,Algebraic Expressions,Easy
MATHNET-04st,MATHNET-0au5,1.0,6,Algebra,Algebraic Expressions | Equations and Inequalities,Easy,Algebra,Intermediate Algebra,Easy
MATHNET-04st,MATHNET-04ch,1.0,5,Algebra,Algebraic Expressions | Equations and Inequalities,Easy,Algebra,Algebraic Expressions,Easy
MATHNET-04st,MATHNET-0lad,1.0,4,Algebra,Algebraic Expressions | Equations and Inequalities,Easy,Algebra,Equations and Inequalities,Easy
MATHNET-04st,MATHNET-0490,1.0,3,Algebra,Algebraic Expressions | Equations and Inequalities,Easy,Algebra,Equations and Inequalities | Intermediate Algebra,Easy
MATHNET-04st,MATHNET-0anq,1.0,2,Algebra,Algebraic Expressions | Equations and Inequalities,Easy,Algebra,Equations and Inequalities | Intermediate Algebra,Easy
MATHNET-04st,MATHNET-0ar9,1.0,1,Algebra,Algebraic Expressions | Equations and Inequalities,Easy,Algebra,Algebraic Expressions,Easy
MATHNET-0002,MATHNET-0l7k,1.0,10,Algebra,Algebraic Expressions,Easy,Algebra,Algebraic Expressions,Easy
MATHNET-0002,MATHNET-0gfg,1.0,9,Algebra,Algebraic Expressions,Easy,Algebra,Algebraic Expressions | Equations and Inequalities,Easy
MATHNET-0002,MATHNET-0bl4,1.0,8,Algebra,Algebraic Expressions,Easy,Algebra,Equations and Inequalities,Easy
MATHNET-0002,MATHNET-0bdr,1.0,7,Algebra,Algebraic Expressions,Easy,Algebra,Algebraic Expressions | Intermediate Algebra,Easy
MATHNET-0002,MATHNET-0gfv,1.0,6,Algebra,Algebraic Expressions,Easy,Algebra,Algebraic Expressions | Intermediate Algebra,Easy
MATHNET-0002,MATHNET-0caz,1.0,5,Algebra,Algebraic Expressions,Easy,Algebra,Algebraic Expressions,Easy
MATHNET-0f78,MATHNET-04up,1.0,8,Discrete Mathematics,Combinatorics | Graph Theory,Easy,Discrete Mathematics,Combinatorics,Easy
MATHNET-004m,MATHNET-0c9x,1.0,5,Geometry,Plane Geometry,Easy,Geometry,Plane Geometry,Easy
MATHNET-004m,MATHNET-08ic,1.0,4,Geometry,Plane Geometry,Easy,Geometry,Plane Geometry,Easy
MATHNET-04hy,MATHNET-04up,1.0,8,Discrete Mathematics,Combinatorics,Easy,Discrete Mathematics,Combinatorics,Easy
MATHNET-04hy,MATHNET-0dd1,1.0,7,Discrete Mathematics,Combinatorics,Easy,Discrete Mathematics,Combinatorics,Easy
MATHNET-04hy,MATHNET-0f9f,1.0,6,Discrete Mathematics,Combinatorics,Easy,Discrete Mathematics,Combinatorics | Graph Theory,Easy
MATHNET-04hy,MATHNET-04iq,1.0,5,Discrete Mathematics,Combinatorics,Easy,Discrete Mathematics,Combinatorics,Easy
MATHNET-0f78,MATHNET-0dd1,1.0,7,Discrete Mathematics,Combinatorics | Graph Theory,Easy,Discrete Mathematics,Combinatorics,Easy
MATHNET-0f78,MATHNET-0f9f,1.0,6,Discrete Mathematics,Combinatorics | Graph Theory,Easy,Discrete Mathematics,Combinatorics | Graph Theory,Easy
MATHNET-0f78,MATHNET-04iq,1.0,5,Discrete Mathematics,Combinatorics | Graph Theory,Easy,Discrete Mathematics,Combinatorics,Easy
MATHNET-0f78,MATHNET-001e,1.0,4,Discrete Mathematics,Combinatorics | Graph Theory,Easy,Discrete Mathematics,Combinatorics,Easy
MATHNET-0f78,MATHNET-0gme,1.0,3,Discrete Mathematics,Combinatorics | Graph Theory,Easy,Discrete Mathematics,Combinatorics,Easy
MATHNET-0f78,MATHNET-0eyj,1.0,2,Discrete Mathematics,Combinatorics | Graph Theory,Easy,Discrete Mathematics,Graph Theory,Easy
MATHNET-0f78,MATHNET-04hy,1.0,1,Discrete Mathematics,Combinatorics | Graph Theory,Easy,Discrete Mathematics,Combinatorics,Easy
MATHNET-04hy,MATHNET-0gme,1.0,3,Discrete Mathematics,Combinatorics,Easy,Discrete Mathematics,Combinatorics,Easy
MATHNET-04hy,MATHNET-0eyj,1.0,2,Discrete Mathematics,Combinatorics,Easy,Discrete Mathematics,Graph Theory,Easy
MATHNET-04hy,MATHNET-0f78,1.0,1,Discrete Mathematics,Combinatorics,Easy,Discrete Mathematics,Combinatorics | Graph Theory,Easy
MATHNET-0anq,MATHNET-0lad,1.0,10,Algebra,Equations and Inequalities | Intermediate Algebra,Easy,Algebra,Equations and Inequalities,Easy
MATHNET-0anq,MATHNET-0cy4,1.0,9,Algebra,Equations and Inequalities | Intermediate Algebra,Easy,Algebra,Algebraic Expressions | Prealgebra / Basic Algebra,Easy
MATHNET-0anq,MATHNET-0gm2,1.0,8,Algebra,Equations and Inequalities | Intermediate Algebra,Easy,Algebra,Algebraic Expressions,Easy
MATHNET-0anq,MATHNET-0a32,1.0,7,Algebra,Equations and Inequalities | Intermediate Algebra,Easy,Algebra,Algebraic Expressions,Easy
MATHNET-0anq,MATHNET-0au5,1.0,6,Algebra,Equations and Inequalities | Intermediate Algebra,Easy,Algebra,Intermediate Algebra,Easy
MATHNET-0anq,MATHNET-04ch,1.0,5,Algebra,Equations and Inequalities | Intermediate Algebra,Easy,Algebra,Algebraic Expressions,Easy
MATHNET-0anq,MATHNET-0br0,1.0,4,Algebra,Equations and Inequalities | Intermediate Algebra,Easy,Algebra,Abstract Algebra,Easy
MATHNET-0anq,MATHNET-0490,1.0,3,Algebra,Equations and Inequalities | Intermediate Algebra,Easy,Algebra,Equations and Inequalities | Intermediate Algebra,Easy
MATHNET-0anq,MATHNET-0ar9,1.0,2,Algebra,Equations and Inequalities | Intermediate Algebra,Easy,Algebra,Algebraic Expressions,Easy
MATHNET-0anq,MATHNET-04st,1.0,1,Algebra,Equations and Inequalities | Intermediate Algebra,Easy,Algebra,Algebraic Expressions | Equations and Inequalities,Easy
MATHNET-04e2,MATHNET-04uw,1.0,10,Geometry,Plane Geometry,Easy,Geometry,Plane Geometry,Easy
MATHNET-04e2,MATHNET-09ka,1.0,9,Geometry,Plane Geometry,Easy,Geometry,Plane Geometry,Easy
MATHNET-04e2,MATHNET-0cie,1.0,8,Geometry,Plane Geometry,Easy,Geometry,Plane Geometry,Easy
MATHNET-04e2,MATHNET-0dgr,1.0,7,Geometry,Plane Geometry,Easy,Geometry,Plane Geometry,Easy
MATHNET-0c1x,MATHNET-04uw,1.0,10,Geometry,Plane Geometry,Easy,Geometry,Plane Geometry,Easy
MATHNET-0c1x,MATHNET-09ka,1.0,9,Geometry,Plane Geometry,Easy,Geometry,Plane Geometry,Easy
MATHNET-0c1x,MATHNET-0cie,1.0,8,Geometry,Plane Geometry,Easy,Geometry,Plane Geometry,Easy
MATHNET-0c1x,MATHNET-0dgr,1.0,7,Geometry,Plane Geometry,Easy,Geometry,Plane Geometry,Easy
MATHNET-0c1x,MATHNET-0f03,1.0,6,Geometry,Plane Geometry,Easy,Geometry,Plane Geometry,Easy
MATHNET-001e,MATHNET-04up,1.0,3,Discrete Mathematics,Combinatorics,Easy,Discrete Mathematics,Combinatorics,Easy
MATHNET-001e,MATHNET-0f78,1.0,2,Discrete Mathematics,Combinatorics,Easy,Discrete Mathematics,Combinatorics | Graph Theory,Easy
MATHNET-001e,MATHNET-04hy,1.0,1,Discrete Mathematics,Combinatorics,Easy,Discrete Mathematics,Combinatorics,Easy
MATHNET-0c1x,MATHNET-01t8,1.0,5,Geometry,Plane Geometry,Easy,Geometry,Plane Geometry,Easy
MATHNET-0c1x,MATHNET-09jr,1.0,4,Geometry,Plane Geometry,Easy,Geometry,Plane Geometry,Easy
MATHNET-000t,MATHNET-04ch,1.0,5,Algebra,Prealgebra / Basic Algebra,Easy,Algebra,Algebraic Expressions,Easy
MATHNET-000t,MATHNET-0lad,1.0,4,Algebra,Prealgebra / Basic Algebra,Easy,Algebra,Equations and Inequalities,Easy
MATHNET-0lbg,MATHNET-01p2,1.0,1,Algebra | Discrete Mathematics | Number Theory,Algebraic Expressions | Combinatorics | Modular Arithmetic,Easy,Algebra | Discrete Mathematics | Number Theory,Abstract Algebra | Combinatorics | Modular Arithmetic,Easy
MATHNET-0lad,MATHNET-000t,1.0,6,Algebra,Equations and Inequalities,Easy,Algebra,Prealgebra / Basic Algebra,Easy
MATHNET-0lad,MATHNET-0au5,1.0,5,Algebra,Equations and Inequalities,Easy,Algebra,Intermediate Algebra,Easy
MATHNET-0lad,MATHNET-0ar9,1.0,4,Algebra,Equations and Inequalities,Easy,Algebra,Algebraic Expressions,Easy
MATHNET-0lad,MATHNET-0a32,1.0,3,Algebra,Equations and Inequalities,Easy,Algebra,Algebraic Expressions,Easy
MATHNET-0lad,MATHNET-04ch,1.0,2,Algebra,Equations and Inequalities,Easy,Algebra,Algebraic Expressions,Easy
MATHNET-0lad,MATHNET-04st,1.0,1,Algebra,Equations and Inequalities,Easy,Algebra,Algebraic Expressions | Equations and Inequalities,Easy
MATHNET-04hy,MATHNET-001e,1.0,4,Discrete Mathematics,Combinatorics,Easy,Discrete Mathematics,Combinatorics,Easy
MATHNET-0bw4,MATHNET-0bdr,1.0,10,Algebra,Equations and Inequalities,Easy,Algebra,Algebraic Expressions | Intermediate Algebra,Easy
MATHNET-0bw4,MATHNET-0gfd,1.0,9,Algebra,Equations and Inequalities,Easy,Algebra,Equations and Inequalities,Easy
MATHNET-0bw4,MATHNET-0caz,1.0,8,Algebra,Equations and Inequalities,Easy,Algebra,Algebraic Expressions,Easy
MATHNET-0lad,MATHNET-0gm2,1.0,10,Algebra,Equations and Inequalities,Easy,Algebra,Algebraic Expressions,Easy
MATHNET-0lad,MATHNET-0br0,1.0,9,Algebra,Equations and Inequalities,Easy,Algebra,Abstract Algebra,Easy
MATHNET-0lad,MATHNET-0anq,1.0,8,Algebra,Equations and Inequalities,Easy,Algebra,Equations and Inequalities | Intermediate Algebra,Easy
MATHNET-0lad,MATHNET-09u9,1.0,7,Algebra,Equations and Inequalities,Easy,Algebra,Prealgebra / Basic Algebra,Easy
MATHNET-000t,MATHNET-0anq,1.0,10,Algebra,Prealgebra / Basic Algebra,Easy,Algebra,Equations and Inequalities | Intermediate Algebra,Easy
MATHNET-000t,MATHNET-0cy4,1.0,9,Algebra,Prealgebra / Basic Algebra,Easy,Algebra,Algebraic Expressions | Prealgebra / Basic Algebra,Easy
MATHNET-000t,MATHNET-0gm2,1.0,8,Algebra,Prealgebra / Basic Algebra,Easy,Algebra,Algebraic Expressions,Easy
MATHNET-000t,MATHNET-0a32,1.0,7,Algebra,Prealgebra / Basic Algebra,Easy,Algebra,Algebraic Expressions,Easy
MATHNET-000t,MATHNET-0au5,1.0,6,Algebra,Prealgebra / Basic Algebra,Easy,Algebra,Intermediate Algebra,Easy
MATHNET-0041,MATHNET-04dz,1.0,8,Geometry,Plane Geometry,Easy,Geometry,Plane Geometry,Easy
MATHNET-0041,MATHNET-0atn,1.0,7,Geometry,Plane Geometry,Easy,Geometry,Plane Geometry,Easy
MATHNET-0041,MATHNET-008t,1.0,6,Geometry,Plane Geometry,Easy,Geometry,Plane Geometry,Easy
MATHNET-0aut,MATHNET-0bh8,1.0,2,Algebra | Geometry,Intermediate Algebra | Plane Geometry,Easy,Algebra | Geometry,Algebraic Expressions | Plane Geometry,Easy
MATHNET-0041,MATHNET-0c9x,1.0,5,Geometry,Plane Geometry,Easy,Geometry,Plane Geometry,Easy
MATHNET-0041,MATHNET-004m,1.0,4,Geometry,Plane Geometry,Easy,Geometry,Plane Geometry,Easy
MATHNET-0041,MATHNET-08ic,1.0,3,Geometry,Plane Geometry,Easy,Geometry,Plane Geometry,Easy
MATHNET-000t,MATHNET-0490,1.0,3,Algebra,Prealgebra / Basic Algebra,Easy,Algebra,Equations and Inequalities | Intermediate Algebra,Easy
MATHNET-000t,MATHNET-0ar9,1.0,2,Algebra,Prealgebra / Basic Algebra,Easy,Algebra,Algebraic Expressions,Easy
MATHNET-000t,MATHNET-04st,1.0,1,Algebra,Prealgebra / Basic Algebra,Easy,Algebra,Algebraic Expressions | Equations and Inequalities,Easy
MATHNET-0c1k,MATHNET-0698,1.0,7,Number Theory,Divisibility / Factorization | Modular Arithmetic,Easy,Number Theory,Diophantine Equations | Divisibility / Factorization | Modular Arithmetic,Easy
MATHNET-0c1k,MATHNET-0b09,1.0,6,Number Theory,Divisibility / Factorization | Modular Arithmetic,Easy,Number Theory,Modular Arithmetic | Residues and Primitive Roots,Easy
MATHNET-0c1k,MATHNET-09jj,1.0,2,Number Theory,Divisibility / Factorization | Modular Arithmetic,Easy,Number Theory,Diophantine Equations | Divisibility / Factorization,Easy
MATHNET-0c1k,MATHNET-0c6i,1.0,1,Number Theory,Divisibility / Factorization | Modular Arithmetic,Easy,Number Theory,Diophantine Equations | Divisibility / Factorization,Easy
MATHNET-0c1x,MATHNET-0gg9,1.0,3,Geometry,Plane Geometry,Easy,Geometry,Plane Geometry,Easy
MATHNET-0f6y,MATHNET-0djw,1.0,5,Discrete Mathematics | Geometry,Combinatorics | Plane Geometry,Easy,Discrete Mathematics | Geometry,Combinatorics | Plane Geometry,Easy
MATHNET-0f6y,MATHNET-08id,1.0,4,Discrete Mathematics | Geometry,Combinatorics | Plane Geometry,Easy,Discrete Mathematics | Geometry,Combinatorics | Plane Geometry,Easy
MATHNET-0041,MATHNET-049x,1.0,2,Geometry,Plane Geometry,Easy,Geometry,Plane Geometry,Easy
MATHNET-0041,MATHNET-0bqa,1.0,1,Geometry,Plane Geometry,Easy,Geometry,Plane Geometry,Easy
MATHNET-0bw4,MATHNET-0bl4,1.0,7,Algebra,Equations and Inequalities,Easy,Algebra,Equations and Inequalities,Easy
MATHNET-0bw4,MATHNET-0002,1.0,6,Algebra,Equations and Inequalities,Easy,Algebra,Algebraic Expressions,Easy
MATHNET-0bw4,MATHNET-0beo,1.0,5,Algebra,Equations and Inequalities,Easy,Algebra,Algebraic Expressions,Easy
MATHNET-0bw4,MATHNET-0c4x,1.0,4,Algebra,Equations and Inequalities,Easy,Algebra,Linear Algebra,Easy
MATHNET-0bw4,MATHNET-0l7k,1.0,3,Algebra,Equations and Inequalities,Easy,Algebra,Algebraic Expressions,Easy
MATHNET-0bw4,MATHNET-0gfg,1.0,2,Algebra,Equations and Inequalities,Easy,Algebra,Algebraic Expressions | Equations and Inequalities,Easy
MATHNET-0bw4,MATHNET-0bpv,1.0,1,Algebra,Equations and Inequalities,Easy,Algebra,Equations and Inequalities,Easy
MATHNET-0f6k,MATHNET-003j,1.0,1,Algebra | Number Theory,Equations and Inequalities | Other | Prealgebra / Basic Algebra,Easy,Algebra | Number Theory,Algebraic Expressions | Intermediate Algebra | Other | Prealgebra / Basic Algebra,Easy
MATHNET-0041,MATHNET-00cj,1.0,10,Geometry,Plane Geometry,Easy,Geometry,Plane Geometry,Easy
MATHNET-0041,MATHNET-0c4k,1.0,9,Geometry,Plane Geometry,Easy,Geometry,Plane Geometry,Easy
MATHNET-0f1q,MATHNET-09ka,1.0,9,Geometry,Plane Geometry,Easy,Geometry,Plane Geometry,Easy
MATHNET-0c4k,MATHNET-0atn,1.0,10,Geometry,Plane Geometry,Easy,Geometry,Plane Geometry,Easy
MATHNET-0c4k,MATHNET-08ic,1.0,9,Geometry,Plane Geometry,Easy,Geometry,Plane Geometry,Easy
MATHNET-0c4k,MATHNET-0c9x,1.0,8,Geometry,Plane Geometry,Easy,Geometry,Plane Geometry,Easy
MATHNET-0c4k,MATHNET-0bqa,1.0,7,Geometry,Plane Geometry,Easy,Geometry,Plane Geometry,Easy
MATHNET-0c4k,MATHNET-008t,1.0,6,Geometry,Plane Geometry,Easy,Geometry,Plane Geometry,Easy
MATHNET-0c4k,MATHNET-049x,1.0,5,Geometry,Plane Geometry,Easy,Geometry,Plane Geometry,Easy
MATHNET-0c4k,MATHNET-004m,1.0,4,Geometry,Plane Geometry,Easy,Geometry,Plane Geometry,Easy
MATHNET-0c4k,MATHNET-00cj,1.0,3,Geometry,Plane Geometry,Easy,Geometry,Plane Geometry,Easy
MATHNET-0c4k,MATHNET-0041,1.0,2,Geometry,Plane Geometry,Easy,Geometry,Plane Geometry,Easy
MATHNET-0c4k,MATHNET-04dz,1.0,1,Geometry,Plane Geometry,Easy,Geometry,Plane Geometry,Easy
MATHNET-0f1q,MATHNET-0cie,1.0,8,Geometry,Plane Geometry,Easy,Geometry,Plane Geometry,Easy
MATHNET-0f1q,MATHNET-0dgr,1.0,7,Geometry,Plane Geometry,Easy,Geometry,Plane Geometry,Easy
MATHNET-0f1q,MATHNET-0f03,1.0,6,Geometry,Plane Geometry,Easy,Geometry,Plane Geometry,Easy
MATHNET-0bpv,MATHNET-0bdr,1.0,10,Algebra,Equations and Inequalities,Easy,Algebra,Algebraic Expressions | Intermediate Algebra,Easy
MATHNET-0bpv,MATHNET-0gfd,1.0,9,Algebra,Equations and Inequalities,Easy,Algebra,Equations and Inequalities,Easy
MATHNET-0bpv,MATHNET-0caz,1.0,8,Algebra,Equations and Inequalities,Easy,Algebra,Algebraic Expressions,Easy
MATHNET-02n9,MATHNET-009e,1.0,2,Discrete Mathematics | Number Theory,Combinatorics | Divisibility / Factorization,Easy,Discrete Mathematics | Number Theory,Combinatorics | Diophantine Equations | Divisibility / Factorization,Easy
MATHNET-02n9,MATHNET-000s,1.0,1,Discrete Mathematics | Number Theory,Combinatorics | Divisibility / Factorization,Easy,Discrete Mathematics | Number Theory,Combinatorics | Diophantine Equations,Easy
MATHNET-09i8,MATHNET-0cx2,1.0,1,Algebra | Number Theory,Diophantine Equations | Prealgebra / Basic Algebra,Easy,Algebra | Number Theory,Divisibility / Factorization | Prealgebra / Basic Algebra,Easy
MATHNET-0amu,MATHNET-0kqf,1.0,1,Geometry,Plane Geometry,Easy,Geometry,Solid Geometry,Easy
MATHNET-0aut,MATHNET-04i0,1.0,1,Algebra | Geometry,Intermediate Algebra | Plane Geometry,Easy,Algebra | Geometry,Algebraic Expressions | Plane Geometry,Easy
MATHNET-0eao,MATHNET-0e84,1.0,2,Algebra,Prealgebra / Basic Algebra,Easy,Algebra,Algebraic Expressions,Easy
MATHNET-0bpv,MATHNET-0c4x,1.0,4,Algebra,Equations and Inequalities,Easy,Algebra,Linear Algebra,Easy
MATHNET-0bpv,MATHNET-0l7k,1.0,3,Algebra,Equations and Inequalities,Easy,Algebra,Algebraic Expressions,Easy
MATHNET-0bpv,MATHNET-0gfg,1.0,2,Algebra,Equations and Inequalities,Easy,Algebra,Algebraic Expressions | Equations and Inequalities,Easy
MATHNET-0bpv,MATHNET-0bw4,1.0,1,Algebra,Equations and Inequalities,Easy,Algebra,Equations and Inequalities,Easy
MATHNET-0eyj,MATHNET-04up,1.0,8,Discrete Mathematics,Graph Theory,Easy,Discrete Mathematics,Combinatorics,Easy
MATHNET-0eyj,MATHNET-0dd1,1.0,7,Discrete Mathematics,Graph Theory,Easy,Discrete Mathematics,Combinatorics,Easy
MATHNET-0eyj,MATHNET-0f9f,1.0,6,Discrete Mathematics,Graph Theory,Easy,Discrete Mathematics,Combinatorics | Graph Theory,Easy
MATHNET-0eyj,MATHNET-04iq,1.0,5,Discrete Mathematics,Graph Theory,Easy,Discrete Mathematics,Combinatorics,Easy
MATHNET-0eyj,MATHNET-001e,1.0,4,Discrete Mathematics,Graph Theory,Easy,Discrete Mathematics,Combinatorics,Easy
MATHNET-0eyj,MATHNET-0gme,1.0,3,Discrete Mathematics,Graph Theory,Easy,Discrete Mathematics,Combinatorics,Easy
MATHNET-0eao,MATHNET-0e8i,1.0,1,Algebra,Prealgebra / Basic Algebra,Easy,Algebra,Algebraic Expressions | Prealgebra / Basic Algebra,Easy
MATHNET-0eyj,MATHNET-0f78,1.0,2,Discrete Mathematics,Graph Theory,Easy,Discrete Mathematics,Combinatorics | Graph Theory,Easy
MATHNET-0eyj,MATHNET-04hy,1.0,1,Discrete Mathematics,Graph Theory,Easy,Discrete Mathematics,Combinatorics,Easy
MATHNET-0c4x,MATHNET-0bw4,1.0,1,Algebra,Linear Algebra,Easy,Algebra,Equations and Inequalities,Easy
MATHNET-0gfd,MATHNET-0l7k,1.0,10,Algebra,Equations and Inequalities,Easy,Algebra,Algebraic Expressions,Easy
MATHNET-0gfd,MATHNET-0gfg,1.0,9,Algebra,Equations and Inequalities,Easy,Algebra,Algebraic Expressions | Equations and Inequalities,Easy
MATHNET-0gfd,MATHNET-0bl4,1.0,8,Algebra,Equations and Inequalities,Easy,Algebra,Equations and Inequalities,Easy
MATHNET-0gfd,MATHNET-0bdr,1.0,7,Algebra,Equations and Inequalities,Easy,Algebra,Algebraic Expressions | Intermediate Algebra,Easy
MATHNET-0gfd,MATHNET-0gfv,1.0,6,Algebra,Equations and Inequalities,Easy,Algebra,Algebraic Expressions | Intermediate Algebra,Easy
MATHNET-0gfd,MATHNET-0caz,1.0,5,Algebra,Equations and Inequalities,Easy,Algebra,Algebraic Expressions,Easy
MATHNET-0gfd,MATHNET-0c4x,1.0,4,Algebra,Equations and Inequalities,Easy,Algebra,Linear Algebra,Easy
MATHNET-0gfd,MATHNET-0bpv,1.0,3,Algebra,Equations and Inequalities,Easy,Algebra,Equations and Inequalities,Easy
MATHNET-0gfd,MATHNET-0beo,1.0,2,Algebra,Equations and Inequalities,Easy,Algebra,Algebraic Expressions,Easy
MATHNET-0gfd,MATHNET-0bw4,1.0,1,Algebra,Equations and Inequalities,Easy,Algebra,Equations and Inequalities,Easy
MATHNET-0bpv,MATHNET-0bl4,1.0,7,Algebra,Equations and Inequalities,Easy,Algebra,Equations and Inequalities,Easy
MATHNET-0bpv,MATHNET-0002,1.0,6,Algebra,Equations and Inequalities,Easy,Algebra,Algebraic Expressions,Easy
MATHNET-0bpv,MATHNET-0beo,1.0,5,Algebra,Equations and Inequalities,Easy,Algebra,Algebraic Expressions,Easy
MATHNET-000s,MATHNET-009e,1.0,1,Discrete Mathematics | Number Theory,Combinatorics | Diophantine Equations,Easy,Discrete Mathematics | Number Theory,Combinatorics | Diophantine Equations | Divisibility / Factorization,Easy
MATHNET-0c4x,MATHNET-0bdr,1.0,10,Algebra,Linear Algebra,Easy,Algebra,Algebraic Expressions | Intermediate Algebra,Easy
MATHNET-0c4x,MATHNET-0gfd,1.0,9,Algebra,Linear Algebra,Easy,Algebra,Equations and Inequalities,Easy
MATHNET-0c4x,MATHNET-0caz,1.0,8,Algebra,Linear Algebra,Easy,Algebra,Algebraic Expressions,Easy
MATHNET-0c4x,MATHNET-0bl4,1.0,7,Algebra,Linear Algebra,Easy,Algebra,Equations and Inequalities,Easy
MATHNET-0c4x,MATHNET-0002,1.0,6,Algebra,Linear Algebra,Easy,Algebra,Algebraic Expressions,Easy
MATHNET-0c4x,MATHNET-0beo,1.0,5,Algebra,Linear Algebra,Easy,Algebra,Algebraic Expressions,Easy
MATHNET-0c4x,MATHNET-0bpv,1.0,4,Algebra,Linear Algebra,Easy,Algebra,Equations and Inequalities,Easy
MATHNET-0c4x,MATHNET-0l7k,1.0,3,Algebra,Linear Algebra,Easy,Algebra,Algebraic Expressions,Easy
MATHNET-0c4x,MATHNET-0gfg,1.0,2,Algebra,Linear Algebra,Easy,Algebra,Algebraic Expressions | Equations and Inequalities,Easy
MATHNET-0f1q,MATHNET-01t8,1.0,5,Geometry,Plane Geometry,Easy,Geometry,Plane Geometry,Easy
MATHNET-0f1q,MATHNET-09jr,1.0,4,Geometry,Plane Geometry,Easy,Geometry,Plane Geometry,Easy
MATHNET-0f1q,MATHNET-0gg9,1.0,3,Geometry,Plane Geometry,Easy,Geometry,Plane Geometry,Easy
MATHNET-0f1q,MATHNET-09k0,1.0,2,Geometry,Plane Geometry,Easy,Geometry,Plane Geometry,Easy
MATHNET-0f1q,MATHNET-0dgx,1.0,1,Geometry,Plane Geometry,Easy,Geometry,Plane Geometry,Easy
MATHNET-0kqf,MATHNET-0amu,1.0,1,Geometry,Solid Geometry,Easy,Geometry,Plane Geometry,Easy
MATHNET-0bq4,MATHNET-0f7p,1.0,3,Algebra | Number Theory,Diophantine Equations | Intermediate Algebra,Easy,Algebra | Number Theory,Other | Prealgebra / Basic Algebra,Easy
MATHNET-0bq4,MATHNET-0l80,1.0,2,Algebra | Number Theory,Diophantine Equations | Intermediate Algebra,Easy,Algebra | Number Theory,Algebraic Expressions | Other,Easy
MATHNET-0bq4,MATHNET-09hn,1.0,1,Algebra | Number Theory,Diophantine Equations | Intermediate Algebra,Easy,Algebra | Number Theory,Other | Prealgebra / Basic Algebra,Easy
MATHNET-0gm2,MATHNET-0lad,1.0,10,Algebra,Algebraic Expressions,Easy,Algebra,Equations and Inequalities,Easy
MATHNET-0gm2,MATHNET-0br0,1.0,9,Algebra,Algebraic Expressions,Easy,Algebra,Abstract Algebra,Easy
MATHNET-0gm2,MATHNET-0anq,1.0,8,Algebra,Algebraic Expressions,Easy,Algebra,Equations and Inequalities | Intermediate Algebra,Easy
MATHNET-0gm2,MATHNET-09u9,1.0,7,Algebra,Algebraic Expressions,Easy,Algebra,Prealgebra / Basic Algebra,Easy
MATHNET-0gm2,MATHNET-000t,1.0,6,Algebra,Algebraic Expressions,Easy,Algebra,Prealgebra / Basic Algebra,Easy
MATHNET-0gm2,MATHNET-0au5,1.0,5,Algebra,Algebraic Expressions,Easy,Algebra,Intermediate Algebra,Easy
MATHNET-0gm2,MATHNET-0ar9,1.0,4,Algebra,Algebraic Expressions,Easy,Algebra,Algebraic Expressions,Easy
MATHNET-0gm2,MATHNET-0a32,1.0,3,Algebra,Algebraic Expressions,Easy,Algebra,Algebraic Expressions,Easy
MATHNET-0gm2,MATHNET-04ch,1.0,2,Algebra,Algebraic Expressions,Easy,Algebra,Algebraic Expressions,Easy
MATHNET-0gm2,MATHNET-04st,1.0,1,Algebra,Algebraic Expressions,Easy,Algebra,Algebraic Expressions | Equations and Inequalities,Easy
MATHNET-000s,MATHNET-02n9,1.0,2,Discrete Mathematics | Number Theory,Combinatorics | Diophantine Equations,Easy,Discrete Mathematics | Number Theory,Combinatorics | Divisibility / Factorization,Easy
MATHNET-0f1q,MATHNET-04uw,1.0,10,Geometry,Plane Geometry,Easy,Geometry,Plane Geometry,Easy
MATHNET-0f9f,MATHNET-001e,1.0,5,Discrete Mathematics,Combinatorics | Graph Theory,Easy,Discrete Mathematics,Combinatorics,Easy
MATHNET-0f9f,MATHNET-0eyj,1.0,4,Discrete Mathematics,Combinatorics | Graph Theory,Easy,Discrete Mathematics,Graph Theory,Easy
MATHNET-0f9f,MATHNET-04up,1.0,3,Discrete Mathematics,Combinatorics | Graph Theory,Easy,Discrete Mathematics,Combinatorics,Easy
MATHNET-0f9f,MATHNET-0f78,1.0,2,Discrete Mathematics,Combinatorics | Graph Theory,Easy,Discrete Mathematics,Combinatorics | Graph Theory,Easy
MATHNET-0f9f,MATHNET-04hy,1.0,1,Discrete Mathematics,Combinatorics | Graph Theory,Easy,Discrete Mathematics,Combinatorics,Easy
MATHNET-0f7p,MATHNET-0bq4,1.0,3,Algebra | Number Theory,Other | Prealgebra / Basic Algebra,Easy,Algebra | Number Theory,Diophantine Equations | Intermediate Algebra,Easy
MATHNET-0f7p,MATHNET-0l80,1.0,2,Algebra | Number Theory,Other | Prealgebra / Basic Algebra,Easy,Algebra | Number Theory,Algebraic Expressions | Other,Easy
MATHNET-0f7p,MATHNET-09hn,1.0,1,Algebra | Number Theory,Other | Prealgebra / Basic Algebra,Easy,Algebra | Number Theory,Other | Prealgebra / Basic Algebra,Easy
MATHNET-0br0,MATHNET-04ch,1.0,2,Algebra,Abstract Algebra,Easy,Algebra,Algebraic Expressions,Easy
MATHNET-0br0,MATHNET-04st,1.0,1,Algebra,Abstract Algebra,Easy,Algebra,Algebraic Expressions | Equations and Inequalities,Easy
MATHNET-0l7k,MATHNET-0c4x,1.0,3,Algebra,Algebraic Expressions,Easy,Algebra,Linear Algebra,Easy
MATHNET-0l7k,MATHNET-0gfg,1.0,2,Algebra,Algebraic Expressions,Easy,Algebra,Algebraic Expressions | Equations and Inequalities,Easy
MATHNET-0l7k,MATHNET-0bw4,1.0,1,Algebra,Algebraic Expressions,Easy,Algebra,Equations and Inequalities,Easy
MATHNET-09k0,MATHNET-0c1x,1.0,10,Geometry,Plane Geometry,Easy,Geometry,Plane Geometry,Easy
MATHNET-09k0,MATHNET-09jr,1.0,9,Geometry,Plane Geometry,Easy,Geometry,Plane Geometry,Easy
MATHNET-09k0,MATHNET-0f1q,1.0,8,Geometry,Plane Geometry,Easy,Geometry,Plane Geometry,Easy
MATHNET-09k0,MATHNET-0c9v,1.0,7,Geometry,Plane Geometry,Easy,Geometry,Plane Geometry,Easy
MATHNET-09k0,MATHNET-01t8,1.0,6,Geometry,Plane Geometry,Easy,Geometry,Plane Geometry,Easy
MATHNET-09k0,MATHNET-0gg9,1.0,5,Geometry,Plane Geometry,Easy,Geometry,Plane Geometry,Easy
MATHNET-09k0,MATHNET-0cie,1.0,4,Geometry,Plane Geometry,Easy,Geometry,Plane Geometry,Easy
MATHNET-0l7k,MATHNET-0bdr,1.0,10,Algebra,Algebraic Expressions,Easy,Algebra,Algebraic Expressions | Intermediate Algebra,Easy
MATHNET-0l7k,MATHNET-0gfd,1.0,9,Algebra,Algebraic Expressions,Easy,Algebra,Equations and Inequalities,Easy
MATHNET-0l7k,MATHNET-0caz,1.0,8,Algebra,Algebraic Expressions,Easy,Algebra,Algebraic Expressions,Easy
MATHNET-0l7k,MATHNET-0bl4,1.0,7,Algebra,Algebraic Expressions,Easy,Algebra,Equations and Inequalities,Easy
MATHNET-0c9v,MATHNET-0dgx,1.0,1,Geometry,Plane Geometry,Easy,Geometry,Plane Geometry,Easy
MATHNET-0dd1,MATHNET-0eyj,1.0,3,Discrete Mathematics,Combinatorics,Easy,Discrete Mathematics,Graph Theory,Easy
MATHNET-0dd1,MATHNET-04up,1.0,2,Discrete Mathematics,Combinatorics,Easy,Discrete Mathematics,Combinatorics,Easy
MATHNET-0dd1,MATHNET-04hy,1.0,1,Discrete Mathematics,Combinatorics,Easy,Discrete Mathematics,Combinatorics,Easy
MATHNET-09k0,MATHNET-09ka,1.0,3,Geometry,Plane Geometry,Easy,Geometry,Plane Geometry,Easy
MATHNET-09k0,MATHNET-01nc,1.0,2,Geometry,Plane Geometry,Easy,Geometry,Plane Geometry,Easy
MATHNET-09k0,MATHNET-0fg6,1.0,1,Geometry,Plane Geometry,Easy,Geometry,Plane Geometry,Easy
MATHNET-009e,MATHNET-02n9,1.0,2,Discrete Mathematics | Number Theory,Combinatorics | Diophantine Equations | Divisibility / Factorization,Easy,Discrete Mathematics | Number Theory,Combinatorics | Divisibility / Factorization,Easy
MATHNET-009e,MATHNET-000s,1.0,1,Discrete Mathematics | Number Theory,Combinatorics | Diophantine Equations | Divisibility / Factorization,Easy,Discrete Mathematics | Number Theory,Combinatorics | Diophantine Equations,Easy
MATHNET-0l7k,MATHNET-0002,1.0,6,Algebra,Algebraic Expressions,Easy,Algebra,Algebraic Expressions,Easy
MATHNET-0l7k,MATHNET-0beo,1.0,5,Algebra,Algebraic Expressions,Easy,Algebra,Algebraic Expressions,Easy
MATHNET-0l7k,MATHNET-0bpv,1.0,4,Algebra,Algebraic Expressions,Easy,Algebra,Equations and Inequalities,Easy
MATHNET-0c9v,MATHNET-01t8,1.0,5,Geometry,Plane Geometry,Easy,Geometry,Plane Geometry,Easy
MATHNET-0c9v,MATHNET-09jr,1.0,4,Geometry,Plane Geometry,Easy,Geometry,Plane Geometry,Easy
MATHNET-0c9v,MATHNET-0gg9,1.0,3,Geometry,Plane Geometry,Easy,Geometry,Plane Geometry,Easy
MATHNET-0c9v,MATHNET-09k0,1.0,2,Geometry,Plane Geometry,Easy,Geometry,Plane Geometry,Easy
MATHNET-09ka,MATHNET-0eyx,1.0,10,Geometry,Plane Geometry,Easy,Geometry,Plane Geometry,Easy
MATHNET-09ka,MATHNET-0cie,1.0,9,Geometry,Plane Geometry,Easy,Geometry,Plane Geometry,Easy
MATHNET-09ka,MATHNET-01t8,1.0,8,Geometry,Plane Geometry,Easy,Geometry,Plane Geometry,Easy
MATHNET-09ka,MATHNET-0c9v,1.0,7,Geometry,Plane Geometry,Easy,Geometry,Plane Geometry,Easy
MATHNET-09ka,MATHNET-04uw,1.0,6,Geometry,Plane Geometry,Easy,Geometry,Plane Geometry,Easy
MATHNET-09ka,MATHNET-0gg9,1.0,5,Geometry,Plane Geometry,Easy,Geometry,Plane Geometry,Easy
MATHNET-0dd1,MATHNET-0gme,1.0,8,Discrete Mathematics,Combinatorics,Easy,Discrete Mathematics,Combinatorics,Easy
MATHNET-0dd1,MATHNET-04iq,1.0,7,Discrete Mathematics,Combinatorics,Easy,Discrete Mathematics,Combinatorics,Easy
MATHNET-0dd1,MATHNET-0f9f,1.0,6,Discrete Mathematics,Combinatorics,Easy,Discrete Mathematics,Combinatorics | Graph Theory,Easy
MATHNET-0dd1,MATHNET-001e,1.0,5,Discrete Mathematics,Combinatorics,Easy,Discrete Mathematics,Combinatorics,Easy
MATHNET-0dd1,MATHNET-0f78,1.0,4,Discrete Mathematics,Combinatorics,Easy,Discrete Mathematics,Combinatorics | Graph Theory,Easy
MATHNET-04ch,MATHNET-0au5,1.0,6,Algebra,Algebraic Expressions,Easy,Algebra,Intermediate Algebra,Easy
MATHNET-04ch,MATHNET-0br0,1.0,5,Algebra,Algebraic Expressions,Easy,Algebra,Abstract Algebra,Easy
MATHNET-04ch,MATHNET-0lad,1.0,4,Algebra,Algebraic Expressions,Easy,Algebra,Equations and Inequalities,Easy
MATHNET-04ch,MATHNET-0490,1.0,3,Algebra,Algebraic Expressions,Easy,Algebra,Equations and Inequalities | Intermediate Algebra,Easy
MATHNET-04ch,MATHNET-0ar9,1.0,2,Algebra,Algebraic Expressions,Easy,Algebra,Algebraic Expressions,Easy
MATHNET-0c9v,MATHNET-04uw,1.0,10,Geometry,Plane Geometry,Easy,Geometry,Plane Geometry,Easy
MATHNET-0c9v,MATHNET-09ka,1.0,9,Geometry,Plane Geometry,Easy,Geometry,Plane Geometry,Easy
MATHNET-0c9v,MATHNET-0cie,1.0,8,Geometry,Plane Geometry,Easy,Geometry,Plane Geometry,Easy
MATHNET-0c9v,MATHNET-0dgr,1.0,7,Geometry,Plane Geometry,Easy,Geometry,Plane Geometry,Easy
MATHNET-0c9v,MATHNET-0f03,1.0,6,Geometry,Plane Geometry,Easy,Geometry,Plane Geometry,Easy
MATHNET-0e8i,MATHNET-0e84,1.0,2,Algebra,Algebraic Expressions | Prealgebra / Basic Algebra,Easy,Algebra,Algebraic Expressions,Easy
MATHNET-0e8i,MATHNET-0eao,1.0,1,Algebra,Algebraic Expressions | Prealgebra / Basic Algebra,Easy,Algebra,Prealgebra / Basic Algebra,Easy
MATHNET-0f9f,MATHNET-0dd1,1.0,8,Discrete Mathematics,Combinatorics | Graph Theory,Easy,Discrete Mathematics,Combinatorics,Easy
MATHNET-0f9f,MATHNET-0gme,1.0,7,Discrete Mathematics,Combinatorics | Graph Theory,Easy,Discrete Mathematics,Combinatorics,Easy
MATHNET-0f9f,MATHNET-04iq,1.0,6,Discrete Mathematics,Combinatorics | Graph Theory,Easy,Discrete Mathematics,Combinatorics,Easy
MATHNET-00cj,MATHNET-004m,1.0,2,Geometry,Plane Geometry,Easy,Geometry,Plane Geometry,Easy
MATHNET-00cj,MATHNET-0041,1.0,1,Geometry,Plane Geometry,Easy,Geometry,Plane Geometry,Easy
MATHNET-0br0,MATHNET-0gm2,1.0,10,Algebra,Abstract Algebra,Easy,Algebra,Algebraic Expressions,Easy
MATHNET-0br0,MATHNET-0lad,1.0,9,Algebra,Abstract Algebra,Easy,Algebra,Equations and Inequalities,Easy
MATHNET-0br0,MATHNET-0anq,1.0,8,Algebra,Abstract Algebra,Easy,Algebra,Equations and Inequalities | Intermediate Algebra,Easy
MATHNET-0br0,MATHNET-09u9,1.0,7,Algebra,Abstract Algebra,Easy,Algebra,Prealgebra / Basic Algebra,Easy
MATHNET-0br0,MATHNET-000t,1.0,6,Algebra,Abstract Algebra,Easy,Algebra,Prealgebra / Basic Algebra,Easy
MATHNET-0br0,MATHNET-0au5,1.0,5,Algebra,Abstract Algebra,Easy,Algebra,Intermediate Algebra,Easy
MATHNET-049x,MATHNET-004m,1.0,4,Geometry,Plane Geometry,Easy,Geometry,Plane Geometry,Easy
MATHNET-049x,MATHNET-08ic,1.0,3,Geometry,Plane Geometry,Easy,Geometry,Plane Geometry,Easy
MATHNET-0caz,MATHNET-0beo,1.0,5,Algebra,Algebraic Expressions,Easy,Algebra,Algebraic Expressions,Easy
MATHNET-0caz,MATHNET-0bpv,1.0,4,Algebra,Algebraic Expressions,Easy,Algebra,Equations and Inequalities,Easy
MATHNET-0caz,MATHNET-0l7k,1.0,3,Algebra,Algebraic Expressions,Easy,Algebra,Algebraic Expressions,Easy
MATHNET-0caz,MATHNET-0c4x,1.0,2,Algebra,Algebraic Expressions,Easy,Algebra,Linear Algebra,Easy
MATHNET-0caz,MATHNET-0bw4,1.0,1,Algebra,Algebraic Expressions,Easy,Algebra,Equations and Inequalities,Easy
MATHNET-0gme,MATHNET-04up,1.0,8,Discrete Mathematics,Combinatorics,Easy,Discrete Mathematics,Combinatorics,Easy
MATHNET-09ka,MATHNET-09k0,1.0,4,Geometry,Plane Geometry,Easy,Geometry,Plane Geometry,Easy
MATHNET-09ka,MATHNET-0f03,1.0,3,Geometry,Plane Geometry,Easy,Geometry,Plane Geometry,Easy
MATHNET-09ka,MATHNET-01nc,1.0,2,Geometry,Plane Geometry,Easy,Geometry,Plane Geometry,Easy
MATHNET-09ka,MATHNET-0fg6,1.0,1,Geometry,Plane Geometry,Easy,Geometry,Plane Geometry,Easy
MATHNET-04ch,MATHNET-0anq,1.0,10,Algebra,Algebraic Expressions,Easy,Algebra,Equations and Inequalities | Intermediate Algebra,Easy
MATHNET-04ch,MATHNET-000t,1.0,9,Algebra,Algebraic Expressions,Easy,Algebra,Prealgebra / Basic Algebra,Easy
MATHNET-04ch,MATHNET-0gm2,1.0,8,Algebra,Algebraic Expressions,Easy,Algebra,Algebraic Expressions,Easy
MATHNET-04ch,MATHNET-0a32,1.0,7,Algebra,Algebraic Expressions,Easy,Algebra,Algebraic Expressions,Easy
MATHNET-04ch,MATHNET-04st,1.0,1,Algebra,Algebraic Expressions,Easy,Algebra,Algebraic Expressions | Equations and Inequalities,Easy
MATHNET-0caz,MATHNET-0gfd,1.0,10,Algebra,Algebraic Expressions,Easy,Algebra,Equations and Inequalities,Easy
MATHNET-0caz,MATHNET-0gfv,1.0,9,Algebra,Algebraic Expressions,Easy,Algebra,Algebraic Expressions | Intermediate Algebra,Easy
MATHNET-0caz,MATHNET-0gfg,1.0,8,Algebra,Algebraic Expressions,Easy,Algebra,Algebraic Expressions | Equations and Inequalities,Easy
MATHNET-0caz,MATHNET-0bl4,1.0,7,Algebra,Algebraic Expressions,Easy,Algebra,Equations and Inequalities,Easy
MATHNET-0caz,MATHNET-0bdr,1.0,6,Algebra,Algebraic Expressions,Easy,Algebra,Algebraic Expressions | Intermediate Algebra,Easy
MATHNET-049x,MATHNET-0c4k,1.0,2,Geometry,Plane Geometry,Easy,Geometry,Plane Geometry,Easy
MATHNET-049x,MATHNET-0atn,1.0,10,Geometry,Plane Geometry,Easy,Geometry,Plane Geometry,Easy
MATHNET-049x,MATHNET-0041,1.0,9,Geometry,Plane Geometry,Easy,Geometry,Plane Geometry,Easy
MATHNET-049x,MATHNET-0c9x,1.0,8,Geometry,Plane Geometry,Easy,Geometry,Plane Geometry,Easy
MATHNET-049x,MATHNET-0bqa,1.0,7,Geometry,Plane Geometry,Easy,Geometry,Plane Geometry,Easy
MATHNET-049x,MATHNET-00cj,1.0,6,Geometry,Plane Geometry,Easy,Geometry,Plane Geometry,Easy
MATHNET-049x,MATHNET-008t,1.0,5,Geometry,Plane Geometry,Easy,Geometry,Plane Geometry,Easy
MATHNET-0gme,MATHNET-0f78,1.0,4,Discrete Mathematics,Combinatorics,Easy,Discrete Mathematics,Combinatorics | Graph Theory,Easy
MATHNET-0gme,MATHNET-0eyj,1.0,3,Discrete Mathematics,Combinatorics,Easy,Discrete Mathematics,Graph Theory,Easy
MATHNET-0gme,MATHNET-0dd1,1.0,2,Discrete Mathematics,Combinatorics,Easy,Discrete Mathematics,Combinatorics,Easy
MATHNET-0gme,MATHNET-04hy,1.0,1,Discrete Mathematics,Combinatorics,Easy,Discrete Mathematics,Combinatorics,Easy
MATHNET-049x,MATHNET-04dz,1.0,1,Geometry,Plane Geometry,Easy,Geometry,Plane Geometry,Easy
MATHNET-002s,MATHNET-0cih,1.0,1,Number Theory,Divisibility / Factorization,Easy,Number Theory,Diophantine Equations | Divisibility / Factorization,Easy
MATHNET-0dgx,MATHNET-0c1x,1.0,10,Geometry,Plane Geometry,Easy,Geometry,Plane Geometry,Easy
MATHNET-0dgx,MATHNET-09ka,1.0,9,Geometry,Plane Geometry,Easy,Geometry,Plane Geometry,Easy
MATHNET-0dgx,MATHNET-0cie,1.0,8,Geometry,Plane Geometry,Easy,Geometry,Plane Geometry,Easy
MATHNET-0dgx,MATHNET-0dgr,1.0,7,Geometry,Plane Geometry,Easy,Geometry,Plane Geometry,Easy
MATHNET-0dgx,MATHNET-0f03,1.0,6,Geometry,Plane Geometry,Easy,Geometry,Plane Geometry,Easy
MATHNET-0dgx,MATHNET-01t8,1.0,5,Geometry,Plane Geometry,Easy,Geometry,Plane Geometry,Easy
MATHNET-0dgx,MATHNET-09jr,1.0,4,Geometry,Plane Geometry,Easy,Geometry,Plane Geometry,Easy
MATHNET-0dgx,MATHNET-0gg9,1.0,3,Geometry,Plane Geometry,Easy,Geometry,Plane Geometry,Easy
MATHNET-0dgx,MATHNET-0c9v,1.0,2,Geometry,Plane Geometry,Easy,Geometry,Plane Geometry,Easy
MATHNET-0bqa,MATHNET-08ic,1.0,4,Geometry,Plane Geometry,Easy,Geometry,Plane Geometry,Easy
MATHNET-0bqa,MATHNET-0c9x,1.0,3,Geometry,Plane Geometry,Easy,Geometry,Plane Geometry,Easy
MATHNET-0bqa,MATHNET-004m,1.0,2,Geometry,Plane Geometry,Easy,Geometry,Plane Geometry,Easy
MATHNET-0bqa,MATHNET-0041,1.0,1,Geometry,Plane Geometry,Easy,Geometry,Plane Geometry,Easy
MATHNET-003j,MATHNET-0f6k,1.0,1,Algebra | Number Theory,Algebraic Expressions | Intermediate Algebra | Other | Prealgebra / Basic Algebra,Easy,Algebra | Number Theory,Equations and Inequalities | Other | Prealgebra / Basic Algebra,Easy
MATHNET-0dgx,MATHNET-09k0,1.0,1,Geometry,Plane Geometry,Easy,Geometry,Plane Geometry,Easy
MATHNET-0698,MATHNET-09jj,1.0,6,Number Theory,Diophantine Equations | Divisibility / Factorization | Modular Arithmetic,Easy,Number Theory,Diophantine Equations | Divisibility / Factorization,Easy
MATHNET-0698,MATHNET-0c6i,1.0,4,Number Theory,Diophantine Equations | Divisibility / Factorization | Modular Arithmetic,Easy,Number Theory,Diophantine Equations | Divisibility / Factorization,Easy
MATHNET-0bqa,MATHNET-0c4k,1.0,10,Geometry,Plane Geometry,Easy,Geometry,Plane Geometry,Easy
MATHNET-0bqa,MATHNET-049x,1.0,9,Geometry,Plane Geometry,Easy,Geometry,Plane Geometry,Easy
MATHNET-0gme,MATHNET-04iq,1.0,7,Discrete Mathematics,Combinatorics,Easy,Discrete Mathematics,Combinatorics,Easy
MATHNET-0gme,MATHNET-0f9f,1.0,6,Discrete Mathematics,Combinatorics,Easy,Discrete Mathematics,Combinatorics | Graph Theory,Easy
MATHNET-0gme,MATHNET-001e,1.0,5,Discrete Mathematics,Combinatorics,Easy,Discrete Mathematics,Combinatorics,Easy
MATHNET-0beo,MATHNET-0gfg,1.0,8,Algebra,Algebraic Expressions,Easy,Algebra,Algebraic Expressions | Equations and Inequalities,Easy
MATHNET-0beo,MATHNET-0bl4,1.0,7,Algebra,Algebraic Expressions,Easy,Algebra,Equations and Inequalities,Easy
MATHNET-0beo,MATHNET-0caz,1.0,6,Algebra,Algebraic Expressions,Easy,Algebra,Algebraic Expressions,Easy
MATHNET-0beo,MATHNET-0002,1.0,5,Algebra,Algebraic Expressions,Easy,Algebra,Algebraic Expressions,Easy
MATHNET-0beo,MATHNET-0bpv,1.0,4,Algebra,Algebraic Expressions,Easy,Algebra,Equations and Inequalities,Easy
MATHNET-0beo,MATHNET-0l7k,1.0,3,Algebra,Algebraic Expressions,Easy,Algebra,Algebraic Expressions,Easy
MATHNET-0beo,MATHNET-0c4x,1.0,2,Algebra,Algebraic Expressions,Easy,Algebra,Linear Algebra,Easy
MATHNET-0e84,MATHNET-0e8i,1.0,2,Algebra,Algebraic Expressions,Easy,Algebra,Algebraic Expressions | Prealgebra / Basic Algebra,Easy
MATHNET-0e84,MATHNET-0eao,1.0,1,Algebra,Algebraic Expressions,Easy,Algebra,Prealgebra / Basic Algebra,Easy
MATHNET-0anv,MATHNET-0kn4,1.0,3,Algebra,Algebraic Expressions,Easy,Algebra,Prealgebra / Basic Algebra,Easy
MATHNET-0anv,MATHNET-02cu,1.0,2,Algebra,Algebraic Expressions,Easy,Algebra,Prealgebra / Basic Algebra,Easy
MATHNET-0anv,MATHNET-02c0,1.0,1,Algebra,Algebraic Expressions,Easy,Algebra,Prealgebra / Basic Algebra,Easy
MATHNET-0bqa,MATHNET-0atn,1.0,8,Geometry,Plane Geometry,Easy,Geometry,Plane Geometry,Easy
MATHNET-0bqa,MATHNET-008t,1.0,7,Geometry,Plane Geometry,Easy,Geometry,Plane Geometry,Easy
MATHNET-0bqa,MATHNET-00cj,1.0,6,Geometry,Plane Geometry,Easy,Geometry,Plane Geometry,Easy
MATHNET-0bqa,MATHNET-04dz,1.0,5,Geometry,Plane Geometry,Easy,Geometry,Plane Geometry,Easy
MATHNET-04dz,MATHNET-0c9x,1.0,3,Geometry,Plane Geometry,Easy,Geometry,Plane Geometry,Easy
MATHNET-04dz,MATHNET-004m,1.0,2,Geometry,Plane Geometry,Easy,Geometry,Plane Geometry,Easy
MATHNET-04dz,MATHNET-0041,1.0,1,Geometry,Plane Geometry,Easy,Geometry,Plane Geometry,Easy
MATHNET-01p2,MATHNET-0lbg,1.0,1,Algebra | Discrete Mathematics | Number Theory,Abstract Algebra | Combinatorics | Modular Arithmetic,Easy,Algebra | Discrete Mathematics | Number Theory,Algebraic Expressions | Combinatorics | Modular Arithmetic,Easy
MATHNET-08id,MATHNET-0f6y,1.0,5,Discrete Mathematics | Geometry,Combinatorics | Plane Geometry,Easy,Discrete Mathematics | Geometry,Combinatorics | Plane Geometry,Easy
MATHNET-08id,MATHNET-0djw,1.0,1,Discrete Mathematics | Geometry,Combinatorics | Plane Geometry,Easy,Discrete Mathematics | Geometry,Combinatorics | Plane Geometry,Easy
MATHNET-0beo,MATHNET-0bw4,1.0,1,Algebra,Algebraic Expressions,Easy,Algebra,Equations and Inequalities,Easy
MATHNET-0698,MATHNET-0b09,1.0,3,Number Theory,Diophantine Equations | Divisibility / Factorization | Modular Arithmetic,Easy,Number Theory,Modular Arithmetic | Residues and Primitive Roots,Easy
MATHNET-0cih,MATHNET-002s,1.0,1,Number Theory,Diophantine Equations | Divisibility / Factorization,Easy,Number Theory,Divisibility / Factorization,Easy
MATHNET-0beo,MATHNET-0gfd,1.0,10,Algebra,Algebraic Expressions,Easy,Algebra,Equations and Inequalities,Easy
MATHNET-0beo,MATHNET-0gfv,1.0,9,Algebra,Algebraic Expressions,Easy,Algebra,Algebraic Expressions | Intermediate Algebra,Easy
MATHNET-0br0,MATHNET-0ar9,1.0,4,Algebra,Abstract Algebra,Easy,Algebra,Algebraic Expressions,Easy
MATHNET-0br0,MATHNET-0a32,1.0,3,Algebra,Abstract Algebra,Easy,Algebra,Algebraic Expressions,Easy
MATHNET-0f03,MATHNET-0cie,1.0,8,Geometry,Plane Geometry,Easy,Geometry,Plane Geometry,Easy
MATHNET-0f03,MATHNET-0dgr,1.0,7,Geometry,Plane Geometry,Easy,Geometry,Plane Geometry,Easy
MATHNET-0f03,MATHNET-09jr,1.0,6,Geometry,Plane Geometry,Easy,Geometry,Plane Geometry,Easy
MATHNET-0f03,MATHNET-01t8,1.0,5,Geometry,Plane Geometry,Easy,Geometry,Plane Geometry,Easy
MATHNET-00cj,MATHNET-0bqa,1.0,10,Geometry,Plane Geometry,Easy,Geometry,Plane Geometry,Easy
MATHNET-00cj,MATHNET-04dz,1.0,9,Geometry,Plane Geometry,Easy,Geometry,Plane Geometry,Easy
MATHNET-00cj,MATHNET-0c4k,1.0,8,Geometry,Plane Geometry,Easy,Geometry,Plane Geometry,Easy
MATHNET-00cj,MATHNET-008t,1.0,7,Geometry,Plane Geometry,Easy,Geometry,Plane Geometry,Easy
MATHNET-00cj,MATHNET-0atn,1.0,6,Geometry,Plane Geometry,Easy,Geometry,Plane Geometry,Easy
MATHNET-0alz,MATHNET-04ch,1.0,2,Algebra,Intermediate Algebra,Easy,Algebra,Algebraic Expressions,Easy
MATHNET-0alz,MATHNET-04st,1.0,1,Algebra,Intermediate Algebra,Easy,Algebra,Algebraic Expressions | Equations and Inequalities,Easy
MATHNET-04dz,MATHNET-0c4k,1.0,10,Geometry,Plane Geometry,Easy,Geometry,Plane Geometry,Easy
MATHNET-04dz,MATHNET-049x,1.0,9,Geometry,Plane Geometry,Easy,Geometry,Plane Geometry,Easy
MATHNET-04dz,MATHNET-0atn,1.0,8,Geometry,Plane Geometry,Easy,Geometry,Plane Geometry,Easy
MATHNET-04dz,MATHNET-008t,1.0,7,Geometry,Plane Geometry,Easy,Geometry,Plane Geometry,Easy
MATHNET-04dz,MATHNET-00cj,1.0,6,Geometry,Plane Geometry,Easy,Geometry,Plane Geometry,Easy
MATHNET-04dz,MATHNET-0bqa,1.0,5,Geometry,Plane Geometry,Easy,Geometry,Plane Geometry,Easy
MATHNET-04dz,MATHNET-08ic,1.0,4,Geometry,Plane Geometry,Easy,Geometry,Plane Geometry,Easy
MATHNET-0djw,MATHNET-0f6y,1.0,5,Discrete Mathematics | Geometry,Combinatorics | Plane Geometry,Easy,Discrete Mathematics | Geometry,Combinatorics | Plane Geometry,Easy
MATHNET-0djw,MATHNET-08id,1.0,1,Discrete Mathematics | Geometry,Combinatorics | Plane Geometry,Easy,Discrete Mathematics | Geometry,Combinatorics | Plane Geometry,Easy
MATHNET-0alz,MATHNET-0br0,1.0,9,Algebra,Intermediate Algebra,Easy,Algebra,Abstract Algebra,Easy
MATHNET-0alz,MATHNET-0anq,1.0,8,Algebra,Intermediate Algebra,Easy,Algebra,Equations and Inequalities | Intermediate Algebra,Easy
MATHNET-0ar9,MATHNET-09u9,1.0,7,Algebra,Algebraic Expressions,Easy,Algebra,Prealgebra / Basic Algebra,Easy
MATHNET-0ar9,MATHNET-0490,1.0,6,Algebra,Algebraic Expressions,Easy,Algebra,Equations and Inequalities | Intermediate Algebra,Easy
MATHNET-0ar9,MATHNET-0anq,1.0,5,Algebra,Algebraic Expressions,Easy,Algebra,Equations and Inequalities | Intermediate Algebra,Easy
MATHNET-0ar9,MATHNET-04ch,1.0,4,Algebra,Algebraic Expressions,Easy,Algebra,Algebraic Expressions,Easy
MATHNET-0ar9,MATHNET-0au5,1.0,3,Algebra,Algebraic Expressions,Easy,Algebra,Intermediate Algebra,Easy
MATHNET-0ar9,MATHNET-0a32,1.0,2,Algebra,Algebraic Expressions,Easy,Algebra,Algebraic Expressions,Easy
MATHNET-0ar9,MATHNET-04st,1.0,1,Algebra,Algebraic Expressions,Easy,Algebra,Algebraic Expressions | Equations and Inequalities,Easy
MATHNET-0alz,MATHNET-09u9,1.0,7,Algebra,Intermediate Algebra,Easy,Algebra,Prealgebra / Basic Algebra,Easy
MATHNET-0alz,MATHNET-000t,1.0,6,Algebra,Intermediate Algebra,Easy,Algebra,Prealgebra / Basic Algebra,Easy
MATHNET-0alz,MATHNET-0au5,1.0,5,Algebra,Intermediate Algebra,Easy,Algebra,Intermediate Algebra,Easy
MATHNET-0alz,MATHNET-0ar9,1.0,4,Algebra,Intermediate Algebra,Easy,Algebra,Algebraic Expressions,Easy
MATHNET-0alz,MATHNET-0a32,1.0,3,Algebra,Intermediate Algebra,Easy,Algebra,Algebraic Expressions,Easy
MATHNET-0l80,MATHNET-0f7p,1.0,1,Algebra | Number Theory,Algebraic Expressions | Other,Easy,Algebra | Number Theory,Other | Prealgebra / Basic Algebra,Easy
MATHNET-09jj,MATHNET-0c6i,1.0,1,Number Theory,Diophantine Equations | Divisibility / Factorization,Easy,Number Theory,Diophantine Equations | Divisibility / Factorization,Easy
MATHNET-0alz,MATHNET-0lad,1.0,10,Algebra,Intermediate Algebra,Easy,Algebra,Equations and Inequalities,Easy
MATHNET-0f2k,MATHNET-0f27,1.0,2,Discrete Mathematics,Combinatorics,Easy,Discrete Mathematics,Combinatorics,Easy
MATHNET-0f2k,MATHNET-09pt,1.0,1,Discrete Mathematics,Combinatorics,Easy,Discrete Mathematics,Combinatorics,Easy
MATHNET-0698,MATHNET-0c1k,1.0,1,Number Theory,Diophantine Equations | Divisibility / Factorization | Modular Arithmetic,Easy,Number Theory,Divisibility / Factorization | Modular Arithmetic,Easy
MATHNET-0c6i,MATHNET-0b09,1.0,3,Number Theory,Diophantine Equations | Divisibility / Factorization,Easy,Number Theory,Modular Arithmetic | Residues and Primitive Roots,Easy
MATHNET-0c6i,MATHNET-0c1k,1.0,1,Number Theory,Diophantine Equations | Divisibility / Factorization,Easy,Number Theory,Divisibility / Factorization | Modular Arithmetic,Easy
MATHNET-0c9x,MATHNET-0atn,1.0,10,Geometry,Plane Geometry,Easy,Geometry,Plane Geometry,Easy
MATHNET-0c9x,MATHNET-0041,1.0,9,Geometry,Plane Geometry,Easy,Geometry,Plane Geometry,Easy
MATHNET-0c9x,MATHNET-0bqa,1.0,8,Geometry,Plane Geometry,Easy,Geometry,Plane Geometry,Easy
MATHNET-0c9x,MATHNET-00cj,1.0,7,Geometry,Plane Geometry,Easy,Geometry,Plane Geometry,Easy
MATHNET-0c9x,MATHNET-049x,1.0,6,Geometry,Plane Geometry,Easy,Geometry,Plane Geometry,Easy
MATHNET-00cj,MATHNET-049x,1.0,5,Geometry,Plane Geometry,Easy,Geometry,Plane Geometry,Easy
MATHNET-00cj,MATHNET-0c9x,1.0,4,Geometry,Plane Geometry,Easy,Geometry,Plane Geometry,Easy
MATHNET-00cj,MATHNET-08ic,1.0,3,Geometry,Plane Geometry,Easy,Geometry,Plane Geometry,Easy
MATHNET-0gg9,MATHNET-0dgr,1.0,4,Geometry,Plane Geometry,Easy,Geometry,Plane Geometry,Easy
MATHNET-0gg9,MATHNET-09ka,1.0,3,Geometry,Plane Geometry,Easy,Geometry,Plane Geometry,Easy
MATHNET-0gg9,MATHNET-0dgx,1.0,2,Geometry,Plane Geometry,Easy,Geometry,Plane Geometry,Easy
MATHNET-0gg9,MATHNET-01t8,1.0,1,Geometry,Plane Geometry,Easy,Geometry,Plane Geometry,Easy
MATHNET-0f03,MATHNET-0c9v,1.0,10,Geometry,Plane Geometry,Easy,Geometry,Plane Geometry,Easy
MATHNET-0f03,MATHNET-09ka,1.0,9,Geometry,Plane Geometry,Easy,Geometry,Plane Geometry,Easy
MATHNET-0gg9,MATHNET-09jr,1.0,10,Geometry,Plane Geometry,Easy,Geometry,Plane Geometry,Easy
MATHNET-0gg9,MATHNET-0f03,1.0,9,Geometry,Plane Geometry,Easy,Geometry,Plane Geometry,Easy
MATHNET-0gg9,MATHNET-01nc,1.0,8,Geometry,Plane Geometry,Easy,Geometry,Plane Geometry,Easy
MATHNET-0gg9,MATHNET-0fg6,1.0,7,Geometry,Plane Geometry,Easy,Geometry,Plane Geometry,Easy
MATHNET-09jj,MATHNET-0698,1.0,6,Number Theory,Diophantine Equations | Divisibility / Factorization,Easy,Number Theory,Diophantine Equations | Divisibility / Factorization | Modular Arithmetic,Easy
MATHNET-09jj,MATHNET-0b09,1.0,3,Number Theory,Diophantine Equations | Divisibility / Factorization,Easy,Number Theory,Modular Arithmetic | Residues and Primitive Roots,Easy
MATHNET-09jj,MATHNET-0c1k,1.0,2,Number Theory,Diophantine Equations | Divisibility / Factorization,Easy,Number Theory,Divisibility / Factorization | Modular Arithmetic,Easy
MATHNET-0c9x,MATHNET-008t,1.0,5,Geometry,Plane Geometry,Easy,Geometry,Plane Geometry,Easy
MATHNET-0c9x,MATHNET-004m,1.0,4,Geometry,Plane Geometry,Easy,Geometry,Plane Geometry,Easy
MATHNET-0c9x,MATHNET-08ic,1.0,3,Geometry,Plane Geometry,Easy,Geometry,Plane Geometry,Easy
MATHNET-0c9x,MATHNET-0c4k,1.0,2,Geometry,Plane Geometry,Easy,Geometry,Plane Geometry,Easy
MATHNET-0c9x,MATHNET-04dz,1.0,1,Geometry,Plane Geometry,Easy,Geometry,Plane Geometry,Easy
MATHNET-0ar9,MATHNET-0gm2,1.0,10,Algebra,Algebraic Expressions,Easy,Algebra,Algebraic Expressions,Easy
MATHNET-0ar9,MATHNET-0br0,1.0,9,Algebra,Algebraic Expressions,Easy,Algebra,Abstract Algebra,Easy
MATHNET-0ar9,MATHNET-0lad,1.0,8,Algebra,Algebraic Expressions,Easy,Algebra,Equations and Inequalities,Easy
MATHNET-0l80,MATHNET-0bq4,1.0,3,Algebra | Number Theory,Algebraic Expressions | Other,Easy,Algebra | Number Theory,Diophantine Equations | Intermediate Algebra,Easy
MATHNET-0l80,MATHNET-09hn,1.0,2,Algebra | Number Theory,Algebraic Expressions | Other,Easy,Algebra | Number Theory,Other | Prealgebra / Basic Algebra,Easy
MATHNET-0c6i,MATHNET-09jj,1.0,6,Number Theory,Diophantine Equations | Divisibility / Factorization,Easy,Number Theory,Diophantine Equations | Divisibility / Factorization,Easy
MATHNET-0c6i,MATHNET-0698,1.0,4,Number Theory,Diophantine Equations | Divisibility / Factorization,Easy,Number Theory,Diophantine Equations | Divisibility / Factorization | Modular Arithmetic,Easy
MATHNET-0gfv,MATHNET-0gfd,1.0,8,Algebra,Algebraic Expressions | Intermediate Algebra,Easy,Algebra,Equations and Inequalities,Easy
MATHNET-0gfv,MATHNET-0bl4,1.0,7,Algebra,Algebraic Expressions | Intermediate Algebra,Easy,Algebra,Equations and Inequalities,Easy
MATHNET-0gfv,MATHNET-0caz,1.0,6,Algebra,Algebraic Expressions | Intermediate Algebra,Easy,Algebra,Algebraic Expressions,Easy
MATHNET-0gfv,MATHNET-0beo,1.0,5,Algebra,Algebraic Expressions | Intermediate Algebra,Easy,Algebra,Algebraic Expressions,Easy
MATHNET-0gfv,MATHNET-0bpv,1.0,4,Algebra,Algebraic Expressions | Intermediate Algebra,Easy,Algebra,Equations and Inequalities,Easy
MATHNET-0gfv,MATHNET-0l7k,1.0,3,Algebra,Algebraic Expressions | Intermediate Algebra,Easy,Algebra,Algebraic Expressions,Easy
MATHNET-0gfv,MATHNET-0c4x,1.0,2,Algebra,Algebraic Expressions | Intermediate Algebra,Easy,Algebra,Linear Algebra,Easy
MATHNET-0gfv,MATHNET-0bw4,1.0,1,Algebra,Algebraic Expressions | Intermediate Algebra,Easy,Algebra,Equations and Inequalities,Easy
MATHNET-0bh8,MATHNET-04i0,1.0,2,Algebra | Geometry,Algebraic Expressions | Plane Geometry,Easy,Algebra | Geometry,Algebraic Expressions | Plane Geometry,Easy
MATHNET-0bh8,MATHNET-0aut,1.0,1,Algebra | Geometry,Algebraic Expressions | Plane Geometry,Easy,Algebra | Geometry,Intermediate Algebra | Plane Geometry,Easy
MATHNET-0bdr,MATHNET-0caz,1.0,6,Algebra,Algebraic Expressions | Intermediate Algebra,Easy,Algebra,Algebraic Expressions,Easy
MATHNET-0bdr,MATHNET-0gfv,1.0,5,Algebra,Algebraic Expressions | Intermediate Algebra,Easy,Algebra,Algebraic Expressions | Intermediate Algebra,Easy
MATHNET-0bdr,MATHNET-0c4x,1.0,4,Algebra,Algebraic Expressions | Intermediate Algebra,Easy,Algebra,Linear Algebra,Easy
MATHNET-0bdr,MATHNET-0bpv,1.0,3,Algebra,Algebraic Expressions | Intermediate Algebra,Easy,Algebra,Equations and Inequalities,Easy
MATHNET-0bdr,MATHNET-0beo,1.0,2,Algebra,Algebraic Expressions | Intermediate Algebra,Easy,Algebra,Algebraic Expressions,Easy
MATHNET-0bdr,MATHNET-0bw4,1.0,1,Algebra,Algebraic Expressions | Intermediate Algebra,Easy,Algebra,Equations and Inequalities,Easy
MATHNET-0gfv,MATHNET-0bdr,1.0,10,Algebra,Algebraic Expressions | Intermediate Algebra,Easy,Algebra,Algebraic Expressions | Intermediate Algebra,Easy
MATHNET-0gfv,MATHNET-0gfg,1.0,9,Algebra,Algebraic Expressions | Intermediate Algebra,Easy,Algebra,Algebraic Expressions | Equations and Inequalities,Easy
MATHNET-0bdr,MATHNET-0l7k,1.0,10,Algebra,Algebraic Expressions | Intermediate Algebra,Easy,Algebra,Algebraic Expressions,Easy
MATHNET-0bdr,MATHNET-0gfg,1.0,9,Algebra,Algebraic Expressions | Intermediate Algebra,Easy,Algebra,Algebraic Expressions | Equations and Inequalities,Easy
MATHNET-0bdr,MATHNET-0bl4,1.0,8,Algebra,Algebraic Expressions | Intermediate Algebra,Easy,Algebra,Equations and Inequalities,Easy
MATHNET-09jr,MATHNET-09k0,1.0,2,Geometry,Plane Geometry,Easy,Geometry,Plane Geometry,Easy
MATHNET-09jr,MATHNET-0dgx,1.0,1,Geometry,Plane Geometry,Easy,Geometry,Plane Geometry,Easy
MATHNET-0cie,MATHNET-01t8,1.0,7,Geometry,Plane Geometry,Easy,Geometry,Plane Geometry,Easy
MATHNET-0cie,MATHNET-0f03,1.0,6,Geometry,Plane Geometry,Easy,Geometry,Plane Geometry,Easy
MATHNET-0cie,MATHNET-09jr,1.0,5,Geometry,Plane Geometry,Easy,Geometry,Plane Geometry,Easy
MATHNET-0cie,MATHNET-0fg6,1.0,4,Geometry,Plane Geometry,Easy,Geometry,Plane Geometry,Easy
MATHNET-0cie,MATHNET-0gg9,1.0,3,Geometry,Plane Geometry,Easy,Geometry,Plane Geometry,Easy
MATHNET-0f27,MATHNET-09pt,1.0,1,Discrete Mathematics,Combinatorics,Easy,Discrete Mathematics,Combinatorics,Easy
MATHNET-09jr,MATHNET-0c9v,1.0,10,Geometry,Plane Geometry,Easy,Geometry,Plane Geometry,Easy
MATHNET-09jr,MATHNET-09ka,1.0,9,Geometry,Plane Geometry,Easy,Geometry,Plane Geometry,Easy
MATHNET-09jr,MATHNET-0cie,1.0,8,Geometry,Plane Geometry,Easy,Geometry,Plane Geometry,Easy
MATHNET-09jr,MATHNET-0dgr,1.0,7,Geometry,Plane Geometry,Easy,Geometry,Plane Geometry,Easy
MATHNET-09jr,MATHNET-0f03,1.0,6,Geometry,Plane Geometry,Easy,Geometry,Plane Geometry,Easy
MATHNET-09jr,MATHNET-01t8,1.0,5,Geometry,Plane Geometry,Easy,Geometry,Plane Geometry,Easy
MATHNET-09jr,MATHNET-0fg6,1.0,4,Geometry,Plane Geometry,Easy,Geometry,Plane Geometry,Easy
MATHNET-09jr,MATHNET-0gg9,1.0,3,Geometry,Plane Geometry,Easy,Geometry,Plane Geometry,Easy
MATHNET-0bdr,MATHNET-0002,1.0,7,Algebra,Algebraic Expressions | Intermediate Algebra,Easy,Algebra,Algebraic Expressions,Easy
MATHNET-008t,MATHNET-0bqa,1.0,8,Geometry,Plane Geometry,Easy,Geometry,Plane Geometry,Easy
MATHNET-008t,MATHNET-00cj,1.0,7,Geometry,Plane Geometry,Easy,Geometry,Plane Geometry,Easy
MATHNET-008t,MATHNET-0atn,1.0,6,Geometry,Plane Geometry,Easy,Geometry,Plane Geometry,Easy
MATHNET-008t,MATHNET-04dz,1.0,5,Geometry,Plane Geometry,Easy,Geometry,Plane Geometry,Easy
MATHNET-008t,MATHNET-08ic,1.0,4,Geometry,Plane Geometry,Easy,Geometry,Plane Geometry,Easy
MATHNET-008t,MATHNET-0c9x,1.0,3,Geometry,Plane Geometry,Easy,Geometry,Plane Geometry,Easy
MATHNET-008t,MATHNET-004m,1.0,2,Geometry,Plane Geometry,Easy,Geometry,Plane Geometry,Easy
MATHNET-008t,MATHNET-0041,1.0,1,Geometry,Plane Geometry,Easy,Geometry,Plane Geometry,Easy
MATHNET-09pt,MATHNET-0f2k,1.0,2,Discrete Mathematics,Combinatorics,Easy,Discrete Mathematics,Combinatorics,Easy
MATHNET-09pt,MATHNET-0f27,1.0,1,Discrete Mathematics,Combinatorics,Easy,Discrete Mathematics,Combinatorics,Easy
MATHNET-0cie,MATHNET-0c9v,1.0,10,Geometry,Plane Geometry,Easy,Geometry,Plane Geometry,Easy
MATHNET-0cie,MATHNET-09ka,1.0,9,Geometry,Plane Geometry,Easy,Geometry,Plane Geometry,Easy
MATHNET-0cie,MATHNET-0dgr,1.0,8,Geometry,Plane Geometry,Easy,Geometry,Plane Geometry,Easy
MATHNET-0gg9,MATHNET-0c1x,1.0,6,Geometry,Plane Geometry,Easy,Geometry,Plane Geometry,Easy
MATHNET-0gg9,MATHNET-04uw,1.0,5,Geometry,Plane Geometry,Easy,Geometry,Plane Geometry,Easy
MATHNET-0f27,MATHNET-0f2k,1.0,2,Discrete Mathematics,Combinatorics,Easy,Discrete Mathematics,Combinatorics,Easy
MATHNET-0cie,MATHNET-09k0,1.0,2,Geometry,Plane Geometry,Easy,Geometry,Plane Geometry,Easy
MATHNET-0cie,MATHNET-0dgx,1.0,1,Geometry,Plane Geometry,Easy,Geometry,Plane Geometry,Easy
MATHNET-0f03,MATHNET-0fg6,1.0,4,Geometry,Plane Geometry,Easy,Geometry,Plane Geometry,Easy
MATHNET-0f03,MATHNET-0gg9,1.0,3,Geometry,Plane Geometry,Easy,Geometry,Plane Geometry,Easy
MATHNET-0f03,MATHNET-09k0,1.0,2,Geometry,Plane Geometry,Easy,Geometry,Plane Geometry,Easy
MATHNET-0f03,MATHNET-0dgx,1.0,1,Geometry,Plane Geometry,Easy,Geometry,Plane Geometry,Easy
MATHNET-008t,MATHNET-0c4k,1.0,10,Geometry,Plane Geometry,Easy,Geometry,Plane Geometry,Easy
MATHNET-008t,MATHNET-049x,1.0,9,Geometry,Plane Geometry,Easy,Geometry,Plane Geometry,Easy
MATHNET-0490,MATHNET-0lad,1.0,10,Algebra,Equations and Inequalities | Intermediate Algebra,Easy,Algebra,Equations and Inequalities,Easy
MATHNET-0490,MATHNET-0br0,1.0,9,Algebra,Equations and Inequalities | Intermediate Algebra,Easy,Algebra,Abstract Algebra,Easy
MATHNET-0490,MATHNET-0anq,1.0,8,Algebra,Equations and Inequalities | Intermediate Algebra,Easy,Algebra,Equations and Inequalities | Intermediate Algebra,Easy
MATHNET-0490,MATHNET-09u9,1.0,7,Algebra,Equations and Inequalities | Intermediate Algebra,Easy,Algebra,Prealgebra / Basic Algebra,Easy
MATHNET-0atn,MATHNET-0bqa,1.0,10,Geometry,Plane Geometry,Easy,Geometry,Plane Geometry,Easy
MATHNET-0atn,MATHNET-04dz,1.0,9,Geometry,Plane Geometry,Easy,Geometry,Plane Geometry,Easy
MATHNET-0atn,MATHNET-0c4k,1.0,8,Geometry,Plane Geometry,Easy,Geometry,Plane Geometry,Easy
MATHNET-0atn,MATHNET-008t,1.0,7,Geometry,Plane Geometry,Easy,Geometry,Plane Geometry,Easy
MATHNET-0atn,MATHNET-00cj,1.0,6,Geometry,Plane Geometry,Easy,Geometry,Plane Geometry,Easy
MATHNET-0atn,MATHNET-049x,1.0,5,Geometry,Plane Geometry,Easy,Geometry,Plane Geometry,Easy
MATHNET-0atn,MATHNET-0c9x,1.0,4,Geometry,Plane Geometry,Easy,Geometry,Plane Geometry,Easy
MATHNET-0atn,MATHNET-08ic,1.0,3,Geometry,Plane Geometry,Easy,Geometry,Plane Geometry,Easy
MATHNET-0atn,MATHNET-004m,1.0,2,Geometry,Plane Geometry,Easy,Geometry,Plane Geometry,Easy
MATHNET-0atn,MATHNET-0041,1.0,1,Geometry,Plane Geometry,Easy,Geometry,Plane Geometry,Easy
MATHNET-0490,MATHNET-0a32,1.0,3,Algebra,Equations and Inequalities | Intermediate Algebra,Easy,Algebra,Algebraic Expressions,Easy
MATHNET-0bl4,MATHNET-0beo,1.0,2,Algebra,Equations and Inequalities,Easy,Algebra,Algebraic Expressions,Easy
MATHNET-0bl4,MATHNET-0bw4,1.0,1,Algebra,Equations and Inequalities,Easy,Algebra,Equations and Inequalities,Easy
MATHNET-09hn,MATHNET-0bq4,1.0,3,Algebra | Number Theory,Other | Prealgebra / Basic Algebra,Easy,Algebra | Number Theory,Diophantine Equations | Intermediate Algebra,Easy
MATHNET-09hn,MATHNET-0f7p,1.0,2,Algebra | Number Theory,Other | Prealgebra / Basic Algebra,Easy,Algebra | Number Theory,Other | Prealgebra / Basic Algebra,Easy
MATHNET-0bl4,MATHNET-0l7k,1.0,10,Algebra,Equations and Inequalities,Easy,Algebra,Algebraic Expressions,Easy
MATHNET-0bl4,MATHNET-0gfg,1.0,9,Algebra,Equations and Inequalities,Easy,Algebra,Algebraic Expressions | Equations and Inequalities,Easy
MATHNET-0bl4,MATHNET-0bdr,1.0,8,Algebra,Equations and Inequalities,Easy,Algebra,Algebraic Expressions | Intermediate Algebra,Easy
MATHNET-0bl4,MATHNET-0002,1.0,7,Algebra,Equations and Inequalities,Easy,Algebra,Algebraic Expressions,Easy
MATHNET-0bl4,MATHNET-0caz,1.0,6,Algebra,Equations and Inequalities,Easy,Algebra,Algebraic Expressions,Easy
MATHNET-0bl4,MATHNET-0gfv,1.0,5,Algebra,Equations and Inequalities,Easy,Algebra,Algebraic Expressions | Intermediate Algebra,Easy
MATHNET-0bl4,MATHNET-0c4x,1.0,4,Algebra,Equations and Inequalities,Easy,Algebra,Linear Algebra,Easy
MATHNET-0bl4,MATHNET-0bpv,1.0,3,Algebra,Equations and Inequalities,Easy,Algebra,Equations and Inequalities,Easy
MATHNET-0co7,MATHNET-01qi,0.9989083680897942,1,Algebra,Equations and Inequalities | Intermediate Algebra,Easy,Algebra,Algebraic Expressions,Easy
MATHNET-01qi,MATHNET-0co7,0.9989083680897942,1,Algebra,Algebraic Expressions,Easy,Algebra,Equations and Inequalities | Intermediate Algebra,Easy
MATHNET-0f3n,MATHNET-0fti,0.9978191169011718,1,Geometry,Plane Geometry,Easy,Geometry,Plane Geometry,Easy
MATHNET-0fti,MATHNET-0f3n,0.9978191169011718,1,Geometry,Plane Geometry,Easy,Geometry,Plane Geometry,Easy
MATHNET-0iqf,MATHNET-039t,0.989189886877876,1,Geometry,Plane Geometry,Easy,Geometry,Plane Geometry,Easy
MATHNET-039t,MATHNET-0iqf,0.989189886877876,1,Geometry,Plane Geometry,Easy,Geometry,Plane Geometry,Easy
MATHNET-0hgo,MATHNET-06fe,0.985461354824778,1,Algebra | Number Theory,Algebraic Expressions | Divisibility / Factorization | Other,Easy,Algebra | Number Theory,Algebraic Expressions | Divisibility / Factorization | Prealgebra / Basic Algebra,Easy
MATHNET-06fe,MATHNET-0hgo,0.985461354824778,1,Algebra | Number Theory,Algebraic Expressions | Divisibility / Factorization | Prealgebra / Basic Algebra,Easy,Algebra | Number Theory,Algebraic Expressions | Divisibility / Factorization | Other,Easy
MATHNET-05e9,MATHNET-06y2,0.9796770154191636,1,Algebra,Algebraic Expressions,Very Hard,Algebra,Algebraic Expressions,Very Hard
MATHNET-06y2,MATHNET-05e9,0.9796770154191636,1,Algebra,Algebraic Expressions,Very Hard,Algebra,Algebraic Expressions,Very Hard
MATHNET-0irf,MATHNET-0h46,0.9773968509340266,1,Algebra,Intermediate Algebra,Easy,Algebra,Algebraic Expressions,Easy
MATHNET-0h46,MATHNET-0irf,0.9773968509340266,1,Algebra,Algebraic Expressions,Easy,Algebra,Intermediate Algebra,Easy
MATHNET-067b,MATHNET-0ads,0.9755722750834392,1,Algebra,Algebraic Expressions | Prealgebra / Basic Algebra,Easy,Algebra,Algebraic Expressions,Easy
MATHNET-0ads,MATHNET-067b,0.9755722750834392,1,Algebra,Algebraic Expressions,Easy,Algebra,Algebraic Expressions | Prealgebra / Basic Algebra,Easy
MATHNET-00p6,MATHNET-0hc1,0.9754610933906672,1,Number Theory,Algebraic Number Theory | Diophantine Equations,Medium,Number Theory,Modular Arithmetic,Medium
MATHNET-0hc1,MATHNET-00p6,0.9754610933906672,1,Number Theory,Modular Arithmetic,Medium,Number Theory,Algebraic Number Theory | Diophantine Equations,Medium
MATHNET-0irf,MATHNET-01qj,0.9749616353610971,2,Algebra,Intermediate Algebra,Easy,Algebra,Algebraic Expressions | Prealgebra / Basic Algebra,Easy
MATHNET-01qj,MATHNET-0irf,0.9749616353610971,1,Algebra,Algebraic Expressions | Prealgebra / Basic Algebra,Easy,Algebra,Intermediate Algebra,Easy
MATHNET-00cu,MATHNET-0ebi,0.974940411671365,1,Number Theory,Modular Arithmetic,Medium,Number Theory,Divisibility / Factorization | Modular Arithmetic,Medium
MATHNET-0ebi,MATHNET-00cu,0.974940411671365,1,Number Theory,Divisibility / Factorization | Modular Arithmetic,Medium,Number Theory,Modular Arithmetic,Medium
MATHNET-0ek6,MATHNET-0ekm,0.974015363804592,1,Algebra,Prealgebra / Basic Algebra,Easy,Algebra,Algebraic Expressions,Easy
MATHNET-0ekm,MATHNET-0ek6,0.974015363804592,1,Algebra,Algebraic Expressions,Easy,Algebra,Prealgebra / Basic Algebra,Easy
MATHNET-0ehs,MATHNET-0ek6,0.9723715721708294,1,Algebra,Prealgebra / Basic Algebra,Easy,Algebra,Prealgebra / Basic Algebra,Easy
MATHNET-0ek6,MATHNET-0ehs,0.9723715721708294,2,Algebra,Prealgebra / Basic Algebra,Easy,Algebra,Prealgebra / Basic Algebra,Easy
MATHNET-0dvk,MATHNET-0fru,0.9717072811140988,1,Geometry,Plane Geometry,Medium,Geometry,Plane Geometry,Medium
MATHNET-0fru,MATHNET-0dvk,0.9717072811140988,1,Geometry,Plane Geometry,Medium,Geometry,Plane Geometry,Medium
MATHNET-085e,MATHNET-0ej1,0.9705919125532848,1,Geometry,Plane Geometry,Easy,Geometry,Solid Geometry,Easy
MATHNET-0ej1,MATHNET-085e,0.9705919125532848,1,Geometry,Solid Geometry,Easy,Geometry,Plane Geometry,Easy
MATHNET-09tk,MATHNET-0g3p,0.9687133886543956,1,Geometry,Plane Geometry,Medium,Geometry,Plane Geometry,Medium
MATHNET-0g3p,MATHNET-09tk,0.9687133886543956,1,Geometry,Plane Geometry,Medium,Geometry,Plane Geometry,Medium
MATHNET-05yo,MATHNET-0dmc,0.9676492220882548,1,Geometry,Plane Geometry,Hard,Geometry,Plane Geometry,Hard
MATHNET-0dmc,MATHNET-05yo,0.9676492220882548,1,Geometry,Plane Geometry,Hard,Geometry,Plane Geometry,Hard
MATHNET-0455,MATHNET-0217,0.9674479047612652,1,Geometry,Plane Geometry,Very Hard,Geometry,Plane Geometry,Very Hard
MATHNET-0217,MATHNET-0455,0.9674479047612652,1,Geometry,Plane Geometry,Very Hard,Geometry,Plane Geometry,Very Hard
MATHNET-056b,MATHNET-0ax4,0.9643145809562148,1,Geometry,Plane Geometry,Very Hard,Geometry,Plane Geometry,Very Hard
MATHNET-0ax4,MATHNET-056b,0.9643145809562148,1,Geometry,Plane Geometry,Very Hard,Geometry,Plane Geometry,Very Hard
MATHNET-01qj,MATHNET-0h46,0.9614713444152576,2,Algebra,Algebraic Expressions | Prealgebra / Basic Algebra,Easy,Algebra,Algebraic Expressions,Easy
MATHNET-0h46,MATHNET-01qj,0.9614713444152576,2,Algebra,Algebraic Expressions,Easy,Algebra,Algebraic Expressions | Prealgebra / Basic Algebra,Easy
MATHNET-0axe,MATHNET-0gii,0.9601859609362304,1,Algebra,Intermediate Algebra | Prealgebra / Basic Algebra,Easy,Algebra,Algebraic Expressions | Intermediate Algebra,Easy
MATHNET-0gii,MATHNET-0axe,0.9601859609362304,1,Algebra,Algebraic Expressions | Intermediate Algebra,Easy,Algebra,Intermediate Algebra | Prealgebra / Basic Algebra,Easy
MATHNET-0j09,MATHNET-0iwd,0.959388850138931,1,Geometry,Plane Geometry,Medium,Geometry,Plane Geometry,Medium
MATHNET-0iwd,MATHNET-0j09,0.959388850138931,1,Geometry,Plane Geometry,Medium,Geometry,Plane Geometry,Medium
MATHNET-0ab4,MATHNET-0jxx,0.958972326600916,1,Algebra,Prealgebra / Basic Algebra,Easy,Algebra,Algebraic Expressions,Easy
MATHNET-0jxx,MATHNET-0ab4,0.958972326600916,1,Algebra,Algebraic Expressions,Easy,Algebra,Prealgebra / Basic Algebra,Easy
MATHNET-05g5,MATHNET-07yc,0.9571156487332164,1,Geometry,Plane Geometry,Medium,Geometry,Plane Geometry,Medium
MATHNET-07yc,MATHNET-05g5,0.9571156487332164,1,Geometry,Plane Geometry,Medium,Geometry,Plane Geometry,Medium
MATHNET-0ekm,MATHNET-0ehs,0.9552284663276316,2,Algebra,Algebraic Expressions,Easy,Algebra,Prealgebra / Basic Algebra,Easy
MATHNET-0ehs,MATHNET-0ekm,0.9552284663276316,2,Algebra,Prealgebra / Basic Algebra,Easy,Algebra,Algebraic Expressions,Easy
MATHNET-0glc,MATHNET-0kfw,0.9543188094095928,1,Geometry,Plane Geometry,Very Hard,Geometry,Plane Geometry,Very Hard
MATHNET-0kfw,MATHNET-0glc,0.9543188094095928,1,Geometry,Plane Geometry,Very Hard,Geometry,Plane Geometry,Very Hard
MATHNET-0hz2,MATHNET-0ko4,0.954121729849256,1,Algebra,Algebraic Expressions,Easy,Algebra,Intermediate Algebra | Prealgebra / Basic Algebra,Easy
MATHNET-0ko4,MATHNET-0hz2,0.954121729849256,1,Algebra,Intermediate Algebra | Prealgebra / Basic Algebra,Easy,Algebra,Algebraic Expressions,Easy
MATHNET-0az2,MATHNET-0gda,0.9524901673512608,1,Discrete Mathematics,Combinatorics,Easy,Discrete Mathematics,Combinatorics,Easy
MATHNET-0gda,MATHNET-0az2,0.9524901673512608,1,Discrete Mathematics,Combinatorics,Easy,Discrete Mathematics,Combinatorics,Easy
MATHNET-0bmx,MATHNET-04a8,0.9506176016942686,1,Number Theory,Divisibility / Factorization | Number-Theoretic Functions,Medium,Number Theory,Divisibility / Factorization | Number-Theoretic Functions,Medium
MATHNET-04a8,MATHNET-0bmx,0.9506176016942686,1,Number Theory,Divisibility / Factorization | Number-Theoretic Functions,Medium,Number Theory,Divisibility / Factorization | Number-Theoretic Functions,Medium
MATHNET-09q7,MATHNET-09vi,0.9492730141441378,1,Geometry,Plane Geometry,Medium,Geometry,Plane Geometry,Medium
MATHNET-09vi,MATHNET-09q7,0.9492730141441378,1,Geometry,Plane Geometry,Medium,Geometry,Plane Geometry,Medium
MATHNET-0b1j,MATHNET-0j2y,0.9467635012441322,1,Algebra,Algebraic Expressions,Easy,Algebra,Algebraic Expressions,Easy
MATHNET-0j2y,MATHNET-0b1j,0.9467635012441322,1,Algebra,Algebraic Expressions,Easy,Algebra,Algebraic Expressions,Easy
MATHNET-02uo,MATHNET-0ef5,0.946604774865226,1,Algebra,Prealgebra / Basic Algebra,Easy,Algebra,Prealgebra / Basic Algebra,Easy
MATHNET-0ef5,MATHNET-02uo,0.946604774865226,1,Algebra,Prealgebra / Basic Algebra,Easy,Algebra,Prealgebra / Basic Algebra,Easy
MATHNET-0ads,MATHNET-0bml,0.9462279330211956,2,Algebra,Algebraic Expressions,Easy,Algebra,Prealgebra / Basic Algebra,Easy
MATHNET-0bml,MATHNET-0ads,0.9462279330211956,1,Algebra,Prealgebra / Basic Algebra,Easy,Algebra,Algebraic Expressions,Easy
MATHNET-0kfj,MATHNET-0l8o,0.943696931498346,1,Algebra,Algebraic Expressions,Medium,Algebra,Equations and Inequalities,Medium
MATHNET-0l8o,MATHNET-0kfj,0.943696931498346,2,Algebra,Equations and Inequalities,Medium,Algebra,Algebraic Expressions,Medium
MATHNET-0925,MATHNET-0dil,0.9436841863724804,1,Geometry,Plane Geometry,Hard,Geometry,Plane Geometry,Hard
MATHNET-0dil,MATHNET-0925,0.9436841863724804,1,Geometry,Plane Geometry,Hard,Geometry,Plane Geometry,Hard
MATHNET-0ig6,MATHNET-0h3e,0.9432126626026686,1,Discrete Mathematics,Combinatorics,Easy,Discrete Mathematics,Combinatorics | Logic,Easy
MATHNET-0h3e,MATHNET-0ig6,0.9432126626026686,1,Discrete Mathematics,Combinatorics | Logic,Easy,Discrete Mathematics,Combinatorics,Easy
MATHNET-0784,MATHNET-06ke,0.9431500988039606,1,Geometry,Plane Geometry,Very Hard,Geometry,Plane Geometry,Very Hard
MATHNET-06ke,MATHNET-0784,0.9431500988039606,1,Geometry,Plane Geometry,Very Hard,Geometry,Plane Geometry,Very Hard
MATHNET-09tk,MATHNET-064l,0.9427679969652868,2,Geometry,Plane Geometry,Medium,Geometry,Plane Geometry,Hard
MATHNET-064l,MATHNET-09tk,0.9427679969652868,1,Geometry,Plane Geometry,Hard,Geometry,Plane Geometry,Medium
MATHNET-0bn3,MATHNET-0dts,0.9423310430767898,1,Geometry,Plane Geometry,Medium,Geometry,Plane Geometry,Medium
MATHNET-0dts,MATHNET-0bn3,0.9423310430767898,1,Geometry,Plane Geometry,Medium,Geometry,Plane Geometry,Medium
MATHNET-0ia7,MATHNET-0j2y,0.9414027591150405,1,Algebra,Algebraic Expressions,Easy,Algebra,Algebraic Expressions,Easy
MATHNET-0j2y,MATHNET-0ia7,0.9414027591150405,2,Algebra,Algebraic Expressions,Easy,Algebra,Algebraic Expressions,Easy
MATHNET-0apq,MATHNET-028y,0.9412044735310576,1,Algebra | Number Theory,Algebraic Expressions | Divisibility / Factorization,Easy,Algebra | Number Theory,Equations and Inequalities | Other | Prealgebra / Basic Algebra,Easy
MATHNET-028y,MATHNET-0apq,0.9412044735310576,1,Algebra | Number Theory,Equations and Inequalities | Other | Prealgebra / Basic Algebra,Easy,Algebra | Number Theory,Algebraic Expressions | Divisibility / Factorization,Easy
MATHNET-05jg,MATHNET-00lt,0.9408488857012496,1,Geometry,Plane Geometry,Hard,Geometry,Plane Geometry,Hard
MATHNET-00lt,MATHNET-05jg,0.9408488857012496,1,Geometry,Plane Geometry,Hard,Geometry,Plane Geometry,Hard
MATHNET-084f,MATHNET-0iqa,0.940107646854409,1,Geometry,Plane Geometry,Easy,Geometry,Plane Geometry,Easy
MATHNET-0iqa,MATHNET-084f,0.940107646854409,1,Geometry,Plane Geometry,Easy,Geometry,Plane Geometry,Easy
MATHNET-05yo,MATHNET-05jg,0.9400079183572384,2,Geometry,Plane Geometry,Hard,Geometry,Plane Geometry,Hard
MATHNET-05jg,MATHNET-05yo,0.9400079183572384,2,Geometry,Plane Geometry,Hard,Geometry,Plane Geometry,Hard
MATHNET-0h10,MATHNET-00s2,0.93538830033743,1,Geometry,Plane Geometry,Hard,Geometry,Plane Geometry,Hard
MATHNET-00s2,MATHNET-0h10,0.93538830033743,1,Geometry,Plane Geometry,Hard,Geometry,Plane Geometry,Hard
MATHNET-0bzc,MATHNET-06ke,0.9351496998147166,1,Geometry,Plane Geometry,Very Hard,Geometry,Plane Geometry,Very Hard
MATHNET-06ke,MATHNET-0bzc,0.9351496998147166,2,Geometry,Plane Geometry,Very Hard,Geometry,Plane Geometry,Very Hard
MATHNET-06xr,MATHNET-0clu,0.9345037710882258,1,Geometry,Plane Geometry,Hard,Geometry,Plane Geometry,Hard
MATHNET-0clu,MATHNET-06xr,0.9345037710882258,1,Geometry,Plane Geometry,Hard,Geometry,Plane Geometry,Hard
MATHNET-0kfw,MATHNET-05dk,0.9341344791367824,2,Geometry,Plane Geometry,Very Hard,Geometry,Plane Geometry,Very Hard
MATHNET-05dk,MATHNET-0kfw,0.9341344791367824,1,Geometry,Plane Geometry,Very Hard,Geometry,Plane Geometry,Very Hard
MATHNET-064l,MATHNET-0g3p,0.933992188109752,2,Geometry,Plane Geometry,Hard,Geometry,Plane Geometry,Medium
MATHNET-0g3p,MATHNET-064l,0.933992188109752,3,Geometry,Plane Geometry,Medium,Geometry,Plane Geometry,Hard
MATHNET-0bzc,MATHNET-0784,0.933012516397133,2,Geometry,Plane Geometry,Very Hard,Geometry,Plane Geometry,Very Hard
MATHNET-0784,MATHNET-0bzc,0.933012516397133,2,Geometry,Plane Geometry,Very Hard,Geometry,Plane Geometry,Very Hard
MATHNET-0925,MATHNET-0dyh,0.9328001247388996,2,Geometry,Plane Geometry,Hard,Geometry,Plane Geometry,Hard
MATHNET-0dyh,MATHNET-0925,0.9328001247388996,1,Geometry,Plane Geometry,Hard,Geometry,Plane Geometry,Hard
MATHNET-0axv,MATHNET-043v,0.9324146119250706,1,Algebra,Algebraic Expressions,Easy,Algebra,Equations and Inequalities | Intermediate Algebra,Easy
MATHNET-043v,MATHNET-0axv,0.9324146119250706,1,Algebra,Equations and Inequalities | Intermediate Algebra,Easy,Algebra,Algebraic Expressions,Easy
MATHNET-067b,MATHNET-0bml,0.9318695941468508,2,Algebra,Algebraic Expressions | Prealgebra / Basic Algebra,Easy,Algebra,Prealgebra / Basic Algebra,Easy
MATHNET-0bml,MATHNET-067b,0.9318695941468508,2,Algebra,Prealgebra / Basic Algebra,Easy,Algebra,Algebraic Expressions | Prealgebra / Basic Algebra,Easy
MATHNET-0e08,MATHNET-0b1m,0.9317751420480292,1,Algebra,Algebraic Expressions | Prealgebra / Basic Algebra,Easy,Algebra,Algebraic Expressions,Easy
MATHNET-0b1m,MATHNET-0e08,0.9317751420480292,1,Algebra,Algebraic Expressions,Easy,Algebra,Algebraic Expressions | Prealgebra / Basic Algebra,Easy
MATHNET-0axe,MATHNET-0apd,0.9315122580762768,2,Algebra,Intermediate Algebra | Prealgebra / Basic Algebra,Easy,Algebra,Prealgebra / Basic Algebra,Easy
MATHNET-0apd,MATHNET-0axe,0.9315122580762768,1,Algebra,Prealgebra / Basic Algebra,Easy,Algebra,Intermediate Algebra | Prealgebra / Basic Algebra,Easy
MATHNET-06j5,MATHNET-0j0k,0.93110411365532,1,Discrete Mathematics,Combinatorics,Medium,Discrete Mathematics,Combinatorics | Graph Theory,Medium
MATHNET-0j0k,MATHNET-06j5,0.93110411365532,1,Discrete Mathematics,Combinatorics | Graph Theory,Medium,Discrete Mathematics,Combinatorics,Medium
MATHNET-0cnn,MATHNET-06x6,0.9308584744870024,1,Geometry,Plane Geometry,Hard,Geometry,Plane Geometry,Hard
MATHNET-06x6,MATHNET-0cnn,0.9308584744870024,1,Geometry,Plane Geometry,Hard,Geometry,Plane Geometry,Hard
MATHNET-0dmc,MATHNET-05jg,0.9305048186121074,2,Geometry,Plane Geometry,Hard,Geometry,Plane Geometry,Hard
MATHNET-05jg,MATHNET-0dmc,0.9305048186121074,3,Geometry,Plane Geometry,Hard,Geometry,Plane Geometry,Hard
MATHNET-07oo,MATHNET-0gqo,0.9284113034562252,1,Algebra,Algebraic Expressions | Prealgebra / Basic Algebra,Easy,Algebra,Equations and Inequalities,Easy
MATHNET-0gqo,MATHNET-07oo,0.9284113034562252,2,Algebra,Equations and Inequalities,Easy,Algebra,Algebraic Expressions | Prealgebra / Basic Algebra,Easy
MATHNET-0cm5,MATHNET-0ing,0.9275438752057772,1,Geometry,Plane Geometry,Very Hard,Geometry,Plane Geometry,Very Hard
MATHNET-0ing,MATHNET-0cm5,0.9275438752057772,1,Geometry,Plane Geometry,Very Hard,Geometry,Plane Geometry,Very Hard
MATHNET-0gle,MATHNET-06x6,0.9271811482929272,1,Geometry,Plane Geometry,Hard,Geometry,Plane Geometry,Hard
MATHNET-06x6,MATHNET-0gle,0.9271811482929272,2,Geometry,Plane Geometry,Hard,Geometry,Plane Geometry,Hard
MATHNET-077k,MATHNET-05e9,0.927171428299047,1,Algebra,Algebraic Expressions,Very Hard,Algebra,Algebraic Expressions,Very Hard
MATHNET-05e9,MATHNET-077k,0.927171428299047,2,Algebra,Algebraic Expressions,Very Hard,Algebra,Algebraic Expressions,Very Hard
MATHNET-060t,MATHNET-05qn,0.9271212194185848,2,Discrete Mathematics | Number Theory,Combinatorics | Modular Arithmetic,Hard,Discrete Mathematics | Number Theory,Combinatorics | Modular Arithmetic | Residues and Primitive Roots,Hard
MATHNET-05qn,MATHNET-060t,0.9271212194185848,2,Discrete Mathematics | Number Theory,Combinatorics | Modular Arithmetic | Residues and Primitive Roots,Hard,Discrete Mathematics | Number Theory,Combinatorics | Modular Arithmetic,Hard
MATHNET-06y2,MATHNET-077k,0.9258429072165226,2,Algebra,Algebraic Expressions,Very Hard,Algebra,Algebraic Expressions,Very Hard
MATHNET-077k,MATHNET-06y2,0.9258429072165226,2,Algebra,Algebraic Expressions,Very Hard,Algebra,Algebraic Expressions,Very Hard
MATHNET-02dy,MATHNET-0bg5,0.9248574389153744,2,Geometry,Plane Geometry,Easy,Geometry,Plane Geometry,Easy
MATHNET-0bg5,MATHNET-02dy,0.9248574389153744,1,Geometry,Plane Geometry,Easy,Geometry,Plane Geometry,Easy
MATHNET-090m,MATHNET-0bzc,0.9217556063702214,1,Geometry,Plane Geometry,Very Hard,Geometry,Plane Geometry,Very Hard
MATHNET-0bzc,MATHNET-090m,0.9217556063702214,3,Geometry,Plane Geometry,Very Hard,Geometry,Plane Geometry,Very Hard
MATHNET-0g61,MATHNET-06c9,0.9203319854681724,1,Geometry,Plane Geometry,Easy,Geometry,Plane Geometry,Easy
MATHNET-06c9,MATHNET-0g61,0.9203319854681724,1,Geometry,Plane Geometry,Easy,Geometry,Plane Geometry,Easy
MATHNET-00hy,MATHNET-0dps,0.9197195164651446,1,Discrete Mathematics | Geometry,Combinatorics | Plane Geometry,Very Hard,Discrete Mathematics | Geometry,Combinatorics | Plane Geometry,Very Hard
MATHNET-0dps,MATHNET-00hy,0.9197195164651446,1,Discrete Mathematics | Geometry,Combinatorics | Plane Geometry,Very Hard,Discrete Mathematics | Geometry,Combinatorics | Plane Geometry,Very Hard
MATHNET-0ii2,MATHNET-0dw6,0.9196028137680812,3,Number Theory,Divisibility / Factorization | Residues and Primitive Roots,Easy,Number Theory,Divisibility / Factorization | Number-Theoretic Functions,Easy
MATHNET-0dw6,MATHNET-0ii2,0.9196028137680812,2,Number Theory,Divisibility / Factorization | Number-Theoretic Functions,Easy,Number Theory,Divisibility / Factorization | Residues and Primitive Roots,Easy
MATHNET-02kg,MATHNET-02jw,0.9192597383545096,1,Algebra,Prealgebra / Basic Algebra,Easy,Algebra,Algebraic Expressions | Prealgebra / Basic Algebra,Easy
MATHNET-02jw,MATHNET-02kg,0.9192597383545096,1,Algebra,Algebraic Expressions | Prealgebra / Basic Algebra,Easy,Algebra,Prealgebra / Basic Algebra,Easy
MATHNET-0doe,MATHNET-0h3f,0.9180942966612994,1,Geometry,Plane Geometry,Medium,Geometry,Plane Geometry,Medium
MATHNET-0h3f,MATHNET-0doe,0.9180942966612994,1,Geometry,Plane Geometry,Medium,Geometry,Plane Geometry,Medium
MATHNET-0ads,MATHNET-0fyx,0.91799780832383,3,Algebra,Algebraic Expressions,Easy,Algebra,Equations and Inequalities | Prealgebra / Basic Algebra,Easy
MATHNET-0fyx,MATHNET-0ads,0.91799780832383,1,Algebra,Equations and Inequalities | Prealgebra / Basic Algebra,Easy,Algebra,Algebraic Expressions,Easy
MATHNET-0dxz,MATHNET-04vh,0.917002691459834,1,Geometry,Plane Geometry,Very Hard,Geometry,Plane Geometry,Very Hard
MATHNET-04vh,MATHNET-0dxz,0.917002691459834,1,Geometry,Plane Geometry,Very Hard,Geometry,Plane Geometry,Very Hard
MATHNET-0cm5,MATHNET-05dg,0.9166684997473415,2,Geometry,Plane Geometry,Very Hard,Geometry,Plane Geometry,Very Hard
MATHNET-05dg,MATHNET-0cm5,0.9166684997473415,1,Geometry,Plane Geometry,Very Hard,Geometry,Plane Geometry,Very Hard
MATHNET-07oo,MATHNET-0d0s,0.9160558719908988,2,Algebra,Algebraic Expressions | Prealgebra / Basic Algebra,Easy,Algebra,Algebraic Expressions | Prealgebra / Basic Algebra,Easy
MATHNET-0d0s,MATHNET-07oo,0.9160558719908988,1,Algebra,Algebraic Expressions | Prealgebra / Basic Algebra,Easy,Algebra,Algebraic Expressions | Prealgebra / Basic Algebra,Easy
MATHNET-0lgk,MATHNET-0d0v,0.9153674021279552,1,Geometry,Plane Geometry,Hard,Geometry,Plane Geometry,Hard
MATHNET-0d0v,MATHNET-0lgk,0.9153674021279552,1,Geometry,Plane Geometry,Hard,Geometry,Plane Geometry,Hard
MATHNET-064l,MATHNET-05yo,0.9144647257517152,3,Geometry,Plane Geometry,Hard,Geometry,Plane Geometry,Hard
MATHNET-05yo,MATHNET-064l,0.9144647257517152,4,Geometry,Plane Geometry,Hard,Geometry,Plane Geometry,Hard
MATHNET-0gan,MATHNET-0dvx,0.91381849920153,1,Algebra | Number Theory,Algebraic Expressions | Other | Prealgebra / Basic Algebra,Medium,Algebra | Number Theory,Divisibility / Factorization | Prealgebra / Basic Algebra,Medium
MATHNET-0dvx,MATHNET-0gan,0.91381849920153,1,Algebra | Number Theory,Divisibility / Factorization | Prealgebra / Basic Algebra,Medium,Algebra | Number Theory,Algebraic Expressions | Other | Prealgebra / Basic Algebra,Medium
MATHNET-05g5,MATHNET-0cr9,0.9138021023430656,2,Geometry,Plane Geometry,Medium,Geometry,Plane Geometry,Medium
MATHNET-0cr9,MATHNET-05g5,0.9138021023430656,1,Geometry,Plane Geometry,Medium,Geometry,Plane Geometry,Medium
MATHNET-05dk,MATHNET-0glc,0.913529374212739,2,Geometry,Plane Geometry,Very Hard,Geometry,Plane Geometry,Very Hard
MATHNET-0glc,MATHNET-05dk,0.913529374212739,3,Geometry,Plane Geometry,Very Hard,Geometry,Plane Geometry,Very Hard
MATHNET-0apd,MATHNET-0gii,0.9135240714537018,2,Algebra,Prealgebra / Basic Algebra,Easy,Algebra,Algebraic Expressions | Intermediate Algebra,Easy
MATHNET-0gii,MATHNET-0apd,0.9135240714537018,2,Algebra,Algebraic Expressions | Intermediate Algebra,Easy,Algebra,Prealgebra / Basic Algebra,Easy
MATHNET-09z8,MATHNET-0aj5,0.913141833395506,1,Geometry,Plane Geometry,Hard,Geometry,Plane Geometry,Hard
MATHNET-0aj5,MATHNET-09z8,0.913141833395506,1,Geometry,Plane Geometry,Hard,Geometry,Plane Geometry,Hard
MATHNET-0hn5,MATHNET-0h8n,0.9129318832433428,1,Geometry,Plane Geometry,Medium,Geometry,Plane Geometry,Easy
MATHNET-0h8n,MATHNET-0hn5,0.9129318832433428,1,Geometry,Plane Geometry,Easy,Geometry,Plane Geometry,Medium
MATHNET-0dpx,MATHNET-0dyh,0.9116157072464618,1,Geometry,Plane Geometry,Hard,Geometry,Plane Geometry,Hard
MATHNET-0dyh,MATHNET-0dpx,0.9116157072464618,2,Geometry,Plane Geometry,Hard,Geometry,Plane Geometry,Hard
MATHNET-0ikl,MATHNET-02f2,0.911002437513794,2,Geometry,Plane Geometry,Easy,Geometry,Solid Geometry,Easy
MATHNET-02f2,MATHNET-0ikl,0.911002437513794,2,Geometry,Solid Geometry,Easy,Geometry,Plane Geometry,Easy
MATHNET-09cc,MATHNET-01os,0.910838278397433,2,Algebra | Discrete Mathematics,Algebraic Expressions | Combinatorics,Easy,Algebra | Discrete Mathematics,Combinatorics | Equations and Inequalities,Easy
MATHNET-01os,MATHNET-09cc,0.910838278397433,1,Algebra | Discrete Mathematics,Combinatorics | Equations and Inequalities,Easy,Algebra | Discrete Mathematics,Algebraic Expressions | Combinatorics,Easy
MATHNET-0dmc,MATHNET-00lt,0.9105463714520924,5,Geometry,Plane Geometry,Hard,Geometry,Plane Geometry,Hard
MATHNET-00lt,MATHNET-0dmc,0.9105463714520924,2,Geometry,Plane Geometry,Hard,Geometry,Plane Geometry,Hard
MATHNET-09tk,MATHNET-05yo,0.9095871720540912,4,Geometry,Plane Geometry,Medium,Geometry,Plane Geometry,Hard
MATHNET-05yo,MATHNET-09tk,0.9095871720540912,6,Geometry,Plane Geometry,Hard,Geometry,Plane Geometry,Medium
MATHNET-0217,MATHNET-0akr,0.907914541346841,2,Geometry,Plane Geometry,Very Hard,Geometry,Plane Geometry,Very Hard
MATHNET-0akr,MATHNET-0217,0.907914541346841,1,Geometry,Plane Geometry,Very Hard,Geometry,Plane Geometry,Very Hard
MATHNET-08o1,MATHNET-06nq,0.9072394691968144,1,Geometry,Plane Geometry,Hard,Geometry,Plane Geometry,Hard
MATHNET-06nq,MATHNET-08o1,0.9072394691968144,1,Geometry,Plane Geometry,Hard,Geometry,Plane Geometry,Hard
MATHNET-03e9,MATHNET-00ny,0.9071446913915726,1,Discrete Mathematics | Geometry,Combinatorics | Plane Geometry,Very Hard,Discrete Mathematics | Geometry,Combinatorics | Plane Geometry,Very Hard
MATHNET-00ny,MATHNET-03e9,0.9071446913915726,1,Discrete Mathematics | Geometry,Combinatorics | Plane Geometry,Very Hard,Discrete Mathematics | Geometry,Combinatorics | Plane Geometry,Very Hard
MATHNET-0ia7,MATHNET-0b1j,0.9071078739573312,3,Algebra,Algebraic Expressions,Easy,Algebra,Algebraic Expressions,Easy
MATHNET-0b1j,MATHNET-0ia7,0.9071078739573312,2,Algebra,Algebraic Expressions,Easy,Algebra,Algebraic Expressions,Easy
MATHNET-090m,MATHNET-06ke,0.9067383686352036,2,Geometry,Plane Geometry,Very Hard,Geometry,Plane Geometry,Very Hard
MATHNET-06ke,MATHNET-090m,0.9067383686352036,3,Geometry,Plane Geometry,Very Hard,Geometry,Plane Geometry,Very Hard
MATHNET-0fti,MATHNET-0g61,0.9052443917018488,3,Geometry,Plane Geometry,Easy,Geometry,Plane Geometry,Easy
MATHNET-0g61,MATHNET-0fti,0.9052443917018488,2,Geometry,Plane Geometry,Easy,Geometry,Plane Geometry,Easy
MATHNET-0bmx,MATHNET-0k97,0.9050686461929824,4,Number Theory,Divisibility / Factorization | Number-Theoretic Functions,Medium,Number Theory,Diophantine Equations | Divisibility / Factorization,Medium
MATHNET-0k97,MATHNET-0bmx,0.9050686461929824,2,Number Theory,Diophantine Equations | Divisibility / Factorization,Medium,Number Theory,Divisibility / Factorization | Number-Theoretic Functions,Medium
MATHNET-024k,MATHNET-022e,0.9048668208812336,1,Algebra,Prealgebra / Basic Algebra,Medium,Algebra,Prealgebra / Basic Algebra,Medium
MATHNET-022e,MATHNET-024k,0.9048668208812336,1,Algebra,Prealgebra / Basic Algebra,Medium,Algebra,Prealgebra / Basic Algebra,Medium
MATHNET-0d0s,MATHNET-0gqo,0.9048250369524572,2,Algebra,Algebraic Expressions | Prealgebra / Basic Algebra,Easy,Algebra,Equations and Inequalities,Easy
MATHNET-0gqo,MATHNET-0d0s,0.9048250369524572,3,Algebra,Equations and Inequalities,Easy,Algebra,Algebraic Expressions | Prealgebra / Basic Algebra,Easy
MATHNET-0cnn,MATHNET-0gle,0.9047046800022278,2,Geometry,Plane Geometry,Hard,Geometry,Plane Geometry,Hard
MATHNET-0gle,MATHNET-0cnn,0.9047046800022278,2,Geometry,Plane Geometry,Hard,Geometry,Plane Geometry,Hard
MATHNET-00lt,MATHNET-0fg1,0.9041223109744188,3,Geometry,Plane Geometry,Hard,Geometry,Plane Geometry,Hard
MATHNET-0fg1,MATHNET-00lt,0.9041223109744188,3,Geometry,Plane Geometry,Hard,Geometry,Plane Geometry,Hard
MATHNET-0fre,MATHNET-0fjo,0.9039998087216502,1,Geometry,Plane Geometry,Medium,Geometry,Plane Geometry,Medium
MATHNET-0fjo,MATHNET-0fre,0.9039998087216502,1,Geometry,Plane Geometry,Medium,Geometry,Plane Geometry,Medium
MATHNET-0akr,MATHNET-0455,0.9037703461298732,2,Geometry,Plane Geometry,Very Hard,Geometry,Plane Geometry,Very Hard
MATHNET-0455,MATHNET-0akr,0.9037703461298732,2,Geometry,Plane Geometry,Very Hard,Geometry,Plane Geometry,Very Hard
MATHNET-0g3p,MATHNET-05yo,0.9037470943482206,4,Geometry,Plane Geometry,Medium,Geometry,Plane Geometry,Hard
MATHNET-05yo,MATHNET-0g3p,0.9037470943482206,7,Geometry,Plane Geometry,Hard,Geometry,Plane Geometry,Medium
MATHNET-0acd,MATHNET-0hz2,0.9037253449293547,1,Algebra,Algebraic Expressions | Prealgebra / Basic Algebra,Medium,Algebra,Algebraic Expressions,Easy
MATHNET-0hz2,MATHNET-0acd,0.9037253449293547,4,Algebra,Algebraic Expressions,Easy,Algebra,Algebraic Expressions | Prealgebra / Basic Algebra,Medium
MATHNET-0g61,MATHNET-0f3n,0.9037101611998556,3,Geometry,Plane Geometry,Easy,Geometry,Plane Geometry,Easy
MATHNET-0f3n,MATHNET-0g61,0.9037101611998556,3,Geometry,Plane Geometry,Easy,Geometry,Plane Geometry,Easy
MATHNET-02uo,MATHNET-05i6,0.9037093812687752,2,Algebra,Prealgebra / Basic Algebra,Easy,Algebra,Algebraic Expressions,Easy
MATHNET-05i6,MATHNET-02uo,0.9037093812687752,1,Algebra,Algebraic Expressions,Easy,Algebra,Prealgebra / Basic Algebra,Easy
MATHNET-0h61,MATHNET-020e,0.9037083387472123,1,Geometry,Plane Geometry,Very Hard,Geometry,Plane Geometry,Very Hard
MATHNET-020e,MATHNET-0h61,0.9037083387472123,1,Geometry,Plane Geometry,Very Hard,Geometry,Plane Geometry,Very Hard
MATHNET-02zm,MATHNET-0fid,0.9036863207409754,2,Number Theory,Divisibility / Factorization,Medium,Number Theory,Divisibility / Factorization | Modular Arithmetic,Medium
MATHNET-0fid,MATHNET-02zm,0.9036863207409754,1,Number Theory,Divisibility / Factorization | Modular Arithmetic,Medium,Number Theory,Divisibility / Factorization,Medium
MATHNET-0dmc,MATHNET-0fg1,0.9035549325163986,6,Geometry,Plane Geometry,Hard,Geometry,Plane Geometry,Hard
MATHNET-0fg1,MATHNET-0dmc,0.9035549325163986,4,Geometry,Plane Geometry,Hard,Geometry,Plane Geometry,Hard
MATHNET-0h3p,MATHNET-0ig6,0.9033711260136852,1,Discrete Mathematics,Combinatorics | Graph Theory,Easy,Discrete Mathematics,Combinatorics,Easy
MATHNET-0ig6,MATHNET-0h3p,0.9033711260136852,4,Discrete Mathematics,Combinatorics,Easy,Discrete Mathematics,Combinatorics | Graph Theory,Easy
MATHNET-0dyh,MATHNET-0dil,0.90296891649393,3,Geometry,Plane Geometry,Hard,Geometry,Plane Geometry,Hard
MATHNET-0dil,MATHNET-0dyh,0.90296891649393,2,Geometry,Plane Geometry,Hard,Geometry,Plane Geometry,Hard
MATHNET-05yo,MATHNET-00lt,0.9029318238525224,8,Geometry,Plane Geometry,Hard,Geometry,Plane Geometry,Hard
MATHNET-00lt,MATHNET-05yo,0.9029318238525224,4,Geometry,Plane Geometry,Hard,Geometry,Plane Geometry,Hard
MATHNET-0h10,MATHNET-03nj,0.9027839122949638,2,Geometry,Plane Geometry,Hard,Geometry,Plane Geometry,Hard
MATHNET-03nj,MATHNET-0h10,0.9027839122949638,1,Geometry,Plane Geometry,Hard,Geometry,Plane Geometry,Hard
MATHNET-08kv,MATHNET-0ibi,0.9027242966470796,1,Geometry,Plane Geometry,Medium,Geometry,Plane Geometry,Medium
MATHNET-0ibi,MATHNET-08kv,0.9027242966470796,1,Geometry,Plane Geometry,Medium,Geometry,Plane Geometry,Medium
MATHNET-0fyx,MATHNET-067b,0.9017921577495612,2,Algebra,Equations and Inequalities | Prealgebra / Basic Algebra,Easy,Algebra,Algebraic Expressions | Prealgebra / Basic Algebra,Easy
MATHNET-067b,MATHNET-0fyx,0.9017921577495612,3,Algebra,Algebraic Expressions | Prealgebra / Basic Algebra,Easy,Algebra,Equations and Inequalities | Prealgebra / Basic Algebra,Easy
MATHNET-02x1,MATHNET-0h46,0.901790920436298,1,Algebra,Intermediate Algebra | Prealgebra / Basic Algebra,Easy,Algebra,Algebraic Expressions,Easy
MATHNET-0h46,MATHNET-02x1,0.901790920436298,3,Algebra,Algebraic Expressions,Easy,Algebra,Intermediate Algebra | Prealgebra / Basic Algebra,Easy
MATHNET-03qq,MATHNET-00h0,0.9013276022269224,3,Discrete Mathematics,Combinatorics,Very Hard,Discrete Mathematics,Combinatorics | Graph Theory,Very Hard
MATHNET-00h0,MATHNET-03qq,0.9013276022269224,1,Discrete Mathematics,Combinatorics | Graph Theory,Very Hard,Discrete Mathematics,Combinatorics,Very Hard
MATHNET-0fvr,MATHNET-090w,0.9003736144499995,1,Geometry,Plane Geometry,Medium,Geometry,Plane Geometry,Medium
MATHNET-090w,MATHNET-0fvr,0.9003736144499995,1,Geometry,Plane Geometry,Medium,Geometry,Plane Geometry,Medium
MATHNET-0fg1,MATHNET-05yo,0.9002984128169101,6,Geometry,Plane Geometry,Hard,Geometry,Plane Geometry,Hard
MATHNET-05yo,MATHNET-0fg1,0.9002984128169101,9,Geometry,Plane Geometry,Hard,Geometry,Plane Geometry,Hard
MATHNET-0gle,MATHNET-0d0v,0.9002293547377879,3,Geometry,Plane Geometry,Hard,Geometry,Plane Geometry,Hard
MATHNET-0d0v,MATHNET-0gle,0.9002293547377879,2,Geometry,Plane Geometry,Hard,Geometry,Plane Geometry,Hard
MATHNET-0bow,MATHNET-04u6,0.9000207356354661,1,Geometry,Plane Geometry,Very Hard,Geometry,Plane Geometry,Very Hard
MATHNET-04u6,MATHNET-0bow,0.9000207356354661,1,Geometry,Plane Geometry,Very Hard,Geometry,Plane Geometry,Very Hard
MATHNET-0fev,MATHNET-0gtj,0.899990719074511,3,Algebra,Equations and Inequalities | Intermediate Algebra | Prealgebra / Basic Algebra,Easy,Algebra,Equations and Inequalities,Easy
MATHNET-0gtj,MATHNET-0fev,0.899990719074511,3,Algebra,Equations and Inequalities,Easy,Algebra,Equations and Inequalities | Intermediate Algebra | Prealgebra / Basic Algebra,Easy
MATHNET-05jg,MATHNET-0fg1,0.899585917089627,5,Geometry,Plane Geometry,Hard,Geometry,Plane Geometry,Hard
MATHNET-0fg1,MATHNET-05jg,0.899585917089627,7,Geometry,Plane Geometry,Hard,Geometry,Plane Geometry,Hard
MATHNET-0784,MATHNET-090m,0.8994281336127686,3,Geometry,Plane Geometry,Very Hard,Geometry,Plane Geometry,Very Hard
MATHNET-090m,MATHNET-0784,0.8994281336127686,3,Geometry,Plane Geometry,Very Hard,Geometry,Plane Geometry,Very Hard
MATHNET-095q,MATHNET-0g1b,0.8990101280722684,2,Geometry,Solid Geometry,Hard,Geometry,Plane Geometry,Hard
MATHNET-0g1b,MATHNET-095q,0.8990101280722684,2,Geometry,Plane Geometry,Hard,Geometry,Solid Geometry,Hard
MATHNET-0est,MATHNET-08y6,0.898007894136581,1,Geometry,Plane Geometry,Medium,Geometry,Plane Geometry,Medium
MATHNET-08y6,MATHNET-0est,0.898007894136581,1,Geometry,Plane Geometry,Medium,Geometry,Plane Geometry,Medium
MATHNET-0lgk,MATHNET-0gle,0.8976991007699711,2,Geometry,Plane Geometry,Hard,Geometry,Plane Geometry,Hard
MATHNET-0gle,MATHNET-0lgk,0.8976991007699711,4,Geometry,Plane Geometry,Hard,Geometry,Plane Geometry,Hard
MATHNET-08x7,MATHNET-0ia7,0.897093712061634,1,Algebra,Algebraic Expressions,Easy,Algebra,Algebraic Expressions,Easy
MATHNET-0ia7,MATHNET-08x7,0.897093712061634,4,Algebra,Algebraic Expressions,Easy,Algebra,Algebraic Expressions,Easy
MATHNET-0fyx,MATHNET-0bml,0.8966562849049134,3,Algebra,Equations and Inequalities | Prealgebra / Basic Algebra,Easy,Algebra,Prealgebra / Basic Algebra,Easy
MATHNET-0bml,MATHNET-0fyx,0.8966562849049134,5,Algebra,Prealgebra / Basic Algebra,Easy,Algebra,Equations and Inequalities | Prealgebra / Basic Algebra,Easy
MATHNET-01u2,MATHNET-0212,0.8965199971478028,1,Discrete Mathematics,Combinatorics,Very Hard,Discrete Mathematics,Combinatorics,Very Hard
MATHNET-0212,MATHNET-01u2,0.8965199971478028,2,Discrete Mathematics,Combinatorics,Very Hard,Discrete Mathematics,Combinatorics,Very Hard
MATHNET-0d0v,MATHNET-0cnn,0.8962422672257631,3,Geometry,Plane Geometry,Hard,Geometry,Plane Geometry,Hard
MATHNET-0cnn,MATHNET-0d0v,0.8962422672257631,3,Geometry,Plane Geometry,Hard,Geometry,Plane Geometry,Hard
MATHNET-064l,MATHNET-0dmc,0.8949955037941568,7,Geometry,Plane Geometry,Hard,Geometry,Plane Geometry,Hard
MATHNET-0dmc,MATHNET-064l,0.8949955037941568,7,Geometry,Plane Geometry,Hard,Geometry,Plane Geometry,Hard
MATHNET-03nj,MATHNET-00s2,0.8946891721297481,2,Geometry,Plane Geometry,Hard,Geometry,Plane Geometry,Hard
MATHNET-00s2,MATHNET-03nj,0.8946891721297481,2,Geometry,Plane Geometry,Hard,Geometry,Plane Geometry,Hard
MATHNET-0g3p,MATHNET-07yc,0.8946714300554807,5,Geometry,Plane Geometry,Medium,Geometry,Plane Geometry,Medium
MATHNET-07yc,MATHNET-0g3p,0.8946714300554807,3,Geometry,Plane Geometry,Medium,Geometry,Plane Geometry,Medium
MATHNET-05vy,MATHNET-05jo,0.893857486418107,1,Geometry,Plane Geometry,Medium,Geometry,Plane Geometry,Medium
MATHNET-05jo,MATHNET-05vy,0.893857486418107,1,Geometry,Plane Geometry,Medium,Geometry,Plane Geometry,Medium
MATHNET-024k,MATHNET-0egg,0.893416134341103,2,Algebra,Prealgebra / Basic Algebra,Medium,Algebra,Algebraic Expressions | Prealgebra / Basic Algebra,Medium
MATHNET-0egg,MATHNET-024k,0.893416134341103,1,Algebra,Algebraic Expressions | Prealgebra / Basic Algebra,Medium,Algebra,Prealgebra / Basic Algebra,Medium
MATHNET-0hfw,MATHNET-0f88,0.8928451411084419,1,Geometry,Plane Geometry,Easy,Geometry,Plane Geometry,Easy
MATHNET-0f88,MATHNET-0hfw,0.8928451411084419,1,Geometry,Plane Geometry,Easy,Geometry,Plane Geometry,Easy
MATHNET-0fxg,MATHNET-02pg,0.8923536536087681,1,Discrete Mathematics,Combinatorics,Easy,Discrete Mathematics,Combinatorics,Easy
MATHNET-02pg,MATHNET-0fxg,0.8923536536087681,1,Discrete Mathematics,Combinatorics,Easy,Discrete Mathematics,Combinatorics,Easy
MATHNET-0fti,MATHNET-06c9,0.8921047131609932,5,Geometry,Plane Geometry,Easy,Geometry,Plane Geometry,Easy
MATHNET-06c9,MATHNET-0fti,0.8921047131609932,2,Geometry,Plane Geometry,Easy,Geometry,Plane Geometry,Easy
MATHNET-0jzx,MATHNET-0e08,0.8919938563892246,1,Algebra,Algebraic Expressions | Equations and Inequalities,Easy,Algebra,Algebraic Expressions | Prealgebra / Basic Algebra,Easy
MATHNET-0e08,MATHNET-0jzx,0.8919938563892246,2,Algebra,Algebraic Expressions | Prealgebra / Basic Algebra,Easy,Algebra,Algebraic Expressions | Equations and Inequalities,Easy
MATHNET-05ys,MATHNET-0302,0.8918884060571801,2,Algebra | Number Theory,Algebraic Expressions | Divisibility / Factorization | Intermediate Algebra | Modular Arithmetic | Residues and Primitive Roots,Medium,Algebra | Number Theory,Divisibility / Factorization | Prealgebra / Basic Algebra,Medium
MATHNET-0302,MATHNET-05ys,0.8918884060571801,1,Algebra | Number Theory,Divisibility / Factorization | Prealgebra / Basic Algebra,Medium,Algebra | Number Theory,Algebraic Expressions | Divisibility / Factorization | Intermediate Algebra | Modular Arithmetic | Residues and Primitive Roots,Medium
MATHNET-06c9,MATHNET-0f3n,0.8916578079932178,3,Geometry,Plane Geometry,Easy,Geometry,Plane Geometry,Easy
MATHNET-0f3n,MATHNET-06c9,0.8916578079932178,5,Geometry,Plane Geometry,Easy,Geometry,Plane Geometry,Easy
MATHNET-0g3p,MATHNET-0dmc,0.8915152939814547,6,Geometry,Plane Geometry,Medium,Geometry,Plane Geometry,Hard
MATHNET-0dmc,MATHNET-0g3p,0.8915152939814547,8,Geometry,Plane Geometry,Hard,Geometry,Plane Geometry,Medium
MATHNET-084e,MATHNET-09qh,0.8913161587987105,1,Discrete Mathematics | Number Theory,Combinatorics | Divisibility / Factorization,Medium,Discrete Mathematics | Number Theory,Combinatorics | Other,Medium
MATHNET-09qh,MATHNET-084e,0.8913161587987105,1,Discrete Mathematics | Number Theory,Combinatorics | Other,Medium,Discrete Mathematics | Number Theory,Combinatorics | Divisibility / Factorization,Medium
MATHNET-0etj,MATHNET-08n2,0.8911665641448546,1,Geometry,Plane Geometry,Hard,Geometry,Plane Geometry,Hard
MATHNET-08n2,MATHNET-0etj,0.8911665641448546,1,Geometry,Plane Geometry,Hard,Geometry,Plane Geometry,Hard
MATHNET-0dmc,MATHNET-09tk,0.8910972357631982,9,Geometry,Plane Geometry,Hard,Geometry,Plane Geometry,Medium
MATHNET-09tk,MATHNET-0dmc,0.8910972357631982,5,Geometry,Plane Geometry,Medium,Geometry,Plane Geometry,Hard
MATHNET-05jo,MATHNET-0g1n,0.8902671740849503,2,Geometry,Plane Geometry,Medium,Geometry,Plane Geometry,Medium
MATHNET-0g1n,MATHNET-05jo,0.8902671740849503,1,Geometry,Plane Geometry,Medium,Geometry,Plane Geometry,Medium
MATHNET-0fjo,MATHNET-09vi,0.8901900710476134,2,Geometry,Plane Geometry,Medium,Geometry,Plane Geometry,Medium
MATHNET-09vi,MATHNET-0fjo,0.8901900710476134,2,Geometry,Plane Geometry,Medium,Geometry,Plane Geometry,Medium
MATHNET-0k97,MATHNET-04a8,0.8898575760834796,5,Number Theory,Diophantine Equations | Divisibility / Factorization,Medium,Number Theory,Divisibility / Factorization | Number-Theoretic Functions,Medium
MATHNET-04a8,MATHNET-0k97,0.8898575760834796,6,Number Theory,Divisibility / Factorization | Number-Theoretic Functions,Medium,Number Theory,Diophantine Equations | Divisibility / Factorization,Medium
MATHNET-08o1,MATHNET-0dil,0.8897081550831183,2,Geometry,Plane Geometry,Hard,Geometry,Plane Geometry,Hard
MATHNET-0dil,MATHNET-08o1,0.8897081550831183,3,Geometry,Plane Geometry,Hard,Geometry,Plane Geometry,Hard
MATHNET-0fx2,MATHNET-0fid,0.8895585336227684,2,Number Theory,Diophantine Equations | Divisibility / Factorization,Medium,Number Theory,Divisibility / Factorization | Modular Arithmetic,Medium
MATHNET-0fid,MATHNET-0fx2,0.8895585336227684,3,Number Theory,Divisibility / Factorization | Modular Arithmetic,Medium,Number Theory,Diophantine Equations | Divisibility / Factorization,Medium
MATHNET-0ef5,MATHNET-02x1,0.8890679251531236,2,Algebra,Prealgebra / Basic Algebra,Easy,Algebra,Intermediate Algebra | Prealgebra / Basic Algebra,Easy
MATHNET-02x1,MATHNET-0ef5,0.8890679251531236,2,Algebra,Intermediate Algebra | Prealgebra / Basic Algebra,Easy,Algebra,Prealgebra / Basic Algebra,Easy
MATHNET-0fv2,MATHNET-0bui,0.8889879571188876,1,Algebra,Algebraic Expressions,Easy,Algebra,Prealgebra / Basic Algebra,Easy
MATHNET-0bui,MATHNET-0fv2,0.8889879571188876,1,Algebra,Prealgebra / Basic Algebra,Easy,Algebra,Algebraic Expressions,Easy
MATHNET-09tk,MATHNET-07yc,0.8886725935539213,6,Geometry,Plane Geometry,Medium,Geometry,Plane Geometry,Medium
MATHNET-07yc,MATHNET-09tk,0.8886725935539213,4,Geometry,Plane Geometry,Medium,Geometry,Plane Geometry,Medium
MATHNET-07yc,MATHNET-0cr9,0.8880014996748081,5,Geometry,Plane Geometry,Medium,Geometry,Plane Geometry,Medium
MATHNET-0cr9,MATHNET-07yc,0.8880014996748081,2,Geometry,Plane Geometry,Medium,Geometry,Plane Geometry,Medium
MATHNET-00kp,MATHNET-0gtj,0.8879249790013988,4,Algebra,Equations and Inequalities,Easy,Algebra,Equations and Inequalities,Easy
MATHNET-0gtj,MATHNET-00kp,0.8879249790013988,4,Algebra,Equations and Inequalities,Easy,Algebra,Equations and Inequalities,Easy
MATHNET-0h3e,MATHNET-0g7r,0.8873092074546357,4,Discrete Mathematics,Combinatorics | Logic,Easy,Discrete Mathematics,Combinatorics,Easy
MATHNET-0g7r,MATHNET-0h3e,0.8873092074546357,1,Discrete Mathematics,Combinatorics,Easy,Discrete Mathematics,Combinatorics | Logic,Easy
MATHNET-0lgk,MATHNET-0cnn,0.8872726487505688,3,Geometry,Plane Geometry,Hard,Geometry,Plane Geometry,Hard
MATHNET-0cnn,MATHNET-0lgk,0.8872726487505688,4,Geometry,Plane Geometry,Hard,Geometry,Plane Geometry,Hard
MATHNET-022e,MATHNET-0egg,0.8871469870770279,3,Algebra,Prealgebra / Basic Algebra,Medium,Algebra,Algebraic Expressions | Prealgebra / Basic Algebra,Medium
MATHNET-0egg,MATHNET-022e,0.8871469870770279,2,Algebra,Algebraic Expressions | Prealgebra / Basic Algebra,Medium,Algebra,Prealgebra / Basic Algebra,Medium
MATHNET-00by,MATHNET-065e,0.8858181348993175,1,Geometry,Plane Geometry,Hard,Geometry,Plane Geometry,Hard
MATHNET-065e,MATHNET-00by,0.8858181348993175,1,Geometry,Plane Geometry,Hard,Geometry,Plane Geometry,Hard
MATHNET-0b1m,MATHNET-0jzx,0.8853139911185139,2,Algebra,Algebraic Expressions,Easy,Algebra,Algebraic Expressions | Equations and Inequalities,Easy
MATHNET-0jzx,MATHNET-0b1m,0.8853139911185139,2,Algebra,Algebraic Expressions | Equations and Inequalities,Easy,Algebra,Algebraic Expressions,Easy
MATHNET-087w,MATHNET-0ej1,0.8847604819638286,5,Geometry,Solid Geometry,Easy,Geometry,Solid Geometry,Easy
MATHNET-0ej1,MATHNET-087w,0.8847604819638286,4,Geometry,Solid Geometry,Easy,Geometry,Solid Geometry,Easy
MATHNET-05tc,MATHNET-0fjo,0.8840224415616721,1,Geometry,Plane Geometry,Medium,Geometry,Plane Geometry,Medium
MATHNET-0fjo,MATHNET-05tc,0.8840224415616721,3,Geometry,Plane Geometry,Medium,Geometry,Plane Geometry,Medium
MATHNET-09sr,MATHNET-05jo,0.883798545752889,2,Geometry,Plane Geometry,Medium,Geometry,Plane Geometry,Medium
MATHNET-05jo,MATHNET-09sr,0.883798545752889,3,Geometry,Plane Geometry,Medium,Geometry,Plane Geometry,Medium
MATHNET-0eu5,MATHNET-00h0,0.8836683804347601,1,Discrete Mathematics,Combinatorics,Very Hard,Discrete Mathematics,Combinatorics | Graph Theory,Very Hard
MATHNET-00h0,MATHNET-0eu5,0.8836683804347601,3,Discrete Mathematics,Combinatorics | Graph Theory,Very Hard,Discrete Mathematics,Combinatorics,Very Hard
MATHNET-0dvk,MATHNET-05gq,0.8835724359846269,2,Geometry,Plane Geometry,Medium,Geometry,Plane Geometry,Easy
MATHNET-05gq,MATHNET-0dvk,0.8835724359846269,1,Geometry,Plane Geometry,Easy,Geometry,Plane Geometry,Medium
MATHNET-02x1,MATHNET-0irf,0.8834093732822004,3,Algebra,Intermediate Algebra | Prealgebra / Basic Algebra,Easy,Algebra,Intermediate Algebra,Easy
MATHNET-0irf,MATHNET-02x1,0.8834093732822004,3,Algebra,Intermediate Algebra,Easy,Algebra,Intermediate Algebra | Prealgebra / Basic Algebra,Easy
MATHNET-05x1,MATHNET-05ta,0.8824810672537362,1,Geometry,Plane Geometry,Medium,Geometry,Plane Geometry,Medium
MATHNET-05ta,MATHNET-05x1,0.8824810672537362,2,Geometry,Plane Geometry,Medium,Geometry,Plane Geometry,Medium
MATHNET-0akr,MATHNET-05dk,0.8816242964201549,3,Geometry,Plane Geometry,Very Hard,Geometry,Plane Geometry,Very Hard
MATHNET-05dk,MATHNET-0akr,0.8816242964201549,4,Geometry,Plane Geometry,Very Hard,Geometry,Plane Geometry,Very Hard
MATHNET-0455,MATHNET-06pl,0.8811480941510441,3,Geometry,Plane Geometry,Very Hard,Geometry,Plane Geometry,Very Hard
MATHNET-06pl,MATHNET-0455,0.8811480941510441,1,Geometry,Plane Geometry,Very Hard,Geometry,Plane Geometry,Very Hard
MATHNET-02gm,MATHNET-04yn,0.8810922553825056,1,Discrete Mathematics | Geometry,Combinatorics | Plane Geometry,Hard,Discrete Mathematics | Geometry,Combinatorics | Plane Geometry,Hard
MATHNET-04yn,MATHNET-02gm,0.8810922553825056,1,Discrete Mathematics | Geometry,Combinatorics | Plane Geometry,Hard,Discrete Mathematics | Geometry,Combinatorics | Plane Geometry,Hard
MATHNET-0hog,MATHNET-09hf,0.8810196739868075,1,Geometry,Plane Geometry,Medium,Geometry,Plane Geometry,Medium
MATHNET-09hf,MATHNET-0hog,0.8810196739868075,1,Geometry,Plane Geometry,Medium,Geometry,Plane Geometry,Medium
MATHNET-03w7,MATHNET-0925,0.8809893237685618,1,Geometry,Plane Geometry,Hard,Geometry,Plane Geometry,Hard
MATHNET-0925,MATHNET-03w7,0.8809893237685618,3,Geometry,Plane Geometry,Hard,Geometry,Plane Geometry,Hard
MATHNET-08o1,MATHNET-0dyh,0.8802604986155493,3,Geometry,Plane Geometry,Hard,Geometry,Plane Geometry,Hard
MATHNET-0dyh,MATHNET-08o1,0.8802604986155493,4,Geometry,Plane Geometry,Hard,Geometry,Plane Geometry,Hard
MATHNET-03w7,MATHNET-0dyh,0.880241402720795,2,Geometry,Plane Geometry,Hard,Geometry,Plane Geometry,Hard
MATHNET-0dyh,MATHNET-03w7,0.880241402720795,5,Geometry,Plane Geometry,Hard,Geometry,Plane Geometry,Hard
MATHNET-0jzx,MATHNET-00mi,0.8797789930384204,4,Algebra,Algebraic Expressions | Equations and Inequalities,Easy,Algebra,Algebraic Expressions | Equations and Inequalities,Easy
MATHNET-00mi,MATHNET-0jzx,0.8797789930384204,2,Algebra,Algebraic Expressions | Equations and Inequalities,Easy,Algebra,Algebraic Expressions | Equations and Inequalities,Easy
MATHNET-02nt,MATHNET-02qx,0.879681260984027,1,Geometry,Plane Geometry,Easy,Geometry,Plane Geometry,Medium
MATHNET-02qx,MATHNET-02nt,0.879681260984027,2,Geometry,Plane Geometry,Medium,Geometry,Plane Geometry,Easy
MATHNET-0855,MATHNET-095q,0.8792928334158072,2,Geometry,Plane Geometry,Hard,Geometry,Solid Geometry,Hard
MATHNET-095q,MATHNET-0855,0.8792928334158072,3,Geometry,Solid Geometry,Hard,Geometry,Plane Geometry,Hard
MATHNET-0da8,MATHNET-0bxl,0.8787928493284934,1,Geometry,Plane Geometry,Medium,Geometry,Plane Geometry,Medium
MATHNET-0bxl,MATHNET-0da8,0.8787928493284934,1,Geometry,Plane Geometry,Medium,Geometry,Plane Geometry,Medium
MATHNET-0fvm,MATHNET-01l1,0.8780358581184396,1,Discrete Mathematics,Combinatorics,Medium,Discrete Mathematics,Combinatorics,Medium
MATHNET-01l1,MATHNET-0fvm,0.8780358581184396,1,Discrete Mathematics,Combinatorics,Medium,Discrete Mathematics,Combinatorics,Medium
MATHNET-09q7,MATHNET-0fjo,0.877988205623034,2,Geometry,Plane Geometry,Medium,Geometry,Plane Geometry,Medium
MATHNET-0fjo,MATHNET-09q7,0.877988205623034,4,Geometry,Plane Geometry,Medium,Geometry,Plane Geometry,Medium
MATHNET-078n,MATHNET-00ug,0.8779213647256183,1,Discrete Mathematics,Combinatorics,Medium,Discrete Mathematics,Combinatorics,Medium
MATHNET-00ug,MATHNET-078n,0.8779213647256183,1,Discrete Mathematics,Combinatorics,Medium,Discrete Mathematics,Combinatorics,Medium
MATHNET-0dpx,MATHNET-0925,0.8778255553152993,2,Geometry,Plane Geometry,Hard,Geometry,Plane Geometry,Hard
MATHNET-0925,MATHNET-0dpx,0.8778255553152993,4,Geometry,Plane Geometry,Hard,Geometry,Plane Geometry,Hard
MATHNET-0akr,MATHNET-0glc,0.8774684912080652,4,Geometry,Plane Geometry,Very Hard,Geometry,Plane Geometry,Very Hard
MATHNET-0glc,MATHNET-0akr,0.8774684912080652,4,Geometry,Plane Geometry,Very Hard,Geometry,Plane Geometry,Very Hard
MATHNET-023t,MATHNET-0efx,0.8774002395027993,2,Algebra,Equations and Inequalities | Prealgebra / Basic Algebra,Medium,Algebra,Algebraic Expressions | Equations and Inequalities | Intermediate Algebra,Medium
MATHNET-0efx,MATHNET-023t,0.8774002395027993,1,Algebra,Algebraic Expressions | Equations and Inequalities | Intermediate Algebra,Medium,Algebra,Equations and Inequalities | Prealgebra / Basic Algebra,Medium
MATHNET-09iq,MATHNET-0gyd,0.8773785866802601,1,Geometry,Plane Geometry,Medium,Geometry,Plane Geometry,Medium
MATHNET-0gyd,MATHNET-09iq,0.8773785866802601,2,Geometry,Plane Geometry,Medium,Geometry,Plane Geometry,Medium
MATHNET-05jg,MATHNET-064l,0.8767424441694629,8,Geometry,Plane Geometry,Hard,Geometry,Plane Geometry,Hard
MATHNET-064l,MATHNET-05jg,0.8767424441694629,8,Geometry,Plane Geometry,Hard,Geometry,Plane Geometry,Hard
MATHNET-0f42,MATHNET-0biz,0.8767184653275993,1,Algebra,Algebraic Expressions | Equations and Inequalities,Easy,Algebra,Equations and Inequalities,Easy
MATHNET-0biz,MATHNET-0f42,0.8767184653275993,2,Algebra,Equations and Inequalities,Easy,Algebra,Algebraic Expressions | Equations and Inequalities,Easy
MATHNET-0h61,MATHNET-04v9,0.8765454160718936,3,Geometry,Plane Geometry,Very Hard,Geometry,Plane Geometry,Very Hard
MATHNET-04v9,MATHNET-0h61,0.8765454160718936,2,Geometry,Plane Geometry,Very Hard,Geometry,Plane Geometry,Very Hard
MATHNET-0fg1,MATHNET-064l,0.8762164575084623,9,Geometry,Plane Geometry,Hard,Geometry,Plane Geometry,Hard
MATHNET-064l,MATHNET-0fg1,0.8762164575084623,9,Geometry,Plane Geometry,Hard,Geometry,Plane Geometry,Hard
MATHNET-05n9,MATHNET-05lk,0.8761192469235692,1,Discrete Mathematics,Combinatorics,Medium,Discrete Mathematics,Combinatorics,Medium
MATHNET-05lk,MATHNET-05n9,0.8761192469235692,1,Discrete Mathematics,Combinatorics,Medium,Discrete Mathematics,Combinatorics,Medium
MATHNET-02x1,MATHNET-01qj,0.8760104916889748,4,Algebra,Intermediate Algebra | Prealgebra / Basic Algebra,Easy,Algebra,Algebraic Expressions | Prealgebra / Basic Algebra,Easy
MATHNET-01qj,MATHNET-02x1,0.8760104916889748,3,Algebra,Algebraic Expressions | Prealgebra / Basic Algebra,Easy,Algebra,Intermediate Algebra | Prealgebra / Basic Algebra,Easy
MATHNET-05m2,MATHNET-0g1n,0.8756544008445112,2,Geometry,Plane Geometry,Medium,Geometry,Plane Geometry,Medium
MATHNET-0g1n,MATHNET-05m2,0.8756544008445112,2,Geometry,Plane Geometry,Medium,Geometry,Plane Geometry,Medium
MATHNET-065e,MATHNET-0j4z,0.8754282040206867,2,Geometry,Plane Geometry,Hard,Geometry,Plane Geometry,Medium
MATHNET-0j4z,MATHNET-065e,0.8754282040206867,1,Geometry,Plane Geometry,Medium,Geometry,Plane Geometry,Hard
MATHNET-05g5,MATHNET-09q7,0.8754096716128171,5,Geometry,Plane Geometry,Medium,Geometry,Plane Geometry,Medium
MATHNET-09q7,MATHNET-05g5,0.8754096716128171,3,Geometry,Plane Geometry,Medium,Geometry,Plane Geometry,Medium
MATHNET-09tk,MATHNET-05g5,0.8753889901843326,7,Geometry,Plane Geometry,Medium,Geometry,Plane Geometry,Medium
MATHNET-05g5,MATHNET-09tk,0.8753889901843326,6,Geometry,Plane Geometry,Medium,Geometry,Plane Geometry,Medium
MATHNET-0g3p,MATHNET-05g5,0.8751601341624896,8,Geometry,Plane Geometry,Medium,Geometry,Plane Geometry,Medium
MATHNET-05g5,MATHNET-0g3p,0.8751601341624896,7,Geometry,Plane Geometry,Medium,Geometry,Plane Geometry,Medium
MATHNET-0bui,MATHNET-0egg,0.8750589587371266,2,Algebra,Prealgebra / Basic Algebra,Easy,Algebra,Algebraic Expressions | Prealgebra / Basic Algebra,Medium
MATHNET-0egg,MATHNET-0bui,0.8750589587371266,3,Algebra,Algebraic Expressions | Prealgebra / Basic Algebra,Medium,Algebra,Prealgebra / Basic Algebra,Easy
MATHNET-0ef5,MATHNET-05i6,0.8745962688620592,3,Algebra,Prealgebra / Basic Algebra,Easy,Algebra,Algebraic Expressions,Easy
MATHNET-05i6,MATHNET-0ef5,0.8745962688620592,2,Algebra,Algebraic Expressions,Easy,Algebra,Prealgebra / Basic Algebra,Easy
MATHNET-0925,MATHNET-08o1,0.874222609603349,5,Geometry,Plane Geometry,Hard,Geometry,Plane Geometry,Hard
MATHNET-08o1,MATHNET-0925,0.874222609603349,4,Geometry,Plane Geometry,Hard,Geometry,Plane Geometry,Hard
MATHNET-05gq,MATHNET-0fru,0.8731781081037814,2,Geometry,Plane Geometry,Easy,Geometry,Plane Geometry,Medium
MATHNET-0fru,MATHNET-05gq,0.8731781081037814,2,Geometry,Plane Geometry,Medium,Geometry,Plane Geometry,Easy
MATHNET-023c,MATHNET-0cgq,0.8731716086330237,2,Algebra | Number Theory,Divisibility / Factorization | Modular Arithmetic | Prealgebra / Basic Algebra,Medium,Algebra | Number Theory,Other | Prealgebra / Basic Algebra,Medium
MATHNET-0cgq,MATHNET-023c,0.8731716086330237,1,Algebra | Number Theory,Other | Prealgebra / Basic Algebra,Medium,Algebra | Number Theory,Divisibility / Factorization | Modular Arithmetic | Prealgebra / Basic Algebra,Medium
MATHNET-05m2,MATHNET-05jo,0.8726615059085064,3,Geometry,Plane Geometry,Medium,Geometry,Plane Geometry,Medium
MATHNET-05jo,MATHNET-05m2,0.8726615059085064,4,Geometry,Plane Geometry,Medium,Geometry,Plane Geometry,Medium
MATHNET-0dil,MATHNET-00k4,0.8725946983400061,4,Geometry,Plane Geometry,Hard,Geometry,Plane Geometry | Solid Geometry,Hard
MATHNET-00k4,MATHNET-0dil,0.8725946983400061,1,Geometry,Plane Geometry | Solid Geometry,Hard,Geometry,Plane Geometry,Hard
MATHNET-0ing,MATHNET-04v9,0.8723555361885847,2,Geometry,Plane Geometry,Very Hard,Geometry,Plane Geometry,Very Hard
MATHNET-04v9,MATHNET-0ing,0.8723555361885847,3,Geometry,Plane Geometry,Very Hard,Geometry,Plane Geometry,Very Hard
MATHNET-01u2,MATHNET-05d6,0.8719020337792833,5,Discrete Mathematics,Combinatorics,Very Hard,Discrete Mathematics,Combinatorics,Very Hard
MATHNET-05d6,MATHNET-01u2,0.8719020337792833,2,Discrete Mathematics,Combinatorics,Very Hard,Discrete Mathematics,Combinatorics,Very Hard
MATHNET-0b1m,MATHNET-00mi,0.8718820050013145,3,Algebra,Algebraic Expressions,Easy,Algebra,Algebraic Expressions | Equations and Inequalities,Easy
MATHNET-00mi,MATHNET-0b1m,0.8718820050013145,3,Algebra,Algebraic Expressions | Equations and Inequalities,Easy,Algebra,Algebraic Expressions,Easy
MATHNET-05d6,MATHNET-00h0,0.8715315992615446,3,Discrete Mathematics,Combinatorics,Very Hard,Discrete Mathematics,Combinatorics | Graph Theory,Very Hard
MATHNET-00h0,MATHNET-05d6,0.8715315992615446,6,Discrete Mathematics,Combinatorics | Graph Theory,Very Hard,Discrete Mathematics,Combinatorics,Very Hard
MATHNET-0932,MATHNET-05d6,0.871521919725638,1,Discrete Mathematics,Combinatorics,Very Hard,Discrete Mathematics,Combinatorics,Very Hard
MATHNET-05d6,MATHNET-0932,0.871521919725638,4,Discrete Mathematics,Combinatorics,Very Hard,Discrete Mathematics,Combinatorics,Very Hard
MATHNET-077p,MATHNET-06tf,0.8714881628646367,8,Discrete Mathematics | Number Theory,Algebraic Number Theory | Combinatorics | Divisibility / Factorization,Very Hard,Discrete Mathematics | Number Theory,Combinatorics | Other,Very Hard
MATHNET-06tf,MATHNET-077p,0.8714881628646367,3,Discrete Mathematics | Number Theory,Combinatorics | Other,Very Hard,Discrete Mathematics | Number Theory,Algebraic Number Theory | Combinatorics | Divisibility / Factorization,Very Hard
MATHNET-0ka4,MATHNET-06mm,0.8712497136500612,4,Geometry,Plane Geometry,Medium,Geometry,Plane Geometry,Medium
MATHNET-06mm,MATHNET-0ka4,0.8712497136500612,8,Geometry,Plane Geometry,Medium,Geometry,Plane Geometry,Medium
MATHNET-0ing,MATHNET-05dg,0.8711387495473505,3,Geometry,Plane Geometry,Very Hard,Geometry,Plane Geometry,Very Hard
MATHNET-05dg,MATHNET-0ing,0.8711387495473505,2,Geometry,Plane Geometry,Very Hard,Geometry,Plane Geometry,Very Hard
MATHNET-0h3f,MATHNET-0fre,0.8710847252406034,2,Geometry,Plane Geometry,Medium,Geometry,Plane Geometry,Medium
MATHNET-0fre,MATHNET-0h3f,0.8710847252406034,3,Geometry,Plane Geometry,Medium,Geometry,Plane Geometry,Medium
MATHNET-08rj,MATHNET-0kd5,0.8710732323469776,1,Geometry,Solid Geometry,Medium,Geometry,Plane Geometry | Solid Geometry,Medium
MATHNET-0kd5,MATHNET-08rj,0.8710732323469776,1,Geometry,Plane Geometry | Solid Geometry,Medium,Geometry,Solid Geometry,Medium
MATHNET-04v9,MATHNET-0kx0,0.8710265007883504,4,Geometry,Plane Geometry,Very Hard,Geometry,Plane Geometry,Very Hard
MATHNET-0kx0,MATHNET-04v9,0.8710265007883504,1,Geometry,Plane Geometry,Very Hard,Geometry,Plane Geometry,Very Hard
MATHNET-05tc,MATHNET-0fre,0.8708730728387536,2,Geometry,Plane Geometry,Medium,Geometry,Plane Geometry,Medium
MATHNET-0fre,MATHNET-05tc,0.8708730728387536,4,Geometry,Plane Geometry,Medium,Geometry,Plane Geometry,Medium
MATHNET-0cr9,MATHNET-09tk,0.8708703083888071,4,Geometry,Plane Geometry,Medium,Geometry,Plane Geometry,Medium
MATHNET-09tk,MATHNET-0cr9,0.8708703083888071,9,Geometry,Plane Geometry,Medium,Geometry,Plane Geometry,Medium
MATHNET-0h3f,MATHNET-0fjo,0.8702756892096537,3,Geometry,Plane Geometry,Medium,Geometry,Plane Geometry,Medium
MATHNET-0fjo,MATHNET-0h3f,0.8702756892096537,5,Geometry,Plane Geometry,Medium,Geometry,Plane Geometry,Medium
MATHNET-0217,MATHNET-06pl,0.8700491540408101,3,Geometry,Plane Geometry,Very Hard,Geometry,Plane Geometry,Very Hard
MATHNET-06pl,MATHNET-0217,0.8700491540408101,2,Geometry,Plane Geometry,Very Hard,Geometry,Plane Geometry,Very Hard
MATHNET-0joq,MATHNET-0l5j,0.8700034380990568,3,Geometry,Plane Geometry,Medium,Geometry,Plane Geometry,Easy
MATHNET-0l5j,MATHNET-0joq,0.8700034380990568,2,Geometry,Plane Geometry,Easy,Geometry,Plane Geometry,Medium
MATHNET-0a9f,MATHNET-0avj,0.8696829035757615,1,Geometry,Plane Geometry,Hard,Geometry,Plane Geometry,Hard
MATHNET-0avj,MATHNET-0a9f,0.8696829035757615,1,Geometry,Plane Geometry,Hard,Geometry,Plane Geometry,Hard
MATHNET-0acd,MATHNET-0ko4,0.8689620839742832,5,Algebra,Algebraic Expressions | Prealgebra / Basic Algebra,Medium,Algebra,Intermediate Algebra | Prealgebra / Basic Algebra,Easy
MATHNET-0ko4,MATHNET-0acd,0.8689620839742832,4,Algebra,Intermediate Algebra | Prealgebra / Basic Algebra,Easy,Algebra,Algebraic Expressions | Prealgebra / Basic Algebra,Medium
MATHNET-09q7,MATHNET-0cr9,0.8687738429256188,5,Geometry,Plane Geometry,Medium,Geometry,Plane Geometry,Medium
MATHNET-0cr9,MATHNET-09q7,0.8687738429256188,5,Geometry,Plane Geometry,Medium,Geometry,Plane Geometry,Medium
MATHNET-01u2,MATHNET-0932,0.8685431791600869,6,Discrete Mathematics,Combinatorics,Very Hard,Discrete Mathematics,Combinatorics,Very Hard
MATHNET-0932,MATHNET-01u2,0.8685431791600869,2,Discrete Mathematics,Combinatorics,Very Hard,Discrete Mathematics,Combinatorics,Very Hard
MATHNET-04v9,MATHNET-020e,0.8685115073016224,5,Geometry,Plane Geometry,Very Hard,Geometry,Plane Geometry,Very Hard
MATHNET-020e,MATHNET-04v9,0.8685115073016224,3,Geometry,Plane Geometry,Very Hard,Geometry,Plane Geometry,Very Hard
MATHNET-05m2,MATHNET-0cr9,0.8678239166199808,5,Geometry,Plane Geometry,Medium,Geometry,Plane Geometry,Medium
MATHNET-0cr9,MATHNET-05m2,0.8678239166199808,6,Geometry,Plane Geometry,Medium,Geometry,Plane Geometry,Medium
MATHNET-05jg,MATHNET-09tk,0.8676968752804407,10,Geometry,Plane Geometry,Hard,Geometry,Plane Geometry,Medium
MATHNET-0dvk,MATHNET-08kq,0.8670159154700561,4,Geometry,Plane Geometry,Medium,Geometry,Plane Geometry,Easy
MATHNET-08kq,MATHNET-0dvk,0.8670159154700561,1,Geometry,Plane Geometry,Easy,Geometry,Plane Geometry,Medium
MATHNET-06pl,MATHNET-0akr,0.8667452612134791,3,Geometry,Plane Geometry,Very Hard,Geometry,Plane Geometry,Very Hard
MATHNET-0akr,MATHNET-06pl,0.8667452612134791,5,Geometry,Plane Geometry,Very Hard,Geometry,Plane Geometry,Very Hard
MATHNET-085e,MATHNET-087w,0.8664268370103302,5,Geometry,Plane Geometry,Easy,Geometry,Solid Geometry,Easy
MATHNET-087w,MATHNET-085e,0.8664268370103302,6,Geometry,Solid Geometry,Easy,Geometry,Plane Geometry,Easy
MATHNET-0d0v,MATHNET-06x6,0.8664008236020445,4,Geometry,Plane Geometry,Hard,Geometry,Plane Geometry,Hard
MATHNET-06x6,MATHNET-0d0v,0.8664008236020445,3,Geometry,Plane Geometry,Hard,Geometry,Plane Geometry,Hard
MATHNET-0hog,MATHNET-0bn3,0.8662692237141263,2,Geometry,Plane Geometry,Medium,Geometry,Plane Geometry,Medium
MATHNET-0bn3,MATHNET-0hog,0.8662692237141263,2,Geometry,Plane Geometry,Medium,Geometry,Plane Geometry,Medium
MATHNET-032t,MATHNET-00ug,0.8652015708259041,1,Discrete Mathematics,Combinatorics,Medium,Discrete Mathematics,Combinatorics,Medium
MATHNET-00ug,MATHNET-032t,0.8652015708259041,2,Discrete Mathematics,Combinatorics,Medium,Discrete Mathematics,Combinatorics,Medium
MATHNET-00kp,MATHNET-0fev,0.8647137122042774,6,Algebra,Equations and Inequalities,Easy,Algebra,Equations and Inequalities | Intermediate Algebra | Prealgebra / Basic Algebra,Easy
MATHNET-0fev,MATHNET-00kp,0.8647137122042774,6,Algebra,Equations and Inequalities | Intermediate Algebra | Prealgebra / Basic Algebra,Easy,Algebra,Equations and Inequalities,Easy
MATHNET-0gqo,MATHNET-0b1m,0.8645375312015767,6,Algebra,Equations and Inequalities,Easy,Algebra,Algebraic Expressions,Easy
MATHNET-0b1m,MATHNET-0gqo,0.8645375312015767,6,Algebra,Algebraic Expressions,Easy,Algebra,Equations and Inequalities,Easy
MATHNET-06x6,MATHNET-0lgk,0.8643373225185603,4,Geometry,Plane Geometry,Hard,Geometry,Plane Geometry,Hard
MATHNET-0lgk,MATHNET-06x6,0.8643373225185603,4,Geometry,Plane Geometry,Hard,Geometry,Plane Geometry,Hard
MATHNET-06h1,MATHNET-0a9f,0.8637446224923677,2,Geometry,Plane Geometry,Hard,Geometry,Plane Geometry,Hard
MATHNET-0a9f,MATHNET-06h1,0.8637446224923677,2,Geometry,Plane Geometry,Hard,Geometry,Plane Geometry,Hard
MATHNET-0doe,MATHNET-0fjo,0.8637045111939583,2,Geometry,Plane Geometry,Medium,Geometry,Plane Geometry,Medium
MATHNET-0fjo,MATHNET-0doe,0.8637045111939583,6,Geometry,Plane Geometry,Medium,Geometry,Plane Geometry,Medium
MATHNET-0g2s,MATHNET-02pg,0.8633816945743206,2,Discrete Mathematics,Combinatorics,Easy,Discrete Mathematics,Combinatorics,Easy
MATHNET-02pg,MATHNET-0g2s,0.8633816945743206,2,Discrete Mathematics,Combinatorics,Easy,Discrete Mathematics,Combinatorics,Easy
MATHNET-0ibu,MATHNET-07la,0.8632817064721765,4,Number Theory,Divisibility / Factorization | Modular Arithmetic,Easy,Number Theory,Divisibility / Factorization,Easy
MATHNET-07la,MATHNET-0ibu,0.8632817064721765,5,Number Theory,Divisibility / Factorization,Easy,Number Theory,Divisibility / Factorization | Modular Arithmetic,Easy
MATHNET-0akr,MATHNET-0kfw,0.8630130262042763,6,Geometry,Plane Geometry,Very Hard,Geometry,Plane Geometry,Very Hard
MATHNET-0kfw,MATHNET-0akr,0.8630130262042763,4,Geometry,Plane Geometry,Very Hard,Geometry,Plane Geometry,Very Hard
MATHNET-0l5j,MATHNET-039t,0.8628393279076508,4,Geometry,Plane Geometry,Easy,Geometry,Plane Geometry,Easy
MATHNET-039t,MATHNET-0l5j,0.8628393279076508,6,Geometry,Plane Geometry,Easy,Geometry,Plane Geometry,Easy
MATHNET-06fe,MATHNET-0d7d,0.8626026225138094,3,Algebra | Number Theory,Algebraic Expressions | Divisibility / Factorization | Prealgebra / Basic Algebra,Easy,Algebra | Number Theory,Algebraic Expressions | Divisibility / Factorization,Easy
MATHNET-0d7d,MATHNET-06fe,0.8626026225138094,2,Algebra | Number Theory,Algebraic Expressions | Divisibility / Factorization,Easy,Algebra | Number Theory,Algebraic Expressions | Divisibility / Factorization | Prealgebra / Basic Algebra,Easy
MATHNET-0ii2,MATHNET-0hj7,0.8624114016242228,8,Number Theory,Divisibility / Factorization | Residues and Primitive Roots,Easy,Number Theory,Divisibility / Factorization | Modular Arithmetic,Easy
MATHNET-0hj7,MATHNET-0ii2,0.8624114016242228,5,Number Theory,Divisibility / Factorization | Modular Arithmetic,Easy,Number Theory,Divisibility / Factorization | Residues and Primitive Roots,Easy
MATHNET-0ekm,MATHNET-02jw,0.8623812646611323,5,Algebra,Algebraic Expressions,Easy,Algebra,Algebraic Expressions | Prealgebra / Basic Algebra,Easy
MATHNET-02jw,MATHNET-0ekm,0.8623812646611323,2,Algebra,Algebraic Expressions | Prealgebra / Basic Algebra,Easy,Algebra,Algebraic Expressions,Easy
MATHNET-0855,MATHNET-0fg1,0.8623803937472524,3,Geometry,Plane Geometry,Hard,Geometry,Plane Geometry,Hard
MATHNET-0fg1,MATHNET-0855,0.8623803937472524,10,Geometry,Plane Geometry,Hard,Geometry,Plane Geometry,Hard
MATHNET-0i9x,MATHNET-03qq,0.8622801070482705,8,Discrete Mathematics,Combinatorics,Very Hard,Discrete Mathematics,Combinatorics,Very Hard
MATHNET-03qq,MATHNET-0i9x,0.8622801070482705,6,Discrete Mathematics,Combinatorics,Very Hard,Discrete Mathematics,Combinatorics,Very Hard
MATHNET-0cc6,MATHNET-03w7,0.8622650908424777,1,Geometry,Plane Geometry,Hard,Geometry,Plane Geometry,Hard
MATHNET-03w7,MATHNET-0cc6,0.8622650908424777,3,Geometry,Plane Geometry,Hard,Geometry,Plane Geometry,Hard
MATHNET-0ek6,MATHNET-02jw,0.8622081986098153,6,Algebra,Prealgebra / Basic Algebra,Easy,Algebra,Algebraic Expressions | Prealgebra / Basic Algebra,Easy
MATHNET-02jw,MATHNET-0ek6,0.8622081986098153,3,Algebra,Algebraic Expressions | Prealgebra / Basic Algebra,Easy,Algebra,Prealgebra / Basic Algebra,Easy
MATHNET-04u6,MATHNET-0455,0.8620436637190971,2,Geometry,Plane Geometry,Very Hard,Geometry,Plane Geometry,Very Hard
MATHNET-0455,MATHNET-04u6,0.8620436637190971,4,Geometry,Plane Geometry,Very Hard,Geometry,Plane Geometry,Very Hard
MATHNET-0g7r,MATHNET-0az2,0.861912099501339,3,Discrete Mathematics,Combinatorics,Easy,Discrete Mathematics,Combinatorics,Easy
MATHNET-0az2,MATHNET-0g7r,0.861912099501339,5,Discrete Mathematics,Combinatorics,Easy,Discrete Mathematics,Combinatorics,Easy
MATHNET-023i,MATHNET-09tk,0.8617793771831812,5,Geometry,Plane Geometry,Medium,Geometry,Plane Geometry,Medium
MATHNET-0l8o,MATHNET-01uc,0.8614845033182597,4,Algebra,Equations and Inequalities,Medium,Algebra,Equations and Inequalities,Medium
MATHNET-01uc,MATHNET-0l8o,0.8614845033182597,2,Algebra,Equations and Inequalities,Medium,Algebra,Equations and Inequalities,Medium
MATHNET-0ehs,MATHNET-02jw,0.861443530565298,7,Algebra,Prealgebra / Basic Algebra,Easy,Algebra,Algebraic Expressions | Prealgebra / Basic Algebra,Easy
MATHNET-02jw,MATHNET-0ehs,0.861443530565298,4,Algebra,Algebraic Expressions | Prealgebra / Basic Algebra,Easy,Algebra,Prealgebra / Basic Algebra,Easy
MATHNET-00by,MATHNET-0k4h,0.8613950338603905,2,Geometry,Plane Geometry,Hard,Geometry,Plane Geometry,Medium
MATHNET-0k4h,MATHNET-00by,0.8613950338603905,1,Geometry,Plane Geometry,Medium,Geometry,Plane Geometry,Hard
MATHNET-0gda,MATHNET-0g7r,0.8611490464347769,4,Discrete Mathematics,Combinatorics,Easy,Discrete Mathematics,Combinatorics,Easy
MATHNET-0g7r,MATHNET-0gda,0.8611490464347769,4,Discrete Mathematics,Combinatorics,Easy,Discrete Mathematics,Combinatorics,Easy
MATHNET-0ehs,MATHNET-08a3,0.8609644524057638,8,Algebra,Prealgebra / Basic Algebra,Easy,Algebra,Algebraic Expressions,Easy
MATHNET-08a3,MATHNET-0ehs,0.8609644524057638,4,Algebra,Algebraic Expressions,Easy,Algebra,Prealgebra / Basic Algebra,Easy
MATHNET-05m2,MATHNET-09vi,0.8604881466667097,6,Geometry,Plane Geometry,Medium,Geometry,Plane Geometry,Medium
MATHNET-09vi,MATHNET-05m2,0.8604881466667097,4,Geometry,Plane Geometry,Medium,Geometry,Plane Geometry,Medium
MATHNET-0h8n,MATHNET-0hfw,0.8603745917443034,2,Geometry,Plane Geometry,Easy,Geometry,Plane Geometry,Easy
MATHNET-0hfw,MATHNET-0h8n,0.8603745917443034,2,Geometry,Plane Geometry,Easy,Geometry,Plane Geometry,Easy
MATHNET-0hj7,MATHNET-0dw6,0.8603062566068099,6,Number Theory,Divisibility / Factorization | Modular Arithmetic,Easy,Number Theory,Divisibility / Factorization | Number-Theoretic Functions,Easy
MATHNET-0dw6,MATHNET-0hj7,0.8603062566068099,8,Number Theory,Divisibility / Factorization | Number-Theoretic Functions,Easy,Number Theory,Divisibility / Factorization | Modular Arithmetic,Easy
MATHNET-06vc,MATHNET-0lco,0.8598821503664672,1,Discrete Mathematics | Geometry,Combinatorics | Plane Geometry,Very Hard,Discrete Mathematics | Geometry,Combinatorics | Solid Geometry,Hard
MATHNET-0lco,MATHNET-06vc,0.8598821503664672,2,Discrete Mathematics | Geometry,Combinatorics | Solid Geometry,Hard,Discrete Mathematics | Geometry,Combinatorics | Plane Geometry,Very Hard
MATHNET-0kpf,MATHNET-0hls,0.8595569833024058,6,Discrete Mathematics,Combinatorics,Easy,Discrete Mathematics,Combinatorics,Easy
MATHNET-0hls,MATHNET-0kpf,0.8595569833024058,3,Discrete Mathematics,Combinatorics,Easy,Discrete Mathematics,Combinatorics,Easy
MATHNET-0d7d,MATHNET-0hgo,0.8594589272529698,3,Algebra | Number Theory,Algebraic Expressions | Divisibility / Factorization,Easy,Algebra | Number Theory,Algebraic Expressions | Divisibility / Factorization | Other,Easy
MATHNET-0hgo,MATHNET-0d7d,0.8594589272529698,3,Algebra | Number Theory,Algebraic Expressions | Divisibility / Factorization | Other,Easy,Algebra | Number Theory,Algebraic Expressions | Divisibility / Factorization,Easy
MATHNET-03w7,MATHNET-09z8,0.8589764611481528,4,Geometry,Plane Geometry,Hard,Geometry,Plane Geometry,Hard
MATHNET-09z8,MATHNET-03w7,0.8589764611481528,2,Geometry,Plane Geometry,Hard,Geometry,Plane Geometry,Hard
MATHNET-0axv,MATHNET-0i5e,0.8589541839807595,3,Algebra,Algebraic Expressions,Easy,Algebra,Algebraic Expressions | Prealgebra / Basic Algebra,Easy
MATHNET-0i5e,MATHNET-0axv,0.8589541839807595,2,Algebra,Algebraic Expressions | Prealgebra / Basic Algebra,Easy,Algebra,Algebraic Expressions,Easy
MATHNET-0jw5,MATHNET-0fk4,0.8588124660252417,4,Number Theory,Divisibility / Factorization,Easy,Number Theory,Divisibility / Factorization,Easy
MATHNET-0fk4,MATHNET-0jw5,0.8588124660252417,2,Number Theory,Divisibility / Factorization,Easy,Number Theory,Divisibility / Factorization,Easy
MATHNET-0f88,MATHNET-0j8y,0.8587025451765143,2,Geometry,Plane Geometry,Easy,Geometry,Plane Geometry,Easy
MATHNET-0j8y,MATHNET-0f88,0.8587025451765143,6,Geometry,Plane Geometry,Easy,Geometry,Plane Geometry,Easy
MATHNET-023i,MATHNET-095q,0.8585559454022693,6,Geometry,Plane Geometry,Medium,Geometry,Solid Geometry,Hard
MATHNET-095q,MATHNET-023i,0.8585559454022693,6,Geometry,Solid Geometry,Hard,Geometry,Plane Geometry,Medium
MATHNET-05tc,MATHNET-09vi,0.8584903479393703,3,Geometry,Plane Geometry,Medium,Geometry,Plane Geometry,Medium
MATHNET-09vi,MATHNET-05tc,0.8584903479393703,5,Geometry,Plane Geometry,Medium,Geometry,Plane Geometry,Medium
MATHNET-0co7,MATHNET-0bw4,0.8583929153638871,5,Algebra,Equations and Inequalities | Intermediate Algebra,Easy,Algebra,Equations and Inequalities,Easy
MATHNET-0co7,MATHNET-0l7k,0.8583929153638871,10,Algebra,Equations and Inequalities | Intermediate Algebra,Easy,Algebra,Algebraic Expressions,Easy
MATHNET-0co7,MATHNET-0caz,0.8583929153638871,3,Algebra,Equations and Inequalities | Intermediate Algebra,Easy,Algebra,Algebraic Expressions,Easy
MATHNET-0co7,MATHNET-0bpv,0.8583929153638871,4,Algebra,Equations and Inequalities | Intermediate Algebra,Easy,Algebra,Equations and Inequalities,Easy
MATHNET-0co7,MATHNET-0c4x,0.8583929153638871,2,Algebra,Equations and Inequalities | Intermediate Algebra,Easy,Algebra,Linear Algebra,Easy
MATHNET-0co7,MATHNET-0bdr,0.8583929153638871,6,Algebra,Equations and Inequalities | Intermediate Algebra,Easy,Algebra,Algebraic Expressions | Intermediate Algebra,Easy
MATHNET-0co7,MATHNET-0gfv,0.8583929153638871,7,Algebra,Equations and Inequalities | Intermediate Algebra,Easy,Algebra,Algebraic Expressions | Intermediate Algebra,Easy
MATHNET-0co7,MATHNET-0beo,0.8583929153638871,8,Algebra,Equations and Inequalities | Intermediate Algebra,Easy,Algebra,Algebraic Expressions,Easy
MATHNET-0co7,MATHNET-0bl4,0.8583929153638871,9,Algebra,Equations and Inequalities | Intermediate Algebra,Easy,Algebra,Equations and Inequalities,Easy
MATHNET-07oo,MATHNET-0b1m,0.8582931154107146,5,Algebra,Algebraic Expressions | Prealgebra / Basic Algebra,Easy,Algebra,Algebraic Expressions,Easy
MATHNET-0b1m,MATHNET-07oo,0.8582931154107146,7,Algebra,Algebraic Expressions,Easy,Algebra,Algebraic Expressions | Prealgebra / Basic Algebra,Easy
MATHNET-0bn3,MATHNET-08kv,0.8582665740501452,3,Geometry,Plane Geometry,Medium,Geometry,Plane Geometry,Medium
MATHNET-08kv,MATHNET-0bn3,0.8582665740501452,2,Geometry,Plane Geometry,Medium,Geometry,Plane Geometry,Medium
MATHNET-0g61,MATHNET-05j5,0.8581511836602076,5,Geometry,Plane Geometry,Easy,Geometry,Plane Geometry,Easy
MATHNET-05j5,MATHNET-0g61,0.8581511836602076,2,Geometry,Plane Geometry,Easy,Geometry,Plane Geometry,Easy
MATHNET-01qi,MATHNET-0bpv,0.8580527926136836,4,Algebra,Algebraic Expressions,Easy,Algebra,Equations and Inequalities,Easy
MATHNET-01qi,MATHNET-0bdr,0.8580527926136836,6,Algebra,Algebraic Expressions,Easy,Algebra,Algebraic Expressions | Intermediate Algebra,Easy
MATHNET-01qi,MATHNET-0beo,0.8580527926136836,8,Algebra,Algebraic Expressions,Easy,Algebra,Algebraic Expressions,Easy
MATHNET-01qi,MATHNET-0l7k,0.8580527926136836,10,Algebra,Algebraic Expressions,Easy,Algebra,Algebraic Expressions,Easy
MATHNET-01qi,MATHNET-0bl4,0.8580527926136836,9,Algebra,Algebraic Expressions,Easy,Algebra,Equations and Inequalities,Easy
MATHNET-01qi,MATHNET-0gfv,0.8580527926136836,7,Algebra,Algebraic Expressions,Easy,Algebra,Algebraic Expressions | Intermediate Algebra,Easy
MATHNET-01qi,MATHNET-0bw4,0.8580527926136836,5,Algebra,Algebraic Expressions,Easy,Algebra,Equations and Inequalities,Easy
MATHNET-01qi,MATHNET-0caz,0.8580527926136836,3,Algebra,Algebraic Expressions,Easy,Algebra,Algebraic Expressions,Easy
MATHNET-01qi,MATHNET-0c4x,0.8580527926136836,2,Algebra,Algebraic Expressions,Easy,Algebra,Linear Algebra,Easy
MATHNET-05dg,MATHNET-04vh,0.8579049158389521,3,Geometry,Plane Geometry,Very Hard,Geometry,Plane Geometry,Very Hard
MATHNET-04vh,MATHNET-05dg,0.8579049158389521,2,Geometry,Plane Geometry,Very Hard,Geometry,Plane Geometry,Very Hard
MATHNET-0e08,MATHNET-0gqo,0.8578223543525486,4,Algebra,Algebraic Expressions | Prealgebra / Basic Algebra,Easy,Algebra,Equations and Inequalities,Easy
MATHNET-0gqo,MATHNET-0e08,0.8578223543525486,7,Algebra,Equations and Inequalities,Easy,Algebra,Algebraic Expressions | Prealgebra / Basic Algebra,Easy
MATHNET-03o9,MATHNET-01rg,0.8576058433538211,1,Geometry,Plane Geometry,Medium,Geometry,Plane Geometry,Medium
MATHNET-01rg,MATHNET-03o9,0.8576058433538211,1,Geometry,Plane Geometry,Medium,Geometry,Plane Geometry,Medium
MATHNET-0a9f,MATHNET-08o1,0.8575101789235222,3,Geometry,Plane Geometry,Hard,Geometry,Plane Geometry,Hard
MATHNET-08o1,MATHNET-0a9f,0.8575101789235222,5,Geometry,Plane Geometry,Hard,Geometry,Plane Geometry,Hard
MATHNET-0h3p,MATHNET-0h3e,0.8574779318092193,3,Discrete Mathematics,Combinatorics | Graph Theory,Easy,Discrete Mathematics,Combinatorics | Logic,Easy
MATHNET-0h3e,MATHNET-0h3p,0.8574779318092193,5,Discrete Mathematics,Combinatorics | Logic,Easy,Discrete Mathematics,Combinatorics | Graph Theory,Easy
MATHNET-01ef,MATHNET-0hog,0.8567495805498824,1,Geometry,Plane Geometry,Medium,Geometry,Plane Geometry,Medium
MATHNET-0hog,MATHNET-01ef,0.8567495805498824,3,Geometry,Plane Geometry,Medium,Geometry,Plane Geometry,Medium
MATHNET-04u6,MATHNET-06pl,0.8566244926100718,3,Geometry,Plane Geometry,Very Hard,Geometry,Plane Geometry,Very Hard
MATHNET-06pl,MATHNET-04u6,0.8566244926100718,5,Geometry,Plane Geometry,Very Hard,Geometry,Plane Geometry,Very Hard
MATHNET-014t,MATHNET-0ii2,0.8565649483462767,5,Number Theory,Other,Easy,Number Theory,Divisibility / Factorization | Residues and Primitive Roots,Easy
MATHNET-0ii2,MATHNET-014t,0.8565649483462767,10,Number Theory,Divisibility / Factorization | Residues and Primitive Roots,Easy,Number Theory,Other,Easy
MATHNET-0cr9,MATHNET-0g3p,0.856523686136328,9,Geometry,Plane Geometry,Medium,Geometry,Plane Geometry,Medium
MATHNET-023i,MATHNET-064l,0.8564663444225462,8,Geometry,Plane Geometry,Medium,Geometry,Plane Geometry,Hard
MATHNET-05f6,MATHNET-02zm,0.8563317051830476,5,Number Theory,Divisibility / Factorization,Medium,Number Theory,Divisibility / Factorization,Medium
MATHNET-02zm,MATHNET-05f6,0.8563317051830476,4,Number Theory,Divisibility / Factorization,Medium,Number Theory,Divisibility / Factorization,Medium
MATHNET-09q7,MATHNET-05m2,0.8560286323062238,6,Geometry,Plane Geometry,Medium,Geometry,Plane Geometry,Medium
MATHNET-05m2,MATHNET-09q7,0.8560286323062238,8,Geometry,Plane Geometry,Medium,Geometry,Plane Geometry,Medium
MATHNET-0dpx,MATHNET-03w7,0.8558452081915133,3,Geometry,Plane Geometry,Hard,Geometry,Plane Geometry,Hard
MATHNET-03w7,MATHNET-0dpx,0.8558452081915133,5,Geometry,Plane Geometry,Hard,Geometry,Plane Geometry,Hard
MATHNET-07r9,MATHNET-0inz,0.855821536320761,2,Algebra,Algebraic Expressions | Intermediate Algebra | Prealgebra / Basic Algebra,Medium,Algebra,Algebraic Expressions,Medium
MATHNET-0inz,MATHNET-07r9,0.855821536320761,4,Algebra,Algebraic Expressions,Medium,Algebra,Algebraic Expressions | Intermediate Algebra | Prealgebra / Basic Algebra,Medium
MATHNET-0avj,MATHNET-065e,0.8557999733650883,3,Geometry,Plane Geometry,Hard,Geometry,Plane Geometry,Hard
MATHNET-065e,MATHNET-0avj,0.8557999733650883,3,Geometry,Plane Geometry,Hard,Geometry,Plane Geometry,Hard
MATHNET-023i,MATHNET-05yo,0.8557580111172707,9,Geometry,Plane Geometry,Medium,Geometry,Plane Geometry,Hard
MATHNET-07oo,MATHNET-0e08,0.8556414473999638,6,Algebra,Algebraic Expressions | Prealgebra / Basic Algebra,Easy,Algebra,Algebraic Expressions | Prealgebra / Basic Algebra,Easy
MATHNET-0e08,MATHNET-07oo,0.8556414473999638,5,Algebra,Algebraic Expressions | Prealgebra / Basic Algebra,Easy,Algebra,Algebraic Expressions | Prealgebra / Basic Algebra,Easy
MATHNET-0hn5,MATHNET-0hfw,0.8553462928658073,2,Geometry,Plane Geometry,Medium,Geometry,Plane Geometry,Easy
MATHNET-0hfw,MATHNET-0hn5,0.8553462928658073,3,Geometry,Plane Geometry,Easy,Geometry,Plane Geometry,Medium
MATHNET-023i,MATHNET-0g3p,0.8553345284407627,10,Geometry,Plane Geometry,Medium,Geometry,Plane Geometry,Medium
MATHNET-014t,MATHNET-02xm,0.8551862141854274,7,Number Theory,Other,Easy,Number Theory,Other,Easy
MATHNET-02xm,MATHNET-014t,0.8551862141854274,3,Number Theory,Other,Easy,Number Theory,Other,Easy
MATHNET-039t,MATHNET-0j8y,0.8550312272839966,7,Geometry,Plane Geometry,Easy,Geometry,Plane Geometry,Easy
MATHNET-0j8y,MATHNET-039t,0.8550312272839966,7,Geometry,Plane Geometry,Easy,Geometry,Plane Geometry,Easy
MATHNET-05j5,MATHNET-06c9,0.8550279255318137,4,Geometry,Plane Geometry,Easy,Geometry,Plane Geometry,Easy
MATHNET-06c9,MATHNET-05j5,0.8550279255318137,5,Geometry,Plane Geometry,Easy,Geometry,Plane Geometry,Easy
MATHNET-0l5j,MATHNET-0iqf,0.8550085295221859,5,Geometry,Plane Geometry,Easy,Geometry,Plane Geometry,Easy
MATHNET-0iqf,MATHNET-0l5j,0.8550085295221859,6,Geometry,Plane Geometry,Easy,Geometry,Plane Geometry,Easy
MATHNET-0217,MATHNET-04u6,0.8548102351896435,4,Geometry,Plane Geometry,Very Hard,Geometry,Plane Geometry,Very Hard
MATHNET-04u6,MATHNET-0217,0.8548102351896435,4,Geometry,Plane Geometry,Very Hard,Geometry,Plane Geometry,Very Hard
MATHNET-02kg,MATHNET-0ehs,0.8546577302092779,2,Algebra,Prealgebra / Basic Algebra,Easy,Algebra,Prealgebra / Basic Algebra,Easy
MATHNET-0ehs,MATHNET-02kg,0.8546577302092779,9,Algebra,Prealgebra / Basic Algebra,Easy,Algebra,Prealgebra / Basic Algebra,Easy
MATHNET-090z,MATHNET-06ke,0.8545545320840777,10,Geometry,Plane Geometry,Very Hard,Geometry,Plane Geometry,Very Hard
MATHNET-0fhe,MATHNET-0fru,0.8543441714588956,7,Geometry,Plane Geometry,Medium,Geometry,Plane Geometry,Medium
MATHNET-0fru,MATHNET-0fhe,0.8543441714588956,5,Geometry,Plane Geometry,Medium,Geometry,Plane Geometry,Medium
MATHNET-03w7,MATHNET-0dil,0.8540637060994294,6,Geometry,Plane Geometry,Hard,Geometry,Plane Geometry,Hard
MATHNET-0dil,MATHNET-03w7,0.8540637060994294,5,Geometry,Plane Geometry,Hard,Geometry,Plane Geometry,Hard
MATHNET-0eu5,MATHNET-05d6,0.853732659778699,4,Discrete Mathematics,Combinatorics,Very Hard,Discrete Mathematics,Combinatorics,Very Hard
MATHNET-05d6,MATHNET-0eu5,0.853732659778699,6,Discrete Mathematics,Combinatorics,Very Hard,Discrete Mathematics,Combinatorics,Very Hard
MATHNET-0bzc,MATHNET-090z,0.8537212017273924,9,Geometry,Plane Geometry,Very Hard,Geometry,Plane Geometry,Very Hard
MATHNET-06nq,MATHNET-0dil,0.8535117498359156,2,Geometry,Plane Geometry,Hard,Geometry,Plane Geometry,Hard
MATHNET-0dil,MATHNET-06nq,0.8535117498359156,6,Geometry,Plane Geometry,Hard,Geometry,Plane Geometry,Hard
MATHNET-0inz,MATHNET-00md,0.8533790156461527,5,Algebra,Algebraic Expressions,Medium,Algebra,Algebraic Expressions,Medium
MATHNET-00md,MATHNET-0inz,0.8533790156461527,1,Algebra,Algebraic Expressions,Medium,Algebra,Algebraic Expressions,Medium
MATHNET-081p,MATHNET-05g5,0.8532841432227333,4,Geometry,Plane Geometry,Medium,Geometry,Plane Geometry,Medium
MATHNET-05g5,MATHNET-081p,0.8532841432227333,8,Geometry,Plane Geometry,Medium,Geometry,Plane Geometry,Medium
MATHNET-0397,MATHNET-01dv,0.8532368398316813,2,Algebra,Equations and Inequalities,Hard,Algebra,Algebraic Expressions,Hard
MATHNET-01dv,MATHNET-0397,0.8532368398316813,1,Algebra,Algebraic Expressions,Hard,Algebra,Equations and Inequalities,Hard
MATHNET-062m,MATHNET-0fvm,0.8530488247989493,1,Discrete Mathematics,Combinatorics,Medium,Discrete Mathematics,Combinatorics,Medium
MATHNET-0fvm,MATHNET-062m,0.8530488247989493,2,Discrete Mathematics,Combinatorics,Medium,Discrete Mathematics,Combinatorics,Medium
MATHNET-0b1m,MATHNET-0d0s,0.8530224390742598,9,Algebra,Algebraic Expressions,Easy,Algebra,Algebraic Expressions | Prealgebra / Basic Algebra,Easy
MATHNET-0d0s,MATHNET-0b1m,0.8530224390742598,5,Algebra,Algebraic Expressions | Prealgebra / Basic Algebra,Easy,Algebra,Algebraic Expressions,Easy
MATHNET-01u2,MATHNET-0bth,0.8529740522267724,8,Discrete Mathematics,Combinatorics,Very Hard,Discrete Mathematics,Combinatorics,Very Hard
MATHNET-0bth,MATHNET-01u2,0.8529740522267724,2,Discrete Mathematics,Combinatorics,Very Hard,Discrete Mathematics,Combinatorics,Very Hard
MATHNET-0dk0,MATHNET-03xa,0.8527719212226116,5,Algebra | Geometry,Equations and Inequalities | Plane Geometry,Medium,Algebra | Geometry,Algebraic Expressions | Equations and Inequalities | Plane Geometry,Medium
MATHNET-03xa,MATHNET-0dk0,0.8527719212226116,1,Algebra | Geometry,Algebraic Expressions | Equations and Inequalities | Plane Geometry,Medium,Algebra | Geometry,Equations and Inequalities | Plane Geometry,Medium
MATHNET-014t,MATHNET-0dw6,0.8527224126701244,8,Number Theory,Other,Easy,Number Theory,Divisibility / Factorization | Number-Theoretic Functions,Easy
MATHNET-05yi,MATHNET-0g2s,0.8526715469039982,1,Discrete Mathematics,Combinatorics,Easy,Discrete Mathematics,Combinatorics,Easy
MATHNET-0g2s,MATHNET-05yi,0.8526715469039982,3,Discrete Mathematics,Combinatorics,Easy,Discrete Mathematics,Combinatorics,Easy
MATHNET-03w8,MATHNET-04k6,0.8525960818046905,1,Algebra | Number Theory,Diophantine Equations | Intermediate Algebra,Medium,Algebra | Number Theory,Diophantine Equations | Prealgebra / Basic Algebra,Medium
MATHNET-04k6,MATHNET-03w8,0.8525960818046905,1,Algebra | Number Theory,Diophantine Equations | Prealgebra / Basic Algebra,Medium,Algebra | Number Theory,Diophantine Equations | Intermediate Algebra,Medium
MATHNET-0il8,MATHNET-0fyx,0.8523994746992676,1,Algebra,Algebraic Expressions,Easy,Algebra,Equations and Inequalities | Prealgebra / Basic Algebra,Easy
MATHNET-0fyx,MATHNET-0il8,0.8523994746992676,5,Algebra,Equations and Inequalities | Prealgebra / Basic Algebra,Easy,Algebra,Algebraic Expressions,Easy
MATHNET-0hn5,MATHNET-0joq,0.8523489185573366,3,Geometry,Plane Geometry,Medium,Geometry,Plane Geometry,Medium
MATHNET-0joq,MATHNET-0hn5,0.8523489185573366,5,Geometry,Plane Geometry,Medium,Geometry,Plane Geometry,Medium
MATHNET-0fti,MATHNET-05j5,0.8521668495851711,9,Geometry,Plane Geometry,Easy,Geometry,Plane Geometry,Easy
MATHNET-05j5,MATHNET-0fti,0.8521668495851711,5,Geometry,Plane Geometry,Easy,Geometry,Plane Geometry,Easy
MATHNET-0h3f,MATHNET-09vi,0.8521294950980753,7,Geometry,Plane Geometry,Medium,Geometry,Plane Geometry,Medium
MATHNET-09vi,MATHNET-0h3f,0.8521294950980753,8,Geometry,Plane Geometry,Medium,Geometry,Plane Geometry,Medium
MATHNET-0i9x,MATHNET-00h0,0.8521065073271292,10,Discrete Mathematics,Combinatorics,Very Hard,Discrete Mathematics,Combinatorics | Graph Theory,Very Hard
MATHNET-00h0,MATHNET-0i9x,0.8521065073271292,9,Discrete Mathematics,Combinatorics | Graph Theory,Very Hard,Discrete Mathematics,Combinatorics,Very Hard
MATHNET-0j8y,MATHNET-0iqf,0.8520573157152875,9,Geometry,Plane Geometry,Easy,Geometry,Plane Geometry,Easy
MATHNET-0iqf,MATHNET-0j8y,0.8520573157152875,7,Geometry,Plane Geometry,Easy,Geometry,Plane Geometry,Easy
MATHNET-06ze,MATHNET-0j3m,0.8519011897942341,1,Geometry,Plane Geometry,Hard,Geometry,Plane Geometry,Hard
MATHNET-0j3m,MATHNET-06ze,0.8519011897942341,2,Geometry,Plane Geometry,Hard,Geometry,Plane Geometry,Hard
MATHNET-09do,MATHNET-022e,0.8517801642240481,3,Algebra,Algebraic Expressions | Equations and Inequalities,Medium,Algebra,Prealgebra / Basic Algebra,Medium
MATHNET-022e,MATHNET-09do,0.8517801642240481,6,Algebra,Prealgebra / Basic Algebra,Medium,Algebra,Algebraic Expressions | Equations and Inequalities,Medium
MATHNET-0f3n,MATHNET-05j5,0.8517744486220898,9,Geometry,Plane Geometry,Easy,Geometry,Plane Geometry,Easy
MATHNET-05j5,MATHNET-0f3n,0.8517744486220898,6,Geometry,Plane Geometry,Easy,Geometry,Plane Geometry,Easy
MATHNET-05zy,MATHNET-0fxv,0.8512232801322891,7,Discrete Mathematics | Geometry,Combinatorics | Plane Geometry,Hard,Discrete Mathematics | Geometry,Combinatorics | Plane Geometry,Hard
MATHNET-02ca,MATHNET-0ig6,0.8511423801706751,3,Discrete Mathematics,Combinatorics,Easy,Discrete Mathematics,Combinatorics,Easy
MATHNET-0ig6,MATHNET-02ca,0.8511423801706751,6,Discrete Mathematics,Combinatorics,Easy,Discrete Mathematics,Combinatorics,Easy
MATHNET-02ca,MATHNET-0fyo,0.8511330313103964,4,Discrete Mathematics,Combinatorics,Easy,Discrete Mathematics,Combinatorics,Easy
MATHNET-0fyo,MATHNET-02ca,0.8511330313103964,5,Discrete Mathematics,Combinatorics,Easy,Discrete Mathematics,Combinatorics,Easy
MATHNET-08x7,MATHNET-0j2y,0.8509549782551346,4,Algebra,Algebraic Expressions,Easy,Algebra,Algebraic Expressions,Easy
MATHNET-0j2y,MATHNET-08x7,0.8509549782551346,4,Algebra,Algebraic Expressions,Easy,Algebra,Algebraic Expressions,Easy
MATHNET-0h8n,MATHNET-039t,0.8508983775197095,4,Geometry,Plane Geometry,Easy,Geometry,Plane Geometry,Easy
MATHNET-039t,MATHNET-0h8n,0.8508983775197095,8,Geometry,Plane Geometry,Easy,Geometry,Plane Geometry,Easy
MATHNET-09xc,MATHNET-0d9u,0.8505243693034611,1,Algebra,Intermediate Algebra | Prealgebra / Basic Algebra,Very Hard,Algebra,Algebraic Expressions,Very Hard
MATHNET-0d9u,MATHNET-09xc,0.8505243693034611,1,Algebra,Algebraic Expressions,Very Hard,Algebra,Intermediate Algebra | Prealgebra / Basic Algebra,Very Hard
MATHNET-0hai,MATHNET-0fv2,0.8503446543290718,4,Algebra,Equations and Inequalities,Easy,Algebra,Algebraic Expressions,Easy
MATHNET-0fv2,MATHNET-0hai,0.8503446543290718,5,Algebra,Algebraic Expressions,Easy,Algebra,Equations and Inequalities,Easy
MATHNET-0217,MATHNET-0bow,0.8498726068192102,5,Geometry,Plane Geometry,Very Hard,Geometry,Plane Geometry,Very Hard
MATHNET-0bow,MATHNET-0217,0.8498726068192102,2,Geometry,Plane Geometry,Very Hard,Geometry,Plane Geometry,Very Hard
MATHNET-0g60,MATHNET-0dvx,0.8498716762346732,3,Algebra | Number Theory,Algebraic Expressions | Diophantine Equations,Medium,Algebra | Number Theory,Divisibility / Factorization | Prealgebra / Basic Algebra,Medium
MATHNET-0dvx,MATHNET-0g60,0.8498716762346732,6,Algebra | Number Theory,Divisibility / Factorization | Prealgebra / Basic Algebra,Medium,Algebra | Number Theory,Algebraic Expressions | Diophantine Equations,Medium
MATHNET-0avj,MATHNET-06h1,0.8497437103901205,4,Geometry,Plane Geometry,Hard,Geometry,Plane Geometry,Hard
MATHNET-06h1,MATHNET-0avj,0.8497437103901205,4,Geometry,Plane Geometry,Hard,Geometry,Plane Geometry,Hard
MATHNET-05gq,MATHNET-0fk5,0.8497311372039911,5,Geometry,Plane Geometry,Easy,Geometry,Solid Geometry,Easy
MATHNET-0fk5,MATHNET-05gq,0.8497311372039911,2,Geometry,Solid Geometry,Easy,Geometry,Plane Geometry,Easy
MATHNET-08kq,MATHNET-05gq,0.8496985592842208,2,Geometry,Plane Geometry,Easy,Geometry,Plane Geometry,Easy
MATHNET-05gq,MATHNET-08kq,0.8496985592842208,6,Geometry,Plane Geometry,Easy,Geometry,Plane Geometry,Easy
MATHNET-02x1,MATHNET-02uo,0.8493639288736049,8,Algebra,Intermediate Algebra | Prealgebra / Basic Algebra,Easy,Algebra,Prealgebra / Basic Algebra,Easy
MATHNET-02uo,MATHNET-02x1,0.8493639288736049,4,Algebra,Prealgebra / Basic Algebra,Easy,Algebra,Intermediate Algebra | Prealgebra / Basic Algebra,Easy
MATHNET-0j4z,MATHNET-00by,0.8493535730258023,2,Geometry,Plane Geometry,Medium,Geometry,Plane Geometry,Hard
MATHNET-00by,MATHNET-0j4z,0.8493535730258023,3,Geometry,Plane Geometry,Hard,Geometry,Plane Geometry,Medium
MATHNET-0b2w,MATHNET-09pd,0.8492103925955874,2,Geometry,Plane Geometry,Medium,Geometry,Plane Geometry,Medium
MATHNET-09pd,MATHNET-0b2w,0.8492103925955874,1,Geometry,Plane Geometry,Medium,Geometry,Plane Geometry,Medium
MATHNET-09sr,MATHNET-05m2,0.8491597267119964,4,Geometry,Plane Geometry,Medium,Geometry,Plane Geometry,Medium
MATHNET-05m2,MATHNET-09sr,0.8491597267119964,10,Geometry,Plane Geometry,Medium,Geometry,Plane Geometry,Medium
MATHNET-0ek6,MATHNET-08a3,0.8490183004753187,8,Algebra,Prealgebra / Basic Algebra,Easy,Algebra,Algebraic Expressions,Easy
MATHNET-08a3,MATHNET-0ek6,0.8490183004753187,5,Algebra,Algebraic Expressions,Easy,Algebra,Prealgebra / Basic Algebra,Easy
MATHNET-0h8n,MATHNET-0iqf,0.8489824412361126,5,Geometry,Plane Geometry,Easy,Geometry,Plane Geometry,Easy
MATHNET-0iqf,MATHNET-0h8n,0.8489824412361126,8,Geometry,Plane Geometry,Easy,Geometry,Plane Geometry,Easy
MATHNET-01uc,MATHNET-0kfj,0.8488111587677702,4,Algebra,Equations and Inequalities,Medium,Algebra,Algebraic Expressions,Medium
MATHNET-0kfj,MATHNET-01uc,0.8488111587677702,4,Algebra,Algebraic Expressions,Medium,Algebra,Equations and Inequalities,Medium
MATHNET-0i5e,MATHNET-043v,0.8486975193486157,3,Algebra,Algebraic Expressions | Prealgebra / Basic Algebra,Easy,Algebra,Equations and Inequalities | Intermediate Algebra,Easy
MATHNET-043v,MATHNET-0i5e,0.8486975193486157,3,Algebra,Equations and Inequalities | Intermediate Algebra,Easy,Algebra,Algebraic Expressions | Prealgebra / Basic Algebra,Easy
MATHNET-0dpx,MATHNET-0dil,0.8486391307228461,4,Geometry,Plane Geometry,Hard,Geometry,Plane Geometry,Hard
MATHNET-0dil,MATHNET-0dpx,0.8486391307228461,7,Geometry,Plane Geometry,Hard,Geometry,Plane Geometry,Hard
MATHNET-0212,MATHNET-0bth,0.8485526097605187,7,Discrete Mathematics,Combinatorics,Very Hard,Discrete Mathematics,Combinatorics,Very Hard
MATHNET-0bth,MATHNET-0212,0.8485526097605187,4,Discrete Mathematics,Combinatorics,Very Hard,Discrete Mathematics,Combinatorics,Very Hard
MATHNET-020e,MATHNET-0kx0,0.8482936111858848,6,Geometry,Plane Geometry,Very Hard,Geometry,Plane Geometry,Very Hard
MATHNET-0kx0,MATHNET-020e,0.8482936111858848,3,Geometry,Plane Geometry,Very Hard,Geometry,Plane Geometry,Very Hard
MATHNET-07yc,MATHNET-064l,0.8482259972648891,7,Geometry,Plane Geometry,Medium,Geometry,Plane Geometry,Hard
MATHNET-07yc,MATHNET-09q7,0.8482154990220035,8,Geometry,Plane Geometry,Medium,Geometry,Plane Geometry,Medium
MATHNET-09q7,MATHNET-07yc,0.8482154990220035,9,Geometry,Plane Geometry,Medium,Geometry,Plane Geometry,Medium
MATHNET-0h8n,MATHNET-0f88,0.8480446592998645,6,Geometry,Plane Geometry,Easy,Geometry,Plane Geometry,Easy
MATHNET-0f88,MATHNET-0h8n,0.8480446592998645,4,Geometry,Plane Geometry,Easy,Geometry,Plane Geometry,Easy
MATHNET-03qq,MATHNET-0eu5,0.8480333486773654,7,Discrete Mathematics,Combinatorics,Very Hard,Discrete Mathematics,Combinatorics,Very Hard
MATHNET-0eu5,MATHNET-03qq,0.8480333486773654,5,Discrete Mathematics,Combinatorics,Very Hard,Discrete Mathematics,Combinatorics,Very Hard
MATHNET-02ca,MATHNET-0h3e,0.8480250349983657,5,Discrete Mathematics,Combinatorics,Easy,Discrete Mathematics,Combinatorics | Logic,Easy
MATHNET-0h3e,MATHNET-02ca,0.8480250349983657,8,Discrete Mathematics,Combinatorics | Logic,Easy,Discrete Mathematics,Combinatorics,Easy
MATHNET-029t,MATHNET-0220,0.8480188324141119,2,Algebra,Algebraic Expressions | Equations and Inequalities,Medium,Algebra,Prealgebra / Basic Algebra,Medium
MATHNET-0220,MATHNET-029t,0.8480188324141119,5,Algebra,Prealgebra / Basic Algebra,Medium,Algebra,Algebraic Expressions | Equations and Inequalities,Medium
MATHNET-0hfw,MATHNET-0j8y,0.8479387632239317,5,Geometry,Plane Geometry,Easy,Geometry,Plane Geometry,Easy
MATHNET-03w7,MATHNET-0aj5,0.8479244607399423,7,Geometry,Plane Geometry,Hard,Geometry,Plane Geometry,Hard
MATHNET-0aj5,MATHNET-03w7,0.8479244607399423,2,Geometry,Plane Geometry,Hard,Geometry,Plane Geometry,Hard
MATHNET-0g1n,MATHNET-05vy,0.8478463743202019,4,Geometry,Plane Geometry,Medium,Geometry,Plane Geometry,Medium
MATHNET-05vy,MATHNET-0g1n,0.8478463743202019,3,Geometry,Plane Geometry,Medium,Geometry,Plane Geometry,Medium
MATHNET-03nj,MATHNET-00f5,0.8477974463467297,3,Geometry,Plane Geometry,Hard,Geometry,Plane Geometry,Hard
MATHNET-00f5,MATHNET-03nj,0.8477974463467297,1,Geometry,Plane Geometry,Hard,Geometry,Plane Geometry,Hard
MATHNET-0cvb,MATHNET-062m,0.8477434009637406,1,Discrete Mathematics,Combinatorics,Medium,Discrete Mathematics,Combinatorics,Medium
MATHNET-062m,MATHNET-0cvb,0.8477434009637406,2,Discrete Mathematics,Combinatorics,Medium,Discrete Mathematics,Combinatorics,Medium
MATHNET-0dzm,MATHNET-0lgk,0.8476575518032442,1,Geometry,Plane Geometry,Hard,Geometry,Plane Geometry,Hard
MATHNET-0lgk,MATHNET-0dzm,0.8476575518032442,5,Geometry,Plane Geometry,Hard,Geometry,Plane Geometry,Hard
MATHNET-0jxx,MATHNET-0axe,0.8474491584192396,3,Algebra,Algebraic Expressions,Easy,Algebra,Intermediate Algebra | Prealgebra / Basic Algebra,Easy
MATHNET-0axe,MATHNET-0jxx,0.8474491584192396,4,Algebra,Intermediate Algebra | Prealgebra / Basic Algebra,Easy,Algebra,Algebraic Expressions,Easy
MATHNET-08kq,MATHNET-0fru,0.8474092559209717,3,Geometry,Plane Geometry,Easy,Geometry,Plane Geometry,Medium
MATHNET-0fru,MATHNET-08kq,0.8474092559209717,6,Geometry,Plane Geometry,Medium,Geometry,Plane Geometry,Easy
MATHNET-0h46,MATHNET-00kp,0.8472966762980025,6,Algebra,Algebraic Expressions,Easy,Algebra,Equations and Inequalities,Easy
MATHNET-00kp,MATHNET-0h46,0.8472966762980025,8,Algebra,Equations and Inequalities,Easy,Algebra,Algebraic Expressions,Easy
MATHNET-05gq,MATHNET-05ta,0.8472779450211538,7,Geometry,Plane Geometry,Easy,Geometry,Plane Geometry,Medium
MATHNET-05ta,MATHNET-05gq,0.8472779450211538,4,Geometry,Plane Geometry,Medium,Geometry,Plane Geometry,Easy
MATHNET-0bnb,MATHNET-0efx,0.8466134655120695,2,Algebra,Equations and Inequalities,Medium,Algebra,Algebraic Expressions | Equations and Inequalities | Intermediate Algebra,Medium
MATHNET-0efx,MATHNET-0bnb,0.8466134655120695,2,Algebra,Algebraic Expressions | Equations and Inequalities | Intermediate Algebra,Medium,Algebra,Equations and Inequalities,Medium
MATHNET-0ig6,MATHNET-0g7r,0.8465749607326547,7,Discrete Mathematics,Combinatorics,Easy,Discrete Mathematics,Combinatorics,Easy
MATHNET-0g7r,MATHNET-0ig6,0.8465749607326547,6,Discrete Mathematics,Combinatorics,Easy,Discrete Mathematics,Combinatorics,Easy
MATHNET-01l1,MATHNET-062m,0.8465728981879103,2,Discrete Mathematics,Combinatorics,Medium,Discrete Mathematics,Combinatorics,Medium
MATHNET-062m,MATHNET-01l1,0.8465728981879103,3,Discrete Mathematics,Combinatorics,Medium,Discrete Mathematics,Combinatorics,Medium
MATHNET-0fx2,MATHNET-02zm,0.8463909546181327,7,Number Theory,Diophantine Equations | Divisibility / Factorization,Medium,Number Theory,Divisibility / Factorization,Medium
MATHNET-02zm,MATHNET-0fx2,0.8463909546181327,7,Number Theory,Divisibility / Factorization,Medium,Number Theory,Diophantine Equations | Divisibility / Factorization,Medium
MATHNET-0il8,MATHNET-0gtj,0.8463714687852236,3,Algebra,Algebraic Expressions,Easy,Algebra,Equations and Inequalities,Easy
MATHNET-0gtj,MATHNET-0il8,0.8463714687852236,7,Algebra,Equations and Inequalities,Easy,Algebra,Algebraic Expressions,Easy
MATHNET-081p,MATHNET-07yc,0.8463392367975762,5,Geometry,Plane Geometry,Medium,Geometry,Plane Geometry,Medium
MATHNET-07yc,MATHNET-081p,0.8463392367975762,9,Geometry,Plane Geometry,Medium,Geometry,Plane Geometry,Medium
MATHNET-00lt,MATHNET-0855,0.8463038036400375,10,Geometry,Plane Geometry,Hard,Geometry,Plane Geometry,Hard
MATHNET-0855,MATHNET-00lt,0.8463038036400375,6,Geometry,Plane Geometry,Hard,Geometry,Plane Geometry,Hard
MATHNET-09sr,MATHNET-05jg,0.8462120944766068,5,Geometry,Plane Geometry,Medium,Geometry,Plane Geometry,Hard
MATHNET-0ko4,MATHNET-0e08,0.8460256030221155,6,Algebra,Intermediate Algebra | Prealgebra / Basic Algebra,Easy,Algebra,Algebraic Expressions | Prealgebra / Basic Algebra,Easy
MATHNET-0e08,MATHNET-0ko4,0.8460256030221155,7,Algebra,Algebraic Expressions | Prealgebra / Basic Algebra,Easy,Algebra,Intermediate Algebra | Prealgebra / Basic Algebra,Easy
MATHNET-039t,MATHNET-0joq,0.8459599268159862,10,Geometry,Plane Geometry,Easy,Geometry,Plane Geometry,Medium
MATHNET-0joq,MATHNET-039t,0.8459599268159862,9,Geometry,Plane Geometry,Medium,Geometry,Plane Geometry,Easy
MATHNET-02kg,MATHNET-0ek6,0.8459236968700029,4,Algebra,Prealgebra / Basic Algebra,Easy,Algebra,Prealgebra / Basic Algebra,Easy
MATHNET-0ek6,MATHNET-02kg,0.8459236968700029,9,Algebra,Prealgebra / Basic Algebra,Easy,Algebra,Prealgebra / Basic Algebra,Easy
MATHNET-0axv,MATHNET-0b1j,0.8456992019896618,5,Algebra,Algebraic Expressions,Easy,Algebra,Algebraic Expressions,Easy
MATHNET-0b1j,MATHNET-0axv,0.8456992019896618,4,Algebra,Algebraic Expressions,Easy,Algebra,Algebraic Expressions,Easy
MATHNET-0hz2,MATHNET-0e08,0.8456585237293983,8,Algebra,Algebraic Expressions,Easy,Algebra,Algebraic Expressions | Prealgebra / Basic Algebra,Easy
MATHNET-0e08,MATHNET-0hz2,0.8456585237293983,8,Algebra,Algebraic Expressions | Prealgebra / Basic Algebra,Easy,Algebra,Algebraic Expressions,Easy
MATHNET-032t,MATHNET-078n,0.8456019195846238,3,Discrete Mathematics,Combinatorics,Medium,Discrete Mathematics,Combinatorics,Medium
MATHNET-078n,MATHNET-032t,0.8456019195846238,2,Discrete Mathematics,Combinatorics,Medium,Discrete Mathematics,Combinatorics,Medium
MATHNET-0ihr,MATHNET-0djq,0.8455471880262133,1,Discrete Mathematics,Combinatorics,Easy,Discrete Mathematics,Combinatorics,Easy
MATHNET-0djq,MATHNET-0ihr,0.8455471880262133,2,Discrete Mathematics,Combinatorics,Easy,Discrete Mathematics,Combinatorics,Easy
MATHNET-09q7,MATHNET-081p,0.8455342091400914,10,Geometry,Plane Geometry,Medium,Geometry,Plane Geometry,Medium
MATHNET-081p,MATHNET-09q7,0.8455342091400914,6,Geometry,Plane Geometry,Medium,Geometry,Plane Geometry,Medium
MATHNET-0bml,MATHNET-05i6,0.8454861166123797,9,Algebra,Prealgebra / Basic Algebra,Easy,Algebra,Algebraic Expressions,Easy
MATHNET-05i6,MATHNET-0bml,0.8454861166123797,3,Algebra,Algebraic Expressions,Easy,Algebra,Prealgebra / Basic Algebra,Easy
MATHNET-0fev,MATHNET-0bml,0.8453805460096747,9,Algebra,Equations and Inequalities | Intermediate Algebra | Prealgebra / Basic Algebra,Easy,Algebra,Prealgebra / Basic Algebra,Easy
MATHNET-0bml,MATHNET-0fev,0.8453805460096747,10,Algebra,Prealgebra / Basic Algebra,Easy,Algebra,Equations and Inequalities | Intermediate Algebra | Prealgebra / Basic Algebra,Easy
MATHNET-0ab4,MATHNET-0axe,0.8451633888980326,3,Algebra,Prealgebra / Basic Algebra,Easy,Algebra,Intermediate Algebra | Prealgebra / Basic Algebra,Easy
MATHNET-0axe,MATHNET-0ab4,0.8451633888980326,5,Algebra,Intermediate Algebra | Prealgebra / Basic Algebra,Easy,Algebra,Prealgebra / Basic Algebra,Easy
MATHNET-07r9,MATHNET-0acd,0.8451216199490575,4,Algebra,Algebraic Expressions | Intermediate Algebra | Prealgebra / Basic Algebra,Medium,Algebra,Algebraic Expressions | Prealgebra / Basic Algebra,Medium
MATHNET-0acd,MATHNET-07r9,0.8451216199490575,9,Algebra,Algebraic Expressions | Prealgebra / Basic Algebra,Medium,Algebra,Algebraic Expressions | Intermediate Algebra | Prealgebra / Basic Algebra,Medium
MATHNET-0gii,MATHNET-0jxx,0.8450899401656157,4,Algebra,Algebraic Expressions | Intermediate Algebra,Easy,Algebra,Algebraic Expressions,Easy
MATHNET-0jxx,MATHNET-0gii,0.8450899401656157,4,Algebra,Algebraic Expressions,Easy,Algebra,Algebraic Expressions | Intermediate Algebra,Easy
MATHNET-0fxg,MATHNET-05yi,0.8450372033454041,3,Discrete Mathematics,Combinatorics,Easy,Discrete Mathematics,Combinatorics,Easy
MATHNET-05yi,MATHNET-0fxg,0.8450372033454041,2,Discrete Mathematics,Combinatorics,Easy,Discrete Mathematics,Combinatorics,Easy
MATHNET-00kp,MATHNET-0irf,0.8449166217204798,9,Algebra,Equations and Inequalities,Easy,Algebra,Intermediate Algebra,Easy
MATHNET-0irf,MATHNET-00kp,0.8449166217204798,6,Algebra,Intermediate Algebra,Easy,Algebra,Equations and Inequalities,Easy
MATHNET-0dpx,MATHNET-08o1,0.8446840911536411,5,Geometry,Plane Geometry,Hard,Geometry,Plane Geometry,Hard
MATHNET-08o1,MATHNET-0dpx,0.8446840911536411,6,Geometry,Plane Geometry,Hard,Geometry,Plane Geometry,Hard
MATHNET-0gqo,MATHNET-0jzx,0.8443896833237899,10,Algebra,Equations and Inequalities,Easy,Algebra,Algebraic Expressions | Equations and Inequalities,Easy
MATHNET-0jzx,MATHNET-0gqo,0.8443896833237899,9,Algebra,Algebraic Expressions | Equations and Inequalities,Easy,Algebra,Equations and Inequalities,Easy
MATHNET-0hz2,MATHNET-0b1m,0.8443528974992872,9,Algebra,Algebraic Expressions,Easy,Algebra,Algebraic Expressions,Easy
MATHNET-0b1m,MATHNET-0hz2,0.8443528974992872,10,Algebra,Algebraic Expressions,Easy,Algebra,Algebraic Expressions,Easy
MATHNET-0eu5,MATHNET-01u2,0.8443452113500914,6,Discrete Mathematics,Combinatorics,Very Hard,Discrete Mathematics,Combinatorics,Very Hard
MATHNET-01u2,MATHNET-0eu5,0.8443452113500914,9,Discrete Mathematics,Combinatorics,Very Hard,Discrete Mathematics,Combinatorics,Very Hard
MATHNET-0925,MATHNET-00k4,0.8441738559504772,6,Geometry,Plane Geometry,Hard,Geometry,Plane Geometry | Solid Geometry,Hard
MATHNET-00k4,MATHNET-0925,0.8441738559504772,2,Geometry,Plane Geometry | Solid Geometry,Hard,Geometry,Plane Geometry,Hard
MATHNET-0fk4,MATHNET-0hj7,0.8440557829032049,5,Number Theory,Divisibility / Factorization,Easy,Number Theory,Divisibility / Factorization | Modular Arithmetic,Easy
MATHNET-0fhe,MATHNET-0dvk,0.8439859798554935,9,Geometry,Plane Geometry,Medium,Geometry,Plane Geometry,Medium
MATHNET-0dvk,MATHNET-0fhe,0.8439859798554935,7,Geometry,Plane Geometry,Medium,Geometry,Plane Geometry,Medium
MATHNET-01ub,MATHNET-01x5,0.843959735980169,1,Algebra,Intermediate Algebra | Prealgebra / Basic Algebra,Medium,Algebra,Algebraic Expressions | Equations and Inequalities | Intermediate Algebra,Medium
MATHNET-01x5,MATHNET-01ub,0.843959735980169,2,Algebra,Algebraic Expressions | Equations and Inequalities | Intermediate Algebra,Medium,Algebra,Intermediate Algebra | Prealgebra / Basic Algebra,Medium
MATHNET-0j4z,MATHNET-0a9f,0.8439403485267611,4,Geometry,Plane Geometry,Medium,Geometry,Plane Geometry,Hard
MATHNET-0a9f,MATHNET-0j4z,0.8439403485267611,4,Geometry,Plane Geometry,Hard,Geometry,Plane Geometry,Medium
MATHNET-0l0n,MATHNET-03zv,0.8438685045058693,5,Algebra | Number Theory,Algebraic Expressions | Diophantine Equations | Divisibility / Factorization,Medium,Algebra | Number Theory,Algebraic Expressions | Divisibility / Factorization,Medium
MATHNET-03zv,MATHNET-0l0n,0.8438685045058693,5,Algebra | Number Theory,Algebraic Expressions | Divisibility / Factorization,Medium,Algebra | Number Theory,Algebraic Expressions | Diophantine Equations | Divisibility / Factorization,Medium
MATHNET-0doe,MATHNET-0fre,0.8438086829677648,4,Geometry,Plane Geometry,Medium,Geometry,Plane Geometry,Medium
MATHNET-0fre,MATHNET-0doe,0.8438086829677648,7,Geometry,Plane Geometry,Medium,Geometry,Plane Geometry,Medium
MATHNET-0kx0,MATHNET-0ing,0.8437754721502384,5,Geometry,Plane Geometry,Very Hard,Geometry,Plane Geometry,Very Hard
MATHNET-0ing,MATHNET-0kx0,0.8437754721502384,5,Geometry,Plane Geometry,Very Hard,Geometry,Plane Geometry,Very Hard
MATHNET-0jzx,MATHNET-0acd,0.8434772709329527,10,Algebra,Algebraic Expressions | Equations and Inequalities,Easy,Algebra,Algebraic Expressions | Prealgebra / Basic Algebra,Medium
MATHNET-0acd,MATHNET-0jzx,0.8434772709329527,10,Algebra,Algebraic Expressions | Prealgebra / Basic Algebra,Medium,Algebra,Algebraic Expressions | Equations and Inequalities,Easy
MATHNET-08y6,MATHNET-058t,0.8434310826118138,3,Geometry,Plane Geometry,Medium,Geometry,Plane Geometry,Medium
MATHNET-058t,MATHNET-08y6,0.8434310826118138,1,Geometry,Plane Geometry,Medium,Geometry,Plane Geometry,Medium
MATHNET-0bow,MATHNET-0455,0.8433726489330283,3,Geometry,Plane Geometry,Very Hard,Geometry,Plane Geometry,Very Hard
MATHNET-0455,MATHNET-0bow,0.8433726489330283,5,Geometry,Plane Geometry,Very Hard,Geometry,Plane Geometry,Very Hard
MATHNET-0e08,MATHNET-0kpx,0.8433705924859677,9,Algebra,Algebraic Expressions | Prealgebra / Basic Algebra,Easy,Algebra,Algebraic Expressions | Intermediate Algebra,Easy
MATHNET-0kpx,MATHNET-0e08,0.8433705924859677,2,Algebra,Algebraic Expressions | Intermediate Algebra,Easy,Algebra,Algebraic Expressions | Prealgebra / Basic Algebra,Easy
MATHNET-0217,MATHNET-05dk,0.8429794993819708,6,Geometry,Plane Geometry,Very Hard,Geometry,Plane Geometry,Very Hard
MATHNET-05dk,MATHNET-0217,0.8429794993819708,5,Geometry,Plane Geometry,Very Hard,Geometry,Plane Geometry,Very Hard
MATHNET-02ca,MATHNET-0g7r,0.8429769086875397,6,Discrete Mathematics,Combinatorics,Easy,Discrete Mathematics,Combinatorics,Easy
MATHNET-0g7r,MATHNET-02ca,0.8429769086875397,7,Discrete Mathematics,Combinatorics,Easy,Discrete Mathematics,Combinatorics,Easy
MATHNET-09sr,MATHNET-05yo,0.8428483533682734,7,Geometry,Plane Geometry,Medium,Geometry,Plane Geometry,Hard
MATHNET-0dxz,MATHNET-05dg,0.8428427052573131,2,Geometry,Plane Geometry,Very Hard,Geometry,Plane Geometry,Very Hard
MATHNET-05dg,MATHNET-0dxz,0.8428427052573131,4,Geometry,Plane Geometry,Very Hard,Geometry,Plane Geometry,Very Hard
MATHNET-0bow,MATHNET-06pl,0.8425985031136874,4,Geometry,Plane Geometry,Very Hard,Geometry,Plane Geometry,Very Hard
MATHNET-06pl,MATHNET-0bow,0.8425985031136874,6,Geometry,Plane Geometry,Very Hard,Geometry,Plane Geometry,Very Hard
MATHNET-07gw,MATHNET-0inh,0.842510007659879,1,Algebra | Number Theory,Abstract Algebra | Algebraic Expressions | Diophantine Equations | Divisibility / Factorization,Very Hard,Algebra | Number Theory,Algebraic Expressions | Diophantine Equations | Divisibility / Factorization,Very Hard
MATHNET-0inh,MATHNET-07gw,0.842510007659879,7,Algebra | Number Theory,Algebraic Expressions | Diophantine Equations | Divisibility / Factorization,Very Hard,Algebra | Number Theory,Abstract Algebra | Algebraic Expressions | Diophantine Equations | Divisibility / Factorization,Very Hard
MATHNET-00kp,MATHNET-01qj,0.8423737651942867,10,Algebra,Equations and Inequalities,Easy,Algebra,Algebraic Expressions | Prealgebra / Basic Algebra,Easy
MATHNET-01qj,MATHNET-00kp,0.8423737651942867,6,Algebra,Algebraic Expressions | Prealgebra / Basic Algebra,Easy,Algebra,Equations and Inequalities,Easy
MATHNET-09vi,MATHNET-0cr9,0.842289812264477,9,Geometry,Plane Geometry,Medium,Geometry,Plane Geometry,Medium
MATHNET-0jx0,MATHNET-0cz9,0.8422395595147477,2,Algebra,Algebraic Expressions | Intermediate Algebra,Medium,Algebra,Algebraic Expressions,Medium
MATHNET-0cz9,MATHNET-0jx0,0.8422395595147477,4,Algebra,Algebraic Expressions,Medium,Algebra,Algebraic Expressions | Intermediate Algebra,Medium
MATHNET-0fev,MATHNET-0ef5,0.8420386106568758,10,Algebra,Equations and Inequalities | Intermediate Algebra | Prealgebra / Basic Algebra,Easy,Algebra,Prealgebra / Basic Algebra,Easy
MATHNET-0ef5,MATHNET-0fev,0.8420386106568758,5,Algebra,Prealgebra / Basic Algebra,Easy,Algebra,Equations and Inequalities | Intermediate Algebra | Prealgebra / Basic Algebra,Easy
MATHNET-0bn3,MATHNET-09hf,0.8419864708497691,5,Geometry,Plane Geometry,Medium,Geometry,Plane Geometry,Medium
MATHNET-09hf,MATHNET-0bn3,0.8419864708497691,2,Geometry,Plane Geometry,Medium,Geometry,Plane Geometry,Medium
MATHNET-09vi,MATHNET-05g5,0.841709365653395,10,Geometry,Plane Geometry,Medium,Geometry,Plane Geometry,Medium
MATHNET-0cm5,MATHNET-04v9,0.8416254536745306,4,Geometry,Plane Geometry,Very Hard,Geometry,Plane Geometry,Very Hard
MATHNET-04v9,MATHNET-0cm5,0.8416254536745306,7,Geometry,Plane Geometry,Very Hard,Geometry,Plane Geometry,Very Hard
MATHNET-02xm,MATHNET-0dw6,0.8414705409575572,5,Number Theory,Other,Easy,Number Theory,Divisibility / Factorization | Number-Theoretic Functions,Easy
MATHNET-0bnh,MATHNET-0jzx,0.8414648998131692,2,Algebra,Algebraic Expressions,Medium,Algebra,Algebraic Expressions | Equations and Inequalities,Easy
MATHNET-05x1,MATHNET-02qx,0.8413678379752352,5,Geometry,Plane Geometry,Medium,Geometry,Plane Geometry,Medium
MATHNET-02qx,MATHNET-05x1,0.8413678379752352,7,Geometry,Plane Geometry,Medium,Geometry,Plane Geometry,Medium
MATHNET-06h1,MATHNET-0dil,0.8413424143170999,5,Geometry,Plane Geometry,Hard,Geometry,Plane Geometry,Hard
MATHNET-0dil,MATHNET-06h1,0.8413424143170999,8,Geometry,Plane Geometry,Hard,Geometry,Plane Geometry,Hard
MATHNET-095q,MATHNET-0fg1,0.8412617079971192,8,Geometry,Solid Geometry,Hard,Geometry,Plane Geometry,Hard
MATHNET-0g0d,MATHNET-05lp,0.8410505742928502,8,Discrete Mathematics,Combinatorics,Medium,Discrete Mathematics,Combinatorics,Medium
MATHNET-05lp,MATHNET-0g0d,0.8410505742928502,1,Discrete Mathematics,Combinatorics,Medium,Discrete Mathematics,Combinatorics,Medium
MATHNET-0jw5,MATHNET-0c1k,0.8409891637071386,9,Number Theory,Divisibility / Factorization,Easy,Number Theory,Divisibility / Factorization | Modular Arithmetic,Easy
MATHNET-0jw5,MATHNET-0c6i,0.8409891637071386,7,Number Theory,Divisibility / Factorization,Easy,Number Theory,Diophantine Equations | Divisibility / Factorization,Easy
MATHNET-0gbv,MATHNET-0g60,0.8409244569919357,4,Algebra | Number Theory,Algebraic Expressions | Divisibility / Factorization | Modular Arithmetic,Medium,Algebra | Number Theory,Algebraic Expressions | Diophantine Equations,Medium
MATHNET-0g60,MATHNET-0gbv,0.8409244569919357,9,Algebra | Number Theory,Algebraic Expressions | Diophantine Equations,Medium,Algebra | Number Theory,Algebraic Expressions | Divisibility / Factorization | Modular Arithmetic,Medium
MATHNET-0d6i,MATHNET-03o9,0.8408430344737996,1,Geometry,Plane Geometry,Medium,Geometry,Plane Geometry,Medium
MATHNET-03o9,MATHNET-0d6i,0.8408430344737996,2,Geometry,Plane Geometry,Medium,Geometry,Plane Geometry,Medium
MATHNET-00md,MATHNET-07r9,0.8407642875097523,6,Algebra,Algebraic Expressions,Medium,Algebra,Algebraic Expressions | Intermediate Algebra | Prealgebra / Basic Algebra,Medium
MATHNET-07r9,MATHNET-00md,0.8407642875097523,7,Algebra,Algebraic Expressions | Intermediate Algebra | Prealgebra / Basic Algebra,Medium,Algebra,Algebraic Expressions,Medium
MATHNET-0h10,MATHNET-00f5,0.8407242725805636,3,Geometry,Plane Geometry,Hard,Geometry,Plane Geometry,Hard
MATHNET-00f5,MATHNET-0h10,0.8407242725805636,2,Geometry,Plane Geometry,Hard,Geometry,Plane Geometry,Hard
MATHNET-03bq,MATHNET-0est,0.8407166260976845,2,Geometry,Plane Geometry,Medium,Geometry,Plane Geometry,Medium
MATHNET-0est,MATHNET-03bq,0.8407166260976845,3,Geometry,Plane Geometry,Medium,Geometry,Plane Geometry,Medium
MATHNET-02dy,MATHNET-0hfw,0.8405239040776499,9,Geometry,Plane Geometry,Easy,Geometry,Plane Geometry,Easy
MATHNET-0hfw,MATHNET-02dy,0.8405239040776499,7,Geometry,Plane Geometry,Easy,Geometry,Plane Geometry,Easy
MATHNET-0jpj,MATHNET-0iy8,0.8403540814684656,5,Number Theory,Other,Easy,Number Theory,Divisibility / Factorization | Number-Theoretic Functions,Easy
MATHNET-0iy8,MATHNET-0jpj,0.8403540814684656,4,Number Theory,Divisibility / Factorization | Number-Theoretic Functions,Easy,Number Theory,Other,Easy
MATHNET-0b1j,MATHNET-043v,0.8400810072646094,5,Algebra,Algebraic Expressions,Easy,Algebra,Equations and Inequalities | Intermediate Algebra,Easy
MATHNET-043v,MATHNET-0b1j,0.8400810072646094,4,Algebra,Equations and Inequalities | Intermediate Algebra,Easy,Algebra,Algebraic Expressions,Easy
MATHNET-07oo,MATHNET-0f42,0.8400771631960366,8,Algebra,Algebraic Expressions | Prealgebra / Basic Algebra,Easy,Algebra,Algebraic Expressions | Equations and Inequalities,Easy
MATHNET-0f42,MATHNET-07oo,0.8400771631960366,3,Algebra,Algebraic Expressions | Equations and Inequalities,Easy,Algebra,Algebraic Expressions | Prealgebra / Basic Algebra,Easy
MATHNET-0etj,MATHNET-0dpx,0.8399932913478313,2,Geometry,Plane Geometry,Hard,Geometry,Plane Geometry,Hard
MATHNET-0dpx,MATHNET-0etj,0.8399932913478313,6,Geometry,Plane Geometry,Hard,Geometry,Plane Geometry,Hard
MATHNET-03f4,MATHNET-0acd,0.8399892641635937,7,Algebra,Equations and Inequalities | Intermediate Algebra,Medium,Algebra,Algebraic Expressions | Prealgebra / Basic Algebra,Medium
MATHNET-0iqf,MATHNET-0joq,0.8396955096419261,10,Geometry,Plane Geometry,Easy,Geometry,Plane Geometry,Medium
MATHNET-0dts,MATHNET-0hfw,0.8395623855060553,3,Geometry,Plane Geometry,Medium,Geometry,Plane Geometry,Easy
MATHNET-0hfw,MATHNET-0dts,0.8395623855060553,8,Geometry,Plane Geometry,Easy,Geometry,Plane Geometry,Medium
MATHNET-0h8n,MATHNET-0joq,0.83952486145661,8,Geometry,Plane Geometry,Easy,Geometry,Plane Geometry,Medium
MATHNET-0fyo,MATHNET-0g7r,0.8394216054931468,8,Discrete Mathematics,Combinatorics,Easy,Discrete Mathematics,Combinatorics,Easy
MATHNET-0g7r,MATHNET-0fyo,0.8394216054931468,8,Discrete Mathematics,Combinatorics,Easy,Discrete Mathematics,Combinatorics,Easy
MATHNET-0clz,MATHNET-07nh,0.8393947801720927,1,Geometry,Plane Geometry,Hard,Geometry,Plane Geometry,Hard
MATHNET-07nh,MATHNET-0clz,0.8393947801720927,1,Geometry,Plane Geometry,Hard,Geometry,Plane Geometry,Hard
MATHNET-0htx,MATHNET-007d,0.8393401139874769,1,Geometry,Plane Geometry,Medium,Geometry,Plane Geometry,Medium
MATHNET-007d,MATHNET-0htx,0.8393401139874769,2,Geometry,Plane Geometry,Medium,Geometry,Plane Geometry,Medium
MATHNET-0dau,MATHNET-0djq,0.8392788418930555,1,Discrete Mathematics,Combinatorics,Easy,Discrete Mathematics,Combinatorics,Easy
MATHNET-0djq,MATHNET-0dau,0.8392788418930555,3,Discrete Mathematics,Combinatorics,Easy,Discrete Mathematics,Combinatorics,Easy
MATHNET-02kg,MATHNET-0ekm,0.8392608310112241,5,Algebra,Prealgebra / Basic Algebra,Easy,Algebra,Algebraic Expressions,Easy
MATHNET-0ekm,MATHNET-02kg,0.8392608310112241,7,Algebra,Algebraic Expressions,Easy,Algebra,Prealgebra / Basic Algebra,Easy
MATHNET-0apd,MATHNET-0jxx,0.8392068964949148,4,Algebra,Prealgebra / Basic Algebra,Easy,Algebra,Algebraic Expressions,Easy
MATHNET-0jxx,MATHNET-0apd,0.8392068964949148,5,Algebra,Algebraic Expressions,Easy,Algebra,Prealgebra / Basic Algebra,Easy
MATHNET-05tc,MATHNET-09q7,0.8391677344084875,7,Geometry,Plane Geometry,Medium,Geometry,Plane Geometry,Medium
MATHNET-0hog,MATHNET-0dts,0.8391173332887507,5,Geometry,Plane Geometry,Medium,Geometry,Plane Geometry,Medium
MATHNET-0dts,MATHNET-0hog,0.8391173332887507,4,Geometry,Plane Geometry,Medium,Geometry,Plane Geometry,Medium
MATHNET-0doe,MATHNET-09vi,0.8391045039591097,6,Geometry,Plane Geometry,Medium,Geometry,Plane Geometry,Medium
MATHNET-08kv,MATHNET-0dts,0.839078685813806,3,Geometry,Plane Geometry,Medium,Geometry,Plane Geometry,Medium
MATHNET-0dts,MATHNET-08kv,0.839078685813806,5,Geometry,Plane Geometry,Medium,Geometry,Plane Geometry,Medium
MATHNET-0ads,MATHNET-05i6,0.8389527806362541,8,Algebra,Algebraic Expressions,Easy,Algebra,Algebraic Expressions,Easy
MATHNET-05i6,MATHNET-0ads,0.8389527806362541,5,Algebra,Algebraic Expressions,Easy,Algebra,Algebraic Expressions,Easy
MATHNET-0ab4,MATHNET-0apd,0.838680130554518,4,Algebra,Prealgebra / Basic Algebra,Easy,Algebra,Prealgebra / Basic Algebra,Easy
MATHNET-0apd,MATHNET-0ab4,0.838680130554518,5,Algebra,Prealgebra / Basic Algebra,Easy,Algebra,Prealgebra / Basic Algebra,Easy
MATHNET-0g1b,MATHNET-023i,0.8386144401952962,4,Geometry,Plane Geometry,Hard,Geometry,Plane Geometry,Medium
MATHNET-0kpx,MATHNET-0b1m,0.8385662174094523,4,Algebra,Algebraic Expressions | Intermediate Algebra,Easy,Algebra,Algebraic Expressions,Easy
MATHNET-00by,MATHNET-0a9f,0.8385043720486292,4,Geometry,Plane Geometry,Hard,Geometry,Plane Geometry,Hard
MATHNET-0a9f,MATHNET-00by,0.8385043720486292,5,Geometry,Plane Geometry,Hard,Geometry,Plane Geometry,Hard
MATHNET-05x1,MATHNET-02nt,0.8384631749926118,7,Geometry,Plane Geometry,Medium,Geometry,Plane Geometry,Easy
MATHNET-02nt,MATHNET-05x1,0.8384631749926118,6,Geometry,Plane Geometry,Easy,Geometry,Plane Geometry,Medium
MATHNET-0hxe,MATHNET-01ef,0.8383508255556049,2,Geometry,Plane Geometry,Medium,Geometry,Plane Geometry,Medium
MATHNET-01ef,MATHNET-0hxe,0.8383508255556049,2,Geometry,Plane Geometry,Medium,Geometry,Plane Geometry,Medium
MATHNET-0bui,MATHNET-0hai,0.8383039638673705,4,Algebra,Prealgebra / Basic Algebra,Easy,Algebra,Equations and Inequalities,Easy
MATHNET-0hai,MATHNET-0bui,0.8383039638673705,7,Algebra,Equations and Inequalities,Easy,Algebra,Prealgebra / Basic Algebra,Easy
MATHNET-0l5j,MATHNET-0j8y,0.8382713302653103,9,Geometry,Plane Geometry,Easy,Geometry,Plane Geometry,Easy
MATHNET-06j5,MATHNET-0f3f,0.8381425515321352,2,Discrete Mathematics,Combinatorics,Medium,Discrete Mathematics,Combinatorics,Medium
MATHNET-0f3f,MATHNET-06j5,0.8381425515321352,1,Discrete Mathematics,Combinatorics,Medium,Discrete Mathematics,Combinatorics,Medium
MATHNET-0gle,MATHNET-0dzm,0.8381237103170112,5,Geometry,Plane Geometry,Hard,Geometry,Plane Geometry,Hard
MATHNET-0dzm,MATHNET-0gle,0.8381237103170112,2,Geometry,Plane Geometry,Hard,Geometry,Plane Geometry,Hard
MATHNET-04yy,MATHNET-0blq,0.8380340001852921,1,Number Theory,Divisibility / Factorization,Medium,Number Theory,Divisibility / Factorization | Modular Arithmetic,Medium
MATHNET-0blq,MATHNET-04yy,0.8380340001852921,1,Number Theory,Divisibility / Factorization | Modular Arithmetic,Medium,Number Theory,Divisibility / Factorization,Medium
MATHNET-06nq,MATHNET-0a9f,0.8378779660379108,3,Geometry,Plane Geometry,Hard,Geometry,Plane Geometry,Hard
MATHNET-0a9f,MATHNET-06nq,0.8378779660379108,6,Geometry,Plane Geometry,Hard,Geometry,Plane Geometry,Hard
MATHNET-0iic,MATHNET-0g45,0.8378291859934395,3,Algebra,Algebraic Expressions | Equations and Inequalities | Prealgebra / Basic Algebra,Very Hard,Algebra,Algebraic Expressions | Equations and Inequalities,Very Hard
MATHNET-0g45,MATHNET-0iic,0.8378291859934395,2,Algebra,Algebraic Expressions | Equations and Inequalities,Very Hard,Algebra,Algebraic Expressions | Equations and Inequalities | Prealgebra / Basic Algebra,Very Hard
MATHNET-08kv,MATHNET-0hn5,0.8378255244493367,4,Geometry,Plane Geometry,Medium,Geometry,Plane Geometry,Medium
MATHNET-0hn5,MATHNET-08kv,0.8378255244493367,5,Geometry,Plane Geometry,Medium,Geometry,Plane Geometry,Medium
MATHNET-03di,MATHNET-03zv,0.8377378893427228,10,Algebra | Number Theory,Algebraic Expressions | Divisibility / Factorization,Medium,Algebra | Number Theory,Algebraic Expressions | Divisibility / Factorization,Medium
MATHNET-03zv,MATHNET-03di,0.8377378893427228,6,Algebra | Number Theory,Algebraic Expressions | Divisibility / Factorization,Medium,Algebra | Number Theory,Algebraic Expressions | Divisibility / Factorization,Medium
MATHNET-0fk5,MATHNET-06c9,0.8376378444147853,6,Geometry,Solid Geometry,Easy,Geometry,Plane Geometry,Easy
MATHNET-06c9,MATHNET-0fk5,0.8376378444147853,8,Geometry,Plane Geometry,Easy,Geometry,Solid Geometry,Easy
MATHNET-067b,MATHNET-05i6,0.8376145308498781,8,Algebra,Algebraic Expressions | Prealgebra / Basic Algebra,Easy,Algebra,Algebraic Expressions,Easy
MATHNET-05i6,MATHNET-067b,0.8376145308498781,6,Algebra,Algebraic Expressions,Easy,Algebra,Algebraic Expressions | Prealgebra / Basic Algebra,Easy
MATHNET-0fj3,MATHNET-09cc,0.8375943317349563,7,Algebra | Discrete Mathematics,Algebraic Expressions | Combinatorics,Easy,Algebra | Discrete Mathematics,Algebraic Expressions | Combinatorics,Easy
MATHNET-09cc,MATHNET-0fj3,0.8375943317349563,4,Algebra | Discrete Mathematics,Algebraic Expressions | Combinatorics,Easy,Algebra | Discrete Mathematics,Algebraic Expressions | Combinatorics,Easy
MATHNET-06mm,MATHNET-0joq,0.8375326490219771,10,Geometry,Plane Geometry,Medium,Geometry,Plane Geometry,Medium
MATHNET-0kx0,MATHNET-0cm5,0.8375026026185731,6,Geometry,Plane Geometry,Very Hard,Geometry,Plane Geometry,Very Hard
MATHNET-0cm5,MATHNET-0kx0,0.8375026026185731,5,Geometry,Plane Geometry,Very Hard,Geometry,Plane Geometry,Very Hard
MATHNET-0dts,MATHNET-09hf,0.8372524462130178,6,Geometry,Plane Geometry,Medium,Geometry,Plane Geometry,Medium
MATHNET-09hf,MATHNET-0dts,0.8372524462130178,3,Geometry,Plane Geometry,Medium,Geometry,Plane Geometry,Medium
MATHNET-02zm,MATHNET-087s,0.8372331235698118,8,Number Theory,Divisibility / Factorization,Medium,Number Theory,Diophantine Equations | Modular Arithmetic,Medium
MATHNET-087s,MATHNET-02zm,0.8372331235698118,3,Number Theory,Diophantine Equations | Modular Arithmetic,Medium,Number Theory,Divisibility / Factorization,Medium
MATHNET-0coi,MATHNET-05lk,0.8367939036906409,1,Discrete Mathematics,Combinatorics,Medium,Discrete Mathematics,Combinatorics,Medium
MATHNET-05lk,MATHNET-0coi,0.8367939036906409,5,Discrete Mathematics,Combinatorics,Medium,Discrete Mathematics,Combinatorics,Medium
MATHNET-0fxg,MATHNET-0g2s,0.8365071940465134,4,Discrete Mathematics,Combinatorics,Easy,Discrete Mathematics,Combinatorics,Easy
MATHNET-0g2s,MATHNET-0fxg,0.8365071940465134,5,Discrete Mathematics,Combinatorics,Easy,Discrete Mathematics,Combinatorics,Easy
MATHNET-0gii,MATHNET-0ab4,0.8364008188356686,5,Algebra,Algebraic Expressions | Intermediate Algebra,Easy,Algebra,Prealgebra / Basic Algebra,Easy
MATHNET-0ab4,MATHNET-0gii,0.8364008188356686,5,Algebra,Prealgebra / Basic Algebra,Easy,Algebra,Algebraic Expressions | Intermediate Algebra,Easy
MATHNET-0lgk,MATHNET-06xr,0.8363721028082095,6,Geometry,Plane Geometry,Hard,Geometry,Plane Geometry,Hard
MATHNET-06xr,MATHNET-0lgk,0.8363721028082095,2,Geometry,Plane Geometry,Hard,Geometry,Plane Geometry,Hard
MATHNET-087s,MATHNET-05f6,0.8362344495350337,4,Number Theory,Diophantine Equations | Modular Arithmetic,Medium,Number Theory,Divisibility / Factorization,Medium
MATHNET-05f6,MATHNET-087s,0.8362344495350337,8,Number Theory,Divisibility / Factorization,Medium,Number Theory,Diophantine Equations | Modular Arithmetic,Medium
MATHNET-09sr,MATHNET-0dmc,0.8360396790526017,9,Geometry,Plane Geometry,Medium,Geometry,Plane Geometry,Hard
MATHNET-0h6j,MATHNET-0hls,0.8360164594701515,1,Discrete Mathematics,Combinatorics,Easy,Discrete Mathematics,Combinatorics,Easy
MATHNET-0hls,MATHNET-0h6j,0.8360164594701515,5,Discrete Mathematics,Combinatorics,Easy,Discrete Mathematics,Combinatorics,Easy
MATHNET-0855,MATHNET-023i,0.8359958876818744,9,Geometry,Plane Geometry,Hard,Geometry,Plane Geometry,Medium
MATHNET-0bn3,MATHNET-0hfw,0.8358555545670332,7,Geometry,Plane Geometry,Medium,Geometry,Plane Geometry,Easy
MATHNET-0e73,MATHNET-0500,0.8358030398416025,1,Discrete Mathematics,Combinatorics,Hard,Discrete Mathematics,Combinatorics,Hard
MATHNET-0500,MATHNET-0e73,0.8358030398416025,2,Discrete Mathematics,Combinatorics,Hard,Discrete Mathematics,Combinatorics,Hard
MATHNET-06c9,MATHNET-0i3q,0.8357554103515099,9,Geometry,Plane Geometry,Easy,Geometry,Plane Geometry,Easy
MATHNET-0i3q,MATHNET-06c9,0.8357554103515099,5,Geometry,Plane Geometry,Easy,Geometry,Plane Geometry,Easy
MATHNET-0ko4,MATHNET-0b1m,0.835264059232152,10,Algebra,Intermediate Algebra | Prealgebra / Basic Algebra,Easy,Algebra,Algebraic Expressions,Easy
MATHNET-095q,MATHNET-0dmc,0.8349206476934514,10,Geometry,Solid Geometry,Hard,Geometry,Plane Geometry,Hard
MATHNET-0855,MATHNET-05jg,0.8346188024078619,10,Geometry,Plane Geometry,Hard,Geometry,Plane Geometry,Hard
MATHNET-0kpx,MATHNET-0f42,0.8345920692941324,5,Algebra,Algebraic Expressions | Intermediate Algebra,Easy,Algebra,Algebraic Expressions | Equations and Inequalities,Easy
MATHNET-0f42,MATHNET-0kpx,0.8345920692941324,4,Algebra,Algebraic Expressions | Equations and Inequalities,Easy,Algebra,Algebraic Expressions | Intermediate Algebra,Easy
MATHNET-0ibi,MATHNET-01rg,0.8343705023411214,3,Geometry,Plane Geometry,Medium,Geometry,Plane Geometry,Medium
MATHNET-01rg,MATHNET-0ibi,0.8343705023411214,2,Geometry,Plane Geometry,Medium,Geometry,Plane Geometry,Medium
MATHNET-0hxe,MATHNET-09iq,0.8343475012300852,4,Geometry,Plane Geometry,Medium,Geometry,Plane Geometry,Medium
MATHNET-09iq,MATHNET-0hxe,0.8343475012300852,3,Geometry,Plane Geometry,Medium,Geometry,Plane Geometry,Medium
MATHNET-00mi,MATHNET-0e08,0.8342339609144583,10,Algebra,Algebraic Expressions | Equations and Inequalities,Easy,Algebra,Algebraic Expressions | Prealgebra / Basic Algebra,Easy
MATHNET-03wz,MATHNET-0f8b,0.834070594784075,1,Geometry,Plane Geometry,Hard,Geometry,Plane Geometry,Hard
MATHNET-0f8b,MATHNET-03wz,0.834070594784075,1,Geometry,Plane Geometry,Hard,Geometry,Plane Geometry,Hard
MATHNET-0axv,MATHNET-0j2y,0.8340402879419729,6,Algebra,Algebraic Expressions,Easy,Algebra,Algebraic Expressions,Easy
MATHNET-0j2y,MATHNET-0axv,0.8340402879419729,5,Algebra,Algebraic Expressions,Easy,Algebra,Algebraic Expressions,Easy
MATHNET-0839,MATHNET-0fv5,0.8339670357275052,1,Discrete Mathematics,Combinatorics,Medium,Discrete Mathematics,Combinatorics,Medium
MATHNET-0fv5,MATHNET-0839,0.8339670357275052,1,Discrete Mathematics,Combinatorics,Medium,Discrete Mathematics,Combinatorics,Medium
MATHNET-02pg,MATHNET-0cvk,0.833898370143446,5,Discrete Mathematics,Combinatorics,Easy,Discrete Mathematics,Combinatorics,Easy
MATHNET-0cvk,MATHNET-02pg,0.833898370143446,2,Discrete Mathematics,Combinatorics,Easy,Discrete Mathematics,Combinatorics,Easy
MATHNET-0hog,MATHNET-0aus,0.8336980333408869,6,Geometry,Plane Geometry,Medium,Geometry,Plane Geometry,Medium
MATHNET-0aus,MATHNET-0hog,0.8336980333408869,4,Geometry,Plane Geometry,Medium,Geometry,Plane Geometry,Medium
MATHNET-0gyd,MATHNET-0hog,0.8335267351339419,4,Geometry,Plane Geometry,Medium,Geometry,Plane Geometry,Medium
MATHNET-0hog,MATHNET-0gyd,0.8335267351339419,7,Geometry,Plane Geometry,Medium,Geometry,Plane Geometry,Medium
MATHNET-09iq,MATHNET-06ct,0.8332693142719358,4,Geometry,Plane Geometry,Medium,Geometry,Plane Geometry,Medium
MATHNET-06ct,MATHNET-09iq,0.8332693142719358,4,Geometry,Plane Geometry,Medium,Geometry,Plane Geometry,Medium
MATHNET-08x7,MATHNET-0b1j,0.8332385107983462,6,Algebra,Algebraic Expressions,Easy,Algebra,Algebraic Expressions,Easy
MATHNET-0b1j,MATHNET-08x7,0.8332385107983462,6,Algebra,Algebraic Expressions,Easy,Algebra,Algebraic Expressions,Easy
MATHNET-05dk,MATHNET-0455,0.8332062811607458,6,Geometry,Plane Geometry,Very Hard,Geometry,Plane Geometry,Very Hard
MATHNET-0455,MATHNET-05dk,0.8332062811607458,6,Geometry,Plane Geometry,Very Hard,Geometry,Plane Geometry,Very Hard
MATHNET-0il8,MATHNET-0bml,0.8330861810539152,4,Algebra,Algebraic Expressions,Easy,Algebra,Prealgebra / Basic Algebra,Easy
MATHNET-0fk5,MATHNET-05ta,0.8326651318912901,8,Geometry,Solid Geometry,Easy,Geometry,Plane Geometry,Medium
MATHNET-05ta,MATHNET-0fk5,0.8326651318912901,7,Geometry,Plane Geometry,Medium,Geometry,Solid Geometry,Easy
MATHNET-0gyd,MATHNET-0hxe,0.8325659642173412,5,Geometry,Plane Geometry,Medium,Geometry,Plane Geometry,Medium
MATHNET-0hxe,MATHNET-0gyd,0.8325659642173412,5,Geometry,Plane Geometry,Medium,Geometry,Plane Geometry,Medium
MATHNET-0925,MATHNET-06nq,0.8324910620333551,7,Geometry,Plane Geometry,Hard,Geometry,Plane Geometry,Hard
MATHNET-06nq,MATHNET-0925,0.8324910620333551,4,Geometry,Plane Geometry,Hard,Geometry,Plane Geometry,Hard
MATHNET-0b2w,MATHNET-0l1k,0.8321996296825807,4,Geometry,Plane Geometry,Medium,Geometry,Plane Geometry,Medium
MATHNET-0l1k,MATHNET-0b2w,0.8321996296825807,1,Geometry,Plane Geometry,Medium,Geometry,Plane Geometry,Medium
MATHNET-03w7,MATHNET-00k4,0.8317946205259976,8,Geometry,Plane Geometry,Hard,Geometry,Plane Geometry | Solid Geometry,Hard
MATHNET-00k4,MATHNET-03w7,0.8317946205259976,4,Geometry,Plane Geometry | Solid Geometry,Hard,Geometry,Plane Geometry,Hard
MATHNET-02nt,MATHNET-05ta,0.8317884004191279,8,Geometry,Plane Geometry,Easy,Geometry,Plane Geometry,Medium
MATHNET-05ta,MATHNET-02nt,0.8317884004191279,8,Geometry,Plane Geometry,Medium,Geometry,Plane Geometry,Easy
MATHNET-0ibi,MATHNET-0bxl,0.8316883508643148,4,Geometry,Plane Geometry,Medium,Geometry,Plane Geometry,Medium
MATHNET-0bxl,MATHNET-0ibi,0.8316883508643148,2,Geometry,Plane Geometry,Medium,Geometry,Plane Geometry,Medium
MATHNET-02kg,MATHNET-08a3,0.8316154806055082,9,Algebra,Prealgebra / Basic Algebra,Easy,Algebra,Algebraic Expressions,Easy
MATHNET-08a3,MATHNET-02kg,0.8316154806055082,6,Algebra,Algebraic Expressions,Easy,Algebra,Prealgebra / Basic Algebra,Easy
MATHNET-0609,MATHNET-0ag7,0.8316062712536763,1,Number Theory,Divisibility / Factorization,Medium,Number Theory,Divisibility / Factorization | Modular Arithmetic,Medium
MATHNET-0ag7,MATHNET-0609,0.8316062712536763,1,Number Theory,Divisibility / Factorization | Modular Arithmetic,Medium,Number Theory,Divisibility / Factorization,Medium
MATHNET-0az2,MATHNET-0h3e,0.8315802472713251,7,Discrete Mathematics,Combinatorics,Easy,Discrete Mathematics,Combinatorics | Logic,Easy
MATHNET-00k4,MATHNET-0dyh,0.8314288949191951,5,Geometry,Plane Geometry | Solid Geometry,Hard,Geometry,Plane Geometry,Hard
MATHNET-0dyh,MATHNET-00k4,0.8314288949191951,6,Geometry,Plane Geometry,Hard,Geometry,Plane Geometry | Solid Geometry,Hard
MATHNET-0da8,MATHNET-07oq,0.8314007387493751,2,Geometry,Plane Geometry,Medium,Geometry,Plane Geometry,Medium
MATHNET-07oq,MATHNET-0da8,0.8314007387493751,1,Geometry,Plane Geometry,Medium,Geometry,Plane Geometry,Medium
MATHNET-0inh,MATHNET-03ln,0.8313278836181491,9,Algebra | Number Theory,Algebraic Expressions | Diophantine Equations | Divisibility / Factorization,Very Hard,Algebra | Number Theory,Algebraic Expressions | Divisibility / Factorization | Modular Arithmetic,Very Hard
MATHNET-00by,MATHNET-0avj,0.831314382470832,5,Geometry,Plane Geometry,Hard,Geometry,Plane Geometry,Hard
MATHNET-0avj,MATHNET-00by,0.831314382470832,5,Geometry,Plane Geometry,Hard,Geometry,Plane Geometry,Hard
MATHNET-0hxe,MATHNET-06ct,0.8312566010607737,7,Geometry,Plane Geometry,Medium,Geometry,Plane Geometry,Medium
MATHNET-06ct,MATHNET-0hxe,0.8312566010607737,5,Geometry,Plane Geometry,Medium,Geometry,Plane Geometry,Medium
MATHNET-0j4z,MATHNET-06h1,0.8312028200272308,6,Geometry,Plane Geometry,Medium,Geometry,Plane Geometry,Hard
MATHNET-06h1,MATHNET-0j4z,0.8312028200272308,6,Geometry,Plane Geometry,Hard,Geometry,Plane Geometry,Medium
MATHNET-00md,MATHNET-0azg,0.8310639352915572,8,Algebra,Algebraic Expressions,Medium,Algebra,Algebraic Expressions,Medium
MATHNET-0azg,MATHNET-00md,0.8310639352915572,2,Algebra,Algebraic Expressions,Medium,Algebra,Algebraic Expressions,Medium
MATHNET-058t,MATHNET-01ef,0.830857432185659,2,Geometry,Plane Geometry,Medium,Geometry,Plane Geometry,Medium
MATHNET-01ef,MATHNET-058t,0.830857432185659,3,Geometry,Plane Geometry,Medium,Geometry,Plane Geometry,Medium
MATHNET-08n2,MATHNET-03w7,0.8308195495086197,2,Geometry,Plane Geometry,Hard,Geometry,Plane Geometry,Hard
MATHNET-03w7,MATHNET-08n2,0.8308195495086197,9,Geometry,Plane Geometry,Hard,Geometry,Plane Geometry,Hard
MATHNET-065e,MATHNET-0a9f,0.830654224747099,4,Geometry,Plane Geometry,Hard,Geometry,Plane Geometry,Hard
MATHNET-0a9f,MATHNET-065e,0.830654224747099,7,Geometry,Plane Geometry,Hard,Geometry,Plane Geometry,Hard
MATHNET-08a3,MATHNET-0ekm,0.8305872573037243,7,Algebra,Algebraic Expressions,Easy,Algebra,Algebraic Expressions,Easy
MATHNET-0ekm,MATHNET-08a3,0.8305872573037243,9,Algebra,Algebraic Expressions,Easy,Algebra,Algebraic Expressions,Easy
MATHNET-0bot,MATHNET-0jx0,0.8305869120689673,1,Algebra,Algebraic Expressions | Equations and Inequalities | Prealgebra / Basic Algebra,Medium,Algebra,Algebraic Expressions | Intermediate Algebra,Medium
MATHNET-0jx0,MATHNET-0bot,0.8305869120689673,3,Algebra,Algebraic Expressions | Intermediate Algebra,Medium,Algebra,Algebraic Expressions | Equations and Inequalities | Prealgebra / Basic Algebra,Medium
MATHNET-01dv,MATHNET-01f7,0.8303906189276646,2,Algebra,Algebraic Expressions,Hard,Algebra,Algebraic Expressions,Hard
MATHNET-01f7,MATHNET-01dv,0.8303906189276646,1,Algebra,Algebraic Expressions,Hard,Algebra,Algebraic Expressions,Hard
MATHNET-0kpx,MATHNET-0jzx,0.8299975402540553,8,Algebra,Algebraic Expressions | Intermediate Algebra,Easy,Algebra,Algebraic Expressions | Equations and Inequalities,Easy
MATHNET-01n3,MATHNET-0d9u,0.8299563349075892,3,Algebra,Algebraic Expressions,Hard,Algebra,Algebraic Expressions,Very Hard
MATHNET-0d9u,MATHNET-01n3,0.8299563349075892,5,Algebra,Algebraic Expressions,Very Hard,Algebra,Algebraic Expressions,Hard
MATHNET-0dyh,MATHNET-06nq,0.8297236280414265,7,Geometry,Plane Geometry,Hard,Geometry,Plane Geometry,Hard
MATHNET-06nq,MATHNET-0dyh,0.8297236280414265,5,Geometry,Plane Geometry,Hard,Geometry,Plane Geometry,Hard
MATHNET-0bxl,MATHNET-08kv,0.8296058908673113,3,Geometry,Plane Geometry,Medium,Geometry,Plane Geometry,Medium
MATHNET-08kv,MATHNET-0bxl,0.8296058908673113,6,Geometry,Plane Geometry,Medium,Geometry,Plane Geometry,Medium
MATHNET-0d6i,MATHNET-01rg,0.8292567955028515,2,Geometry,Plane Geometry,Medium,Geometry,Plane Geometry,Medium
MATHNET-01rg,MATHNET-0d6i,0.8292567955028515,3,Geometry,Plane Geometry,Medium,Geometry,Plane Geometry,Medium
MATHNET-0g45,MATHNET-077k,0.8292339130099448,4,Algebra,Algebraic Expressions | Equations and Inequalities,Very Hard,Algebra,Algebraic Expressions,Very Hard
MATHNET-0j2y,MATHNET-043v,0.829209292537151,6,Algebra,Algebraic Expressions,Easy,Algebra,Equations and Inequalities | Intermediate Algebra,Easy
MATHNET-043v,MATHNET-0j2y,0.829209292537151,5,Algebra,Equations and Inequalities | Intermediate Algebra,Easy,Algebra,Algebraic Expressions,Easy
MATHNET-0g9d,MATHNET-0cr9,0.8291754322423049,2,Geometry,Plane Geometry,Medium,Geometry,Plane Geometry,Medium
MATHNET-08pg,MATHNET-0jnd,0.8289362836689188,2,Number Theory,Divisibility / Factorization | Modular Arithmetic,Hard,Number Theory,Divisibility / Factorization | Modular Arithmetic,Hard
MATHNET-0jnd,MATHNET-08pg,0.8289362836689188,2,Number Theory,Divisibility / Factorization | Modular Arithmetic,Hard,Number Theory,Divisibility / Factorization | Modular Arithmetic,Hard
MATHNET-0cvk,MATHNET-02ca,0.8288852456101364,3,Discrete Mathematics,Combinatorics,Easy,Discrete Mathematics,Combinatorics,Easy
MATHNET-02ca,MATHNET-0cvk,0.8288852456101364,8,Discrete Mathematics,Combinatorics,Easy,Discrete Mathematics,Combinatorics,Easy
MATHNET-08kq,MATHNET-05j5,0.8287724921480123,5,Geometry,Plane Geometry,Easy,Geometry,Plane Geometry,Easy
MATHNET-05j5,MATHNET-08kq,0.8287724921480123,8,Geometry,Plane Geometry,Easy,Geometry,Plane Geometry,Easy
MATHNET-0bnb,MATHNET-067b,0.828735756118849,5,Algebra,Equations and Inequalities,Medium,Algebra,Algebraic Expressions | Prealgebra / Basic Algebra,Easy
MATHNET-0ibi,MATHNET-0bn3,0.8285504989657234,5,Geometry,Plane Geometry,Medium,Geometry,Plane Geometry,Medium
MATHNET-0bn3,MATHNET-0ibi,0.8285504989657234,8,Geometry,Plane Geometry,Medium,Geometry,Plane Geometry,Medium
MATHNET-081p,MATHNET-09vi,0.8285044088622368,10,Geometry,Plane Geometry,Medium,Geometry,Plane Geometry,Medium
MATHNET-08kv,MATHNET-0hog,0.8283745635466309,7,Geometry,Plane Geometry,Medium,Geometry,Plane Geometry,Medium
MATHNET-0hog,MATHNET-08kv,0.8283745635466309,8,Geometry,Plane Geometry,Medium,Geometry,Plane Geometry,Medium
MATHNET-08o1,MATHNET-06h1,0.8283060080008514,7,Geometry,Plane Geometry,Hard,Geometry,Plane Geometry,Hard
MATHNET-06h1,MATHNET-08o1,0.8283060080008514,7,Geometry,Plane Geometry,Hard,Geometry,Plane Geometry,Hard
MATHNET-0inz,MATHNET-03f4,0.8282905356024587,8,Algebra,Algebraic Expressions,Medium,Algebra,Equations and Inequalities | Intermediate Algebra,Medium
MATHNET-06xr,MATHNET-0dzm,0.8282796624038413,4,Geometry,Plane Geometry,Hard,Geometry,Plane Geometry,Hard
MATHNET-0dzm,MATHNET-06xr,0.8282796624038413,3,Geometry,Plane Geometry,Hard,Geometry,Plane Geometry,Hard
MATHNET-0bnb,MATHNET-023t,0.8282592705035654,6,Algebra,Equations and Inequalities,Medium,Algebra,Equations and Inequalities | Prealgebra / Basic Algebra,Medium
MATHNET-023t,MATHNET-0bnb,0.8282592705035654,3,Algebra,Equations and Inequalities | Prealgebra / Basic Algebra,Medium,Algebra,Equations and Inequalities,Medium
MATHNET-07r9,MATHNET-0kpx,0.8280738321547486,9,Algebra,Algebraic Expressions | Intermediate Algebra | Prealgebra / Basic Algebra,Medium,Algebra,Algebraic Expressions | Intermediate Algebra,Easy
MATHNET-0kpx,MATHNET-07r9,0.8280738321547486,9,Algebra,Algebraic Expressions | Intermediate Algebra,Easy,Algebra,Algebraic Expressions | Intermediate Algebra | Prealgebra / Basic Algebra,Medium
MATHNET-0hai,MATHNET-05k2,0.8279763777650301,10,Algebra,Equations and Inequalities,Easy,Algebra,Algebraic Expressions | Equations and Inequalities,Medium
MATHNET-05k2,MATHNET-0hai,0.8279763777650301,6,Algebra,Algebraic Expressions | Equations and Inequalities,Medium,Algebra,Equations and Inequalities,Easy
MATHNET-0932,MATHNET-00h0,0.8278855881182285,6,Discrete Mathematics,Combinatorics,Very Hard,Discrete Mathematics,Combinatorics | Graph Theory,Very Hard
MATHNET-0b2w,MATHNET-056g,0.8277016861150516,5,Geometry,Plane Geometry,Medium,Geometry,Plane Geometry,Medium
MATHNET-056g,MATHNET-0b2w,0.8277016861150516,1,Geometry,Plane Geometry,Medium,Geometry,Plane Geometry,Medium
MATHNET-0cmp,MATHNET-0gj4,0.8276194241650066,2,Discrete Mathematics,Combinatorics | Other,Medium,Discrete Mathematics,Combinatorics,Medium
MATHNET-0gj4,MATHNET-0cmp,0.8276194241650066,6,Discrete Mathematics,Combinatorics,Medium,Discrete Mathematics,Combinatorics | Other,Medium
MATHNET-0cgq,MATHNET-0l5r,0.8275391922971872,5,Algebra | Number Theory,Other | Prealgebra / Basic Algebra,Medium,Algebra | Number Theory,Algebraic Expressions | Modular Arithmetic,Medium
MATHNET-0l5r,MATHNET-0cgq,0.8275391922971872,2,Algebra | Number Theory,Algebraic Expressions | Modular Arithmetic,Medium,Algebra | Number Theory,Other | Prealgebra / Basic Algebra,Medium
MATHNET-0fre,MATHNET-09vi,0.8272191161910218,9,Geometry,Plane Geometry,Medium,Geometry,Plane Geometry,Medium
MATHNET-03x3,MATHNET-0adi,0.827159677093817,5,Algebra,Intermediate Algebra,Medium,Algebra,Intermediate Algebra,Medium
MATHNET-0adi,MATHNET-03x3,0.827159677093817,3,Algebra,Intermediate Algebra,Medium,Algebra,Intermediate Algebra,Medium
MATHNET-0l1k,MATHNET-056g,0.8271255012908496,2,Geometry,Plane Geometry,Medium,Geometry,Plane Geometry,Medium
MATHNET-056g,MATHNET-0l1k,0.8271255012908496,2,Geometry,Plane Geometry,Medium,Geometry,Plane Geometry,Medium
MATHNET-0clu,MATHNET-0lgk,0.8270521922681184,2,Geometry,Plane Geometry,Hard,Geometry,Plane Geometry,Hard
MATHNET-0lgk,MATHNET-0clu,0.8270521922681184,7,Geometry,Plane Geometry,Hard,Geometry,Plane Geometry,Hard
MATHNET-0759,MATHNET-01bj,0.8269454798599866,1,Discrete Mathematics | Geometry,Combinatorics | Plane Geometry,Hard,Discrete Mathematics | Geometry,Combinatorics | Plane Geometry,Hard
MATHNET-01bj,MATHNET-0759,0.8269454798599866,2,Discrete Mathematics | Geometry,Combinatorics | Plane Geometry,Hard,Discrete Mathematics | Geometry,Combinatorics | Plane Geometry,Hard
MATHNET-0kqa,MATHNET-00k4,0.826912712567123,1,Geometry,Plane Geometry,Hard,Geometry,Plane Geometry | Solid Geometry,Hard
MATHNET-00k4,MATHNET-0kqa,0.826912712567123,6,Geometry,Plane Geometry | Solid Geometry,Hard,Geometry,Plane Geometry,Hard
MATHNET-0bmd,MATHNET-0bwb,0.826732472856102,5,Algebra | Number Theory,Divisibility / Factorization | Modular Arithmetic | Prealgebra / Basic Algebra,Medium,Algebra | Number Theory,Algebraic Expressions | Algebraic Number Theory | Equations and Inequalities | Intermediate Algebra,Medium
MATHNET-0bwb,MATHNET-0bmd,0.826732472856102,5,Algebra | Number Theory,Algebraic Expressions | Algebraic Number Theory | Equations and Inequalities | Intermediate Algebra,Medium,Algebra | Number Theory,Divisibility / Factorization | Modular Arithmetic | Prealgebra / Basic Algebra,Medium
MATHNET-0doe,MATHNET-09q7,0.8265730015393432,9,Geometry,Plane Geometry,Medium,Geometry,Plane Geometry,Medium
MATHNET-0212,MATHNET-0eu5,0.8264621379586777,9,Discrete Mathematics,Combinatorics,Very Hard,Discrete Mathematics,Combinatorics,Very Hard
MATHNET-0eu5,MATHNET-0212,0.8264621379586777,9,Discrete Mathematics,Combinatorics,Very Hard,Discrete Mathematics,Combinatorics,Very Hard
MATHNET-076g,MATHNET-0dzm,0.8263928383088176,1,Geometry,Plane Geometry,Hard,Geometry,Plane Geometry,Hard
MATHNET-0dzm,MATHNET-076g,0.8263928383088176,4,Geometry,Plane Geometry,Hard,Geometry,Plane Geometry,Hard
MATHNET-022e,MATHNET-0bui,0.8263528797551842,7,Algebra,Prealgebra / Basic Algebra,Medium,Algebra,Prealgebra / Basic Algebra,Easy
MATHNET-0bui,MATHNET-022e,0.8263528797551842,5,Algebra,Prealgebra / Basic Algebra,Easy,Algebra,Prealgebra / Basic Algebra,Medium
MATHNET-0ibi,MATHNET-007a,0.8263317726535881,6,Geometry,Plane Geometry,Medium,Geometry,Plane Geometry,Medium
MATHNET-007a,MATHNET-0ibi,0.8263317726535881,3,Geometry,Plane Geometry,Medium,Geometry,Plane Geometry,Medium
MATHNET-0dv1,MATHNET-014t,0.8263183108697423,3,Number Theory,Modular Arithmetic,Easy,Number Theory,Other,Easy
MATHNET-0g9d,MATHNET-0g1n,0.8262492445467715,3,Geometry,Plane Geometry,Medium,Geometry,Plane Geometry,Medium
MATHNET-0g1n,MATHNET-0g9d,0.8262492445467715,9,Geometry,Plane Geometry,Medium,Geometry,Plane Geometry,Medium
MATHNET-0et0,MATHNET-0hsp,0.8261740463248298,1,Geometry,Plane Geometry,Hard,Geometry,Plane Geometry | Solid Geometry,Very Hard
MATHNET-0hsp,MATHNET-0et0,0.8261740463248298,2,Geometry,Plane Geometry | Solid Geometry,Very Hard,Geometry,Plane Geometry,Hard
MATHNET-0d0s,MATHNET-0e08,0.8261737393620374,8,Algebra,Algebraic Expressions | Prealgebra / Basic Algebra,Easy,Algebra,Algebraic Expressions | Prealgebra / Basic Algebra,Easy
MATHNET-02uo,MATHNET-0fev,0.8260516038545286,8,Algebra,Prealgebra / Basic Algebra,Easy,Algebra,Equations and Inequalities | Intermediate Algebra | Prealgebra / Basic Algebra,Easy
MATHNET-0g1b,MATHNET-0g3p,0.8258703246501623,7,Geometry,Plane Geometry,Hard,Geometry,Plane Geometry,Medium
MATHNET-0jp5,MATHNET-0ka4,0.8258297043486514,7,Geometry,Plane Geometry,Medium,Geometry,Plane Geometry,Medium
MATHNET-03tp,MATHNET-0ecu,0.8257908573597817,2,Algebra,Equations and Inequalities,Medium,Algebra,Prealgebra / Basic Algebra,Medium
MATHNET-0ecu,MATHNET-03tp,0.8257908573597817,1,Algebra,Prealgebra / Basic Algebra,Medium,Algebra,Equations and Inequalities,Medium
MATHNET-0fvm,MATHNET-0cvb,0.8254303126843038,4,Discrete Mathematics,Combinatorics,Medium,Discrete Mathematics,Combinatorics,Medium
MATHNET-0cvb,MATHNET-0fvm,0.8254303126843038,2,Discrete Mathematics,Combinatorics,Medium,Discrete Mathematics,Combinatorics,Medium
MATHNET-02pg,MATHNET-0az2,0.8253728760067081,7,Discrete Mathematics,Combinatorics,Easy,Discrete Mathematics,Combinatorics,Easy
MATHNET-0az2,MATHNET-02pg,0.8253728760067081,9,Discrete Mathematics,Combinatorics,Easy,Discrete Mathematics,Combinatorics,Easy
MATHNET-09iq,MATHNET-0hog,0.8253544867083431,6,Geometry,Plane Geometry,Medium,Geometry,Plane Geometry,Medium
MATHNET-0hog,MATHNET-09iq,0.8253544867083431,10,Geometry,Plane Geometry,Medium,Geometry,Plane Geometry,Medium
MATHNET-0feu,MATHNET-0fyo,0.8253067451443064,7,Discrete Mathematics,Combinatorics,Easy,Discrete Mathematics,Combinatorics,Easy
MATHNET-00yo,MATHNET-0e06,0.8251538414716504,1,Algebra,Algebraic Expressions,Medium,Algebra,Algebraic Expressions,Medium
MATHNET-0e06,MATHNET-00yo,0.8251538414716504,1,Algebra,Algebraic Expressions,Medium,Algebra,Algebraic Expressions,Medium
MATHNET-00p6,MATHNET-0ibu,0.8250630857875322,9,Number Theory,Algebraic Number Theory | Diophantine Equations,Medium,Number Theory,Divisibility / Factorization | Modular Arithmetic,Easy
MATHNET-0aj5,MATHNET-08n2,0.8249624685063558,3,Geometry,Plane Geometry,Hard,Geometry,Plane Geometry,Hard
MATHNET-08n2,MATHNET-0aj5,0.8249624685063558,3,Geometry,Plane Geometry,Hard,Geometry,Plane Geometry,Hard
MATHNET-0d0v,MATHNET-0dzm,0.8249565516546155,5,Geometry,Plane Geometry,Hard,Geometry,Plane Geometry,Hard
MATHNET-0dzm,MATHNET-0d0v,0.8249565516546155,5,Geometry,Plane Geometry,Hard,Geometry,Plane Geometry,Hard
MATHNET-01tp,MATHNET-0kfj,0.8248525804780625,2,Algebra,Equations and Inequalities,Medium,Algebra,Algebraic Expressions,Medium
MATHNET-0kfj,MATHNET-01tp,0.8248525804780625,5,Algebra,Algebraic Expressions,Medium,Algebra,Equations and Inequalities,Medium
MATHNET-0bui,MATHNET-05qs,0.8246764141384795,6,Algebra,Prealgebra / Basic Algebra,Easy,Algebra,Algebraic Expressions,Easy
MATHNET-05qs,MATHNET-0bui,0.8246764141384795,5,Algebra,Algebraic Expressions,Easy,Algebra,Prealgebra / Basic Algebra,Easy
MATHNET-029t,MATHNET-022e,0.8246511176522038,6,Algebra,Algebraic Expressions | Equations and Inequalities,Medium,Algebra,Prealgebra / Basic Algebra,Medium
MATHNET-022e,MATHNET-029t,0.8246511176522038,8,Algebra,Prealgebra / Basic Algebra,Medium,Algebra,Algebraic Expressions | Equations and Inequalities,Medium
MATHNET-07l8,MATHNET-03n2,0.8246189035591732,1,Geometry,Plane Geometry,Hard,Geometry,Plane Geometry,Hard
MATHNET-03n2,MATHNET-07l8,0.8246189035591732,1,Geometry,Plane Geometry,Hard,Geometry,Plane Geometry,Hard
MATHNET-0bnh,MATHNET-03f4,0.8244095905268544,6,Algebra,Algebraic Expressions,Medium,Algebra,Equations and Inequalities | Intermediate Algebra,Medium
MATHNET-0aus,MATHNET-0bn3,0.8243447903165934,5,Geometry,Plane Geometry,Medium,Geometry,Plane Geometry,Medium
MATHNET-0bn3,MATHNET-0aus,0.8243447903165934,9,Geometry,Plane Geometry,Medium,Geometry,Plane Geometry,Medium
MATHNET-09c4,MATHNET-0h8g,0.8241241542188897,8,Number Theory,Diophantine Equations | Divisibility / Factorization,Medium,Number Theory,Divisibility / Factorization,Medium
MATHNET-0h8g,MATHNET-09c4,0.8241241542188897,7,Number Theory,Divisibility / Factorization,Medium,Number Theory,Diophantine Equations | Divisibility / Factorization,Medium
MATHNET-0eex,MATHNET-023f,0.8241094806957078,1,Discrete Mathematics,Combinatorics,Medium,Discrete Mathematics,Combinatorics,Easy
MATHNET-023f,MATHNET-0eex,0.8241094806957078,1,Discrete Mathematics,Combinatorics,Easy,Discrete Mathematics,Combinatorics,Medium
MATHNET-0j0k,MATHNET-0f3f,0.8240840477989009,2,Discrete Mathematics,Combinatorics | Graph Theory,Medium,Discrete Mathematics,Combinatorics,Medium
MATHNET-0f3f,MATHNET-0j0k,0.8240840477989009,2,Discrete Mathematics,Combinatorics,Medium,Discrete Mathematics,Combinatorics | Graph Theory,Medium
MATHNET-02qx,MATHNET-0fhe,0.8237791044441671,10,Geometry,Plane Geometry,Medium,Geometry,Plane Geometry,Medium
MATHNET-08pi,MATHNET-06rf,0.8237569162868679,4,Discrete Mathematics | Geometry,Combinatorics | Plane Geometry,Very Hard,Discrete Mathematics | Geometry,Combinatorics | Plane Geometry,Very Hard
MATHNET-06rf,MATHNET-08pi,0.8237569162868679,5,Discrete Mathematics | Geometry,Combinatorics | Plane Geometry,Very Hard,Discrete Mathematics | Geometry,Combinatorics | Plane Geometry,Very Hard
MATHNET-0cc6,MATHNET-0dyh,0.8231899675401667,3,Geometry,Plane Geometry,Hard,Geometry,Plane Geometry,Hard
MATHNET-0dyh,MATHNET-0cc6,0.8231899675401667,8,Geometry,Plane Geometry,Hard,Geometry,Plane Geometry,Hard
MATHNET-0bg5,MATHNET-0hfw,0.8230443237496589,9,Geometry,Plane Geometry,Easy,Geometry,Plane Geometry,Easy
MATHNET-0au7,MATHNET-0d1o,0.8228887721644599,1,Discrete Mathematics,Combinatorics,Hard,Discrete Mathematics,Combinatorics,Hard
MATHNET-0d1o,MATHNET-0au7,0.8228887721644599,3,Discrete Mathematics,Combinatorics,Hard,Discrete Mathematics,Combinatorics,Hard
MATHNET-0fvr,MATHNET-02ya,0.8225894075677748,9,Geometry,Plane Geometry,Medium,Geometry,Plane Geometry,Medium
MATHNET-0g45,MATHNET-06y4,0.8223686469757934,7,Algebra,Algebraic Expressions | Equations and Inequalities,Very Hard,Algebra,Algebraic Expressions,Very Hard
MATHNET-06y4,MATHNET-0g45,0.8223686469757934,3,Algebra,Algebraic Expressions,Very Hard,Algebra,Algebraic Expressions | Equations and Inequalities,Very Hard
MATHNET-0930,MATHNET-092p,0.8222470698854135,3,Algebra,Algebraic Expressions,Very Hard,Algebra,Algebraic Expressions,Very Hard
MATHNET-092p,MATHNET-0930,0.8222470698854135,1,Algebra,Algebraic Expressions,Very Hard,Algebra,Algebraic Expressions,Very Hard
MATHNET-0dnv,MATHNET-05lp,0.8222079676680167,3,Discrete Mathematics,Combinatorics,Medium,Discrete Mathematics,Combinatorics,Medium
MATHNET-05lp,MATHNET-0dnv,0.8222079676680167,2,Discrete Mathematics,Combinatorics,Medium,Discrete Mathematics,Combinatorics,Medium
MATHNET-0ia7,MATHNET-0axv,0.8219005395552308,7,Algebra,Algebraic Expressions,Easy,Algebra,Algebraic Expressions,Easy
MATHNET-0axv,MATHNET-0ia7,0.8219005395552308,10,Algebra,Algebraic Expressions,Easy,Algebra,Algebraic Expressions,Easy
MATHNET-058t,MATHNET-01rg,0.821552029141127,3,Geometry,Plane Geometry,Medium,Geometry,Plane Geometry,Medium
MATHNET-01rg,MATHNET-058t,0.821552029141127,4,Geometry,Plane Geometry,Medium,Geometry,Plane Geometry,Medium
MATHNET-0dmg,MATHNET-08ek,0.8211510827009931,3,Algebra,Algebraic Expressions | Equations and Inequalities,Medium,Algebra,Algebraic Expressions,Medium
MATHNET-08ek,MATHNET-0dmg,0.8211510827009931,6,Algebra,Algebraic Expressions,Medium,Algebra,Algebraic Expressions | Equations and Inequalities,Medium
MATHNET-0bxl,MATHNET-07oq,0.8210925142257511,4,Geometry,Plane Geometry,Medium,Geometry,Plane Geometry,Medium
MATHNET-07oq,MATHNET-0bxl,0.8210925142257511,2,Geometry,Plane Geometry,Medium,Geometry,Plane Geometry,Medium
MATHNET-038o,MATHNET-0htx,0.8210074983715535,2,Geometry,Plane Geometry,Medium,Geometry,Plane Geometry,Medium
MATHNET-0htx,MATHNET-038o,0.8210074983715535,2,Geometry,Plane Geometry,Medium,Geometry,Plane Geometry,Medium
MATHNET-0ibi,MATHNET-0hog,0.8209478496524578,7,Geometry,Plane Geometry,Medium,Geometry,Plane Geometry,Medium
MATHNET-0g1b,MATHNET-0dmc,0.8207772950670154,8,Geometry,Plane Geometry,Hard,Geometry,Plane Geometry,Hard
MATHNET-0hxe,MATHNET-0hog,0.8207522151414108,9,Geometry,Plane Geometry,Medium,Geometry,Plane Geometry,Medium
MATHNET-03gy,MATHNET-03nj,0.8206057458154752,2,Geometry,Plane Geometry,Hard,Geometry,Plane Geometry,Hard
MATHNET-03nj,MATHNET-03gy,0.8206057458154752,4,Geometry,Plane Geometry,Hard,Geometry,Plane Geometry,Hard
MATHNET-0925,MATHNET-0cc6,0.8205396503461219,8,Geometry,Plane Geometry,Hard,Geometry,Plane Geometry,Hard
MATHNET-0cc6,MATHNET-0925,0.8205396503461219,4,Geometry,Plane Geometry,Hard,Geometry,Plane Geometry,Hard
MATHNET-07l8,MATHNET-00up,0.8204249680819247,2,Geometry,Plane Geometry,Hard,Geometry,Plane Geometry,Hard
MATHNET-00up,MATHNET-07l8,0.8204249680819247,1,Geometry,Plane Geometry,Hard,Geometry,Plane Geometry,Hard
MATHNET-00ny,MATHNET-0dps,0.8202496791099008,10,Discrete Mathematics | Geometry,Combinatorics | Plane Geometry,Very Hard,Discrete Mathematics | Geometry,Combinatorics | Plane Geometry,Very Hard
MATHNET-0aus,MATHNET-0dts,0.8202281895864401,6,Geometry,Plane Geometry,Medium,Geometry,Plane Geometry,Medium
MATHNET-0dts,MATHNET-0aus,0.8202281895864401,8,Geometry,Plane Geometry,Medium,Geometry,Plane Geometry,Medium
MATHNET-0kw5,MATHNET-0l31,0.8201867167762937,2,Geometry,Plane Geometry,Hard,Geometry,Plane Geometry,Medium
MATHNET-0l31,MATHNET-0kw5,0.8201867167762937,1,Geometry,Plane Geometry,Medium,Geometry,Plane Geometry,Hard
MATHNET-0bxp,MATHNET-0hxe,0.820129212995504,4,Geometry,Plane Geometry,Medium,Geometry,Plane Geometry,Medium
MATHNET-0hxe,MATHNET-0bxp,0.820129212995504,10,Geometry,Plane Geometry,Medium,Geometry,Plane Geometry,Medium
MATHNET-09iq,MATHNET-09hf,0.8201218205798559,8,Geometry,Plane Geometry,Medium,Geometry,Plane Geometry,Medium
MATHNET-09hf,MATHNET-09iq,0.8201218205798559,5,Geometry,Plane Geometry,Medium,Geometry,Plane Geometry,Medium
MATHNET-04kx,MATHNET-06au,0.8201118329119881,1,Discrete Mathematics,Combinatorics,Hard,Discrete Mathematics,Combinatorics | Graph Theory,Hard
MATHNET-06au,MATHNET-04kx,0.8201118329119881,1,Discrete Mathematics,Combinatorics | Graph Theory,Hard,Discrete Mathematics,Combinatorics,Hard
MATHNET-02pg,MATHNET-05yi,0.8201101336498479,8,Discrete Mathematics,Combinatorics,Easy,Discrete Mathematics,Combinatorics,Easy
MATHNET-05yi,MATHNET-02pg,0.8201101336498479,3,Discrete Mathematics,Combinatorics,Easy,Discrete Mathematics,Combinatorics,Easy
MATHNET-0dyz,MATHNET-05ai,0.8200190692450369,1,Geometry,Plane Geometry,Medium,Geometry,Plane Geometry,Medium
MATHNET-05ai,MATHNET-0dyz,0.8200190692450369,1,Geometry,Plane Geometry,Medium,Geometry,Plane Geometry,Medium
MATHNET-06nq,MATHNET-0dpx,0.8199057922082904,6,Geometry,Plane Geometry,Hard,Geometry,Plane Geometry,Hard
MATHNET-0dpx,MATHNET-06nq,0.8199057922082904,7,Geometry,Plane Geometry,Hard,Geometry,Plane Geometry,Hard
MATHNET-056b,MATHNET-04ru,0.8198101416065027,2,Geometry,Plane Geometry,Very Hard,Geometry,Plane Geometry,Very Hard
MATHNET-020e,MATHNET-0bzc,0.81972299664177,10,Geometry,Plane Geometry,Very Hard,Geometry,Plane Geometry,Very Hard
MATHNET-0f88,MATHNET-039t,0.8194553547963218,10,Geometry,Plane Geometry,Easy,Geometry,Plane Geometry,Easy
MATHNET-0bnb,MATHNET-0ads,0.8194108447931483,7,Algebra,Equations and Inequalities,Medium,Algebra,Algebraic Expressions,Easy
MATHNET-09do,MATHNET-0egg,0.8194078359255755,9,Algebra,Algebraic Expressions | Equations and Inequalities,Medium,Algebra,Algebraic Expressions | Prealgebra / Basic Algebra,Medium
MATHNET-0egg,MATHNET-09do,0.8194078359255755,6,Algebra,Algebraic Expressions | Prealgebra / Basic Algebra,Medium,Algebra,Algebraic Expressions | Equations and Inequalities,Medium
MATHNET-00up,MATHNET-01b7,0.8192269079258812,2,Geometry,Plane Geometry,Hard,Geometry,Plane Geometry,Hard
MATHNET-01b7,MATHNET-00up,0.8192269079258812,3,Geometry,Plane Geometry,Hard,Geometry,Plane Geometry,Hard
MATHNET-023t,MATHNET-067b,0.8190608857129277,4,Algebra,Equations and Inequalities | Prealgebra / Basic Algebra,Medium,Algebra,Algebraic Expressions | Prealgebra / Basic Algebra,Easy
MATHNET-0fvr,MATHNET-0h3f,0.8187824526098846,10,Geometry,Plane Geometry,Medium,Geometry,Plane Geometry,Medium
MATHNET-0gda,MATHNET-0h3e,0.8187557819060419,7,Discrete Mathematics,Combinatorics,Easy,Discrete Mathematics,Combinatorics | Logic,Easy
MATHNET-0fxg,MATHNET-0cvk,0.8187503890161136,7,Discrete Mathematics,Combinatorics,Easy,Discrete Mathematics,Combinatorics,Easy
MATHNET-0cvk,MATHNET-0fxg,0.8187503890161136,4,Discrete Mathematics,Combinatorics,Easy,Discrete Mathematics,Combinatorics,Easy
MATHNET-0h61,MATHNET-07uh,0.8182560645295291,7,Geometry,Plane Geometry,Very Hard,Geometry,Plane Geometry,Very Hard
MATHNET-07uh,MATHNET-0h61,0.8182560645295291,3,Geometry,Plane Geometry,Very Hard,Geometry,Plane Geometry,Very Hard
MATHNET-0j4z,MATHNET-0k4h,0.8181969352936375,9,Geometry,Plane Geometry,Medium,Geometry,Plane Geometry,Medium
MATHNET-0k4h,MATHNET-0j4z,0.8181969352936375,4,Geometry,Plane Geometry,Medium,Geometry,Plane Geometry,Medium
MATHNET-0j4z,MATHNET-0avj,0.8181795324990077,10,Geometry,Plane Geometry,Medium,Geometry,Plane Geometry,Hard
MATHNET-0avj,MATHNET-0j4z,0.8181795324990077,6,Geometry,Plane Geometry,Hard,Geometry,Plane Geometry,Medium
MATHNET-0dyh,MATHNET-0etj,0.8181508622799,9,Geometry,Plane Geometry,Hard,Geometry,Plane Geometry,Hard
MATHNET-0etj,MATHNET-0dyh,0.8181508622799,3,Geometry,Plane Geometry,Hard,Geometry,Plane Geometry,Hard
MATHNET-0f3f,MATHNET-00xp,0.8180792239483273,3,Discrete Mathematics,Combinatorics,Medium,Discrete Mathematics,Combinatorics,Medium
MATHNET-00xp,MATHNET-0f3f,0.8180792239483273,1,Discrete Mathematics,Combinatorics,Medium,Discrete Mathematics,Combinatorics,Medium
MATHNET-00ps,MATHNET-0inh,0.8179351732768179,4,Algebra | Number Theory,Diophantine Equations | Divisibility / Factorization | Equations and Inequalities,Very Hard,Algebra | Number Theory,Algebraic Expressions | Diophantine Equations | Divisibility / Factorization,Very Hard
MATHNET-09pd,MATHNET-01rg,0.8178720211298776,2,Geometry,Plane Geometry,Medium,Geometry,Plane Geometry,Medium
MATHNET-01rg,MATHNET-09pd,0.8178720211298776,5,Geometry,Plane Geometry,Medium,Geometry,Plane Geometry,Medium
MATHNET-022e,MATHNET-0fv2,0.8178690786068192,9,Algebra,Prealgebra / Basic Algebra,Medium,Algebra,Algebraic Expressions,Easy
MATHNET-0gtj,MATHNET-0h46,0.8177686809666135,9,Algebra,Equations and Inequalities,Easy,Algebra,Algebraic Expressions,Easy
MATHNET-0est,MATHNET-01rg,0.8176837610934811,4,Geometry,Plane Geometry,Medium,Geometry,Plane Geometry,Medium
MATHNET-01rg,MATHNET-0est,0.8176837610934811,6,Geometry,Plane Geometry,Medium,Geometry,Plane Geometry,Medium
MATHNET-00k4,MATHNET-08o1,0.8176785369790804,7,Geometry,Plane Geometry | Solid Geometry,Hard,Geometry,Plane Geometry,Hard
MATHNET-08o1,MATHNET-00k4,0.8176785369790804,8,Geometry,Plane Geometry,Hard,Geometry,Plane Geometry | Solid Geometry,Hard
MATHNET-0f42,MATHNET-0gqo,0.8175799754823226,5,Algebra,Algebraic Expressions | Equations and Inequalities,Easy,Algebra,Equations and Inequalities,Easy
MATHNET-007d,MATHNET-037b,0.8175272342597034,3,Geometry,Plane Geometry,Medium,Geometry,Plane Geometry,Medium
MATHNET-037b,MATHNET-007d,0.8175272342597034,3,Geometry,Plane Geometry,Medium,Geometry,Plane Geometry,Medium
MATHNET-0jgz,MATHNET-03ln,0.817440200728291,10,Algebra | Number Theory,Algebraic Expressions | Divisibility / Factorization | Modular Arithmetic,Very Hard,Algebra | Number Theory,Algebraic Expressions | Divisibility / Factorization | Modular Arithmetic,Very Hard
MATHNET-0ax4,MATHNET-04ru,0.8173977603988087,3,Geometry,Plane Geometry,Very Hard,Geometry,Plane Geometry,Very Hard
MATHNET-0clu,MATHNET-0dzm,0.817290385611295,3,Geometry,Plane Geometry,Hard,Geometry,Plane Geometry,Hard
MATHNET-0dzm,MATHNET-0clu,0.817290385611295,6,Geometry,Plane Geometry,Hard,Geometry,Plane Geometry,Hard
MATHNET-0g1b,MATHNET-0855,0.8172204977381757,10,Geometry,Plane Geometry,Hard,Geometry,Plane Geometry,Hard
MATHNET-0egg,MATHNET-0fv2,0.8171021265982765,7,Algebra,Algebraic Expressions | Prealgebra / Basic Algebra,Medium,Algebra,Algebraic Expressions,Easy
MATHNET-0cvk,MATHNET-05yi,0.8169538790113227,5,Discrete Mathematics,Combinatorics,Easy,Discrete Mathematics,Combinatorics,Easy
MATHNET-05yi,MATHNET-0cvk,0.8169538790113227,5,Discrete Mathematics,Combinatorics,Easy,Discrete Mathematics,Combinatorics,Easy
MATHNET-0d0s,MATHNET-0f42,0.8168327144340732,10,Algebra,Algebraic Expressions | Prealgebra / Basic Algebra,Easy,Algebra,Algebraic Expressions | Equations and Inequalities,Easy
MATHNET-0f42,MATHNET-0d0s,0.8168327144340732,6,Algebra,Algebraic Expressions | Equations and Inequalities,Easy,Algebra,Algebraic Expressions | Prealgebra / Basic Algebra,Easy
MATHNET-0h8n,MATHNET-0l5j,0.81681156532498,10,Geometry,Plane Geometry,Easy,Geometry,Plane Geometry,Easy
MATHNET-01u9,MATHNET-08rj,0.8167538268684883,1,Geometry,Plane Geometry,Medium,Geometry,Solid Geometry,Medium
MATHNET-08rj,MATHNET-01u9,0.8167538268684883,2,Geometry,Solid Geometry,Medium,Geometry,Plane Geometry,Medium
MATHNET-00by,MATHNET-0a53,0.8165737785606397,8,Geometry,Plane Geometry,Hard,Geometry,Plane Geometry,Hard
MATHNET-0a53,MATHNET-00by,0.8165737785606397,1,Geometry,Plane Geometry,Hard,Geometry,Plane Geometry,Hard
MATHNET-076g,MATHNET-0lgk,0.8165178285564313,2,Geometry,Plane Geometry,Hard,Geometry,Plane Geometry,Hard
MATHNET-0lgk,MATHNET-076g,0.8165178285564313,8,Geometry,Plane Geometry,Hard,Geometry,Plane Geometry,Hard
MATHNET-022e,MATHNET-0220,0.816437092546927,10,Algebra,Prealgebra / Basic Algebra,Medium,Algebra,Prealgebra / Basic Algebra,Medium
MATHNET-0220,MATHNET-022e,0.816437092546927,8,Algebra,Prealgebra / Basic Algebra,Medium,Algebra,Prealgebra / Basic Algebra,Medium
MATHNET-0ed9,MATHNET-0et0,0.8163223569586749,2,Geometry,Plane Geometry,Hard,Geometry,Plane Geometry,Hard
MATHNET-0et0,MATHNET-0ed9,0.8163223569586749,3,Geometry,Plane Geometry,Hard,Geometry,Plane Geometry,Hard
MATHNET-05vy,MATHNET-09sr,0.8162337885642119,8,Geometry,Plane Geometry,Medium,Geometry,Plane Geometry,Medium
MATHNET-09hf,MATHNET-0ibi,0.8162055275900238,6,Geometry,Plane Geometry,Medium,Geometry,Plane Geometry,Medium
MATHNET-0ibi,MATHNET-09hf,0.8162055275900238,8,Geometry,Plane Geometry,Medium,Geometry,Plane Geometry,Medium
MATHNET-09do,MATHNET-0hai,0.816183303238083,10,Algebra,Algebraic Expressions | Equations and Inequalities,Medium,Algebra,Equations and Inequalities,Easy
MATHNET-062q,MATHNET-0fx2,0.8161768101197832,10,Number Theory,Diophantine Equations | Modular Arithmetic | Residues and Primitive Roots,Medium,Number Theory,Diophantine Equations | Divisibility / Factorization,Medium
MATHNET-0il8,MATHNET-0ads,0.8161748110924683,5,Algebra,Algebraic Expressions,Easy,Algebra,Algebraic Expressions,Easy
MATHNET-06rf,MATHNET-03e9,0.8159721935789742,6,Discrete Mathematics | Geometry,Combinatorics | Plane Geometry,Very Hard,Discrete Mathematics | Geometry,Combinatorics | Plane Geometry,Very Hard
MATHNET-0hc1,MATHNET-0ibu,0.8158926786247713,9,Number Theory,Modular Arithmetic,Medium,Number Theory,Divisibility / Factorization | Modular Arithmetic,Easy
MATHNET-0kd5,MATHNET-0a7r,0.8158023111121924,3,Geometry,Plane Geometry | Solid Geometry,Medium,Geometry,Plane Geometry,Medium
MATHNET-0a7r,MATHNET-0kd5,0.8158023111121924,3,Geometry,Plane Geometry,Medium,Geometry,Plane Geometry | Solid Geometry,Medium
MATHNET-0adi,MATHNET-0azg,0.8155979112324522,5,Algebra,Intermediate Algebra,Medium,Algebra,Algebraic Expressions,Medium
MATHNET-0azg,MATHNET-0adi,0.8155979112324522,5,Algebra,Algebraic Expressions,Medium,Algebra,Intermediate Algebra,Medium
MATHNET-0glc,MATHNET-0217,0.8153641608352279,5,Geometry,Plane Geometry,Very Hard,Geometry,Plane Geometry,Very Hard
MATHNET-0217,MATHNET-0glc,0.8153641608352279,7,Geometry,Plane Geometry,Very Hard,Geometry,Plane Geometry,Very Hard
MATHNET-00cv,MATHNET-0fj3,0.815317645343128,7,Algebra | Discrete Mathematics,Algebraic Expressions | Combinatorics | Prealgebra / Basic Algebra,Medium,Algebra | Discrete Mathematics,Algebraic Expressions | Combinatorics,Easy
MATHNET-03w7,MATHNET-0etj,0.8153074901691186,10,Geometry,Plane Geometry,Hard,Geometry,Plane Geometry,Hard
MATHNET-0etj,MATHNET-03w7,0.8153074901691186,4,Geometry,Plane Geometry,Hard,Geometry,Plane Geometry,Hard
MATHNET-01rg,MATHNET-0a7r,0.8152843172100547,9,Geometry,Plane Geometry,Medium,Geometry,Plane Geometry,Medium
MATHNET-0a7r,MATHNET-01rg,0.8152843172100547,4,Geometry,Plane Geometry,Medium,Geometry,Plane Geometry,Medium
MATHNET-0d4o,MATHNET-072g,0.8151539330310299,1,Algebra | Discrete Mathematics,Algebraic Expressions | Combinatorics | Equations and Inequalities,Hard,Algebra | Discrete Mathematics,Combinatorics | Prealgebra / Basic Algebra,Hard
MATHNET-072g,MATHNET-0d4o,0.8151539330310299,2,Algebra | Discrete Mathematics,Combinatorics | Prealgebra / Basic Algebra,Hard,Algebra | Discrete Mathematics,Algebraic Expressions | Combinatorics | Equations and Inequalities,Hard
MATHNET-0az2,MATHNET-02ca,0.8151521850454804,10,Discrete Mathematics,Combinatorics,Easy,Discrete Mathematics,Combinatorics,Easy
MATHNET-0eao,MATHNET-0axe,0.8150671871555262,8,Algebra,Prealgebra / Basic Algebra,Easy,Algebra,Intermediate Algebra | Prealgebra / Basic Algebra,Easy
MATHNET-0e8i,MATHNET-0axe,0.8150671871555262,8,Algebra,Algebraic Expressions | Prealgebra / Basic Algebra,Easy,Algebra,Intermediate Algebra | Prealgebra / Basic Algebra,Easy
MATHNET-0axe,MATHNET-0e84,0.8150671871555262,8,Algebra,Intermediate Algebra | Prealgebra / Basic Algebra,Easy,Algebra,Algebraic Expressions,Easy
MATHNET-0axe,MATHNET-0e8i,0.8150671871555262,6,Algebra,Intermediate Algebra | Prealgebra / Basic Algebra,Easy,Algebra,Algebraic Expressions | Prealgebra / Basic Algebra,Easy
MATHNET-0e84,MATHNET-0axe,0.8150671871555262,8,Algebra,Algebraic Expressions,Easy,Algebra,Intermediate Algebra | Prealgebra / Basic Algebra,Easy
MATHNET-0axe,MATHNET-0eao,0.8150671871555262,7,Algebra,Intermediate Algebra | Prealgebra / Basic Algebra,Easy,Algebra,Prealgebra / Basic Algebra,Easy
MATHNET-0cnn,MATHNET-0dpx,0.8150540581244484,5,Geometry,Plane Geometry,Hard,Geometry,Plane Geometry,Hard
MATHNET-0dpx,MATHNET-0cnn,0.8150540581244484,8,Geometry,Plane Geometry,Hard,Geometry,Plane Geometry,Hard
MATHNET-0932,MATHNET-0eu5,0.8149736130396443,8,Discrete Mathematics,Combinatorics,Very Hard,Discrete Mathematics,Combinatorics,Very Hard
MATHNET-0inz,MATHNET-0azg,0.8149474532792198,9,Algebra,Algebraic Expressions,Medium,Algebra,Algebraic Expressions,Medium
MATHNET-0azg,MATHNET-0inz,0.8149474532792198,6,Algebra,Algebraic Expressions,Medium,Algebra,Algebraic Expressions,Medium
MATHNET-0fwn,MATHNET-0efx,0.8149089209098622,3,Algebra,Equations and Inequalities,Medium,Algebra,Algebraic Expressions | Equations and Inequalities | Intermediate Algebra,Medium
MATHNET-0efx,MATHNET-0fwn,0.8149089209098622,6,Algebra,Algebraic Expressions | Equations and Inequalities | Intermediate Algebra,Medium,Algebra,Equations and Inequalities,Medium
MATHNET-0gyd,MATHNET-0bn3,0.814711799133358,9,Geometry,Plane Geometry,Medium,Geometry,Plane Geometry,Medium
MATHNET-09pd,MATHNET-0bxl,0.8144279099791377,3,Geometry,Plane Geometry,Medium,Geometry,Plane Geometry,Medium
MATHNET-0bxl,MATHNET-09pd,0.8144279099791377,5,Geometry,Plane Geometry,Medium,Geometry,Plane Geometry,Medium
MATHNET-0925,MATHNET-06h1,0.8144217795730928,9,Geometry,Plane Geometry,Hard,Geometry,Plane Geometry,Hard
MATHNET-06h1,MATHNET-0925,0.8144217795730928,9,Geometry,Plane Geometry,Hard,Geometry,Plane Geometry,Hard
MATHNET-03bq,MATHNET-0jp5,0.8140733531241572,4,Geometry,Plane Geometry,Medium,Geometry,Plane Geometry,Medium
MATHNET-0jp5,MATHNET-03bq,0.8140733531241572,10,Geometry,Plane Geometry,Medium,Geometry,Plane Geometry,Medium
MATHNET-03nj,MATHNET-0cnn,0.8140552656241312,5,Geometry,Plane Geometry,Hard,Geometry,Plane Geometry,Hard
MATHNET-0cnn,MATHNET-03nj,0.8140552656241312,6,Geometry,Plane Geometry,Hard,Geometry,Plane Geometry,Hard
MATHNET-065e,MATHNET-06nq,0.8136864663024024,5,Geometry,Plane Geometry,Hard,Geometry,Plane Geometry,Hard
MATHNET-06nq,MATHNET-065e,0.8136864663024024,7,Geometry,Plane Geometry,Hard,Geometry,Plane Geometry,Hard
MATHNET-0a53,MATHNET-0a9f,0.8136631674286261,2,Geometry,Plane Geometry,Hard,Geometry,Plane Geometry,Hard
MATHNET-064u,MATHNET-00p6,0.8132994821245013,10,Number Theory,Divisibility / Factorization | Modular Arithmetic,Medium,Number Theory,Algebraic Number Theory | Diophantine Equations,Medium
MATHNET-00p6,MATHNET-064u,0.8132994821245013,10,Number Theory,Algebraic Number Theory | Diophantine Equations,Medium,Number Theory,Divisibility / Factorization | Modular Arithmetic,Medium
MATHNET-05i6,MATHNET-0fyx,0.8130883577467655,10,Algebra,Algebraic Expressions,Easy,Algebra,Equations and Inequalities | Prealgebra / Basic Algebra,Easy
MATHNET-0lf7,MATHNET-07uh,0.8130434156391411,2,Geometry,Plane Geometry,Very Hard,Geometry,Plane Geometry,Very Hard
MATHNET-07uh,MATHNET-0lf7,0.8130434156391411,4,Geometry,Plane Geometry,Very Hard,Geometry,Plane Geometry,Very Hard
MATHNET-0lf7,MATHNET-0h61,0.8128498611525778,3,Geometry,Plane Geometry,Very Hard,Geometry,Plane Geometry,Very Hard
MATHNET-0gda,MATHNET-02pg,0.812847158177283,9,Discrete Mathematics,Combinatorics,Easy,Discrete Mathematics,Combinatorics,Easy
MATHNET-02pg,MATHNET-0gda,0.812847158177283,9,Discrete Mathematics,Combinatorics,Easy,Discrete Mathematics,Combinatorics,Easy
MATHNET-01x5,MATHNET-0law,0.8128233238276175,4,Algebra,Algebraic Expressions | Equations and Inequalities | Intermediate Algebra,Medium,Algebra,Algebraic Expressions | Equations and Inequalities,Hard
MATHNET-0law,MATHNET-01x5,0.8128233238276175,1,Algebra,Algebraic Expressions | Equations and Inequalities,Hard,Algebra,Algebraic Expressions | Equations and Inequalities | Intermediate Algebra,Medium
MATHNET-08pi,MATHNET-03e9,0.8127802756228962,6,Discrete Mathematics | Geometry,Combinatorics | Plane Geometry,Very Hard,Discrete Mathematics | Geometry,Combinatorics | Plane Geometry,Very Hard
MATHNET-0cnn,MATHNET-0dyh,0.8127244017426593,7,Geometry,Plane Geometry,Hard,Geometry,Plane Geometry,Hard
MATHNET-0dyh,MATHNET-0cnn,0.8127244017426593,10,Geometry,Plane Geometry,Hard,Geometry,Plane Geometry,Hard
MATHNET-0bui,MATHNET-024k,0.812638696412516,10,Algebra,Prealgebra / Basic Algebra,Easy,Algebra,Prealgebra / Basic Algebra,Medium
MATHNET-024k,MATHNET-0bui,0.812638696412516,6,Algebra,Prealgebra / Basic Algebra,Medium,Algebra,Prealgebra / Basic Algebra,Easy
MATHNET-09hf,MATHNET-007a,0.8125397133874217,8,Geometry,Plane Geometry,Medium,Geometry,Plane Geometry,Medium
MATHNET-007a,MATHNET-09hf,0.8125397133874217,5,Geometry,Plane Geometry,Medium,Geometry,Plane Geometry,Medium
MATHNET-0cnn,MATHNET-08o1,0.8125206554848026,8,Geometry,Plane Geometry,Hard,Geometry,Plane Geometry,Hard
MATHNET-08o1,MATHNET-0cnn,0.8125206554848026,9,Geometry,Plane Geometry,Hard,Geometry,Plane Geometry,Hard
MATHNET-05x1,MATHNET-0dvk,0.8124718044924653,9,Geometry,Plane Geometry,Medium,Geometry,Plane Geometry,Medium
MATHNET-08kv,MATHNET-0h8n,0.8124103974354301,9,Geometry,Plane Geometry,Medium,Geometry,Plane Geometry,Easy
MATHNET-0d6i,MATHNET-09pd,0.81231249382824,3,Geometry,Plane Geometry,Medium,Geometry,Plane Geometry,Medium
MATHNET-09pd,MATHNET-0d6i,0.81231249382824,5,Geometry,Plane Geometry,Medium,Geometry,Plane Geometry,Medium
MATHNET-05x1,MATHNET-0fru,0.8122588688006982,10,Geometry,Plane Geometry,Medium,Geometry,Plane Geometry,Medium
MATHNET-06x6,MATHNET-03nj,0.8121149911244618,5,Geometry,Plane Geometry,Hard,Geometry,Plane Geometry,Hard
MATHNET-03nj,MATHNET-06x6,0.8121149911244618,6,Geometry,Plane Geometry,Hard,Geometry,Plane Geometry,Hard
MATHNET-0k4h,MATHNET-0a9f,0.8120796530341763,6,Geometry,Plane Geometry,Medium,Geometry,Plane Geometry,Hard
MATHNET-0710,MATHNET-056b,0.8119158363318818,3,Geometry,Plane Geometry,Very Hard,Geometry,Plane Geometry,Very Hard
MATHNET-056b,MATHNET-0710,0.8119158363318818,4,Geometry,Plane Geometry,Very Hard,Geometry,Plane Geometry,Very Hard
MATHNET-0cc6,MATHNET-09z8,0.8116432433685079,5,Geometry,Plane Geometry,Hard,Geometry,Plane Geometry,Hard
MATHNET-09z8,MATHNET-0cc6,0.8116432433685079,5,Geometry,Plane Geometry,Hard,Geometry,Plane Geometry,Hard
MATHNET-0ckb,MATHNET-0f3d,0.8115234637728328,1,Algebra,Equations and Inequalities | Prealgebra / Basic Algebra,Medium,Algebra,Linear Algebra,Medium
MATHNET-0f3d,MATHNET-0ckb,0.8115234637728328,2,Algebra,Linear Algebra,Medium,Algebra,Equations and Inequalities | Prealgebra / Basic Algebra,Medium
MATHNET-0avj,MATHNET-06nq,0.8113830727978998,7,Geometry,Plane Geometry,Hard,Geometry,Plane Geometry,Hard
MATHNET-06nq,MATHNET-0avj,0.8113830727978998,8,Geometry,Plane Geometry,Hard,Geometry,Plane Geometry,Hard
MATHNET-0kx0,MATHNET-0h61,0.811336389381458,7,Geometry,Plane Geometry,Very Hard,Geometry,Plane Geometry,Very Hard
MATHNET-06nq,MATHNET-00k4,0.8113357302512026,9,Geometry,Plane Geometry,Hard,Geometry,Plane Geometry | Solid Geometry,Hard
MATHNET-00k4,MATHNET-06nq,0.8113357302512026,8,Geometry,Plane Geometry | Solid Geometry,Hard,Geometry,Plane Geometry,Hard
MATHNET-0g9d,MATHNET-05jo,0.8110702523871552,4,Geometry,Plane Geometry,Medium,Geometry,Plane Geometry,Medium
MATHNET-0jjl,MATHNET-0kq5,0.8110479042546755,9,Geometry,Plane Geometry,Easy,Geometry,Plane Geometry,Easy
MATHNET-0kq5,MATHNET-0jjl,0.8110479042546755,7,Geometry,Plane Geometry,Easy,Geometry,Plane Geometry,Easy
MATHNET-06h1,MATHNET-065e,0.8110283830120046,10,Geometry,Plane Geometry,Hard,Geometry,Plane Geometry,Hard
MATHNET-065e,MATHNET-06h1,0.8110283830120046,7,Geometry,Plane Geometry,Hard,Geometry,Plane Geometry,Hard
MATHNET-01b7,MATHNET-0dq2,0.8108999512952281,4,Geometry,Plane Geometry,Hard,Geometry,Plane Geometry,Hard
MATHNET-0dq2,MATHNET-01b7,0.8108999512952281,2,Geometry,Plane Geometry,Hard,Geometry,Plane Geometry,Hard
MATHNET-0efx,MATHNET-067b,0.8108850371847979,7,Algebra,Algebraic Expressions | Equations and Inequalities | Intermediate Algebra,Medium,Algebra,Algebraic Expressions | Prealgebra / Basic Algebra,Easy
MATHNET-0cvb,MATHNET-01l1,0.8108316675975507,3,Discrete Mathematics,Combinatorics,Medium,Discrete Mathematics,Combinatorics,Medium
MATHNET-01l1,MATHNET-0cvb,0.8108316675975507,4,Discrete Mathematics,Combinatorics,Medium,Discrete Mathematics,Combinatorics,Medium
MATHNET-05lp,MATHNET-05rp,0.8108289705958323,4,Discrete Mathematics,Combinatorics,Medium,Discrete Mathematics,Combinatorics,Medium
MATHNET-05rp,MATHNET-05lp,0.8108289705958323,1,Discrete Mathematics,Combinatorics,Medium,Discrete Mathematics,Combinatorics,Medium
MATHNET-058t,MATHNET-0est,0.8107864941290976,5,Geometry,Plane Geometry,Medium,Geometry,Plane Geometry,Medium
MATHNET-0est,MATHNET-058t,0.8107864941290976,7,Geometry,Plane Geometry,Medium,Geometry,Plane Geometry,Medium
MATHNET-0455,MATHNET-0glc,0.8107555305613237,7,Geometry,Plane Geometry,Very Hard,Geometry,Plane Geometry,Very Hard
MATHNET-0glc,MATHNET-0455,0.8107555305613237,6,Geometry,Plane Geometry,Very Hard,Geometry,Plane Geometry,Very Hard
MATHNET-0cm5,MATHNET-020e,0.8106785487892019,7,Geometry,Plane Geometry,Very Hard,Geometry,Plane Geometry,Very Hard
MATHNET-0il8,MATHNET-0fev,0.8106471010189749,6,Algebra,Algebraic Expressions,Easy,Algebra,Equations and Inequalities | Intermediate Algebra | Prealgebra / Basic Algebra,Easy
MATHNET-0bmd,MATHNET-023c,0.8106326082664062,9,Algebra | Number Theory,Divisibility / Factorization | Modular Arithmetic | Prealgebra / Basic Algebra,Medium,Algebra | Number Theory,Divisibility / Factorization | Modular Arithmetic | Prealgebra / Basic Algebra,Medium
MATHNET-023c,MATHNET-0bmd,0.8106326082664062,8,Algebra | Number Theory,Divisibility / Factorization | Modular Arithmetic | Prealgebra / Basic Algebra,Medium,Algebra | Number Theory,Divisibility / Factorization | Modular Arithmetic | Prealgebra / Basic Algebra,Medium
MATHNET-0aj5,MATHNET-0cc6,0.8105340618086134,6,Geometry,Plane Geometry,Hard,Geometry,Plane Geometry,Hard
MATHNET-0cc6,MATHNET-0aj5,0.8105340618086134,6,Geometry,Plane Geometry,Hard,Geometry,Plane Geometry,Hard
MATHNET-0hjb,MATHNET-03ma,0.8104266542223114,5,Discrete Mathematics | Number Theory,Other,Medium,Discrete Mathematics | Number Theory,Combinatorics | Modular Arithmetic,Medium
MATHNET-03ma,MATHNET-0hjb,0.8104266542223114,1,Discrete Mathematics | Number Theory,Combinatorics | Modular Arithmetic,Medium,Discrete Mathematics | Number Theory,Other,Medium
MATHNET-05dg,MATHNET-04v9,0.8104156399698199,6,Geometry,Plane Geometry,Very Hard,Geometry,Plane Geometry,Very Hard
MATHNET-04v9,MATHNET-05dg,0.8104156399698199,10,Geometry,Plane Geometry,Very Hard,Geometry,Plane Geometry,Very Hard
MATHNET-0ibi,MATHNET-0hn5,0.8103589095742321,9,Geometry,Plane Geometry,Medium,Geometry,Plane Geometry,Medium
MATHNET-0hn5,MATHNET-0ibi,0.8103589095742321,9,Geometry,Plane Geometry,Medium,Geometry,Plane Geometry,Medium
MATHNET-0652,MATHNET-058t,0.8102571062481878,4,Geometry,Plane Geometry,Medium,Geometry,Plane Geometry,Medium
MATHNET-058t,MATHNET-0652,0.8102571062481878,6,Geometry,Plane Geometry,Medium,Geometry,Plane Geometry,Medium
MATHNET-06x6,MATHNET-0dzm,0.8100167818695734,6,Geometry,Plane Geometry,Hard,Geometry,Plane Geometry,Hard
MATHNET-0dzm,MATHNET-06x6,0.8100167818695734,8,Geometry,Plane Geometry,Hard,Geometry,Plane Geometry,Hard
MATHNET-0kfw,MATHNET-0217,0.8097397229200088,5,Geometry,Plane Geometry,Very Hard,Geometry,Plane Geometry,Very Hard
MATHNET-0217,MATHNET-0kfw,0.8097397229200088,8,Geometry,Plane Geometry,Very Hard,Geometry,Plane Geometry,Very Hard
MATHNET-09rl,MATHNET-029t,0.8094549300391253,9,Algebra,Algebraic Expressions,Medium,Algebra,Algebraic Expressions | Equations and Inequalities,Medium
MATHNET-029t,MATHNET-09rl,0.8094549300391253,10,Algebra,Algebraic Expressions | Equations and Inequalities,Medium,Algebra,Algebraic Expressions,Medium
MATHNET-0hc1,MATHNET-064u,0.809375699072855,10,Number Theory,Modular Arithmetic,Medium,Number Theory,Divisibility / Factorization | Modular Arithmetic,Medium
MATHNET-0ax4,MATHNET-0710,0.8091211378903993,5,Geometry,Plane Geometry,Very Hard,Geometry,Plane Geometry,Very Hard
MATHNET-0710,MATHNET-0ax4,0.8091211378903993,4,Geometry,Plane Geometry,Very Hard,Geometry,Plane Geometry,Very Hard
MATHNET-024k,MATHNET-09do,0.8087659611639088,9,Algebra,Prealgebra / Basic Algebra,Medium,Algebra,Algebraic Expressions | Equations and Inequalities,Medium
MATHNET-0a7r,MATHNET-0d6i,0.8087413672717972,5,Geometry,Plane Geometry,Medium,Geometry,Plane Geometry,Medium
MATHNET-0d6i,MATHNET-0a7r,0.8087413672717972,5,Geometry,Plane Geometry,Medium,Geometry,Plane Geometry,Medium
MATHNET-01ub,MATHNET-0ij0,0.8086454105272587,4,Algebra,Intermediate Algebra | Prealgebra / Basic Algebra,Medium,Algebra,Algebraic Expressions,Hard
MATHNET-0ij0,MATHNET-01ub,0.8086454105272587,4,Algebra,Algebraic Expressions,Hard,Algebra,Intermediate Algebra | Prealgebra / Basic Algebra,Medium
MATHNET-0ldf,MATHNET-0759,0.8086248704818354,1,Discrete Mathematics | Geometry,Combinatorics | Plane Geometry,Very Hard,Discrete Mathematics | Geometry,Combinatorics | Plane Geometry,Hard
MATHNET-0759,MATHNET-0ldf,0.8086248704818354,2,Discrete Mathematics | Geometry,Combinatorics | Plane Geometry,Hard,Discrete Mathematics | Geometry,Combinatorics | Plane Geometry,Very Hard
MATHNET-0l1k,MATHNET-0k4h,0.8085982610256919,5,Geometry,Plane Geometry,Medium,Geometry,Plane Geometry,Medium
MATHNET-0k4h,MATHNET-0l1k,0.8085982610256919,8,Geometry,Plane Geometry,Medium,Geometry,Plane Geometry,Medium
MATHNET-00ps,MATHNET-03ln,0.8085605202095529,5,Algebra | Number Theory,Diophantine Equations | Divisibility / Factorization | Equations and Inequalities,Very Hard,Algebra | Number Theory,Algebraic Expressions | Divisibility / Factorization | Modular Arithmetic,Very Hard
MATHNET-01ef,MATHNET-08y6,0.8084939014160314,5,Geometry,Plane Geometry,Medium,Geometry,Plane Geometry,Medium
MATHNET-0bot,MATHNET-0cz9,0.8082692538786104,7,Algebra,Algebraic Expressions | Equations and Inequalities | Prealgebra / Basic Algebra,Medium,Algebra,Algebraic Expressions,Medium
MATHNET-0cz9,MATHNET-0bot,0.8082692538786104,9,Algebra,Algebraic Expressions,Medium,Algebra,Algebraic Expressions | Equations and Inequalities | Prealgebra / Basic Algebra,Medium
MATHNET-0bgs,MATHNET-05ia,0.8081923691966908,10,Algebra | Number Theory,Algebraic Expressions | Divisibility / Factorization,Medium,Algebra | Number Theory,Algebraic Expressions | Divisibility / Factorization | Prealgebra / Basic Algebra,Easy
MATHNET-05ia,MATHNET-0bgs,0.8081923691966908,9,Algebra | Number Theory,Algebraic Expressions | Divisibility / Factorization | Prealgebra / Basic Algebra,Easy,Algebra | Number Theory,Algebraic Expressions | Divisibility / Factorization,Medium
MATHNET-0cnn,MATHNET-0dzm,0.8080271992970207,9,Geometry,Plane Geometry,Hard,Geometry,Plane Geometry,Hard
MATHNET-0dzm,MATHNET-0cnn,0.8080271992970207,9,Geometry,Plane Geometry,Hard,Geometry,Plane Geometry,Hard
MATHNET-0dts,MATHNET-0ibi,0.8078200766900832,10,Geometry,Plane Geometry,Medium,Geometry,Plane Geometry,Medium
MATHNET-0akr,MATHNET-0bow,0.8077759430785626,8,Geometry,Plane Geometry,Very Hard,Geometry,Plane Geometry,Very Hard
MATHNET-0bow,MATHNET-0akr,0.8077759430785626,5,Geometry,Plane Geometry,Very Hard,Geometry,Plane Geometry,Very Hard
MATHNET-05ia,MATHNET-028y,0.8076406345053615,10,Algebra | Number Theory,Algebraic Expressions | Divisibility / Factorization | Prealgebra / Basic Algebra,Easy,Algebra | Number Theory,Equations and Inequalities | Other | Prealgebra / Basic Algebra,Easy
MATHNET-08o1,MATHNET-0avj,0.8070271057917946,10,Geometry,Plane Geometry,Hard,Geometry,Plane Geometry,Hard
MATHNET-0avj,MATHNET-08o1,0.8070271057917946,8,Geometry,Plane Geometry,Hard,Geometry,Plane Geometry,Hard
MATHNET-0dpx,MATHNET-08n2,0.8069582181816318,9,Geometry,Plane Geometry,Hard,Geometry,Plane Geometry,Hard
MATHNET-08n2,MATHNET-0dpx,0.8069582181816318,4,Geometry,Plane Geometry,Hard,Geometry,Plane Geometry,Hard
MATHNET-0dnv,MATHNET-0g0d,0.8069384987145826,4,Discrete Mathematics,Combinatorics,Medium,Discrete Mathematics,Combinatorics,Medium
MATHNET-03gy,MATHNET-01ei,0.8069187772802517,3,Geometry,Plane Geometry,Hard,Geometry,Plane Geometry,Hard
MATHNET-01ei,MATHNET-03gy,0.8069187772802517,1,Geometry,Plane Geometry,Hard,Geometry,Plane Geometry,Hard
MATHNET-05qu,MATHNET-0fvr,0.8067859035109226,5,Geometry,Plane Geometry,Medium,Geometry,Plane Geometry,Medium
MATHNET-01db,MATHNET-0aj5,0.8067107410450399,1,Geometry,Plane Geometry,Hard,Geometry,Plane Geometry,Hard
MATHNET-0aj5,MATHNET-01db,0.8067107410450399,7,Geometry,Plane Geometry,Hard,Geometry,Plane Geometry,Hard
MATHNET-0ia7,MATHNET-043v,0.8064932546216094,8,Algebra,Algebraic Expressions,Easy,Algebra,Equations and Inequalities | Intermediate Algebra,Easy
MATHNET-043v,MATHNET-0ia7,0.8064932546216094,9,Algebra,Equations and Inequalities | Intermediate Algebra,Easy,Algebra,Algebraic Expressions,Easy
MATHNET-0aus,MATHNET-0gyd,0.8063930846635785,9,Geometry,Plane Geometry,Medium,Geometry,Plane Geometry,Medium
MATHNET-0jx0,MATHNET-0dbf,0.8063873625563696,7,Algebra,Algebraic Expressions | Intermediate Algebra,Medium,Algebra,Algebraic Expressions,Medium
MATHNET-0dbf,MATHNET-0jx0,0.8063873625563696,3,Algebra,Algebraic Expressions,Medium,Algebra,Algebraic Expressions | Intermediate Algebra,Medium
MATHNET-0bth,MATHNET-0932,0.8063547483882728,9,Discrete Mathematics,Combinatorics,Very Hard,Discrete Mathematics,Combinatorics,Very Hard
MATHNET-0kqa,MATHNET-0dyz,0.8063490272053891,2,Geometry,Plane Geometry,Hard,Geometry,Plane Geometry,Medium
MATHNET-0dyz,MATHNET-0kqa,0.8063490272053891,2,Geometry,Plane Geometry,Medium,Geometry,Plane Geometry,Hard
MATHNET-0bot,MATHNET-0inz,0.8063356806150941,9,Algebra,Algebraic Expressions | Equations and Inequalities | Prealgebra / Basic Algebra,Medium,Algebra,Algebraic Expressions,Medium
MATHNET-0cnn,MATHNET-0etj,0.8063140289066695,10,Geometry,Plane Geometry,Hard,Geometry,Plane Geometry,Hard
MATHNET-0etj,MATHNET-0cnn,0.8063140289066695,5,Geometry,Plane Geometry,Hard,Geometry,Plane Geometry,Hard
MATHNET-0652,MATHNET-08y6,0.8058950886545151,5,Geometry,Plane Geometry,Medium,Geometry,Plane Geometry,Medium
MATHNET-03zn,MATHNET-07o3,0.8058662860039153,2,Algebra,Algebraic Expressions,Medium,Algebra,Algebraic Expressions | Equations and Inequalities,Medium
MATHNET-07o3,MATHNET-03zn,0.8058662860039153,4,Algebra,Algebraic Expressions | Equations and Inequalities,Medium,Algebra,Algebraic Expressions,Medium
MATHNET-0ing,MATHNET-020e,0.8058317553842264,7,Geometry,Plane Geometry,Very Hard,Geometry,Plane Geometry,Very Hard
MATHNET-00ok,MATHNET-01ug,0.8053746199141889,1,Discrete Mathematics | Number Theory,Combinatorics | Modular Arithmetic,Hard,Discrete Mathematics | Number Theory,Combinatorics | Other,Hard
MATHNET-01ug,MATHNET-00ok,0.8053746199141889,2,Discrete Mathematics | Number Theory,Combinatorics | Other,Hard,Discrete Mathematics | Number Theory,Combinatorics | Modular Arithmetic,Hard
MATHNET-0g9d,MATHNET-05m2,0.8052557792817115,5,Geometry,Plane Geometry,Medium,Geometry,Plane Geometry,Medium
MATHNET-0e84,MATHNET-0apd,0.8051477026075081,9,Algebra,Algebraic Expressions,Easy,Algebra,Prealgebra / Basic Algebra,Easy
MATHNET-0apd,MATHNET-0eao,0.8051477026075081,8,Algebra,Prealgebra / Basic Algebra,Easy,Algebra,Prealgebra / Basic Algebra,Easy
MATHNET-0apd,MATHNET-0e8i,0.8051477026075081,10,Algebra,Prealgebra / Basic Algebra,Easy,Algebra,Algebraic Expressions | Prealgebra / Basic Algebra,Easy
MATHNET-0apd,MATHNET-0e84,0.8051477026075081,9,Algebra,Prealgebra / Basic Algebra,Easy,Algebra,Algebraic Expressions,Easy
MATHNET-0e8i,MATHNET-0apd,0.8051477026075081,9,Algebra,Algebraic Expressions | Prealgebra / Basic Algebra,Easy,Algebra,Prealgebra / Basic Algebra,Easy
MATHNET-0eao,MATHNET-0apd,0.8051477026075081,9,Algebra,Prealgebra / Basic Algebra,Easy,Algebra,Prealgebra / Basic Algebra,Easy
MATHNET-09pd,MATHNET-0ibi,0.8050577424406099,6,Geometry,Plane Geometry,Medium,Geometry,Plane Geometry,Medium
MATHNET-05vy,MATHNET-05m2,0.8050289212242816,9,Geometry,Plane Geometry,Medium,Geometry,Plane Geometry,Medium
MATHNET-04u6,MATHNET-0akr,0.8050010094638256,6,Geometry,Plane Geometry,Very Hard,Geometry,Plane Geometry,Very Hard
MATHNET-0akr,MATHNET-04u6,0.8050010094638256,9,Geometry,Plane Geometry,Very Hard,Geometry,Plane Geometry,Very Hard
MATHNET-0b7n,MATHNET-0i0w,0.8048520845799068,2,Geometry,Plane Geometry,Hard,Geometry,Plane Geometry,Hard
MATHNET-0i0w,MATHNET-0b7n,0.8048520845799068,3,Geometry,Plane Geometry,Hard,Geometry,Plane Geometry,Hard
MATHNET-03bq,MATHNET-08y6,0.8048339781680095,6,Geometry,Plane Geometry,Medium,Geometry,Plane Geometry,Medium
MATHNET-00ul,MATHNET-0j3m,0.8046700593110439,4,Geometry,Plane Geometry,Hard,Geometry,Plane Geometry,Hard
MATHNET-0j3m,MATHNET-00ul,0.8046700593110439,4,Geometry,Plane Geometry,Hard,Geometry,Plane Geometry,Hard
MATHNET-0gps,MATHNET-0bxl,0.8046525621559087,1,Geometry,Plane Geometry,Medium,Geometry,Plane Geometry,Medium
MATHNET-0bxl,MATHNET-0gps,0.8046525621559087,6,Geometry,Plane Geometry,Medium,Geometry,Plane Geometry,Medium
MATHNET-0etj,MATHNET-0lgk,0.8045506632063661,6,Geometry,Plane Geometry,Hard,Geometry,Plane Geometry,Hard
MATHNET-0lgk,MATHNET-0etj,0.8045506632063661,9,Geometry,Plane Geometry,Hard,Geometry,Plane Geometry,Hard
MATHNET-00k4,MATHNET-01el,0.8044237684697882,10,Geometry,Plane Geometry | Solid Geometry,Hard,Geometry,Plane Geometry,Medium
MATHNET-01el,MATHNET-00k4,0.8044237684697882,3,Geometry,Plane Geometry,Medium,Geometry,Plane Geometry | Solid Geometry,Hard
MATHNET-0a7l,MATHNET-0aho,0.804399583827345,3,Geometry,Plane Geometry,Medium,Geometry,Plane Geometry,Medium
MATHNET-0aho,MATHNET-0a7l,0.804399583827345,5,Geometry,Plane Geometry,Medium,Geometry,Plane Geometry,Medium
MATHNET-01b7,MATHNET-0lfz,0.8043879567431402,5,Geometry,Plane Geometry,Hard,Geometry,Plane Geometry,Hard
MATHNET-0lfz,MATHNET-01b7,0.8043879567431402,1,Geometry,Plane Geometry,Hard,Geometry,Plane Geometry,Hard
MATHNET-0bot,MATHNET-0azg,0.8041879083005911,10,Algebra,Algebraic Expressions | Equations and Inequalities | Prealgebra / Basic Algebra,Medium,Algebra,Algebraic Expressions,Medium
MATHNET-0azg,MATHNET-0bot,0.8041879083005911,9,Algebra,Algebraic Expressions,Medium,Algebra,Algebraic Expressions | Equations and Inequalities | Prealgebra / Basic Algebra,Medium
MATHNET-0cc6,MATHNET-08n2,0.8040665869140082,7,Geometry,Plane Geometry,Hard,Geometry,Plane Geometry,Hard
MATHNET-08n2,MATHNET-0cc6,0.8040665869140082,5,Geometry,Plane Geometry,Hard,Geometry,Plane Geometry,Hard
MATHNET-0dq2,MATHNET-00up,0.8039681576229759,4,Geometry,Plane Geometry,Hard,Geometry,Plane Geometry,Hard
MATHNET-00up,MATHNET-0dq2,0.8039681576229759,3,Geometry,Plane Geometry,Hard,Geometry,Plane Geometry,Hard
MATHNET-0dpx,MATHNET-0cc6,0.8038856200998113,10,Geometry,Plane Geometry,Hard,Geometry,Plane Geometry,Hard
MATHNET-0cc6,MATHNET-0dpx,0.8038856200998113,8,Geometry,Plane Geometry,Hard,Geometry,Plane Geometry,Hard
MATHNET-042z,MATHNET-0jfs,0.8038764882313579,1,Geometry,Plane Geometry | Solid Geometry,Medium,Geometry,Plane Geometry,Medium
MATHNET-0jfs,MATHNET-042z,0.8038764882313579,1,Geometry,Plane Geometry,Medium,Geometry,Plane Geometry | Solid Geometry,Medium
MATHNET-06x6,MATHNET-08o1,0.8038025597019957,7,Geometry,Plane Geometry,Hard,Geometry,Plane Geometry,Hard
MATHNET-01l8,MATHNET-0da8,0.8035668558965742,1,Geometry,Plane Geometry,Medium,Geometry,Plane Geometry,Medium
MATHNET-0da8,MATHNET-01l8,0.8035668558965742,3,Geometry,Plane Geometry,Medium,Geometry,Plane Geometry,Medium
MATHNET-0gp4,MATHNET-0j50,0.8035662638669726,8,Algebra | Geometry,Equations and Inequalities | Plane Geometry,Medium,Algebra | Geometry,Equations and Inequalities | Plane Geometry,Medium
MATHNET-02n7,MATHNET-0542,0.8032487872726392,9,Number Theory,Divisibility / Factorization,Medium,Number Theory,Divisibility / Factorization | Other,Easy
MATHNET-065e,MATHNET-08o1,0.8031968101993174,9,Geometry,Plane Geometry,Hard,Geometry,Plane Geometry,Hard
MATHNET-0kfw,MATHNET-0455,0.8029751016174453,6,Geometry,Plane Geometry,Very Hard,Geometry,Plane Geometry,Very Hard
MATHNET-0455,MATHNET-0kfw,0.8029751016174453,10,Geometry,Plane Geometry,Very Hard,Geometry,Plane Geometry,Very Hard
MATHNET-00f5,MATHNET-00s2,0.8029322422466092,3,Geometry,Plane Geometry,Hard,Geometry,Plane Geometry,Hard
MATHNET-00s2,MATHNET-00f5,0.8029322422466092,4,Geometry,Plane Geometry,Hard,Geometry,Plane Geometry,Hard
MATHNET-03gy,MATHNET-0h10,0.8027092992858346,4,Geometry,Plane Geometry,Hard,Geometry,Plane Geometry,Hard
MATHNET-0h10,MATHNET-03gy,0.8027092992858346,4,Geometry,Plane Geometry,Hard,Geometry,Plane Geometry,Hard
MATHNET-04vh,MATHNET-0cm5,0.8026877519702349,3,Geometry,Plane Geometry,Very Hard,Geometry,Plane Geometry,Very Hard
MATHNET-0cm5,MATHNET-04vh,0.8026877519702349,8,Geometry,Plane Geometry,Very Hard,Geometry,Plane Geometry,Very Hard
MATHNET-01b8,MATHNET-0iic,0.802657955655147,8,Algebra,Algebraic Expressions,Very Hard,Algebra,Algebraic Expressions | Equations and Inequalities | Prealgebra / Basic Algebra,Very Hard
MATHNET-023t,MATHNET-0ads,0.8026269184385225,10,Algebra,Equations and Inequalities | Prealgebra / Basic Algebra,Medium,Algebra,Algebraic Expressions,Easy
MATHNET-00f5,MATHNET-0gle,0.8024578924321637,4,Geometry,Plane Geometry,Hard,Geometry,Plane Geometry,Hard
MATHNET-0gle,MATHNET-00f5,0.8024578924321637,6,Geometry,Plane Geometry,Hard,Geometry,Plane Geometry,Hard
MATHNET-007a,MATHNET-0bxl,0.8023305447944817,9,Geometry,Plane Geometry,Medium,Geometry,Plane Geometry,Medium
MATHNET-0bxl,MATHNET-007a,0.8023305447944817,7,Geometry,Plane Geometry,Medium,Geometry,Plane Geometry,Medium
MATHNET-03n8,MATHNET-0c66,0.802273462725431,9,Algebra | Discrete Mathematics,Combinatorics | Linear Algebra,Very Hard,Algebra | Discrete Mathematics,Algebraic Expressions | Combinatorics,Very Hard
MATHNET-09z8,MATHNET-08n2,0.8021259921062867,6,Geometry,Plane Geometry,Hard,Geometry,Plane Geometry,Hard
MATHNET-08n2,MATHNET-09z8,0.8021259921062867,6,Geometry,Plane Geometry,Hard,Geometry,Plane Geometry,Hard
MATHNET-0etj,MATHNET-0d0v,0.8021098861086294,7,Geometry,Plane Geometry,Hard,Geometry,Plane Geometry,Hard
MATHNET-0d0v,MATHNET-0etj,0.8021098861086294,6,Geometry,Plane Geometry,Hard,Geometry,Plane Geometry,Hard
MATHNET-00ac,MATHNET-08pi,0.8020867258718051,6,Discrete Mathematics | Geometry,Combinatorics | Plane Geometry,Very Hard,Discrete Mathematics | Geometry,Combinatorics | Plane Geometry,Very Hard
MATHNET-081q,MATHNET-0buy,0.8020398251659094,9,Algebra | Number Theory,Diophantine Equations | Intermediate Algebra,Medium,Algebra | Number Theory,Algebraic Expressions | Divisibility / Factorization | Number-Theoretic Functions | Prealgebra / Basic Algebra,Medium
MATHNET-02jw,MATHNET-08a3,0.8019327009329423,9,Algebra,Algebraic Expressions | Prealgebra / Basic Algebra,Easy,Algebra,Algebraic Expressions,Easy
MATHNET-0cc6,MATHNET-0dil,0.8016180317112523,9,Geometry,Plane Geometry,Hard,Geometry,Plane Geometry,Hard
MATHNET-0kd5,MATHNET-0652,0.8015275798251406,6,Geometry,Plane Geometry | Solid Geometry,Medium,Geometry,Plane Geometry,Medium
MATHNET-0652,MATHNET-0kd5,0.8015275798251406,7,Geometry,Plane Geometry,Medium,Geometry,Plane Geometry | Solid Geometry,Medium
MATHNET-0ing,MATHNET-0h61,0.8014321156959859,9,Geometry,Plane Geometry,Very Hard,Geometry,Plane Geometry,Very Hard
MATHNET-05dg,MATHNET-020e,0.8013393195344188,7,Geometry,Plane Geometry,Very Hard,Geometry,Plane Geometry,Very Hard
MATHNET-08cg,MATHNET-08a3,0.8012363101232014,1,Algebra,Algebraic Expressions | Prealgebra / Basic Algebra,Easy,Algebra,Algebraic Expressions,Easy
MATHNET-0dau,MATHNET-0ihr,0.8012278246464506,3,Discrete Mathematics,Combinatorics,Easy,Discrete Mathematics,Combinatorics,Easy
MATHNET-0ihr,MATHNET-0dau,0.8012278246464506,4,Discrete Mathematics,Combinatorics,Easy,Discrete Mathematics,Combinatorics,Easy
MATHNET-09hf,MATHNET-08kv,0.8011390276643846,9,Geometry,Plane Geometry,Medium,Geometry,Plane Geometry,Medium
MATHNET-09ad,MATHNET-07nh,0.8010254535038661,2,Geometry,Plane Geometry,Hard,Geometry,Plane Geometry,Hard
MATHNET-07nh,MATHNET-09ad,0.8010254535038661,5,Geometry,Plane Geometry,Hard,Geometry,Plane Geometry,Hard
MATHNET-0i3q,MATHNET-0g61,0.8006007364821368,10,Geometry,Plane Geometry,Easy,Geometry,Plane Geometry,Easy
MATHNET-0cm5,MATHNET-0dxz,0.8001935703329826,9,Geometry,Plane Geometry,Very Hard,Geometry,Plane Geometry,Very Hard
MATHNET-0dxz,MATHNET-0cm5,0.8001935703329826,3,Geometry,Plane Geometry,Very Hard,Geometry,Plane Geometry,Very Hard
MATHNET-0kx0,MATHNET-0bzc,0.7998416184613234,10,Geometry,Plane Geometry,Very Hard,Geometry,Plane Geometry,Very Hard
MATHNET-0il8,MATHNET-067b,0.7998318197832381,9,Algebra,Algebraic Expressions,Easy,Algebra,Algebraic Expressions | Prealgebra / Basic Algebra,Easy
MATHNET-00s2,MATHNET-03gy,0.7995420981095759,5,Geometry,Plane Geometry,Hard,Geometry,Plane Geometry,Hard
MATHNET-03gy,MATHNET-00s2,0.7995420981095759,5,Geometry,Plane Geometry,Hard,Geometry,Plane Geometry,Hard
MATHNET-04qz,MATHNET-0dqz,0.7991931103835337,10,Algebra | Discrete Mathematics | Number Theory,Algebraic Expressions | Combinatorics | Diophantine Equations | Divisibility / Factorization,Very Hard,Algebra | Discrete Mathematics | Number Theory,Combinatorics | Divisibility / Factorization | Equations and Inequalities,Very Hard
MATHNET-01l1,MATHNET-0fxg,0.7991915548058992,7,Discrete Mathematics,Combinatorics,Medium,Discrete Mathematics,Combinatorics,Easy
MATHNET-0fxg,MATHNET-01l1,0.7991915548058992,10,Discrete Mathematics,Combinatorics,Easy,Discrete Mathematics,Combinatorics,Medium
MATHNET-0biz,MATHNET-0kpx,0.7989588470943548,4,Algebra,Equations and Inequalities,Easy,Algebra,Algebraic Expressions | Intermediate Algebra,Easy
MATHNET-01k3,MATHNET-0cww,0.7989212112873838,1,Discrete Mathematics,Combinatorics,Hard,Discrete Mathematics,Combinatorics,Hard
MATHNET-0cww,MATHNET-01k3,0.7989212112873838,1,Discrete Mathematics,Combinatorics,Hard,Discrete Mathematics,Combinatorics,Hard
MATHNET-01l8,MATHNET-0gps,0.7987601352763911,2,Geometry,Plane Geometry,Medium,Geometry,Plane Geometry,Medium
MATHNET-0gps,MATHNET-01l8,0.7987601352763911,2,Geometry,Plane Geometry,Medium,Geometry,Plane Geometry,Medium
MATHNET-09af,MATHNET-0ij0,0.7987327382073252,3,Algebra,Algebraic Expressions,Hard,Algebra,Algebraic Expressions,Hard
MATHNET-0ij0,MATHNET-09af,0.7987327382073252,6,Algebra,Algebraic Expressions,Hard,Algebra,Algebraic Expressions,Hard
MATHNET-0gxz,MATHNET-0bmx,0.7986687956846016,5,Number Theory,Divisibility / Factorization,Medium,Number Theory,Divisibility / Factorization | Number-Theoretic Functions,Medium
MATHNET-0cgo,MATHNET-08io,0.7984453114548969,1,Algebra,Abstract Algebra,Medium,Algebra,Equations and Inequalities,Medium
MATHNET-08io,MATHNET-0cgo,0.7984453114548969,2,Algebra,Equations and Inequalities,Medium,Algebra,Abstract Algebra,Medium
MATHNET-09hf,MATHNET-0aus,0.7984040353709426,10,Geometry,Plane Geometry,Medium,Geometry,Plane Geometry,Medium
MATHNET-0g2s,MATHNET-0fyo,0.798398272207528,7,Discrete Mathematics,Combinatorics,Easy,Discrete Mathematics,Combinatorics,Easy
MATHNET-06xr,MATHNET-076g,0.7983236896520277,5,Geometry,Plane Geometry,Hard,Geometry,Plane Geometry,Hard
MATHNET-076g,MATHNET-06xr,0.7983236896520277,3,Geometry,Plane Geometry,Hard,Geometry,Plane Geometry,Hard
MATHNET-0a7r,MATHNET-09pd,0.7981087591821683,7,Geometry,Plane Geometry,Medium,Geometry,Plane Geometry,Medium
MATHNET-09pd,MATHNET-0a7r,0.7981087591821683,8,Geometry,Plane Geometry,Medium,Geometry,Plane Geometry,Medium
MATHNET-0efx,MATHNET-0ads,0.7980031146713991,8,Algebra,Algebraic Expressions | Equations and Inequalities | Intermediate Algebra,Medium,Algebra,Algebraic Expressions,Easy
MATHNET-06xr,MATHNET-0d0v,0.7979865154701651,6,Geometry,Plane Geometry,Hard,Geometry,Plane Geometry,Hard
MATHNET-0d0v,MATHNET-06xr,0.7979865154701651,7,Geometry,Plane Geometry,Hard,Geometry,Plane Geometry,Hard
MATHNET-0eex,MATHNET-01l1,0.7979437573088448,4,Discrete Mathematics,Combinatorics,Medium,Discrete Mathematics,Combinatorics,Medium
MATHNET-01l1,MATHNET-0eex,0.7979437573088448,8,Discrete Mathematics,Combinatorics,Medium,Discrete Mathematics,Combinatorics,Medium
MATHNET-03bq,MATHNET-03bc,0.7979149812945093,10,Geometry,Plane Geometry,Medium,Geometry,Plane Geometry,Medium
MATHNET-03bc,MATHNET-03bq,0.7979149812945093,4,Geometry,Plane Geometry,Medium,Geometry,Plane Geometry,Medium
MATHNET-06xr,MATHNET-0gle,0.7978371337943476,7,Geometry,Plane Geometry,Hard,Geometry,Plane Geometry,Hard
MATHNET-0gle,MATHNET-06xr,0.7978371337943476,7,Geometry,Plane Geometry,Hard,Geometry,Plane Geometry,Hard
MATHNET-07o3,MATHNET-00mi,0.7977568289453673,5,Algebra,Algebraic Expressions | Equations and Inequalities,Medium,Algebra,Algebraic Expressions | Equations and Inequalities,Easy
MATHNET-007a,MATHNET-08kv,0.7976925255927548,10,Geometry,Plane Geometry,Medium,Geometry,Plane Geometry,Medium
MATHNET-0dbf,MATHNET-0kfj,0.797463091275825,5,Algebra,Algebraic Expressions,Medium,Algebra,Algebraic Expressions,Medium
MATHNET-0kfj,MATHNET-0dbf,0.797463091275825,8,Algebra,Algebraic Expressions,Medium,Algebra,Algebraic Expressions,Medium
MATHNET-0a7l,MATHNET-03bq,0.797241533303461,5,Geometry,Plane Geometry,Medium,Geometry,Plane Geometry,Medium
MATHNET-00cu,MATHNET-05f6,0.7971528192487374,10,Number Theory,Modular Arithmetic,Medium,Number Theory,Divisibility / Factorization,Medium
MATHNET-0l8o,MATHNET-01tp,0.7968901389918719,8,Algebra,Equations and Inequalities,Medium,Algebra,Equations and Inequalities,Medium
MATHNET-01tp,MATHNET-0l8o,0.7968901389918719,4,Algebra,Equations and Inequalities,Medium,Algebra,Equations and Inequalities,Medium
MATHNET-0bxl,MATHNET-01l8,0.796711715785669,8,Geometry,Plane Geometry,Medium,Geometry,Plane Geometry,Medium
MATHNET-01l8,MATHNET-0bxl,0.796711715785669,3,Geometry,Plane Geometry,Medium,Geometry,Plane Geometry,Medium
MATHNET-0bhj,MATHNET-0bhh,0.7966261625037239,2,Algebra,Equations and Inequalities | Prealgebra / Basic Algebra,Very Hard,Algebra,Linear Algebra,Very Hard
MATHNET-0bhh,MATHNET-0bhj,0.7966261625037239,9,Algebra,Linear Algebra,Very Hard,Algebra,Equations and Inequalities | Prealgebra / Basic Algebra,Very Hard
MATHNET-01el,MATHNET-0bxp,0.7963898749296694,6,Geometry,Plane Geometry,Medium,Geometry,Plane Geometry,Medium
MATHNET-0bxp,MATHNET-01el,0.7963898749296694,6,Geometry,Plane Geometry,Medium,Geometry,Plane Geometry,Medium
MATHNET-08rj,MATHNET-0dyz,0.7962331538863411,3,Geometry,Solid Geometry,Medium,Geometry,Plane Geometry,Medium
MATHNET-0dyz,MATHNET-08rj,0.7962331538863411,3,Geometry,Plane Geometry,Medium,Geometry,Solid Geometry,Medium
MATHNET-0652,MATHNET-01rg,0.796124140025403,8,Geometry,Plane Geometry,Medium,Geometry,Plane Geometry,Medium
MATHNET-08l3,MATHNET-0cz9,0.7961125587703916,7,Algebra,Algebraic Expressions,Medium,Algebra,Algebraic Expressions,Medium
MATHNET-024e,MATHNET-0kbi,0.7960574970559959,3,Algebra,Algebraic Expressions | Equations and Inequalities | Prealgebra / Basic Algebra,Easy,Algebra,Algebraic Expressions,Easy
MATHNET-0kbi,MATHNET-024e,0.7960574970559959,3,Algebra,Algebraic Expressions,Easy,Algebra,Algebraic Expressions | Equations and Inequalities | Prealgebra / Basic Algebra,Easy
MATHNET-023f,MATHNET-05yi,0.7960299283756525,2,Discrete Mathematics,Combinatorics,Easy,Discrete Mathematics,Combinatorics,Easy
MATHNET-05yi,MATHNET-023f,0.7960299283756525,9,Discrete Mathematics,Combinatorics,Easy,Discrete Mathematics,Combinatorics,Easy
MATHNET-0etj,MATHNET-0925,0.7959497292402529,8,Geometry,Plane Geometry,Hard,Geometry,Plane Geometry,Hard
MATHNET-023c,MATHNET-0l5r,0.7959163171592827,10,Algebra | Number Theory,Divisibility / Factorization | Modular Arithmetic | Prealgebra / Basic Algebra,Medium,Algebra | Number Theory,Algebraic Expressions | Modular Arithmetic,Medium
MATHNET-0l5r,MATHNET-023c,0.7959163171592827,3,Algebra | Number Theory,Algebraic Expressions | Modular Arithmetic,Medium,Algebra | Number Theory,Divisibility / Factorization | Modular Arithmetic | Prealgebra / Basic Algebra,Medium
MATHNET-020t,MATHNET-01qs,0.7958725866687716,6,Algebra | Number Theory,Algebraic Expressions | Divisibility / Factorization,Very Hard,Algebra | Number Theory,Diophantine Equations | Divisibility / Factorization | Intermediate Algebra,Very Hard
MATHNET-0egg,MATHNET-0hai,0.79570342316631,10,Algebra,Algebraic Expressions | Prealgebra / Basic Algebra,Medium,Algebra,Equations and Inequalities,Easy
MATHNET-0gxz,MATHNET-0hc1,0.7956428893302735,7,Number Theory,Divisibility / Factorization,Medium,Number Theory,Modular Arithmetic,Medium
MATHNET-06ct,MATHNET-0bxp,0.7955364504085786,10,Geometry,Plane Geometry,Medium,Geometry,Plane Geometry,Medium
MATHNET-0bxp,MATHNET-06ct,0.7955364504085786,7,Geometry,Plane Geometry,Medium,Geometry,Plane Geometry,Medium
MATHNET-0g9d,MATHNET-09sr,0.7954375261210833,7,Geometry,Plane Geometry,Medium,Geometry,Plane Geometry,Medium
MATHNET-0lfz,MATHNET-0dq2,0.7953139162054078,2,Geometry,Plane Geometry,Hard,Geometry,Plane Geometry,Hard
MATHNET-0dq2,MATHNET-0lfz,0.7953139162054078,5,Geometry,Plane Geometry,Hard,Geometry,Plane Geometry,Hard
MATHNET-0j5i,MATHNET-0b48,0.7952389181103485,2,Number Theory,Divisibility / Factorization | Number-Theoretic Functions,Hard,Number Theory,Diophantine Equations | Divisibility / Factorization,Hard
MATHNET-0b48,MATHNET-0j5i,0.7952389181103485,3,Number Theory,Diophantine Equations | Divisibility / Factorization,Hard,Number Theory,Divisibility / Factorization | Number-Theoretic Functions,Hard
MATHNET-0gii,MATHNET-0e8i,0.7951535397910651,9,Algebra,Algebraic Expressions | Intermediate Algebra,Easy,Algebra,Algebraic Expressions | Prealgebra / Basic Algebra,Easy
MATHNET-0gii,MATHNET-0e84,0.7951535397910651,8,Algebra,Algebraic Expressions | Intermediate Algebra,Easy,Algebra,Algebraic Expressions,Easy
MATHNET-0gii,MATHNET-0eao,0.7951535397910651,7,Algebra,Algebraic Expressions | Intermediate Algebra,Easy,Algebra,Prealgebra / Basic Algebra,Easy
MATHNET-03z3,MATHNET-0ijk,0.7951068290765739,1,Algebra,Equations and Inequalities,Very Hard,Algebra,Equations and Inequalities | Intermediate Algebra,Hard
MATHNET-0ijk,MATHNET-03z3,0.7951068290765739,4,Algebra,Equations and Inequalities | Intermediate Algebra,Hard,Algebra,Equations and Inequalities,Very Hard
MATHNET-0clu,MATHNET-0d0v,0.795102898758482,5,Geometry,Plane Geometry,Hard,Geometry,Plane Geometry,Hard
MATHNET-0d0v,MATHNET-0clu,0.795102898758482,8,Geometry,Plane Geometry,Hard,Geometry,Plane Geometry,Hard
MATHNET-01zv,MATHNET-0g45,0.794831191220377,3,Algebra,Algebraic Expressions,Very Hard,Algebra,Algebraic Expressions | Equations and Inequalities,Very Hard
MATHNET-0b2w,MATHNET-0bxl,0.7948008438183678,9,Geometry,Plane Geometry,Medium,Geometry,Plane Geometry,Medium
MATHNET-0bxl,MATHNET-0b2w,0.7948008438183678,10,Geometry,Plane Geometry,Medium,Geometry,Plane Geometry,Medium
MATHNET-06pl,MATHNET-0lfz,0.7947981095398434,7,Geometry,Plane Geometry,Very Hard,Geometry,Plane Geometry,Hard
MATHNET-0lfz,MATHNET-06pl,0.7947981095398434,3,Geometry,Plane Geometry,Hard,Geometry,Plane Geometry,Very Hard
MATHNET-03nj,MATHNET-0gle,0.7947927926292808,7,Geometry,Plane Geometry,Hard,Geometry,Plane Geometry,Hard
MATHNET-0gle,MATHNET-03nj,0.7947927926292808,8,Geometry,Plane Geometry,Hard,Geometry,Plane Geometry,Hard
MATHNET-05bk,MATHNET-0jgz,0.7944799251503658,9,Algebra | Number Theory,Algebraic Expressions | Divisibility / Factorization | Modular Arithmetic,Very Hard,Algebra | Number Theory,Algebraic Expressions | Divisibility / Factorization | Modular Arithmetic,Very Hard
MATHNET-05rp,MATHNET-0dnv,0.7944413427981333,2,Discrete Mathematics,Combinatorics,Medium,Discrete Mathematics,Combinatorics,Medium
MATHNET-0dnv,MATHNET-05rp,0.7944413427981333,10,Discrete Mathematics,Combinatorics,Medium,Discrete Mathematics,Combinatorics,Medium
MATHNET-0l1k,MATHNET-0j4z,0.7943333996608821,6,Geometry,Plane Geometry,Medium,Geometry,Plane Geometry,Medium
MATHNET-0apw,MATHNET-0axv,0.7942262342797474,3,Algebra,Algebraic Expressions,Medium,Algebra,Algebraic Expressions,Easy
MATHNET-0cey,MATHNET-0jv5,0.7941625887656728,2,Discrete Mathematics,Combinatorics,Medium,Discrete Mathematics,Combinatorics,Medium
MATHNET-0jv5,MATHNET-0cey,0.7941625887656728,1,Discrete Mathematics,Combinatorics,Medium,Discrete Mathematics,Combinatorics,Medium
MATHNET-0fwn,MATHNET-05k2,0.7941217958251138,5,Algebra,Equations and Inequalities,Medium,Algebra,Algebraic Expressions | Equations and Inequalities,Medium
MATHNET-0kqa,MATHNET-0cc6,0.7940368084613261,4,Geometry,Plane Geometry,Hard,Geometry,Plane Geometry,Hard
MATHNET-0cc6,MATHNET-0kqa,0.7940368084613261,10,Geometry,Plane Geometry,Hard,Geometry,Plane Geometry,Hard
MATHNET-06nq,MATHNET-06h1,0.7940152723341433,10,Geometry,Plane Geometry,Hard,Geometry,Plane Geometry,Hard
MATHNET-0b7y,MATHNET-08io,0.7939890945537893,5,Algebra,Linear Algebra,Medium,Algebra,Equations and Inequalities,Medium
MATHNET-08io,MATHNET-0b7y,0.7939890945537893,3,Algebra,Equations and Inequalities,Medium,Algebra,Linear Algebra,Medium
MATHNET-0d0v,MATHNET-076g,0.7938440207559203,9,Geometry,Plane Geometry,Hard,Geometry,Plane Geometry,Hard
MATHNET-076g,MATHNET-0d0v,0.7938440207559203,4,Geometry,Plane Geometry,Hard,Geometry,Plane Geometry,Hard
MATHNET-0f42,MATHNET-0e08,0.793782947384978,10,Algebra,Algebraic Expressions | Equations and Inequalities,Easy,Algebra,Algebraic Expressions | Prealgebra / Basic Algebra,Easy
MATHNET-0fwn,MATHNET-0fyx,0.7937076610062453,6,Algebra,Equations and Inequalities,Medium,Algebra,Equations and Inequalities | Prealgebra / Basic Algebra,Easy
MATHNET-0fam,MATHNET-0h8n,0.7935663367322204,2,Geometry,Plane Geometry,Medium,Geometry,Plane Geometry,Easy
MATHNET-056g,MATHNET-0bxl,0.7935181275138714,5,Geometry,Plane Geometry,Medium,Geometry,Plane Geometry,Medium
MATHNET-076g,MATHNET-0clu,0.7933717770772846,5,Geometry,Plane Geometry,Hard,Geometry,Plane Geometry,Hard
MATHNET-0clu,MATHNET-076g,0.7933717770772846,6,Geometry,Plane Geometry,Hard,Geometry,Plane Geometry,Hard
MATHNET-07uh,MATHNET-04v9,0.7931449280577333,5,Geometry,Plane Geometry,Very Hard,Geometry,Plane Geometry,Very Hard
MATHNET-00by,MATHNET-06nq,0.7929858325621624,10,Geometry,Plane Geometry,Hard,Geometry,Plane Geometry,Hard
MATHNET-0g2s,MATHNET-0cvk,0.7929249805480356,10,Discrete Mathematics,Combinatorics,Easy,Discrete Mathematics,Combinatorics,Easy
MATHNET-0cvk,MATHNET-0g2s,0.7929249805480356,6,Discrete Mathematics,Combinatorics,Easy,Discrete Mathematics,Combinatorics,Easy
MATHNET-0aho,MATHNET-058t,0.7928901850909422,7,Geometry,Plane Geometry,Medium,Geometry,Plane Geometry,Medium
MATHNET-058t,MATHNET-0aho,0.7928901850909422,9,Geometry,Plane Geometry,Medium,Geometry,Plane Geometry,Medium
MATHNET-06x6,MATHNET-00f5,0.7928249440305227,8,Geometry,Plane Geometry,Hard,Geometry,Plane Geometry,Hard
MATHNET-00f5,MATHNET-06x6,0.7928249440305227,5,Geometry,Plane Geometry,Hard,Geometry,Plane Geometry,Hard
MATHNET-00ac,MATHNET-00hu,0.7925084391268227,8,Discrete Mathematics | Geometry,Combinatorics | Plane Geometry,Very Hard,Discrete Mathematics | Geometry,Combinatorics | Plane Geometry,Very Hard
MATHNET-00hu,MATHNET-00ac,0.7925084391268227,2,Discrete Mathematics | Geometry,Combinatorics | Plane Geometry,Very Hard,Discrete Mathematics | Geometry,Combinatorics | Plane Geometry,Very Hard
MATHNET-05dg,MATHNET-0kx0,0.7924702404728461,8,Geometry,Plane Geometry,Very Hard,Geometry,Plane Geometry,Very Hard
MATHNET-01u9,MATHNET-0a7l,0.792456721188733,2,Geometry,Plane Geometry,Medium,Geometry,Plane Geometry,Medium
MATHNET-0a7l,MATHNET-01u9,0.792456721188733,6,Geometry,Plane Geometry,Medium,Geometry,Plane Geometry,Medium
MATHNET-0fwn,MATHNET-0bnb,0.7923545843635887,7,Algebra,Equations and Inequalities,Medium,Algebra,Equations and Inequalities,Medium
MATHNET-050a,MATHNET-056g,0.7923519259970555,1,Geometry,Plane Geometry,Medium,Geometry,Plane Geometry,Medium
MATHNET-056g,MATHNET-050a,0.7923519259970555,7,Geometry,Plane Geometry,Medium,Geometry,Plane Geometry,Medium
MATHNET-0397,MATHNET-01f7,0.7922858972042548,6,Algebra,Equations and Inequalities,Hard,Algebra,Algebraic Expressions,Hard
MATHNET-01f7,MATHNET-0397,0.7922858972042548,3,Algebra,Algebraic Expressions,Hard,Algebra,Equations and Inequalities,Hard
MATHNET-0cm5,MATHNET-0h61,0.7922574798994361,10,Geometry,Plane Geometry,Very Hard,Geometry,Plane Geometry,Very Hard
MATHNET-0dbf,MATHNET-01uc,0.7922571765083681,7,Algebra,Algebraic Expressions,Medium,Algebra,Equations and Inequalities,Medium
MATHNET-01uc,MATHNET-0dbf,0.7922571765083681,8,Algebra,Equations and Inequalities,Medium,Algebra,Algebraic Expressions,Medium
MATHNET-0gq8,MATHNET-00rl,0.7921622217461376,6,Geometry,Plane Geometry,Very Hard,Geometry,Plane Geometry,Very Hard
MATHNET-072u,MATHNET-03wz,0.7921367357159875,3,Geometry,Plane Geometry,Hard,Geometry,Plane Geometry,Hard
MATHNET-03wz,MATHNET-072u,0.7921367357159875,5,Geometry,Plane Geometry,Hard,Geometry,Plane Geometry,Hard
MATHNET-0clu,MATHNET-0gle,0.7920318915066268,7,Geometry,Plane Geometry,Hard,Geometry,Plane Geometry,Hard
MATHNET-0gle,MATHNET-0clu,0.7920318915066268,9,Geometry,Plane Geometry,Hard,Geometry,Plane Geometry,Hard
MATHNET-0a53,MATHNET-0avj,0.7920127188952558,5,Geometry,Plane Geometry,Hard,Geometry,Plane Geometry,Hard
MATHNET-0j3m,MATHNET-01kt,0.7919817337328877,8,Geometry,Plane Geometry,Hard,Geometry,Plane Geometry,Hard
MATHNET-01kt,MATHNET-0j3m,0.7919817337328877,3,Geometry,Plane Geometry,Hard,Geometry,Plane Geometry,Hard
MATHNET-0hjb,MATHNET-0f8j,0.7916909825619715,9,Discrete Mathematics | Number Theory,Other,Medium,Discrete Mathematics | Number Theory,Combinatorics | Divisibility / Factorization,Medium
MATHNET-0f8j,MATHNET-0hjb,0.7916909825619715,6,Discrete Mathematics | Number Theory,Combinatorics | Divisibility / Factorization,Medium,Discrete Mathematics | Number Theory,Other,Medium
MATHNET-00ug,MATHNET-03us,0.7916278703578388,7,Discrete Mathematics,Combinatorics,Medium,Discrete Mathematics,Combinatorics,Medium
MATHNET-03us,MATHNET-00ug,0.7916278703578388,4,Discrete Mathematics,Combinatorics,Medium,Discrete Mathematics,Combinatorics,Medium
MATHNET-08nc,MATHNET-0ksl,0.7913577923123933,4,Geometry,Plane Geometry,Medium,Geometry,Plane Geometry,Medium
MATHNET-0ksl,MATHNET-08nc,0.7913577923123933,3,Geometry,Plane Geometry,Medium,Geometry,Plane Geometry,Medium
MATHNET-0etj,MATHNET-0cc6,0.7913092332701513,9,Geometry,Plane Geometry,Hard,Geometry,Plane Geometry,Hard
MATHNET-0kqa,MATHNET-0dyh,0.7912340386988171,5,Geometry,Plane Geometry,Hard,Geometry,Plane Geometry,Hard
MATHNET-0dyz,MATHNET-01u9,0.7912188486477763,4,Geometry,Plane Geometry,Medium,Geometry,Plane Geometry,Medium
MATHNET-01u9,MATHNET-0dyz,0.7912188486477763,3,Geometry,Plane Geometry,Medium,Geometry,Plane Geometry,Medium
MATHNET-08l3,MATHNET-0bot,0.7911024810185703,8,Algebra,Algebraic Expressions,Medium,Algebra,Algebraic Expressions | Equations and Inequalities | Prealgebra / Basic Algebra,Medium
MATHNET-0k4h,MATHNET-065e,0.7909989494954563,9,Geometry,Plane Geometry,Medium,Geometry,Plane Geometry,Hard
MATHNET-065e,MATHNET-0k4h,0.7909989494954563,10,Geometry,Plane Geometry,Hard,Geometry,Plane Geometry,Medium
MATHNET-0e73,MATHNET-0gqz,0.7907083238867791,5,Discrete Mathematics,Combinatorics,Hard,Discrete Mathematics,Combinatorics,Hard
MATHNET-0gqz,MATHNET-0e73,0.7907083238867791,2,Discrete Mathematics,Combinatorics,Hard,Discrete Mathematics,Combinatorics,Hard
MATHNET-0fam,MATHNET-0l5j,0.7906209601556435,4,Geometry,Plane Geometry,Medium,Geometry,Plane Geometry,Easy
MATHNET-0fwn,MATHNET-067b,0.7905881036778917,8,Algebra,Equations and Inequalities,Medium,Algebra,Algebraic Expressions | Prealgebra / Basic Algebra,Easy
MATHNET-0da8,MATHNET-09pd,0.7904685691692586,4,Geometry,Plane Geometry,Medium,Geometry,Plane Geometry,Medium
MATHNET-08x7,MATHNET-0apw,0.790334924274532,8,Algebra,Algebraic Expressions,Easy,Algebra,Algebraic Expressions,Medium
MATHNET-0apw,MATHNET-08x7,0.790334924274532,4,Algebra,Algebraic Expressions,Medium,Algebra,Algebraic Expressions,Easy
MATHNET-01zv,MATHNET-09xc,0.7902481059726395,5,Algebra,Algebraic Expressions,Very Hard,Algebra,Intermediate Algebra | Prealgebra / Basic Algebra,Very Hard
MATHNET-09xc,MATHNET-01zv,0.7902481059726395,10,Algebra,Intermediate Algebra | Prealgebra / Basic Algebra,Very Hard,Algebra,Algebraic Expressions,Very Hard
MATHNET-0afj,MATHNET-0i4x,0.7902172970302155,2,Discrete Mathematics,Combinatorics,Easy,Discrete Mathematics,Combinatorics,Easy
MATHNET-0i4x,MATHNET-0afj,0.7902172970302155,7,Discrete Mathematics,Combinatorics,Easy,Discrete Mathematics,Combinatorics,Easy
MATHNET-0a53,MATHNET-06x6,0.7901994461379969,6,Geometry,Plane Geometry,Hard,Geometry,Plane Geometry,Hard
MATHNET-06x6,MATHNET-0a53,0.7901994461379969,9,Geometry,Plane Geometry,Hard,Geometry,Plane Geometry,Hard
MATHNET-05ai,MATHNET-00k4,0.7895468090394775,3,Geometry,Plane Geometry,Medium,Geometry,Plane Geometry | Solid Geometry,Hard
MATHNET-038o,MATHNET-00l0,0.7895239608459272,6,Geometry,Plane Geometry,Medium,Geometry,Plane Geometry,Medium
MATHNET-00l0,MATHNET-038o,0.7895239608459272,6,Geometry,Plane Geometry,Medium,Geometry,Plane Geometry,Medium
MATHNET-085n,MATHNET-02zm,0.7894339386771261,9,Number Theory,Diophantine Equations | Divisibility / Factorization,Medium,Number Theory,Divisibility / Factorization,Medium
MATHNET-08yd,MATHNET-0drf,0.789378139288532,6,Algebra | Number Theory,Modular Arithmetic | Prealgebra / Basic Algebra,Medium,Algebra | Number Theory,Algebraic Expressions | Other,Medium
MATHNET-0drf,MATHNET-08yd,0.789378139288532,3,Algebra | Number Theory,Algebraic Expressions | Other,Medium,Algebra | Number Theory,Modular Arithmetic | Prealgebra / Basic Algebra,Medium
MATHNET-0fwn,MATHNET-05i6,0.7891966555517663,9,Algebra,Equations and Inequalities,Medium,Algebra,Algebraic Expressions,Easy
MATHNET-08n2,MATHNET-0dyh,0.7890730052471452,7,Geometry,Plane Geometry,Hard,Geometry,Plane Geometry,Hard
MATHNET-01qk,MATHNET-0adi,0.7890233215570192,7,Algebra,Algebraic Expressions | Equations and Inequalities,Medium,Algebra,Intermediate Algebra,Medium
MATHNET-0da8,MATHNET-056g,0.7889803870997296,5,Geometry,Plane Geometry,Medium,Geometry,Plane Geometry,Medium
MATHNET-056g,MATHNET-0da8,0.7889803870997296,8,Geometry,Plane Geometry,Medium,Geometry,Plane Geometry,Medium
MATHNET-0kqa,MATHNET-0dil,0.7888059083109976,6,Geometry,Plane Geometry,Hard,Geometry,Plane Geometry,Hard
MATHNET-0etj,MATHNET-076g,0.7887378827405361,10,Geometry,Plane Geometry,Hard,Geometry,Plane Geometry,Hard
MATHNET-076g,MATHNET-0etj,0.7887378827405361,6,Geometry,Plane Geometry,Hard,Geometry,Plane Geometry,Hard
MATHNET-03o9,MATHNET-007a,0.7886887418320129,5,Geometry,Plane Geometry,Medium,Geometry,Plane Geometry,Medium
MATHNET-0dad,MATHNET-0le9,0.7886736350427908,3,Algebra,Algebraic Expressions | Equations and Inequalities | Intermediate Algebra,Hard,Algebra,Equations and Inequalities,Hard
MATHNET-0le9,MATHNET-0dad,0.7886736350427908,3,Algebra,Equations and Inequalities,Hard,Algebra,Algebraic Expressions | Equations and Inequalities | Intermediate Algebra,Hard
MATHNET-0dyz,MATHNET-00k4,0.7885838631140779,5,Geometry,Plane Geometry,Medium,Geometry,Plane Geometry | Solid Geometry,Hard
MATHNET-01zv,MATHNET-0bhj,0.7884111545860216,7,Algebra,Algebraic Expressions,Very Hard,Algebra,Equations and Inequalities | Prealgebra / Basic Algebra,Very Hard
MATHNET-0bhj,MATHNET-01zv,0.7884111545860216,4,Algebra,Equations and Inequalities | Prealgebra / Basic Algebra,Very Hard,Algebra,Algebraic Expressions,Very Hard
MATHNET-0cnh,MATHNET-0cmp,0.7881784635355639,3,Discrete Mathematics,Algorithms | Combinatorics,Medium,Discrete Mathematics,Combinatorics | Other,Medium
MATHNET-0a53,MATHNET-06nq,0.7881227729654549,7,Geometry,Plane Geometry,Hard,Geometry,Plane Geometry,Hard
MATHNET-01qk,MATHNET-0bq8,0.7879459967113828,8,Algebra,Algebraic Expressions | Equations and Inequalities,Medium,Algebra,Algebraic Expressions,Medium
MATHNET-0bq8,MATHNET-01qk,0.7879459967113828,9,Algebra,Algebraic Expressions,Medium,Algebra,Algebraic Expressions | Equations and Inequalities,Medium
MATHNET-03o9,MATHNET-00k4,0.7878634295394329,6,Geometry,Plane Geometry,Medium,Geometry,Plane Geometry | Solid Geometry,Hard
MATHNET-0jv5,MATHNET-071d,0.7877644089702929,2,Discrete Mathematics,Combinatorics,Medium,Discrete Mathematics,Combinatorics,Medium
MATHNET-071d,MATHNET-0jv5,0.7877644089702929,2,Discrete Mathematics,Combinatorics,Medium,Discrete Mathematics,Combinatorics,Medium
MATHNET-04ra,MATHNET-0idy,0.7877523938496648,6,Discrete Mathematics,Combinatorics,Medium,Discrete Mathematics,Combinatorics,Medium
MATHNET-0idy,MATHNET-04ra,0.7877523938496648,2,Discrete Mathematics,Combinatorics,Medium,Discrete Mathematics,Combinatorics,Medium
MATHNET-06pl,MATHNET-0glc,0.78762551828987,8,Geometry,Plane Geometry,Very Hard,Geometry,Plane Geometry,Very Hard
MATHNET-0glc,MATHNET-06pl,0.78762551828987,7,Geometry,Plane Geometry,Very Hard,Geometry,Plane Geometry,Very Hard
MATHNET-0gps,MATHNET-0hog,0.7871891120126959,4,Geometry,Plane Geometry,Medium,Geometry,Plane Geometry,Medium
MATHNET-08l3,MATHNET-0jx0,0.7871627171183438,9,Algebra,Algebraic Expressions,Medium,Algebra,Algebraic Expressions | Intermediate Algebra,Medium
MATHNET-0jx0,MATHNET-08l3,0.7871627171183438,9,Algebra,Algebraic Expressions | Intermediate Algebra,Medium,Algebra,Algebraic Expressions,Medium
MATHNET-0590,MATHNET-078n,0.7871320713579886,2,Discrete Mathematics,Combinatorics,Medium,Discrete Mathematics,Combinatorics,Medium
MATHNET-078n,MATHNET-0590,0.7871320713579886,7,Discrete Mathematics,Combinatorics,Medium,Discrete Mathematics,Combinatorics,Medium
MATHNET-0fwn,MATHNET-0ads,0.7870600050398824,10,Algebra,Equations and Inequalities,Medium,Algebra,Algebraic Expressions,Easy
MATHNET-0ed9,MATHNET-0clz,0.7870496679777744,3,Geometry,Plane Geometry,Hard,Geometry,Plane Geometry,Hard
MATHNET-0clz,MATHNET-0ed9,0.7870496679777744,2,Geometry,Plane Geometry,Hard,Geometry,Plane Geometry,Hard
MATHNET-00hu,MATHNET-08pi,0.7869834081820177,3,Discrete Mathematics | Geometry,Combinatorics | Plane Geometry,Very Hard,Discrete Mathematics | Geometry,Combinatorics | Plane Geometry,Very Hard
MATHNET-0a7l,MATHNET-0k65,0.7869580956701865,7,Geometry,Plane Geometry,Medium,Geometry,Plane Geometry,Medium
MATHNET-0k65,MATHNET-0a7l,0.7869580956701865,7,Geometry,Plane Geometry,Medium,Geometry,Plane Geometry,Medium
MATHNET-0710,MATHNET-0lf7,0.7868155809322872,9,Geometry,Plane Geometry,Very Hard,Geometry,Plane Geometry,Very Hard
MATHNET-038c,MATHNET-0bth,0.7865600260279373,5,Discrete Mathematics,Combinatorics,Very Hard,Discrete Mathematics,Combinatorics,Very Hard
MATHNET-0115,MATHNET-0d4q,0.7865474722624601,1,Discrete Mathematics,Combinatorics,Hard,Discrete Mathematics,Combinatorics,Hard
MATHNET-0d4q,MATHNET-0115,0.7865474722624601,1,Discrete Mathematics,Combinatorics,Hard,Discrete Mathematics,Combinatorics,Hard
MATHNET-0dbf,MATHNET-0cz9,0.7864963910338504,8,Algebra,Algebraic Expressions,Medium,Algebra,Algebraic Expressions,Medium
MATHNET-0ldf,MATHNET-06rf,0.7862825046826158,4,Discrete Mathematics | Geometry,Combinatorics | Plane Geometry,Very Hard,Discrete Mathematics | Geometry,Combinatorics | Plane Geometry,Very Hard
MATHNET-05yi,MATHNET-0az2,0.7861773361237651,10,Discrete Mathematics,Combinatorics,Easy,Discrete Mathematics,Combinatorics,Easy
MATHNET-0ij0,MATHNET-0law,0.7861672700534992,7,Algebra,Algebraic Expressions,Hard,Algebra,Algebraic Expressions | Equations and Inequalities,Hard
MATHNET-0law,MATHNET-0ij0,0.7861672700534992,3,Algebra,Algebraic Expressions | Equations and Inequalities,Hard,Algebra,Algebraic Expressions,Hard
MATHNET-03o9,MATHNET-0est,0.7858474346649191,7,Geometry,Plane Geometry,Medium,Geometry,Plane Geometry,Medium
MATHNET-0dbf,MATHNET-0l8o,0.7858075146462838,9,Algebra,Algebraic Expressions,Medium,Algebra,Equations and Inequalities,Medium
MATHNET-0l8o,MATHNET-0dbf,0.7858075146462838,9,Algebra,Equations and Inequalities,Medium,Algebra,Algebraic Expressions,Medium
MATHNET-0gq8,MATHNET-04ru,0.7857431735151106,9,Geometry,Plane Geometry,Very Hard,Geometry,Plane Geometry,Very Hard
MATHNET-08x7,MATHNET-0axv,0.7856638654176218,9,Algebra,Algebraic Expressions,Easy,Algebra,Algebraic Expressions,Easy
MATHNET-0g9d,MATHNET-09tk,0.7855248552993921,10,Geometry,Plane Geometry,Medium,Geometry,Plane Geometry,Medium
MATHNET-0fv5,MATHNET-0cnh,0.7855031537590959,2,Discrete Mathematics,Combinatorics,Medium,Discrete Mathematics,Algorithms | Combinatorics,Medium
MATHNET-0cnh,MATHNET-0fv5,0.7855031537590959,4,Discrete Mathematics,Algorithms | Combinatorics,Medium,Discrete Mathematics,Combinatorics,Medium
MATHNET-05dg,MATHNET-0h61,0.7853611556617367,9,Geometry,Plane Geometry,Very Hard,Geometry,Plane Geometry,Very Hard
MATHNET-01l8,MATHNET-007a,0.7851939926205016,5,Geometry,Plane Geometry,Medium,Geometry,Plane Geometry,Medium
MATHNET-08pm,MATHNET-01f7,0.7851021651907247,2,Algebra,Equations and Inequalities,Hard,Algebra,Algebraic Expressions,Hard
MATHNET-01f7,MATHNET-08pm,0.7851021651907247,4,Algebra,Algebraic Expressions,Hard,Algebra,Equations and Inequalities,Hard
MATHNET-0dbf,MATHNET-07o3,0.7848963123007885,10,Algebra,Algebraic Expressions,Medium,Algebra,Algebraic Expressions | Equations and Inequalities,Medium
MATHNET-0h10,MATHNET-0cnn,0.7848525750558364,5,Geometry,Plane Geometry,Hard,Geometry,Plane Geometry,Hard
MATHNET-09z8,MATHNET-00k4,0.7847892975593541,7,Geometry,Plane Geometry,Hard,Geometry,Plane Geometry | Solid Geometry,Hard
MATHNET-0a53,MATHNET-08o1,0.7845993939288233,8,Geometry,Plane Geometry,Hard,Geometry,Plane Geometry,Hard
MATHNET-0a53,MATHNET-0k4h,0.7845151542409149,9,Geometry,Plane Geometry,Hard,Geometry,Plane Geometry,Medium
MATHNET-0k4h,MATHNET-0a53,0.7845151542409149,10,Geometry,Plane Geometry,Medium,Geometry,Plane Geometry,Hard
MATHNET-0lgk,MATHNET-0h10,0.7844929075559424,10,Geometry,Plane Geometry,Hard,Geometry,Plane Geometry,Hard
MATHNET-0h10,MATHNET-0lgk,0.7844929075559424,6,Geometry,Plane Geometry,Hard,Geometry,Plane Geometry,Hard
MATHNET-0ed9,MATHNET-0hsp,0.7843514666961927,4,Geometry,Plane Geometry,Hard,Geometry,Plane Geometry | Solid Geometry,Very Hard
MATHNET-0hsp,MATHNET-0ed9,0.7843514666961927,4,Geometry,Plane Geometry | Solid Geometry,Very Hard,Geometry,Plane Geometry,Hard
MATHNET-03zn,MATHNET-03f4,0.7842654675360237,3,Algebra,Algebraic Expressions,Medium,Algebra,Equations and Inequalities | Intermediate Algebra,Medium
MATHNET-09ti,MATHNET-0cvb,0.7841657371604634,1,Discrete Mathematics,Combinatorics,Medium,Discrete Mathematics,Combinatorics,Medium
MATHNET-0cvb,MATHNET-09ti,0.7841657371604634,4,Discrete Mathematics,Combinatorics,Medium,Discrete Mathematics,Combinatorics,Medium
MATHNET-0biz,MATHNET-08l3,0.7840849673161885,5,Algebra,Equations and Inequalities,Easy,Algebra,Algebraic Expressions,Medium
MATHNET-08l3,MATHNET-0biz,0.7840849673161885,10,Algebra,Algebraic Expressions,Medium,Algebra,Equations and Inequalities,Easy
MATHNET-056b,MATHNET-07uh,0.7839732452721128,9,Geometry,Plane Geometry,Very Hard,Geometry,Plane Geometry,Very Hard
MATHNET-07uh,MATHNET-056b,0.7839732452721128,6,Geometry,Plane Geometry,Very Hard,Geometry,Plane Geometry,Very Hard
MATHNET-0fam,MATHNET-0hn5,0.7839020808918782,6,Geometry,Plane Geometry,Medium,Geometry,Plane Geometry,Medium
MATHNET-0da8,MATHNET-0gps,0.7838355346746427,6,Geometry,Plane Geometry,Medium,Geometry,Plane Geometry,Medium
MATHNET-0gps,MATHNET-0da8,0.7838355346746427,5,Geometry,Plane Geometry,Medium,Geometry,Plane Geometry,Medium
MATHNET-0jxp,MATHNET-08nc,0.7837905648597674,1,Geometry,Plane Geometry,Medium,Geometry,Plane Geometry,Medium
MATHNET-08nc,MATHNET-0jxp,0.7837905648597674,6,Geometry,Plane Geometry,Medium,Geometry,Plane Geometry,Medium
MATHNET-058t,MATHNET-0hxe,0.7837440540542497,10,Geometry,Plane Geometry,Medium,Geometry,Plane Geometry,Medium
MATHNET-03nj,MATHNET-0lgk,0.783632520826806,9,Geometry,Plane Geometry,Hard,Geometry,Plane Geometry,Hard
MATHNET-0jxp,MATHNET-0ksl,0.7834443950686564,2,Geometry,Plane Geometry,Medium,Geometry,Plane Geometry,Medium
MATHNET-0ksl,MATHNET-0jxp,0.7834443950686564,4,Geometry,Plane Geometry,Medium,Geometry,Plane Geometry,Medium
MATHNET-06jk,MATHNET-0bis,0.7833985573084423,1,Algebra | Discrete Mathematics,Algebraic Expressions | Combinatorics,Hard,Algebra | Discrete Mathematics,Combinatorics | Equations and Inequalities,Hard
MATHNET-0bis,MATHNET-06jk,0.7833985573084423,3,Algebra | Discrete Mathematics,Combinatorics | Equations and Inequalities,Hard,Algebra | Discrete Mathematics,Algebraic Expressions | Combinatorics,Hard
MATHNET-0i9p,MATHNET-0le8,0.7833435164803447,3,Algebra,Algebraic Expressions,Medium,Algebra,Algebraic Expressions,Hard
MATHNET-0le8,MATHNET-0i9p,0.7833435164803447,2,Algebra,Algebraic Expressions,Hard,Algebra,Algebraic Expressions,Medium
MATHNET-05dk,MATHNET-06pl,0.7833352843449138,7,Geometry,Plane Geometry,Very Hard,Geometry,Plane Geometry,Very Hard
MATHNET-06pl,MATHNET-05dk,0.7833352843449138,10,Geometry,Plane Geometry,Very Hard,Geometry,Plane Geometry,Very Hard
MATHNET-0jtz,MATHNET-0jnd,0.7829695628613548,8,Number Theory,Diophantine Equations | Modular Arithmetic,Hard,Number Theory,Divisibility / Factorization | Modular Arithmetic,Hard
MATHNET-0jnd,MATHNET-0jtz,0.7829695628613548,10,Number Theory,Divisibility / Factorization | Modular Arithmetic,Hard,Number Theory,Diophantine Equations | Modular Arithmetic,Hard
MATHNET-07k2,MATHNET-03wz,0.7828567831252413,4,Geometry,Plane Geometry,Hard,Geometry,Plane Geometry,Hard
MATHNET-03wz,MATHNET-07k2,0.7828567831252413,7,Geometry,Plane Geometry,Hard,Geometry,Plane Geometry,Hard
MATHNET-01n3,MATHNET-09xc,0.7826026916756106,8,Algebra,Algebraic Expressions,Hard,Algebra,Intermediate Algebra | Prealgebra / Basic Algebra,Very Hard
MATHNET-03t6,MATHNET-0gqz,0.7824043899074336,1,Discrete Mathematics,Combinatorics,Hard,Discrete Mathematics,Combinatorics,Hard
MATHNET-0gqz,MATHNET-03t6,0.7824043899074336,3,Discrete Mathematics,Combinatorics,Hard,Discrete Mathematics,Combinatorics,Hard
MATHNET-0jar,MATHNET-0kpf,0.7823456246296224,4,Discrete Mathematics,Combinatorics,Medium,Discrete Mathematics,Combinatorics,Easy
MATHNET-0ax4,MATHNET-07uh,0.7822983865164075,9,Geometry,Plane Geometry,Very Hard,Geometry,Plane Geometry,Very Hard
MATHNET-07uh,MATHNET-0ax4,0.7822983865164075,7,Geometry,Plane Geometry,Very Hard,Geometry,Plane Geometry,Very Hard
MATHNET-0jxp,MATHNET-0b84,0.7822746979131564,3,Geometry,Plane Geometry,Medium,Geometry,Plane Geometry,Medium
MATHNET-0b84,MATHNET-0jxp,0.7822746979131564,3,Geometry,Plane Geometry,Medium,Geometry,Plane Geometry,Medium
MATHNET-0b87,MATHNET-0k94,0.7821968098862553,5,Discrete Mathematics,Combinatorics,Medium,Discrete Mathematics,Combinatorics,Medium
MATHNET-0k94,MATHNET-0b87,0.7821968098862553,5,Discrete Mathematics,Combinatorics,Medium,Discrete Mathematics,Combinatorics,Medium
MATHNET-023f,MATHNET-0fxg,0.7821676611078332,5,Discrete Mathematics,Combinatorics,Easy,Discrete Mathematics,Combinatorics,Easy
MATHNET-0cvk,MATHNET-0az2,0.7821474955957136,7,Discrete Mathematics,Combinatorics,Easy,Discrete Mathematics,Combinatorics,Easy
MATHNET-00f5,MATHNET-0dzm,0.7820466010762884,6,Geometry,Plane Geometry,Hard,Geometry,Plane Geometry,Hard
MATHNET-0dzm,MATHNET-00f5,0.7820466010762884,10,Geometry,Plane Geometry,Hard,Geometry,Plane Geometry,Hard
MATHNET-03o9,MATHNET-01l8,0.7820301294660423,9,Geometry,Plane Geometry,Medium,Geometry,Plane Geometry,Medium
MATHNET-01l8,MATHNET-03o9,0.7820301294660423,8,Geometry,Plane Geometry,Medium,Geometry,Plane Geometry,Medium
MATHNET-06x6,MATHNET-0dpx,0.7818931689854295,10,Geometry,Plane Geometry,Hard,Geometry,Plane Geometry,Hard
MATHNET-02j5,MATHNET-02kg,0.7818341123788468,1,Algebra,Prealgebra / Basic Algebra,Easy,Algebra,Prealgebra / Basic Algebra,Easy
MATHNET-0kig,MATHNET-03tp,0.7817878410685286,1,Algebra,Prealgebra / Basic Algebra,Medium,Algebra,Equations and Inequalities,Medium
MATHNET-03tp,MATHNET-0kig,0.7817878410685286,4,Algebra,Equations and Inequalities,Medium,Algebra,Prealgebra / Basic Algebra,Medium
MATHNET-08rj,MATHNET-0652,0.7817566819923851,5,Geometry,Solid Geometry,Medium,Geometry,Plane Geometry,Medium
MATHNET-0652,MATHNET-08rj,0.7817566819923851,10,Geometry,Plane Geometry,Medium,Geometry,Solid Geometry,Medium
MATHNET-07d3,MATHNET-047k,0.7817492747387557,4,Algebra | Discrete Mathematics,Combinatorics | Linear Algebra,Very Hard,Algebra | Discrete Mathematics,Combinatorics | Equations and Inequalities,Very Hard
MATHNET-047k,MATHNET-07d3,0.7817492747387557,3,Algebra | Discrete Mathematics,Combinatorics | Equations and Inequalities,Very Hard,Algebra | Discrete Mathematics,Combinatorics | Linear Algebra,Very Hard
MATHNET-01b7,MATHNET-07l8,0.7816177026542694,7,Geometry,Plane Geometry,Hard,Geometry,Plane Geometry,Hard
MATHNET-07l8,MATHNET-01b7,0.7816177026542694,4,Geometry,Plane Geometry,Hard,Geometry,Plane Geometry,Hard
MATHNET-0jc8,MATHNET-0h2a,0.7816026227431431,6,Algebra,Algebraic Expressions | Intermediate Algebra,Medium,Algebra,Algebraic Expressions,Medium
MATHNET-0h2a,MATHNET-0jc8,0.7816026227431431,8,Algebra,Algebraic Expressions,Medium,Algebra,Algebraic Expressions | Intermediate Algebra,Medium
MATHNET-01ub,MATHNET-0law,0.7815698698082152,7,Algebra,Intermediate Algebra | Prealgebra / Basic Algebra,Medium,Algebra,Algebraic Expressions | Equations and Inequalities,Hard
MATHNET-0law,MATHNET-01ub,0.7815698698082152,4,Algebra,Algebraic Expressions | Equations and Inequalities,Hard,Algebra,Intermediate Algebra | Prealgebra / Basic Algebra,Medium
MATHNET-076c,MATHNET-0397,0.7812884589458571,3,Algebra,Algebraic Expressions,Hard,Algebra,Equations and Inequalities,Hard
MATHNET-0397,MATHNET-076c,0.7812884589458571,7,Algebra,Equations and Inequalities,Hard,Algebra,Algebraic Expressions,Hard
MATHNET-07dr,MATHNET-03z3,0.7811990435185561,4,Algebra,Algebraic Expressions | Intermediate Algebra,Very Hard,Algebra,Equations and Inequalities,Very Hard
MATHNET-03z3,MATHNET-07dr,0.7811990435185561,2,Algebra,Equations and Inequalities,Very Hard,Algebra,Algebraic Expressions | Intermediate Algebra,Very Hard
MATHNET-04vh,MATHNET-07uh,0.7811507714832009,4,Geometry,Plane Geometry,Very Hard,Geometry,Plane Geometry,Very Hard
MATHNET-07uh,MATHNET-04vh,0.7811507714832009,8,Geometry,Plane Geometry,Very Hard,Geometry,Plane Geometry,Very Hard
MATHNET-0a2l,MATHNET-04aq,0.7811203319886406,6,Discrete Mathematics,Combinatorics,Hard,Discrete Mathematics,Combinatorics,Hard
MATHNET-04aq,MATHNET-0a2l,0.7811203319886406,3,Discrete Mathematics,Combinatorics,Hard,Discrete Mathematics,Combinatorics,Hard
MATHNET-0kjw,MATHNET-0epr,0.7809740361239563,9,Number Theory,Divisibility / Factorization,Easy,Number Theory,Divisibility / Factorization,Easy
MATHNET-0epr,MATHNET-0kjw,0.7809740361239563,9,Number Theory,Divisibility / Factorization,Easy,Number Theory,Divisibility / Factorization,Easy
MATHNET-0k65,MATHNET-0aho,0.7807515474327195,9,Geometry,Plane Geometry,Medium,Geometry,Plane Geometry,Medium
MATHNET-0aho,MATHNET-0k65,0.7807515474327195,8,Geometry,Plane Geometry,Medium,Geometry,Plane Geometry,Medium
MATHNET-0bxp,MATHNET-01ef,0.7807191197979398,8,Geometry,Plane Geometry,Medium,Geometry,Plane Geometry,Medium
MATHNET-0kqa,MATHNET-08o1,0.7807173853818198,8,Geometry,Plane Geometry,Hard,Geometry,Plane Geometry,Hard
MATHNET-0h10,MATHNET-06x6,0.7806990109047744,8,Geometry,Plane Geometry,Hard,Geometry,Plane Geometry,Hard
MATHNET-03nj,MATHNET-08o1,0.7806718823951524,10,Geometry,Plane Geometry,Hard,Geometry,Plane Geometry,Hard
MATHNET-07uh,MATHNET-00vm,0.7803790520441964,9,Geometry,Plane Geometry,Very Hard,Geometry,Plane Geometry,Very Hard
MATHNET-056b,MATHNET-0h61,0.7803277034261326,10,Geometry,Plane Geometry,Very Hard,Geometry,Plane Geometry,Very Hard
MATHNET-0d0v,MATHNET-03nj,0.7801592330555186,10,Geometry,Plane Geometry,Hard,Geometry,Plane Geometry,Hard
MATHNET-04aq,MATHNET-099l,0.7801078198542785,4,Discrete Mathematics,Combinatorics,Hard,Discrete Mathematics,Combinatorics | Other,Hard
MATHNET-099l,MATHNET-04aq,0.7801078198542785,1,Discrete Mathematics,Combinatorics | Other,Hard,Discrete Mathematics,Combinatorics,Hard
MATHNET-02j5,MATHNET-02jw,0.7799658158358864,2,Algebra,Prealgebra / Basic Algebra,Easy,Algebra,Algebraic Expressions | Prealgebra / Basic Algebra,Easy
MATHNET-0fam,MATHNET-0joq,0.7799245049149778,7,Geometry,Plane Geometry,Medium,Geometry,Plane Geometry,Medium
MATHNET-03xn,MATHNET-0cwk,0.7798718657271465,1,Algebra,Algebraic Expressions,Hard,Algebra,Algebraic Expressions,Hard
MATHNET-0cwk,MATHNET-03xn,0.7798718657271465,2,Algebra,Algebraic Expressions,Hard,Algebra,Algebraic Expressions,Hard
MATHNET-0ax4,MATHNET-0lf7,0.7797266112801006,10,Geometry,Plane Geometry,Very Hard,Geometry,Plane Geometry,Very Hard
MATHNET-03o9,MATHNET-09pd,0.7797072144008059,10,Geometry,Plane Geometry,Medium,Geometry,Plane Geometry,Medium
MATHNET-0l5r,MATHNET-0bmd,0.7796351643194547,7,Algebra | Number Theory,Algebraic Expressions | Modular Arithmetic,Medium,Algebra | Number Theory,Divisibility / Factorization | Modular Arithmetic | Prealgebra / Basic Algebra,Medium
MATHNET-04vh,MATHNET-0ing,0.7796140981242209,5,Geometry,Plane Geometry,Very Hard,Geometry,Plane Geometry,Very Hard
MATHNET-0ing,MATHNET-04vh,0.7796140981242209,10,Geometry,Plane Geometry,Very Hard,Geometry,Plane Geometry,Very Hard
MATHNET-01dv,MATHNET-0d9u,0.7793315554328327,8,Algebra,Algebraic Expressions,Hard,Algebra,Algebraic Expressions,Very Hard
MATHNET-0d9u,MATHNET-01dv,0.7793315554328327,9,Algebra,Algebraic Expressions,Very Hard,Algebra,Algebraic Expressions,Hard
MATHNET-03zn,MATHNET-00mi,0.7787558462013193,5,Algebra,Algebraic Expressions,Medium,Algebra,Algebraic Expressions | Equations and Inequalities,Easy
MATHNET-09z8,MATHNET-01el,0.778448252238462,8,Geometry,Plane Geometry,Hard,Geometry,Plane Geometry,Medium
MATHNET-01el,MATHNET-09z8,0.778448252238462,7,Geometry,Plane Geometry,Medium,Geometry,Plane Geometry,Hard
MATHNET-01db,MATHNET-0kqa,0.7783950653651471,3,Geometry,Plane Geometry,Hard,Geometry,Plane Geometry,Hard
MATHNET-0kqa,MATHNET-01db,0.7783950653651471,9,Geometry,Plane Geometry,Hard,Geometry,Plane Geometry,Hard
MATHNET-02eg,MATHNET-0a2l,0.7783630383629797,8,Discrete Mathematics,Combinatorics,Hard,Discrete Mathematics,Combinatorics,Hard
MATHNET-0a2l,MATHNET-02eg,0.7783630383629797,8,Discrete Mathematics,Combinatorics,Hard,Discrete Mathematics,Combinatorics,Hard
MATHNET-0cjq,MATHNET-04aq,0.7780102996132455,4,Discrete Mathematics,Combinatorics,Hard,Discrete Mathematics,Combinatorics,Hard
MATHNET-04aq,MATHNET-0cjq,0.7780102996132455,5,Discrete Mathematics,Combinatorics,Hard,Discrete Mathematics,Combinatorics,Hard
MATHNET-01ub,MATHNET-0azg,0.7780078926490048,9,Algebra,Intermediate Algebra | Prealgebra / Basic Algebra,Medium,Algebra,Algebraic Expressions,Medium
MATHNET-0a7r,MATHNET-0jp5,0.7779130120287658,9,Geometry,Plane Geometry,Medium,Geometry,Plane Geometry,Medium
MATHNET-0kw5,MATHNET-037b,0.7777549690162893,8,Geometry,Plane Geometry,Hard,Geometry,Plane Geometry,Medium
MATHNET-08rj,MATHNET-0a7r,0.7775837239152164,6,Geometry,Solid Geometry,Medium,Geometry,Plane Geometry,Medium
MATHNET-0a7r,MATHNET-08rj,0.7775837239152164,10,Geometry,Plane Geometry,Medium,Geometry,Solid Geometry,Medium
MATHNET-0b7y,MATHNET-00yo,0.7774960905106639,7,Algebra,Linear Algebra,Medium,Algebra,Algebraic Expressions,Medium
MATHNET-00yo,MATHNET-0b7y,0.7774960905106639,6,Algebra,Algebraic Expressions,Medium,Algebra,Linear Algebra,Medium
MATHNET-0eex,MATHNET-0fxg,0.7773322226926012,7,Discrete Mathematics,Combinatorics,Medium,Discrete Mathematics,Combinatorics,Easy
MATHNET-0htx,MATHNET-037b,0.7773124160259473,8,Geometry,Plane Geometry,Medium,Geometry,Plane Geometry,Medium
MATHNET-0dxz,MATHNET-0ing,0.7770526991660015,4,Geometry,Plane Geometry,Very Hard,Geometry,Plane Geometry,Very Hard
MATHNET-07d3,MATHNET-03n8,0.7769388063794017,6,Algebra | Discrete Mathematics,Combinatorics | Linear Algebra,Very Hard,Algebra | Discrete Mathematics,Combinatorics | Linear Algebra,Very Hard
MATHNET-0kqa,MATHNET-0925,0.7768983061585695,10,Geometry,Plane Geometry,Hard,Geometry,Plane Geometry,Hard
MATHNET-0aho,MATHNET-01u9,0.7768696626724546,10,Geometry,Plane Geometry,Medium,Geometry,Plane Geometry,Medium
MATHNET-01u9,MATHNET-0aho,0.7768696626724546,4,Geometry,Plane Geometry,Medium,Geometry,Plane Geometry,Medium
MATHNET-00ul,MATHNET-06ze,0.7768402222274114,8,Geometry,Plane Geometry,Hard,Geometry,Plane Geometry,Hard
MATHNET-06ze,MATHNET-00ul,0.7768402222274114,3,Geometry,Plane Geometry,Hard,Geometry,Plane Geometry,Hard
MATHNET-076c,MATHNET-01dv,0.7766263304919094,5,Algebra,Algebraic Expressions,Hard,Algebra,Algebraic Expressions,Hard
MATHNET-01dv,MATHNET-076c,0.7766263304919094,9,Algebra,Algebraic Expressions,Hard,Algebra,Algebraic Expressions,Hard
MATHNET-0bvn,MATHNET-0d7c,0.7765829679180644,1,Number Theory,Divisibility / Factorization | Modular Arithmetic,Hard,Number Theory,Diophantine Equations | Divisibility / Factorization | Modular Arithmetic | Residues and Primitive Roots,Hard
MATHNET-0d7c,MATHNET-0bvn,0.7765829679180644,1,Number Theory,Diophantine Equations | Divisibility / Factorization | Modular Arithmetic | Residues and Primitive Roots,Hard,Number Theory,Divisibility / Factorization | Modular Arithmetic,Hard
MATHNET-0h10,MATHNET-0gle,0.776473241252275,9,Geometry,Plane Geometry,Hard,Geometry,Plane Geometry,Hard
MATHNET-0gle,MATHNET-0h10,0.776473241252275,10,Geometry,Plane Geometry,Hard,Geometry,Plane Geometry,Hard
MATHNET-01x5,MATHNET-0dbf,0.7763484863032011,8,Algebra,Algebraic Expressions | Equations and Inequalities | Intermediate Algebra,Medium,Algebra,Algebraic Expressions,Medium
MATHNET-00f5,MATHNET-0cnn,0.7762593605182366,7,Geometry,Plane Geometry,Hard,Geometry,Plane Geometry,Hard
MATHNET-00xp,MATHNET-06j5,0.7762408131905069,3,Discrete Mathematics,Combinatorics,Medium,Discrete Mathematics,Combinatorics,Medium
MATHNET-06j5,MATHNET-00xp,0.7762408131905069,3,Discrete Mathematics,Combinatorics,Medium,Discrete Mathematics,Combinatorics,Medium
MATHNET-01b9,MATHNET-09xk,0.7760579994403541,10,Algebra | Discrete Mathematics,Algebraic Expressions | Combinatorics,Very Hard,Algebra | Discrete Mathematics,Algebraic Expressions | Combinatorics,Very Hard
MATHNET-09xk,MATHNET-01b9,0.7760579994403541,6,Algebra | Discrete Mathematics,Algebraic Expressions | Combinatorics,Very Hard,Algebra | Discrete Mathematics,Algebraic Expressions | Combinatorics,Very Hard
MATHNET-04vh,MATHNET-056b,0.7760472882202416,6,Geometry,Plane Geometry,Very Hard,Geometry,Plane Geometry,Very Hard
MATHNET-0gps,MATHNET-01ef,0.7759364477863789,6,Geometry,Plane Geometry,Medium,Geometry,Plane Geometry,Medium
MATHNET-09z8,MATHNET-0925,0.775820303023266,10,Geometry,Plane Geometry,Hard,Geometry,Plane Geometry,Hard
MATHNET-0apw,MATHNET-0ia7,0.7756907493919071,5,Algebra,Algebraic Expressions,Medium,Algebra,Algebraic Expressions,Easy
MATHNET-01zv,MATHNET-01b8,0.7755864182106268,10,Algebra,Algebraic Expressions,Very Hard,Algebra,Algebraic Expressions,Very Hard
MATHNET-00s2,MATHNET-0cnn,0.7753049045955246,6,Geometry,Plane Geometry,Hard,Geometry,Plane Geometry,Hard
MATHNET-08wo,MATHNET-0jnd,0.7751966595924745,8,Number Theory,Divisibility / Factorization | Number-Theoretic Functions,Hard,Number Theory,Divisibility / Factorization | Modular Arithmetic,Hard
MATHNET-03zn,MATHNET-0bnh,0.7749189039186414,6,Algebra,Algebraic Expressions,Medium,Algebra,Algebraic Expressions,Medium
MATHNET-074g,MATHNET-00yo,0.7748863911215221,1,Algebra,Algebraic Expressions | Intermediate Algebra,Hard,Algebra,Algebraic Expressions,Medium
MATHNET-00yo,MATHNET-074g,0.7748863911215221,7,Algebra,Algebraic Expressions,Medium,Algebra,Algebraic Expressions | Intermediate Algebra,Hard
MATHNET-0cvk,MATHNET-0fyo,0.7746429461403797,8,Discrete Mathematics,Combinatorics,Easy,Discrete Mathematics,Combinatorics,Easy
MATHNET-0590,MATHNET-0dsa,0.7745146145161145,3,Discrete Mathematics,Combinatorics,Medium,Discrete Mathematics,Combinatorics,Medium
MATHNET-0dsa,MATHNET-0590,0.7745146145161145,5,Discrete Mathematics,Combinatorics,Medium,Discrete Mathematics,Combinatorics,Medium
MATHNET-04t3,MATHNET-06ts,0.7742940417715407,10,Discrete Mathematics,Combinatorics,Very Hard,Discrete Mathematics,Combinatorics,Hard
MATHNET-06ts,MATHNET-04t3,0.7742940417715407,4,Discrete Mathematics,Combinatorics,Hard,Discrete Mathematics,Combinatorics,Very Hard
MATHNET-08n2,MATHNET-0925,0.7742606784131459,8,Geometry,Plane Geometry,Hard,Geometry,Plane Geometry,Hard
MATHNET-051m,MATHNET-06pl,0.7742418789450396,2,Geometry,Plane Geometry,Hard,Geometry,Plane Geometry,Very Hard
MATHNET-0cvk,MATHNET-023f,0.774145514139056,9,Discrete Mathematics,Combinatorics,Easy,Discrete Mathematics,Combinatorics,Easy
MATHNET-023f,MATHNET-0cvk,0.774145514139056,6,Discrete Mathematics,Combinatorics,Easy,Discrete Mathematics,Combinatorics,Easy
MATHNET-01l8,MATHNET-01el,0.7738351131790868,9,Geometry,Plane Geometry,Medium,Geometry,Plane Geometry,Medium
MATHNET-01el,MATHNET-01l8,0.7738351131790868,8,Geometry,Plane Geometry,Medium,Geometry,Plane Geometry,Medium
MATHNET-00f5,MATHNET-0lgk,0.773801314535287,8,Geometry,Plane Geometry,Hard,Geometry,Plane Geometry,Hard
MATHNET-01bf,MATHNET-0500,0.7737679258766613,6,Discrete Mathematics,Combinatorics,Hard,Discrete Mathematics,Combinatorics,Hard
MATHNET-0500,MATHNET-01bf,0.7737679258766613,8,Discrete Mathematics,Combinatorics,Hard,Discrete Mathematics,Combinatorics,Hard
MATHNET-0kfw,MATHNET-06pl,0.7733467717057809,7,Geometry,Plane Geometry,Very Hard,Geometry,Plane Geometry,Very Hard
MATHNET-00f5,MATHNET-0d0v,0.7733097601011352,9,Geometry,Plane Geometry,Hard,Geometry,Plane Geometry,Hard
MATHNET-03wz,MATHNET-0cg1,0.7731158650290968,10,Geometry,Plane Geometry,Hard,Geometry,Plane Geometry,Hard
MATHNET-0cg1,MATHNET-03wz,0.7731158650290968,6,Geometry,Plane Geometry,Hard,Geometry,Plane Geometry,Hard
MATHNET-0apw,MATHNET-0i5e,0.7730240652076232,6,Algebra,Algebraic Expressions,Medium,Algebra,Algebraic Expressions | Prealgebra / Basic Algebra,Easy
MATHNET-0i5e,MATHNET-0apw,0.7730240652076232,8,Algebra,Algebraic Expressions | Prealgebra / Basic Algebra,Easy,Algebra,Algebraic Expressions,Medium
MATHNET-0aj5,MATHNET-0dyh,0.7727992017250427,8,Geometry,Plane Geometry,Hard,Geometry,Plane Geometry,Hard
MATHNET-01l8,MATHNET-0hog,0.7727484463407831,10,Geometry,Plane Geometry,Medium,Geometry,Plane Geometry,Medium
MATHNET-03bc,MATHNET-0aho,0.7724422786902158,6,Geometry,Plane Geometry,Medium,Geometry,Plane Geometry,Medium
MATHNET-0aj5,MATHNET-0dpx,0.7724369566294349,9,Geometry,Plane Geometry,Hard,Geometry,Plane Geometry,Hard
MATHNET-0h10,MATHNET-0dzm,0.7722091420421258,10,Geometry,Plane Geometry,Hard,Geometry,Plane Geometry,Hard
MATHNET-01tp,MATHNET-0dbf,0.7721046328865978,5,Algebra,Equations and Inequalities,Medium,Algebra,Algebraic Expressions,Medium
MATHNET-0dla,MATHNET-0jld,0.7719609679522005,9,Number Theory,Diophantine Equations,Medium,Number Theory,Divisibility / Factorization | Number-Theoretic Functions,Medium
MATHNET-0jld,MATHNET-0dla,0.7719609679522005,5,Number Theory,Divisibility / Factorization | Number-Theoretic Functions,Medium,Number Theory,Diophantine Equations,Medium
MATHNET-06ze,MATHNET-01kt,0.7717319970658306,4,Geometry,Plane Geometry,Hard,Geometry,Plane Geometry,Hard
MATHNET-01kt,MATHNET-06ze,0.7717319970658306,4,Geometry,Plane Geometry,Hard,Geometry,Plane Geometry,Hard
MATHNET-021o,MATHNET-01qk,0.7715486448019748,3,Algebra,Prealgebra / Basic Algebra,Medium,Algebra,Algebraic Expressions | Equations and Inequalities,Medium
MATHNET-01bj,MATHNET-04yn,0.7711562133435704,5,Discrete Mathematics | Geometry,Combinatorics | Plane Geometry,Hard,Discrete Mathematics | Geometry,Combinatorics | Plane Geometry,Hard
MATHNET-04yn,MATHNET-01bj,0.7711562133435704,6,Discrete Mathematics | Geometry,Combinatorics | Plane Geometry,Hard,Discrete Mathematics | Geometry,Combinatorics | Plane Geometry,Hard
MATHNET-0930,MATHNET-09xc,0.7706675278367918,5,Algebra,Algebraic Expressions,Very Hard,Algebra,Intermediate Algebra | Prealgebra / Basic Algebra,Very Hard
MATHNET-0f8b,MATHNET-00ul,0.77036127342411,7,Geometry,Plane Geometry,Hard,Geometry,Plane Geometry,Hard
MATHNET-00ul,MATHNET-0f8b,0.77036127342411,10,Geometry,Plane Geometry,Hard,Geometry,Plane Geometry,Hard
MATHNET-03bc,MATHNET-0bg5,0.7703579768190061,7,Geometry,Plane Geometry,Medium,Geometry,Plane Geometry,Easy
MATHNET-020b,MATHNET-09mt,0.7703004537110618,4,Number Theory,Divisibility / Factorization,Very Hard,Number Theory,Divisibility / Factorization | Residues and Primitive Roots,Hard
MATHNET-09mt,MATHNET-020b,0.7703004537110618,1,Number Theory,Divisibility / Factorization | Residues and Primitive Roots,Hard,Number Theory,Divisibility / Factorization,Very Hard
MATHNET-01k3,MATHNET-078n,0.7701782591523124,2,Discrete Mathematics,Combinatorics,Hard,Discrete Mathematics,Combinatorics,Medium
MATHNET-0da8,MATHNET-0b2w,0.7701487457715703,9,Geometry,Plane Geometry,Medium,Geometry,Plane Geometry,Medium
MATHNET-0dz5,MATHNET-0ckb,0.7697554549877494,5,Algebra,Intermediate Algebra,Medium,Algebra,Equations and Inequalities | Prealgebra / Basic Algebra,Medium
MATHNET-0ckb,MATHNET-0dz5,0.7697554549877494,3,Algebra,Equations and Inequalities | Prealgebra / Basic Algebra,Medium,Algebra,Intermediate Algebra,Medium
MATHNET-04vh,MATHNET-0ax4,0.76974888478213,8,Geometry,Plane Geometry,Very Hard,Geometry,Plane Geometry,Very Hard
MATHNET-0dxz,MATHNET-056b,0.7696864397673453,6,Geometry,Plane Geometry,Very Hard,Geometry,Plane Geometry,Very Hard
MATHNET-01ei,MATHNET-0kd5,0.7696501771746023,3,Geometry,Plane Geometry,Hard,Geometry,Plane Geometry | Solid Geometry,Medium
MATHNET-07l8,MATHNET-0dq2,0.7695784919889556,7,Geometry,Plane Geometry,Hard,Geometry,Plane Geometry,Hard
MATHNET-0dq2,MATHNET-07l8,0.7695784919889556,7,Geometry,Plane Geometry,Hard,Geometry,Plane Geometry,Hard
MATHNET-0jgr,MATHNET-0h1p,0.7695688859568252,5,Discrete Mathematics | Number Theory,Combinatorics | Modular Arithmetic,Hard,Discrete Mathematics | Number Theory,Combinatorics | Other,Hard
MATHNET-0h1p,MATHNET-0jgr,0.7695688859568252,7,Discrete Mathematics | Number Theory,Combinatorics | Other,Hard,Discrete Mathematics | Number Theory,Combinatorics | Modular Arithmetic,Hard
MATHNET-01x5,MATHNET-0bot,0.7695131693040844,10,Algebra,Algebraic Expressions | Equations and Inequalities | Intermediate Algebra,Medium,Algebra,Algebraic Expressions | Equations and Inequalities | Prealgebra / Basic Algebra,Medium
MATHNET-0kbi,MATHNET-0jxx,0.7693672984903712,4,Algebra,Algebraic Expressions,Easy,Algebra,Algebraic Expressions,Easy
MATHNET-0k65,MATHNET-05ai,0.7693201415438173,10,Geometry,Plane Geometry,Medium,Geometry,Plane Geometry,Medium
MATHNET-05ai,MATHNET-0k65,0.7693201415438173,8,Geometry,Plane Geometry,Medium,Geometry,Plane Geometry,Medium
MATHNET-076c,MATHNET-06do,0.769233806292097,6,Algebra,Algebraic Expressions,Hard,Algebra,Equations and Inequalities,Hard
MATHNET-06do,MATHNET-076c,0.769233806292097,3,Algebra,Equations and Inequalities,Hard,Algebra,Algebraic Expressions,Hard
MATHNET-06xr,MATHNET-00f5,0.769213733721919,8,Geometry,Plane Geometry,Hard,Geometry,Plane Geometry,Hard
MATHNET-07dr,MATHNET-0bhj,0.7691374273732492,6,Algebra,Algebraic Expressions | Intermediate Algebra,Very Hard,Algebra,Equations and Inequalities | Prealgebra / Basic Algebra,Very Hard
MATHNET-0bhj,MATHNET-07dr,0.7691374273732492,9,Algebra,Equations and Inequalities | Prealgebra / Basic Algebra,Very Hard,Algebra,Algebraic Expressions | Intermediate Algebra,Very Hard
MATHNET-01tp,MATHNET-01uc,0.7690800567441859,6,Algebra,Equations and Inequalities,Medium,Algebra,Equations and Inequalities,Medium
MATHNET-06do,MATHNET-09xc,0.7687982155442318,4,Algebra,Equations and Inequalities,Hard,Algebra,Intermediate Algebra | Prealgebra / Basic Algebra,Very Hard
MATHNET-08q8,MATHNET-0lfz,0.7686464308214509,1,Geometry,Plane Geometry,Hard,Geometry,Plane Geometry,Hard
MATHNET-0lfz,MATHNET-08q8,0.7686464308214509,5,Geometry,Plane Geometry,Hard,Geometry,Plane Geometry,Hard
MATHNET-0jqi,MATHNET-0b2t,0.7686182086326139,3,Algebra | Discrete Mathematics,Algebraic Expressions | Combinatorics,Medium,Algebra | Discrete Mathematics,Algebraic Expressions | Combinatorics,Medium
MATHNET-00g4,MATHNET-0e06,0.7684968900133021,4,Algebra,Algebraic Expressions | Equations and Inequalities,Medium,Algebra,Algebraic Expressions,Medium
MATHNET-0e06,MATHNET-00g4,0.7684968900133021,6,Algebra,Algebraic Expressions,Medium,Algebra,Algebraic Expressions | Equations and Inequalities,Medium
MATHNET-0590,MATHNET-00ug,0.7683139665700625,4,Discrete Mathematics,Combinatorics,Medium,Discrete Mathematics,Combinatorics,Medium
MATHNET-00s2,MATHNET-0lgk,0.7681509321391844,7,Geometry,Plane Geometry,Hard,Geometry,Plane Geometry,Hard
MATHNET-0bm7,MATHNET-05qu,0.7679369159533724,8,Geometry,Plane Geometry,Medium,Geometry,Plane Geometry,Medium
MATHNET-0aj5,MATHNET-0etj,0.7679197588086474,10,Geometry,Plane Geometry,Hard,Geometry,Plane Geometry,Hard
MATHNET-06xr,MATHNET-0h10,0.767418969598427,9,Geometry,Plane Geometry,Hard,Geometry,Plane Geometry,Hard
MATHNET-05ai,MATHNET-0kqa,0.7673447778388983,10,Geometry,Plane Geometry,Medium,Geometry,Plane Geometry,Hard
MATHNET-0dxz,MATHNET-0ax4,0.7671887713235178,7,Geometry,Plane Geometry,Very Hard,Geometry,Plane Geometry,Very Hard
MATHNET-0edn,MATHNET-03qo,0.7670145397218467,5,Geometry,Plane Geometry,Easy,Geometry,Plane Geometry,Easy
MATHNET-03qo,MATHNET-0edn,0.7670145397218467,1,Geometry,Plane Geometry,Easy,Geometry,Plane Geometry,Easy
MATHNET-0lfz,MATHNET-00up,0.766989391393122,6,Geometry,Plane Geometry,Hard,Geometry,Plane Geometry,Hard
MATHNET-00up,MATHNET-0lfz,0.766989391393122,5,Geometry,Plane Geometry,Hard,Geometry,Plane Geometry,Hard
MATHNET-08q8,MATHNET-07l8,0.7667650688137211,2,Geometry,Plane Geometry,Hard,Geometry,Plane Geometry,Hard
MATHNET-07l8,MATHNET-08q8,0.7667650688137211,8,Geometry,Plane Geometry,Hard,Geometry,Plane Geometry,Hard
MATHNET-03gy,MATHNET-00f5,0.7667223367619961,8,Geometry,Plane Geometry,Hard,Geometry,Plane Geometry,Hard
MATHNET-00nb,MATHNET-0le9,0.7660752807778091,5,Algebra,Algebraic Expressions | Prealgebra / Basic Algebra,Hard,Algebra,Equations and Inequalities,Hard
MATHNET-0le9,MATHNET-00nb,0.7660752807778091,10,Algebra,Equations and Inequalities,Hard,Algebra,Algebraic Expressions | Prealgebra / Basic Algebra,Hard
MATHNET-00hu,MATHNET-0cwp,0.7656775147088941,7,Discrete Mathematics | Geometry,Combinatorics | Plane Geometry,Very Hard,Discrete Mathematics | Geometry,Combinatorics | Solid Geometry,Hard
MATHNET-0cwp,MATHNET-00hu,0.7656775147088941,3,Discrete Mathematics | Geometry,Combinatorics | Solid Geometry,Hard,Discrete Mathematics | Geometry,Combinatorics | Plane Geometry,Very Hard
MATHNET-0dyz,MATHNET-0652,0.7656663588715436,6,Geometry,Plane Geometry,Medium,Geometry,Plane Geometry,Medium
MATHNET-0dq2,MATHNET-08q8,0.7656583785392095,8,Geometry,Plane Geometry,Hard,Geometry,Plane Geometry,Hard
MATHNET-08q8,MATHNET-0dq2,0.7656583785392095,3,Geometry,Plane Geometry,Hard,Geometry,Plane Geometry,Hard
MATHNET-01db,MATHNET-09z8,0.7655198246709237,4,Geometry,Plane Geometry,Hard,Geometry,Plane Geometry,Hard
MATHNET-0e06,MATHNET-0b7y,0.7652935876340416,7,Algebra,Algebraic Expressions,Medium,Algebra,Linear Algebra,Medium
MATHNET-0b7y,MATHNET-0e06,0.7652935876340416,10,Algebra,Linear Algebra,Medium,Algebra,Algebraic Expressions,Medium
MATHNET-07dr,MATHNET-01b8,0.7651486412888598,7,Algebra,Algebraic Expressions | Intermediate Algebra,Very Hard,Algebra,Algebraic Expressions,Very Hard
MATHNET-01el,MATHNET-03o9,0.7651207265614796,10,Geometry,Plane Geometry,Medium,Geometry,Plane Geometry,Medium
MATHNET-0dsa,MATHNET-00ug,0.7651150753003533,7,Discrete Mathematics,Combinatorics,Medium,Discrete Mathematics,Combinatorics,Medium
MATHNET-0dyz,MATHNET-0kd5,0.7649524344965801,7,Geometry,Plane Geometry,Medium,Geometry,Plane Geometry | Solid Geometry,Medium
MATHNET-0da8,MATHNET-007a,0.7648204507965545,10,Geometry,Plane Geometry,Medium,Geometry,Plane Geometry,Medium
MATHNET-0ai8,MATHNET-08wo,0.7647771081470724,6,Number Theory,Diophantine Equations | Divisibility / Factorization | Modular Arithmetic,Hard,Number Theory,Divisibility / Factorization | Number-Theoretic Functions,Hard
MATHNET-08wo,MATHNET-0ai8,0.7647771081470724,10,Number Theory,Divisibility / Factorization | Number-Theoretic Functions,Hard,Number Theory,Diophantine Equations | Divisibility / Factorization | Modular Arithmetic,Hard
MATHNET-0anv,MATHNET-0e8i,0.7645488679979157,10,Algebra,Algebraic Expressions,Easy,Algebra,Algebraic Expressions | Prealgebra / Basic Algebra,Easy
MATHNET-0alb,MATHNET-0kqf,0.7645488679979157,10,Geometry,Plane Geometry,Easy,Geometry,Solid Geometry,Easy
MATHNET-02cu,MATHNET-0e84,0.7645488679979157,10,Algebra,Prealgebra / Basic Algebra,Easy,Algebra,Algebraic Expressions,Easy
MATHNET-02cu,MATHNET-0eao,0.7645488679979157,9,Algebra,Prealgebra / Basic Algebra,Easy,Algebra,Prealgebra / Basic Algebra,Easy
MATHNET-02c0,MATHNET-0eao,0.7645488679979157,9,Algebra,Prealgebra / Basic Algebra,Easy,Algebra,Prealgebra / Basic Algebra,Easy
MATHNET-0kn4,MATHNET-0eao,0.7645488679979157,9,Algebra,Prealgebra / Basic Algebra,Easy,Algebra,Prealgebra / Basic Algebra,Easy
MATHNET-0kn4,MATHNET-0e84,0.7645488679979157,10,Algebra,Prealgebra / Basic Algebra,Easy,Algebra,Algebraic Expressions,Easy
MATHNET-02c0,MATHNET-0e8i,0.7645488679979157,10,Algebra,Prealgebra / Basic Algebra,Easy,Algebra,Algebraic Expressions | Prealgebra / Basic Algebra,Easy
MATHNET-0anv,MATHNET-0eao,0.7645488679979157,9,Algebra,Algebraic Expressions,Easy,Algebra,Prealgebra / Basic Algebra,Easy
MATHNET-0cjq,MATHNET-0a2l,0.7645455011653725,8,Discrete Mathematics,Combinatorics,Hard,Discrete Mathematics,Combinatorics,Hard
MATHNET-051m,MATHNET-01b7,0.7640555604158664,4,Geometry,Plane Geometry,Hard,Geometry,Plane Geometry,Hard
MATHNET-01b7,MATHNET-051m,0.7640555604158664,8,Geometry,Plane Geometry,Hard,Geometry,Plane Geometry,Hard
MATHNET-0jfo,MATHNET-0dsa,0.763905622691895,2,Discrete Mathematics,Combinatorics,Medium,Discrete Mathematics,Combinatorics,Medium
MATHNET-0dsa,MATHNET-0jfo,0.763905622691895,8,Discrete Mathematics,Combinatorics,Medium,Discrete Mathematics,Combinatorics,Medium
MATHNET-0ed9,MATHNET-04xa,0.7636118994044222,5,Geometry,Plane Geometry,Hard,Geometry,Plane Geometry,Hard
MATHNET-04xa,MATHNET-0ed9,0.7636118994044222,3,Geometry,Plane Geometry,Hard,Geometry,Plane Geometry,Hard
MATHNET-00s2,MATHNET-06x6,0.7635272167624333,8,Geometry,Plane Geometry,Hard,Geometry,Plane Geometry,Hard
MATHNET-076g,MATHNET-0cnn,0.7633932547316225,7,Geometry,Plane Geometry,Hard,Geometry,Plane Geometry,Hard
MATHNET-0kf4,MATHNET-0h2a,0.7632822325258273,7,Algebra,Algebraic Expressions,Hard,Algebra,Algebraic Expressions,Medium
MATHNET-0a7l,MATHNET-03bc,0.7632025756847128,10,Geometry,Plane Geometry,Medium,Geometry,Plane Geometry,Medium
MATHNET-03bc,MATHNET-0a7l,0.7632025756847128,8,Geometry,Plane Geometry,Medium,Geometry,Plane Geometry,Medium
MATHNET-06xr,MATHNET-0cnn,0.7630099991513432,10,Geometry,Plane Geometry,Hard,Geometry,Plane Geometry,Hard
MATHNET-09r1,MATHNET-0fmk,0.7629526050966814,3,Algebra | Number Theory,Divisibility / Factorization | Prealgebra / Basic Algebra,Medium,Algebra | Number Theory,Algebraic Expressions | Divisibility / Factorization,Medium
MATHNET-0fmk,MATHNET-09r1,0.7629526050966814,4,Algebra | Number Theory,Algebraic Expressions | Divisibility / Factorization,Medium,Algebra | Number Theory,Divisibility / Factorization | Prealgebra / Basic Algebra,Medium
MATHNET-01db,MATHNET-05ai,0.7625465422582178,5,Geometry,Plane Geometry,Hard,Geometry,Plane Geometry,Medium
MATHNET-0cwp,MATHNET-00ac,0.7624372150391818,5,Discrete Mathematics | Geometry,Combinatorics | Solid Geometry,Hard,Discrete Mathematics | Geometry,Combinatorics | Plane Geometry,Very Hard
MATHNET-0gps,MATHNET-0aus,0.7622666834908096,8,Geometry,Plane Geometry,Medium,Geometry,Plane Geometry,Medium
MATHNET-0j5i,MATHNET-08kn,0.7620030558657447,7,Number Theory,Divisibility / Factorization | Number-Theoretic Functions,Hard,Number Theory,Divisibility / Factorization | Modular Arithmetic | Residues and Primitive Roots,Hard
MATHNET-08rj,MATHNET-03bq,0.7618977381790819,8,Geometry,Solid Geometry,Medium,Geometry,Plane Geometry,Medium
MATHNET-0dq2,MATHNET-06pl,0.761894354550784,9,Geometry,Plane Geometry,Hard,Geometry,Plane Geometry,Very Hard
MATHNET-03vm,MATHNET-00ac,0.7618485103443741,2,Discrete Mathematics | Geometry,Combinatorics | Plane Geometry,Very Hard,Discrete Mathematics | Geometry,Combinatorics | Plane Geometry,Very Hard
MATHNET-07rd,MATHNET-0ai8,0.7616797064789272,8,Number Theory,Divisibility / Factorization,Hard,Number Theory,Diophantine Equations | Divisibility / Factorization | Modular Arithmetic,Hard
MATHNET-0ai8,MATHNET-07rd,0.7616797064789272,9,Number Theory,Diophantine Equations | Divisibility / Factorization | Modular Arithmetic,Hard,Number Theory,Divisibility / Factorization,Hard
MATHNET-0dyz,MATHNET-01db,0.7615876591718942,9,Geometry,Plane Geometry,Medium,Geometry,Plane Geometry,Hard
MATHNET-01db,MATHNET-0dyz,0.7615876591718942,6,Geometry,Plane Geometry,Hard,Geometry,Plane Geometry,Medium
MATHNET-051m,MATHNET-0lfz,0.7615172618408346,5,Geometry,Plane Geometry,Hard,Geometry,Plane Geometry,Hard
MATHNET-0lfz,MATHNET-051m,0.7615172618408346,7,Geometry,Plane Geometry,Hard,Geometry,Plane Geometry,Hard
MATHNET-0f9k,MATHNET-0jxp,0.7614644731962441,3,Geometry,Plane Geometry,Medium,Geometry,Plane Geometry,Medium
MATHNET-0jxp,MATHNET-0f9k,0.7614644731962441,9,Geometry,Plane Geometry,Medium,Geometry,Plane Geometry,Medium
MATHNET-01u9,MATHNET-03bq,0.7611450543692942,7,Geometry,Plane Geometry,Medium,Geometry,Plane Geometry,Medium
MATHNET-0ag8,MATHNET-04p0,0.7611150049955517,1,Algebra,Prealgebra / Basic Algebra,Medium,Algebra,Algebraic Expressions | Prealgebra / Basic Algebra,Medium
MATHNET-04p0,MATHNET-0ag8,0.7611150049955517,1,Algebra,Algebraic Expressions | Prealgebra / Basic Algebra,Medium,Algebra,Prealgebra / Basic Algebra,Medium
MATHNET-07oq,MATHNET-08kv,0.7610834092844437,3,Geometry,Plane Geometry,Medium,Geometry,Plane Geometry,Medium
MATHNET-0d4o,MATHNET-07ad,0.7609265856125929,3,Algebra | Discrete Mathematics,Algebraic Expressions | Combinatorics | Equations and Inequalities,Hard,Algebra | Discrete Mathematics,Algebraic Expressions | Combinatorics,Hard
MATHNET-07ad,MATHNET-0d4o,0.7609265856125929,6,Algebra | Discrete Mathematics,Algebraic Expressions | Combinatorics,Hard,Algebra | Discrete Mathematics,Algebraic Expressions | Combinatorics | Equations and Inequalities,Hard
MATHNET-0dz5,MATHNET-0b7y,0.7606595499586397,7,Algebra,Intermediate Algebra,Medium,Algebra,Linear Algebra,Medium
MATHNET-07oq,MATHNET-09pd,0.7605573655601122,4,Geometry,Plane Geometry,Medium,Geometry,Plane Geometry,Medium
MATHNET-06y4,MATHNET-0iic,0.7602442506939668,9,Algebra,Algebraic Expressions,Very Hard,Algebra,Algebraic Expressions | Equations and Inequalities | Prealgebra / Basic Algebra,Very Hard
MATHNET-076g,MATHNET-0gle,0.7601913620781053,8,Geometry,Plane Geometry,Hard,Geometry,Plane Geometry,Hard
MATHNET-041i,MATHNET-06fc,0.7599178790145328,5,Algebra | Number Theory,Algebraic Expressions | Divisibility / Factorization,Medium,Algebra | Number Theory,Algebraic Expressions | Divisibility / Factorization,Medium
MATHNET-06fc,MATHNET-041i,0.7599178790145328,9,Algebra | Number Theory,Algebraic Expressions | Divisibility / Factorization,Medium,Algebra | Number Theory,Algebraic Expressions | Divisibility / Factorization,Medium
MATHNET-00l0,MATHNET-0htx,0.7598978716543382,9,Geometry,Plane Geometry,Medium,Geometry,Plane Geometry,Medium
MATHNET-0ecu,MATHNET-0apw,0.7596440213953827,4,Algebra,Prealgebra / Basic Algebra,Medium,Algebra,Algebraic Expressions,Medium
MATHNET-072u,MATHNET-0f8b,0.7592263909930619,4,Geometry,Plane Geometry,Hard,Geometry,Plane Geometry,Hard
MATHNET-0325,MATHNET-074g,0.7591476396341673,2,Algebra,Algebraic Expressions | Intermediate Algebra,Hard,Algebra,Algebraic Expressions | Intermediate Algebra,Hard
MATHNET-074g,MATHNET-0325,0.7591476396341673,2,Algebra,Algebraic Expressions | Intermediate Algebra,Hard,Algebra,Algebraic Expressions | Intermediate Algebra,Hard
MATHNET-03bc,MATHNET-0est,0.7590266575605226,10,Geometry,Plane Geometry,Medium,Geometry,Plane Geometry,Medium
MATHNET-0kbi,MATHNET-0ab4,0.758974751418344,6,Algebra,Algebraic Expressions,Easy,Algebra,Prealgebra / Basic Algebra,Easy
MATHNET-047k,MATHNET-01b9,0.758801683173382,7,Algebra | Discrete Mathematics,Combinatorics | Equations and Inequalities,Very Hard,Algebra | Discrete Mathematics,Algebraic Expressions | Combinatorics,Very Hard
MATHNET-0cww,MATHNET-078n,0.7586520242527435,5,Discrete Mathematics,Combinatorics,Hard,Discrete Mathematics,Combinatorics,Medium
MATHNET-06do,MATHNET-08pm,0.7584712166390231,7,Algebra,Equations and Inequalities,Hard,Algebra,Equations and Inequalities,Hard
MATHNET-08pm,MATHNET-06do,0.7584712166390231,9,Algebra,Equations and Inequalities,Hard,Algebra,Equations and Inequalities,Hard
MATHNET-0je9,MATHNET-0677,0.7583930997306455,2,Number Theory,Diophantine Equations | Divisibility / Factorization | Modular Arithmetic,Hard,Number Theory,Diophantine Equations | Divisibility / Factorization,Hard
MATHNET-0677,MATHNET-0je9,0.7583930997306455,4,Number Theory,Diophantine Equations | Divisibility / Factorization,Hard,Number Theory,Diophantine Equations | Divisibility / Factorization | Modular Arithmetic,Hard
MATHNET-01db,MATHNET-03w7,0.7583347768266946,7,Geometry,Plane Geometry,Hard,Geometry,Plane Geometry,Hard
MATHNET-0325,MATHNET-00yo,0.758091366904362,3,Algebra,Algebraic Expressions | Intermediate Algebra,Hard,Algebra,Algebraic Expressions,Medium
MATHNET-00yo,MATHNET-0325,0.758091366904362,10,Algebra,Algebraic Expressions,Medium,Algebra,Algebraic Expressions | Intermediate Algebra,Hard
MATHNET-00et,MATHNET-00va,0.7580522342577829,4,Algebra | Number Theory,Algebraic Number Theory | Other | Prealgebra / Basic Algebra,Hard,Algebra | Number Theory,Algebraic Expressions | Divisibility / Factorization,Hard
MATHNET-00va,MATHNET-00et,0.7580522342577829,1,Algebra | Number Theory,Algebraic Expressions | Divisibility / Factorization,Hard,Algebra | Number Theory,Algebraic Number Theory | Other | Prealgebra / Basic Algebra,Hard
MATHNET-07ad,MATHNET-06dp,0.7578256795899544,7,Algebra | Discrete Mathematics,Algebraic Expressions | Combinatorics,Hard,Algebra | Discrete Mathematics,Algebraic Expressions | Combinatorics,Hard
MATHNET-0dxz,MATHNET-07uh,0.757743578293293,8,Geometry,Plane Geometry,Very Hard,Geometry,Plane Geometry,Very Hard
MATHNET-01kt,MATHNET-0aae,0.7576862242973404,7,Geometry,Plane Geometry,Hard,Geometry,Plane Geometry,Hard
MATHNET-0aae,MATHNET-01kt,0.7576862242973404,7,Geometry,Plane Geometry,Hard,Geometry,Plane Geometry,Hard
MATHNET-05ra,MATHNET-05u0,0.757356455834654,1,Number Theory,Diophantine Equations | Divisibility / Factorization | Number-Theoretic Functions,Medium,Number Theory,Diophantine Equations | Divisibility / Factorization | Residues and Primitive Roots,Medium
MATHNET-05u0,MATHNET-05ra,0.757356455834654,2,Number Theory,Diophantine Equations | Divisibility / Factorization | Residues and Primitive Roots,Medium,Number Theory,Diophantine Equations | Divisibility / Factorization | Number-Theoretic Functions,Medium
MATHNET-05rp,MATHNET-0g0d,0.757256575815344,6,Discrete Mathematics,Combinatorics,Medium,Discrete Mathematics,Combinatorics,Medium
MATHNET-00s2,MATHNET-0etj,0.7570981937329466,9,Geometry,Plane Geometry,Hard,Geometry,Plane Geometry,Hard
MATHNET-01b7,MATHNET-06pl,0.7570636450431393,10,Geometry,Plane Geometry,Hard,Geometry,Plane Geometry,Very Hard
MATHNET-07ad,MATHNET-09xk,0.7569427116000719,8,Algebra | Discrete Mathematics,Algebraic Expressions | Combinatorics,Hard,Algebra | Discrete Mathematics,Algebraic Expressions | Combinatorics,Very Hard
MATHNET-0czk,MATHNET-09xc,0.756894125406575,7,Algebra,Algebraic Expressions,Very Hard,Algebra,Intermediate Algebra | Prealgebra / Basic Algebra,Very Hard
MATHNET-020b,MATHNET-0jog,0.756648949073945,7,Number Theory,Divisibility / Factorization,Very Hard,Number Theory,Divisibility / Factorization | Modular Arithmetic,Very Hard
MATHNET-02gm,MATHNET-01bj,0.7565579804011282,10,Discrete Mathematics | Geometry,Combinatorics | Plane Geometry,Hard,Discrete Mathematics | Geometry,Combinatorics | Plane Geometry,Hard
MATHNET-00s2,MATHNET-0dyh,0.7562922362770995,10,Geometry,Plane Geometry,Hard,Geometry,Plane Geometry,Hard
MATHNET-06y4,MATHNET-077k,0.7559526352391841,10,Algebra,Algebraic Expressions,Very Hard,Algebra,Algebraic Expressions,Very Hard
MATHNET-0dst,MATHNET-00vm,0.755514927011877,10,Geometry,Plane Geometry,Very Hard,Geometry,Plane Geometry,Very Hard
MATHNET-0jgr,MATHNET-017c,0.7553775830814183,6,Discrete Mathematics | Number Theory,Combinatorics | Modular Arithmetic,Hard,Discrete Mathematics | Number Theory,Combinatorics | Modular Arithmetic,Hard
MATHNET-0gps,MATHNET-08kv,0.7550780135027955,10,Geometry,Plane Geometry,Medium,Geometry,Plane Geometry,Medium
MATHNET-08q8,MATHNET-01b7,0.7548107219190936,4,Geometry,Plane Geometry,Hard,Geometry,Plane Geometry,Hard
MATHNET-01ud,MATHNET-0jxw,0.7547699299901006,1,Discrete Mathematics,Combinatorics,Hard,Discrete Mathematics,Combinatorics,Hard
MATHNET-0jxw,MATHNET-01ud,0.7547699299901006,4,Discrete Mathematics,Combinatorics,Hard,Discrete Mathematics,Combinatorics,Hard
MATHNET-0aae,MATHNET-0j3m,0.7547335512540135,8,Geometry,Plane Geometry,Hard,Geometry,Plane Geometry,Hard
MATHNET-0iwd,MATHNET-02jz,0.7540798759168686,5,Geometry,Plane Geometry,Medium,Geometry,Plane Geometry,Medium
MATHNET-02jz,MATHNET-0iwd,0.7540798759168686,1,Geometry,Plane Geometry,Medium,Geometry,Plane Geometry,Medium
MATHNET-03z3,MATHNET-01zv,0.7536780042894801,7,Algebra,Equations and Inequalities,Very Hard,Algebra,Algebraic Expressions,Very Hard
MATHNET-04zy,MATHNET-06i3,0.7533977458503747,10,Algebra | Number Theory,Algebraic Expressions | Diophantine Equations | Divisibility / Factorization,Hard,Algebra | Number Theory,Algebraic Expressions | Diophantine Equations | Intermediate Algebra,Hard
MATHNET-0dsa,MATHNET-078n,0.7532918323369906,9,Discrete Mathematics,Combinatorics,Medium,Discrete Mathematics,Combinatorics,Medium
MATHNET-0gqz,MATHNET-0500,0.7532260407263757,8,Discrete Mathematics,Combinatorics,Hard,Discrete Mathematics,Combinatorics,Hard
MATHNET-09vr,MATHNET-07cj,0.7528954229088393,5,Algebra,Algebraic Expressions,Hard,Algebra,Algebraic Expressions | Equations and Inequalities,Hard
MATHNET-07cj,MATHNET-09vr,0.7528954229088393,4,Algebra,Algebraic Expressions | Equations and Inequalities,Hard,Algebra,Algebraic Expressions,Hard
MATHNET-07k2,MATHNET-00ul,0.7526582621535304,7,Geometry,Plane Geometry,Hard,Geometry,Plane Geometry,Hard
MATHNET-0clu,MATHNET-0cnn,0.7524941565548289,8,Geometry,Plane Geometry,Hard,Geometry,Plane Geometry,Hard
MATHNET-01ei,MATHNET-0k4h,0.7522783212270149,7,Geometry,Plane Geometry,Hard,Geometry,Plane Geometry,Medium
MATHNET-04vh,MATHNET-0h61,0.752017724354009,10,Geometry,Plane Geometry,Very Hard,Geometry,Plane Geometry,Very Hard
MATHNET-075n,MATHNET-09hc,0.7520081785333972,2,Number Theory,Algebraic Number Theory | Diophantine Equations | Divisibility / Factorization,Hard,Number Theory,Divisibility / Factorization | Modular Arithmetic | Residues and Primitive Roots,Hard
MATHNET-09hc,MATHNET-075n,0.7520081785333972,2,Number Theory,Divisibility / Factorization | Modular Arithmetic | Residues and Primitive Roots,Hard,Number Theory,Algebraic Number Theory | Diophantine Equations | Divisibility / Factorization,Hard
MATHNET-03nf,MATHNET-06au,0.7518970954404338,3,Discrete Mathematics,Combinatorics,Hard,Discrete Mathematics,Combinatorics | Graph Theory,Hard
MATHNET-06au,MATHNET-03nf,0.7518970954404338,2,Discrete Mathematics,Combinatorics | Graph Theory,Hard,Discrete Mathematics,Combinatorics,Hard
MATHNET-0gdx,MATHNET-07mb,0.7518843130834149,8,Algebra | Number Theory,Divisibility / Factorization | Equations and Inequalities,Hard,Algebra | Number Theory,Algebraic Expressions | Divisibility / Factorization | Modular Arithmetic,Hard
MATHNET-09vr,MATHNET-0e06,0.7515644714952702,6,Algebra,Algebraic Expressions,Hard,Algebra,Algebraic Expressions,Medium
MATHNET-0e06,MATHNET-09vr,0.7515644714952702,10,Algebra,Algebraic Expressions,Medium,Algebra,Algebraic Expressions,Hard
MATHNET-020b,MATHNET-08wo,0.7514719025618082,8,Number Theory,Divisibility / Factorization,Very Hard,Number Theory,Divisibility / Factorization | Number-Theoretic Functions,Hard
MATHNET-03nf,MATHNET-0jye,0.7513579829863144,5,Discrete Mathematics,Combinatorics,Hard,Discrete Mathematics,Combinatorics,Hard
MATHNET-0jye,MATHNET-03nf,0.7513579829863144,10,Discrete Mathematics,Combinatorics,Hard,Discrete Mathematics,Combinatorics,Hard
MATHNET-0ag8,MATHNET-0d0r,0.7512526181530035,2,Algebra,Prealgebra / Basic Algebra,Medium,Algebra,Equations and Inequalities,Hard
MATHNET-0d0r,MATHNET-0ag8,0.7512526181530035,4,Algebra,Equations and Inequalities,Hard,Algebra,Prealgebra / Basic Algebra,Medium
MATHNET-0cvb,MATHNET-0fxg,0.7509563963108693,6,Discrete Mathematics,Combinatorics,Medium,Discrete Mathematics,Combinatorics,Easy
MATHNET-0cjq,MATHNET-01bf,0.7509213467725736,10,Discrete Mathematics,Combinatorics,Hard,Discrete Mathematics,Combinatorics,Hard
MATHNET-0clu,MATHNET-06x6,0.7507291252364502,9,Geometry,Plane Geometry,Hard,Geometry,Plane Geometry,Hard
MATHNET-08q8,MATHNET-08tg,0.7507129675988814,5,Geometry,Plane Geometry,Hard,Geometry,Plane Geometry,Hard
MATHNET-08tg,MATHNET-08q8,0.7507129675988814,3,Geometry,Plane Geometry,Hard,Geometry,Plane Geometry,Hard
MATHNET-0cww,MATHNET-0115,0.7503271967343984,8,Discrete Mathematics,Combinatorics,Hard,Discrete Mathematics,Combinatorics,Hard
MATHNET-0115,MATHNET-0cww,0.7503271967343984,2,Discrete Mathematics,Combinatorics,Hard,Discrete Mathematics,Combinatorics,Hard
MATHNET-07cz,MATHNET-04xa,0.750193114070434,4,Geometry,Plane Geometry,Hard,Geometry,Plane Geometry,Hard
MATHNET-04xa,MATHNET-07cz,0.750193114070434,5,Geometry,Plane Geometry,Hard,Geometry,Plane Geometry,Hard
MATHNET-00up,MATHNET-03n2,0.7497810352830213,9,Geometry,Plane Geometry,Hard,Geometry,Plane Geometry,Hard
MATHNET-03n2,MATHNET-00up,0.7497810352830213,3,Geometry,Plane Geometry,Hard,Geometry,Plane Geometry,Hard
MATHNET-0ldf,MATHNET-00hu,0.7497610071693097,7,Discrete Mathematics | Geometry,Combinatorics | Plane Geometry,Very Hard,Discrete Mathematics | Geometry,Combinatorics | Plane Geometry,Very Hard
MATHNET-01ei,MATHNET-08rj,0.7495480292312671,8,Geometry,Plane Geometry,Hard,Geometry,Solid Geometry,Medium
MATHNET-00f0,MATHNET-072g,0.7494136212780864,5,Algebra | Discrete Mathematics,Combinatorics | Equations and Inequalities,Hard,Algebra | Discrete Mathematics,Combinatorics | Prealgebra / Basic Algebra,Hard
MATHNET-0j09,MATHNET-02jz,0.7491445815128596,5,Geometry,Plane Geometry,Medium,Geometry,Plane Geometry,Medium
MATHNET-02jz,MATHNET-0j09,0.7491445815128596,2,Geometry,Plane Geometry,Medium,Geometry,Plane Geometry,Medium
MATHNET-00l0,MATHNET-007d,0.7490705282422786,10,Geometry,Plane Geometry,Medium,Geometry,Plane Geometry,Medium
MATHNET-0c1d,MATHNET-00rl,0.7490146070627328,7,Geometry,Plane Geometry,Very Hard,Geometry,Plane Geometry,Very Hard
MATHNET-0b84,MATHNET-08nc,0.7488643994695184,6,Geometry,Plane Geometry,Medium,Geometry,Plane Geometry,Medium
MATHNET-08nc,MATHNET-0b84,0.7488643994695184,9,Geometry,Plane Geometry,Medium,Geometry,Plane Geometry,Medium
MATHNET-01kt,MATHNET-00ul,0.7486927735504674,9,Geometry,Plane Geometry,Hard,Geometry,Plane Geometry,Hard
MATHNET-00qi,MATHNET-0e0d,0.7486101467218792,4,Geometry,Plane Geometry,Medium,Geometry,Plane Geometry,Hard
MATHNET-0e0d,MATHNET-00qi,0.7486101467218792,6,Geometry,Plane Geometry,Hard,Geometry,Plane Geometry,Medium
MATHNET-04u6,MATHNET-0dq2,0.7482562605388385,7,Geometry,Plane Geometry,Very Hard,Geometry,Plane Geometry,Hard
MATHNET-0dq2,MATHNET-04u6,0.7482562605388385,10,Geometry,Plane Geometry,Hard,Geometry,Plane Geometry,Very Hard
MATHNET-00nb,MATHNET-0397,0.747796107289175,10,Algebra,Algebraic Expressions | Prealgebra / Basic Algebra,Hard,Algebra,Equations and Inequalities,Hard
MATHNET-07d3,MATHNET-0c66,0.7477602150238031,8,Algebra | Discrete Mathematics,Combinatorics | Linear Algebra,Very Hard,Algebra | Discrete Mathematics,Algebraic Expressions | Combinatorics,Very Hard
MATHNET-08cg,MATHNET-02kg,0.7477473769636325,6,Algebra,Algebraic Expressions | Prealgebra / Basic Algebra,Easy,Algebra,Prealgebra / Basic Algebra,Easy
MATHNET-0dxz,MATHNET-0h61,0.7474863927747577,9,Geometry,Plane Geometry,Very Hard,Geometry,Plane Geometry,Very Hard
MATHNET-0dvb,MATHNET-08kq,0.7474041719575344,9,Geometry,Plane Geometry,Easy,Geometry,Plane Geometry,Easy
MATHNET-03us,MATHNET-04ra,0.747239932138597,9,Discrete Mathematics,Combinatorics,Medium,Discrete Mathematics,Combinatorics,Medium
MATHNET-01db,MATHNET-00k4,0.7471139170276748,9,Geometry,Plane Geometry,Hard,Geometry,Plane Geometry | Solid Geometry,Hard
MATHNET-0i5e,MATHNET-0b1j,0.747101515149164,9,Algebra,Algebraic Expressions | Prealgebra / Basic Algebra,Easy,Algebra,Algebraic Expressions,Easy
MATHNET-0l68,MATHNET-0kje,0.7471005696069896,1,Geometry,Plane Geometry,Medium,Geometry,Plane Geometry | Solid Geometry,Medium
MATHNET-0kje,MATHNET-0l68,0.7471005696069896,2,Geometry,Plane Geometry | Solid Geometry,Medium,Geometry,Plane Geometry,Medium
MATHNET-00xp,MATHNET-0j0k,0.7464920154598746,5,Discrete Mathematics,Combinatorics,Medium,Discrete Mathematics,Combinatorics | Graph Theory,Medium
MATHNET-0j0k,MATHNET-00xp,0.7464920154598746,3,Discrete Mathematics,Combinatorics | Graph Theory,Medium,Discrete Mathematics,Combinatorics,Medium
MATHNET-00et,MATHNET-0acz,0.7463051507172255,6,Algebra | Number Theory,Algebraic Number Theory | Other | Prealgebra / Basic Algebra,Hard,Algebra | Number Theory,Algebraic Expressions | Diophantine Equations | Divisibility / Factorization,Hard
MATHNET-0acz,MATHNET-00et,0.7463051507172255,5,Algebra | Number Theory,Algebraic Expressions | Diophantine Equations | Divisibility / Factorization,Hard,Algebra | Number Theory,Algebraic Number Theory | Other | Prealgebra / Basic Algebra,Hard
MATHNET-0czk,MATHNET-0d9u,0.7461655128431965,10,Algebra,Algebraic Expressions,Very Hard,Algebra,Algebraic Expressions,Very Hard
MATHNET-07du,MATHNET-0b2t,0.7460696540256309,10,Algebra | Discrete Mathematics,Abstract Algebra | Combinatorics,Hard,Algebra | Discrete Mathematics,Algebraic Expressions | Combinatorics,Medium
MATHNET-01u9,MATHNET-0kd5,0.7460103077316919,10,Geometry,Plane Geometry,Medium,Geometry,Plane Geometry | Solid Geometry,Medium
MATHNET-0i5e,MATHNET-0j2y,0.7459667548693989,10,Algebra,Algebraic Expressions | Prealgebra / Basic Algebra,Easy,Algebra,Algebraic Expressions,Easy
MATHNET-0j5i,MATHNET-08pg,0.7458870928086073,9,Number Theory,Divisibility / Factorization | Number-Theoretic Functions,Hard,Number Theory,Divisibility / Factorization | Modular Arithmetic,Hard
MATHNET-03nf,MATHNET-0cjq,0.7457589372124896,6,Discrete Mathematics,Combinatorics,Hard,Discrete Mathematics,Combinatorics,Hard
MATHNET-0cwp,MATHNET-01bj,0.7452157543578404,8,Discrete Mathematics | Geometry,Combinatorics | Solid Geometry,Hard,Discrete Mathematics | Geometry,Combinatorics | Plane Geometry,Hard
MATHNET-05dk,MATHNET-0bow,0.7451637733186688,8,Geometry,Plane Geometry,Very Hard,Geometry,Plane Geometry,Very Hard
MATHNET-0bow,MATHNET-05dk,0.7451637733186688,7,Geometry,Plane Geometry,Very Hard,Geometry,Plane Geometry,Very Hard
MATHNET-0clz,MATHNET-09ad,0.7447167807155685,6,Geometry,Plane Geometry,Hard,Geometry,Plane Geometry,Hard
MATHNET-0iyz,MATHNET-00ok,0.7444569230523918,5,Discrete Mathematics | Number Theory,Combinatorics | Divisibility / Factorization,Hard,Discrete Mathematics | Number Theory,Combinatorics | Modular Arithmetic,Hard
MATHNET-0kbi,MATHNET-02kg,0.7438739977472628,8,Algebra,Algebraic Expressions,Easy,Algebra,Prealgebra / Basic Algebra,Easy
MATHNET-0clu,MATHNET-00f5,0.7438057990920021,10,Geometry,Plane Geometry,Hard,Geometry,Plane Geometry,Hard
MATHNET-00up,MATHNET-06pl,0.7435983913221382,10,Geometry,Plane Geometry,Hard,Geometry,Plane Geometry,Very Hard
MATHNET-0325,MATHNET-0e06,0.7432848521973369,7,Algebra,Algebraic Expressions | Intermediate Algebra,Hard,Algebra,Algebraic Expressions,Medium
MATHNET-04u6,MATHNET-0lfz,0.7431818557303963,8,Geometry,Plane Geometry,Very Hard,Geometry,Plane Geometry,Hard
MATHNET-0lfz,MATHNET-04u6,0.7431818557303963,9,Geometry,Plane Geometry,Hard,Geometry,Plane Geometry,Very Hard
MATHNET-0ldf,MATHNET-0a4r,0.7429621498787797,10,Discrete Mathematics | Geometry,Combinatorics | Plane Geometry,Very Hard,Discrete Mathematics | Geometry,Combinatorics | Plane Geometry,Hard
MATHNET-0a4r,MATHNET-0ldf,0.7429621498787797,5,Discrete Mathematics | Geometry,Combinatorics | Plane Geometry,Hard,Discrete Mathematics | Geometry,Combinatorics | Plane Geometry,Very Hard
MATHNET-09hc,MATHNET-09mt,0.7428769436190582,5,Number Theory,Divisibility / Factorization | Modular Arithmetic | Residues and Primitive Roots,Hard,Number Theory,Divisibility / Factorization | Residues and Primitive Roots,Hard
MATHNET-09mt,MATHNET-09hc,0.7428769436190582,4,Number Theory,Divisibility / Factorization | Residues and Primitive Roots,Hard,Number Theory,Divisibility / Factorization | Modular Arithmetic | Residues and Primitive Roots,Hard
MATHNET-092p,MATHNET-09xc,0.7428399137622583,7,Algebra,Algebraic Expressions,Very Hard,Algebra,Intermediate Algebra | Prealgebra / Basic Algebra,Very Hard
MATHNET-0jxw,MATHNET-08m2,0.7428204133879066,5,Discrete Mathematics,Combinatorics,Hard,Discrete Mathematics,Combinatorics | Graph Theory,Hard
MATHNET-08m2,MATHNET-0jxw,0.7428204133879066,5,Discrete Mathematics,Combinatorics | Graph Theory,Hard,Discrete Mathematics,Combinatorics,Hard
MATHNET-08n2,MATHNET-0dil,0.7428161537986596,9,Geometry,Plane Geometry,Hard,Geometry,Plane Geometry,Hard
MATHNET-07oq,MATHNET-0gps,0.7426722807566908,6,Geometry,Plane Geometry,Medium,Geometry,Plane Geometry,Medium
MATHNET-051m,MATHNET-0dq2,0.7426144895523172,7,Geometry,Plane Geometry,Hard,Geometry,Plane Geometry,Hard
MATHNET-009s,MATHNET-02eg,0.7424784383531949,9,Discrete Mathematics,Combinatorics,Very Hard,Discrete Mathematics,Combinatorics,Hard
MATHNET-07oq,MATHNET-0ibi,0.7423864396996346,7,Geometry,Plane Geometry,Medium,Geometry,Plane Geometry,Medium
MATHNET-0cgo,MATHNET-0b7y,0.7421659929325203,7,Algebra,Abstract Algebra,Medium,Algebra,Linear Algebra,Medium
MATHNET-04kx,MATHNET-03nf,0.7418924687397975,2,Discrete Mathematics,Combinatorics,Hard,Discrete Mathematics,Combinatorics,Hard
MATHNET-03nf,MATHNET-04kx,0.7418924687397975,7,Discrete Mathematics,Combinatorics,Hard,Discrete Mathematics,Combinatorics,Hard
MATHNET-0bow,MATHNET-0lfz,0.7417599891452621,8,Geometry,Plane Geometry,Very Hard,Geometry,Plane Geometry,Hard
MATHNET-0lfz,MATHNET-0bow,0.7417599891452621,10,Geometry,Plane Geometry,Hard,Geometry,Plane Geometry,Very Hard
MATHNET-09ti,MATHNET-0cmp,0.7417078376768211,3,Discrete Mathematics,Combinatorics,Medium,Discrete Mathematics,Combinatorics | Other,Medium
MATHNET-050a,MATHNET-0gps,0.7416308216807602,4,Geometry,Plane Geometry,Medium,Geometry,Plane Geometry,Medium
MATHNET-0i0w,MATHNET-00ul,0.7415787092622033,10,Geometry,Plane Geometry,Hard,Geometry,Plane Geometry,Hard
MATHNET-04p0,MATHNET-0e5q,0.7415320452075409,2,Algebra,Algebraic Expressions | Prealgebra / Basic Algebra,Medium,Algebra,Algebraic Expressions,Medium
MATHNET-0e5q,MATHNET-04p0,0.7415320452075409,4,Algebra,Algebraic Expressions,Medium,Algebra,Algebraic Expressions | Prealgebra / Basic Algebra,Medium
MATHNET-09m6,MATHNET-0akk,0.7414827854326838,4,Number Theory,Divisibility / Factorization | Modular Arithmetic,Hard,Number Theory,Diophantine Equations | Divisibility / Factorization,Hard
MATHNET-06nj,MATHNET-009s,0.7413864497914672,5,Discrete Mathematics,Combinatorics,Very Hard,Discrete Mathematics,Combinatorics,Very Hard
MATHNET-009s,MATHNET-06nj,0.7413864497914672,10,Discrete Mathematics,Combinatorics,Very Hard,Discrete Mathematics,Combinatorics,Very Hard
MATHNET-0cu5,MATHNET-010r,0.7413585285464027,2,Geometry,Plane Geometry,Hard,Geometry,Plane Geometry,Hard
MATHNET-010r,MATHNET-0cu5,0.7413585285464027,5,Geometry,Plane Geometry,Hard,Geometry,Plane Geometry,Hard
MATHNET-0jwx,MATHNET-0k94,0.741194643303165,8,Discrete Mathematics,Combinatorics,Medium,Discrete Mathematics,Combinatorics,Medium
MATHNET-0f3d,MATHNET-0h2a,0.7410286847417223,5,Algebra,Linear Algebra,Medium,Algebra,Algebraic Expressions,Medium
MATHNET-0e73,MATHNET-01bf,0.7410242845133685,8,Discrete Mathematics,Combinatorics,Hard,Discrete Mathematics,Combinatorics,Hard
MATHNET-076g,MATHNET-08n2,0.7408286292456906,10,Geometry,Plane Geometry,Hard,Geometry,Plane Geometry,Hard
MATHNET-08n2,MATHNET-076g,0.7408286292456906,10,Geometry,Plane Geometry,Hard,Geometry,Plane Geometry,Hard
MATHNET-074g,MATHNET-09vr,0.7407508439908963,4,Algebra,Algebraic Expressions | Intermediate Algebra,Hard,Algebra,Algebraic Expressions,Hard
MATHNET-09vr,MATHNET-074g,0.7407508439908963,7,Algebra,Algebraic Expressions,Hard,Algebra,Algebraic Expressions | Intermediate Algebra,Hard
MATHNET-07oq,MATHNET-0b2w,0.7404084998066721,8,Geometry,Plane Geometry,Medium,Geometry,Plane Geometry,Medium
MATHNET-03t6,MATHNET-0a2l,0.739867157005029,8,Discrete Mathematics,Combinatorics,Hard,Discrete Mathematics,Combinatorics,Hard
MATHNET-03us,MATHNET-0dsa,0.7397483897164309,10,Discrete Mathematics,Combinatorics,Medium,Discrete Mathematics,Combinatorics,Medium
MATHNET-0dsa,MATHNET-03us,0.7397483897164309,10,Discrete Mathematics,Combinatorics,Medium,Discrete Mathematics,Combinatorics,Medium
MATHNET-0325,MATHNET-00g4,0.7396024971982115,9,Algebra,Algebraic Expressions | Intermediate Algebra,Hard,Algebra,Algebraic Expressions | Equations and Inequalities,Medium
MATHNET-00g4,MATHNET-0325,0.7396024971982115,7,Algebra,Algebraic Expressions | Equations and Inequalities,Medium,Algebra,Algebraic Expressions | Intermediate Algebra,Hard
MATHNET-07oq,MATHNET-0fam,0.7395004448487486,9,Geometry,Plane Geometry,Medium,Geometry,Plane Geometry,Medium
MATHNET-04iz,MATHNET-0hax,0.739422436529543,2,Algebra | Number Theory,Algebraic Expressions | Divisibility / Factorization,Hard,Algebra | Number Theory,Divisibility / Factorization | Intermediate Algebra,Hard
MATHNET-0hax,MATHNET-04iz,0.739422436529543,4,Algebra | Number Theory,Divisibility / Factorization | Intermediate Algebra,Hard,Algebra | Number Theory,Algebraic Expressions | Divisibility / Factorization,Hard
MATHNET-0d4q,MATHNET-0cww,0.7393271186336741,2,Discrete Mathematics,Combinatorics,Hard,Discrete Mathematics,Combinatorics,Hard
MATHNET-0jfo,MATHNET-0idy,0.7392509007999001,3,Discrete Mathematics,Combinatorics,Medium,Discrete Mathematics,Combinatorics,Medium
MATHNET-0idy,MATHNET-0jfo,0.7392509007999001,7,Discrete Mathematics,Combinatorics,Medium,Discrete Mathematics,Combinatorics,Medium
MATHNET-0b84,MATHNET-0f9k,0.7387962064654108,7,Geometry,Plane Geometry,Medium,Geometry,Plane Geometry,Medium
MATHNET-0f9k,MATHNET-0b84,0.7387962064654108,4,Geometry,Plane Geometry,Medium,Geometry,Plane Geometry,Medium
MATHNET-06un,MATHNET-0akk,0.7386918149721008,3,Number Theory,Diophantine Equations | Divisibility / Factorization | Modular Arithmetic | Residues and Primitive Roots,Hard,Number Theory,Diophantine Equations | Divisibility / Factorization,Hard
MATHNET-05dk,MATHNET-04u6,0.7384482984159533,9,Geometry,Plane Geometry,Very Hard,Geometry,Plane Geometry,Very Hard
MATHNET-04u6,MATHNET-05dk,0.7384482984159533,9,Geometry,Plane Geometry,Very Hard,Geometry,Plane Geometry,Very Hard
MATHNET-07n6,MATHNET-07du,0.738250393130603,10,Algebra | Discrete Mathematics,Algebraic Expressions | Combinatorics,Hard,Algebra | Discrete Mathematics,Abstract Algebra | Combinatorics,Hard
MATHNET-0dvb,MATHNET-02nt,0.7382131643488741,10,Geometry,Plane Geometry,Easy,Geometry,Plane Geometry,Easy
MATHNET-023f,MATHNET-01l1,0.7377339788808035,10,Discrete Mathematics,Combinatorics,Easy,Discrete Mathematics,Combinatorics,Medium
MATHNET-0l47,MATHNET-0kt8,0.7376936275484356,5,Discrete Mathematics,Combinatorics,Easy,Discrete Mathematics,Combinatorics,Easy
MATHNET-0jsa,MATHNET-0jht,0.7374235173286121,9,Number Theory,Divisibility / Factorization | Modular Arithmetic,Easy,Number Theory,Divisibility / Factorization | Number-Theoretic Functions,Easy
MATHNET-03bp,MATHNET-0cww,0.7371177979552088,10,Discrete Mathematics,Combinatorics,Hard,Discrete Mathematics,Combinatorics,Hard
MATHNET-03gy,MATHNET-08o1,0.7369103137609478,10,Geometry,Plane Geometry,Hard,Geometry,Plane Geometry,Hard
MATHNET-09af,MATHNET-0law,0.736452170797911,8,Algebra,Algebraic Expressions,Hard,Algebra,Algebraic Expressions | Equations and Inequalities,Hard
MATHNET-01tp,MATHNET-01ub,0.736247719740512,9,Algebra,Equations and Inequalities,Medium,Algebra,Intermediate Algebra | Prealgebra / Basic Algebra,Medium
MATHNET-03qo,MATHNET-0jjl,0.7361243099993122,8,Geometry,Plane Geometry,Easy,Geometry,Plane Geometry,Easy
MATHNET-0609,MATHNET-05ra,0.7359564902440962,4,Number Theory,Divisibility / Factorization,Medium,Number Theory,Diophantine Equations | Divisibility / Factorization | Number-Theoretic Functions,Medium
MATHNET-05ra,MATHNET-0609,0.7359564902440962,2,Number Theory,Diophantine Equations | Divisibility / Factorization | Number-Theoretic Functions,Medium,Number Theory,Divisibility / Factorization,Medium
MATHNET-04a3,MATHNET-0a2l,0.7358838724250307,6,Discrete Mathematics,Combinatorics,Hard,Discrete Mathematics,Combinatorics,Hard
MATHNET-03tp,MATHNET-08cg,0.7357905807063052,6,Algebra,Equations and Inequalities,Medium,Algebra,Algebraic Expressions | Prealgebra / Basic Algebra,Easy
MATHNET-08cg,MATHNET-03tp,0.7357905807063052,7,Algebra,Algebraic Expressions | Prealgebra / Basic Algebra,Easy,Algebra,Equations and Inequalities,Medium
MATHNET-0e5q,MATHNET-08im,0.7357573985761596,5,Algebra,Algebraic Expressions,Medium,Algebra,Equations and Inequalities | Intermediate Algebra,Medium
MATHNET-08im,MATHNET-0e5q,0.7357573985761596,7,Algebra,Equations and Inequalities | Intermediate Algebra,Medium,Algebra,Algebraic Expressions,Medium
MATHNET-08cg,MATHNET-0ehs,0.7357568169374541,8,Algebra,Algebraic Expressions | Prealgebra / Basic Algebra,Easy,Algebra,Prealgebra / Basic Algebra,Easy
MATHNET-0lbc,MATHNET-00va,0.7350806881950639,9,Algebra | Number Theory,Algebraic Expressions | Diophantine Equations | Divisibility / Factorization,Hard,Algebra | Number Theory,Algebraic Expressions | Divisibility / Factorization,Hard
MATHNET-00va,MATHNET-0lbc,0.7350806881950639,5,Algebra | Number Theory,Algebraic Expressions | Divisibility / Factorization,Hard,Algebra | Number Theory,Algebraic Expressions | Diophantine Equations | Divisibility / Factorization,Hard
MATHNET-09ti,MATHNET-0fvm,0.7350318694459108,4,Discrete Mathematics,Combinatorics,Medium,Discrete Mathematics,Combinatorics,Medium
MATHNET-074g,MATHNET-07cj,0.7350271603496001,5,Algebra,Algebraic Expressions | Intermediate Algebra,Hard,Algebra,Algebraic Expressions | Equations and Inequalities,Hard
MATHNET-07cj,MATHNET-074g,0.7350271603496001,7,Algebra,Algebraic Expressions | Equations and Inequalities,Hard,Algebra,Algebraic Expressions | Intermediate Algebra,Hard
MATHNET-0e4b,MATHNET-0jc8,0.7348340818043472,5,Algebra,Prealgebra / Basic Algebra,Medium,Algebra,Algebraic Expressions | Intermediate Algebra,Medium
MATHNET-092p,MATHNET-0d9u,0.7347724773861262,10,Algebra,Algebraic Expressions,Very Hard,Algebra,Algebraic Expressions,Very Hard
MATHNET-0kig,MATHNET-0ecu,0.7343484212986728,3,Algebra,Prealgebra / Basic Algebra,Medium,Algebra,Prealgebra / Basic Algebra,Medium
MATHNET-0ecu,MATHNET-0kig,0.7343484212986728,7,Algebra,Prealgebra / Basic Algebra,Medium,Algebra,Prealgebra / Basic Algebra,Medium
MATHNET-09af,MATHNET-01uc,0.7339657414739149,9,Algebra,Algebraic Expressions,Hard,Algebra,Equations and Inequalities,Medium
MATHNET-0ed9,MATHNET-07nh,0.7334857963197232,7,Geometry,Plane Geometry,Hard,Geometry,Plane Geometry,Hard
MATHNET-010r,MATHNET-0lfz,0.7332415338702443,7,Geometry,Plane Geometry,Hard,Geometry,Plane Geometry,Hard
MATHNET-017x,MATHNET-07nh,0.7328073005378278,7,Geometry,Plane Geometry,Hard,Geometry,Plane Geometry,Hard
MATHNET-0c8t,MATHNET-03us,0.7328071880278444,7,Discrete Mathematics,Combinatorics | Graph Theory,Medium,Discrete Mathematics,Combinatorics,Medium
MATHNET-06zj,MATHNET-0fhq,0.732764537637299,9,Discrete Mathematics | Number Theory,Combinatorics | Other,Medium,Discrete Mathematics | Number Theory,Combinatorics | Divisibility / Factorization,Medium
MATHNET-0677,MATHNET-06un,0.7326744861341348,8,Number Theory,Diophantine Equations | Divisibility / Factorization,Hard,Number Theory,Diophantine Equations | Divisibility / Factorization | Modular Arithmetic | Residues and Primitive Roots,Hard
MATHNET-06un,MATHNET-0677,0.7326744861341348,4,Number Theory,Diophantine Equations | Divisibility / Factorization | Modular Arithmetic | Residues and Primitive Roots,Hard,Number Theory,Diophantine Equations | Divisibility / Factorization,Hard
MATHNET-0l9s,MATHNET-0457,0.732641131064922,1,Discrete Mathematics,Combinatorics,Medium,Discrete Mathematics,Combinatorics,Hard
MATHNET-0457,MATHNET-0l9s,0.732641131064922,4,Discrete Mathematics,Combinatorics,Hard,Discrete Mathematics,Combinatorics,Medium
MATHNET-072u,MATHNET-0j3m,0.7325966324471985,9,Geometry,Plane Geometry,Hard,Geometry,Plane Geometry,Hard
MATHNET-07oq,MATHNET-056g,0.7324215099765898,10,Geometry,Plane Geometry,Medium,Geometry,Plane Geometry,Medium
MATHNET-00xp,MATHNET-0553,0.7320810855719645,6,Discrete Mathematics,Combinatorics,Medium,Discrete Mathematics,Combinatorics,Medium
MATHNET-0553,MATHNET-00xp,0.7320810855719645,1,Discrete Mathematics,Combinatorics,Medium,Discrete Mathematics,Combinatorics,Medium
MATHNET-074g,MATHNET-0e06,0.73191596348372,6,Algebra,Algebraic Expressions | Intermediate Algebra,Hard,Algebra,Algebraic Expressions,Medium
MATHNET-02j5,MATHNET-0kbi,0.7318242669473274,3,Algebra,Prealgebra / Basic Algebra,Easy,Algebra,Algebraic Expressions,Easy
MATHNET-09hc,MATHNET-08wo,0.7314998121360248,7,Number Theory,Divisibility / Factorization | Modular Arithmetic | Residues and Primitive Roots,Hard,Number Theory,Divisibility / Factorization | Number-Theoretic Functions,Hard
MATHNET-09ti,MATHNET-0839,0.7311683031775807,5,Discrete Mathematics,Combinatorics,Medium,Discrete Mathematics,Combinatorics,Medium
MATHNET-0839,MATHNET-09ti,0.7311683031775807,9,Discrete Mathematics,Combinatorics,Medium,Discrete Mathematics,Combinatorics,Medium
MATHNET-020y,MATHNET-0jye,0.7309308467763999,3,Discrete Mathematics,Combinatorics,Hard,Discrete Mathematics,Combinatorics,Hard
MATHNET-099l,MATHNET-03nf,0.7306872907539818,7,Discrete Mathematics,Combinatorics | Other,Hard,Discrete Mathematics,Combinatorics,Hard
MATHNET-0jfs,MATHNET-0kq5,0.7304175969477487,2,Geometry,Plane Geometry,Medium,Geometry,Plane Geometry,Easy
MATHNET-0glc,MATHNET-0bow,0.7301427167893456,9,Geometry,Plane Geometry,Very Hard,Geometry,Plane Geometry,Very Hard
MATHNET-0bow,MATHNET-0glc,0.7301427167893456,9,Geometry,Plane Geometry,Very Hard,Geometry,Plane Geometry,Very Hard
MATHNET-07j1,MATHNET-020y,0.7297568890600592,1,Discrete Mathematics,Combinatorics,Hard,Discrete Mathematics,Combinatorics,Hard
MATHNET-020y,MATHNET-07j1,0.7297568890600592,4,Discrete Mathematics,Combinatorics,Hard,Discrete Mathematics,Combinatorics,Hard
MATHNET-06jk,MATHNET-0b2t,0.7290920617984082,5,Algebra | Discrete Mathematics,Algebraic Expressions | Combinatorics,Hard,Algebra | Discrete Mathematics,Algebraic Expressions | Combinatorics,Medium
MATHNET-03tp,MATHNET-08x7,0.7288638037126324,7,Algebra,Equations and Inequalities,Medium,Algebra,Algebraic Expressions,Easy
MATHNET-051m,MATHNET-0bow,0.7287280991036665,10,Geometry,Plane Geometry,Hard,Geometry,Plane Geometry,Very Hard
MATHNET-0bow,MATHNET-051m,0.7287280991036665,10,Geometry,Plane Geometry,Very Hard,Geometry,Plane Geometry,Hard
MATHNET-075n,MATHNET-0ai8,0.7284506873366078,3,Number Theory,Algebraic Number Theory | Diophantine Equations | Divisibility / Factorization,Hard,Number Theory,Diophantine Equations | Divisibility / Factorization | Modular Arithmetic,Hard
MATHNET-08im,MATHNET-0d0r,0.7284065672355631,9,Algebra,Equations and Inequalities | Intermediate Algebra,Medium,Algebra,Equations and Inequalities,Hard
MATHNET-0d0r,MATHNET-08im,0.7284065672355631,7,Algebra,Equations and Inequalities,Hard,Algebra,Equations and Inequalities | Intermediate Algebra,Medium
MATHNET-010r,MATHNET-0dq2,0.7283509095142418,8,Geometry,Plane Geometry,Hard,Geometry,Plane Geometry,Hard
MATHNET-02er,MATHNET-014r,0.7277844983583487,1,Discrete Mathematics,Combinatorics,Easy,Discrete Mathematics,Combinatorics,Medium
MATHNET-014r,MATHNET-02er,0.7277844983583487,2,Discrete Mathematics,Combinatorics,Medium,Discrete Mathematics,Combinatorics,Easy
MATHNET-0edn,MATHNET-0kq5,0.7276861151979346,10,Geometry,Plane Geometry,Easy,Geometry,Plane Geometry,Easy
MATHNET-01ei,MATHNET-03nj,0.7275720539765451,10,Geometry,Plane Geometry,Hard,Geometry,Plane Geometry,Hard
MATHNET-0590,MATHNET-032t,0.7273442140639333,8,Discrete Mathematics,Combinatorics,Medium,Discrete Mathematics,Combinatorics,Medium
MATHNET-0553,MATHNET-0f3f,0.7271416142449156,2,Discrete Mathematics,Combinatorics,Medium,Discrete Mathematics,Combinatorics,Medium
MATHNET-0f3f,MATHNET-0553,0.7271416142449156,5,Discrete Mathematics,Combinatorics,Medium,Discrete Mathematics,Combinatorics,Medium
MATHNET-01k3,MATHNET-032t,0.7270442113143325,7,Discrete Mathematics,Combinatorics,Hard,Discrete Mathematics,Combinatorics,Medium
MATHNET-0a4r,MATHNET-0759,0.7261799427418635,10,Discrete Mathematics | Geometry,Combinatorics | Plane Geometry,Hard,Discrete Mathematics | Geometry,Combinatorics | Plane Geometry,Hard
MATHNET-0115,MATHNET-01k3,0.7257489202862534,4,Discrete Mathematics,Combinatorics,Hard,Discrete Mathematics,Combinatorics,Hard
MATHNET-01k3,MATHNET-0115,0.7257489202862534,8,Discrete Mathematics,Combinatorics,Hard,Discrete Mathematics,Combinatorics,Hard
MATHNET-0glc,MATHNET-04u6,0.7255348205181773,10,Geometry,Plane Geometry,Very Hard,Geometry,Plane Geometry,Very Hard
MATHNET-00jk,MATHNET-0hs2,0.7254591707587354,4,Algebra,Algebraic Expressions,Medium,Algebra,Algebraic Expressions | Equations and Inequalities,Medium
MATHNET-0hs2,MATHNET-00jk,0.7254591707587354,7,Algebra,Algebraic Expressions | Equations and Inequalities,Medium,Algebra,Algebraic Expressions,Medium
MATHNET-07xw,MATHNET-0e4b,0.7252067990921641,8,Algebra,Algebraic Expressions | Intermediate Algebra,Medium,Algebra,Prealgebra / Basic Algebra,Medium
MATHNET-0e4b,MATHNET-07xw,0.7252067990921641,8,Algebra,Prealgebra / Basic Algebra,Medium,Algebra,Algebraic Expressions | Intermediate Algebra,Medium
MATHNET-0103,MATHNET-09jx,0.7250102170052056,5,Algebra | Number Theory,Diophantine Equations | Equations and Inequalities,Medium,Algebra | Number Theory,Algebraic Expressions | Diophantine Equations,Medium
MATHNET-09jx,MATHNET-0103,0.7250102170052056,8,Algebra | Number Theory,Algebraic Expressions | Diophantine Equations,Medium,Algebra | Number Theory,Diophantine Equations | Equations and Inequalities,Medium
MATHNET-0acz,MATHNET-0lbc,0.7247053522055475,10,Algebra | Number Theory,Algebraic Expressions | Diophantine Equations | Divisibility / Factorization,Hard,Algebra | Number Theory,Algebraic Expressions | Diophantine Equations | Divisibility / Factorization,Hard
MATHNET-0cwp,MATHNET-0ldf,0.7243920882583337,10,Discrete Mathematics | Geometry,Combinatorics | Solid Geometry,Hard,Discrete Mathematics | Geometry,Combinatorics | Plane Geometry,Very Hard
MATHNET-0kfw,MATHNET-0bow,0.7236766598818987,8,Geometry,Plane Geometry,Very Hard,Geometry,Plane Geometry,Very Hard
MATHNET-04xa,MATHNET-017x,0.7234709613778529,8,Geometry,Plane Geometry,Hard,Geometry,Plane Geometry,Hard
MATHNET-017x,MATHNET-04xa,0.7234709613778529,9,Geometry,Plane Geometry,Hard,Geometry,Plane Geometry,Hard
MATHNET-0f0z,MATHNET-0gk7,0.7231099466199135,7,Algebra,Algebraic Expressions,Medium,Algebra,Algebraic Expressions,Medium
MATHNET-0gk7,MATHNET-0f0z,0.7231099466199135,1,Algebra,Algebraic Expressions,Medium,Algebra,Algebraic Expressions,Medium
MATHNET-08tg,MATHNET-07l8,0.7230864050417974,4,Geometry,Plane Geometry,Hard,Geometry,Plane Geometry,Hard
MATHNET-062m,MATHNET-0eex,0.7215114511191449,7,Discrete Mathematics,Combinatorics,Medium,Discrete Mathematics,Combinatorics,Medium
MATHNET-0j09,MATHNET-0jfs,0.7213343225155842,6,Geometry,Plane Geometry,Medium,Geometry,Plane Geometry,Medium
MATHNET-0jfs,MATHNET-0j09,0.7213343225155842,4,Geometry,Plane Geometry,Medium,Geometry,Plane Geometry,Medium
MATHNET-01tp,MATHNET-0law,0.7209529148554996,10,Algebra,Equations and Inequalities,Medium,Algebra,Algebraic Expressions | Equations and Inequalities,Hard
MATHNET-0f0z,MATHNET-0h2a,0.7208317736832954,8,Algebra,Algebraic Expressions,Medium,Algebra,Algebraic Expressions,Medium
MATHNET-0et0,MATHNET-0clz,0.7203690605514443,8,Geometry,Plane Geometry,Hard,Geometry,Plane Geometry,Hard
MATHNET-01k3,MATHNET-0590,0.7199034011128945,10,Discrete Mathematics,Combinatorics,Hard,Discrete Mathematics,Combinatorics,Medium
MATHNET-08tg,MATHNET-08nc,0.7198692867593416,6,Geometry,Plane Geometry,Hard,Geometry,Plane Geometry,Medium
MATHNET-0huk,MATHNET-06nl,0.7195630515747823,6,Algebra | Discrete Mathematics,Algebraic Expressions | Combinatorics,Hard,Algebra | Discrete Mathematics,Algebraic Expressions | Combinatorics | Equations and Inequalities | Prealgebra / Basic Algebra,Hard
MATHNET-0jfs,MATHNET-0iwd,0.7193775075359341,5,Geometry,Plane Geometry,Medium,Geometry,Plane Geometry,Medium
MATHNET-0iwd,MATHNET-0jfs,0.7193775075359341,6,Geometry,Plane Geometry,Medium,Geometry,Plane Geometry,Medium
MATHNET-050a,MATHNET-0bxl,0.719219102051822,6,Geometry,Plane Geometry,Medium,Geometry,Plane Geometry,Medium
MATHNET-062m,MATHNET-0fxg,0.7188479559998692,8,Discrete Mathematics,Combinatorics,Medium,Discrete Mathematics,Combinatorics,Easy
MATHNET-0e4b,MATHNET-0kf4,0.7187903410869486,10,Algebra,Prealgebra / Basic Algebra,Medium,Algebra,Algebraic Expressions,Hard
MATHNET-0d4o,MATHNET-06dp,0.718612861027464,9,Algebra | Discrete Mathematics,Algebraic Expressions | Combinatorics | Equations and Inequalities,Hard,Algebra | Discrete Mathematics,Algebraic Expressions | Combinatorics,Hard
MATHNET-071d,MATHNET-0cey,0.7179382616917388,8,Discrete Mathematics,Combinatorics,Medium,Discrete Mathematics,Combinatorics,Medium
MATHNET-0cey,MATHNET-071d,0.7179382616917388,10,Discrete Mathematics,Combinatorics,Medium,Discrete Mathematics,Combinatorics,Medium
MATHNET-03tp,MATHNET-0apw,0.7179141416550094,10,Algebra,Equations and Inequalities,Medium,Algebra,Algebraic Expressions,Medium
MATHNET-0553,MATHNET-0l9s,0.7173900808105321,3,Discrete Mathematics,Combinatorics,Medium,Discrete Mathematics,Combinatorics,Medium
MATHNET-0l9s,MATHNET-0553,0.7173900808105321,2,Discrete Mathematics,Combinatorics,Medium,Discrete Mathematics,Combinatorics,Medium
MATHNET-0afj,MATHNET-09wj,0.7166619303984333,10,Discrete Mathematics,Combinatorics,Easy,Discrete Mathematics,Algorithms,Easy
MATHNET-08q8,MATHNET-00up,0.7163271033527088,8,Geometry,Plane Geometry,Hard,Geometry,Plane Geometry,Hard
MATHNET-0kfw,MATHNET-04u6,0.7162878316439809,10,Geometry,Plane Geometry,Very Hard,Geometry,Plane Geometry,Very Hard
MATHNET-0413,MATHNET-0ksl,0.7147615794797583,6,Geometry,Plane Geometry,Medium,Geometry,Plane Geometry,Medium
MATHNET-0ksl,MATHNET-0413,0.7147615794797583,10,Geometry,Plane Geometry,Medium,Geometry,Plane Geometry,Medium
MATHNET-0f0z,MATHNET-0jc8,0.7145864701990531,9,Algebra,Algebraic Expressions,Medium,Algebra,Algebraic Expressions | Intermediate Algebra,Medium
MATHNET-0f3d,MATHNET-0dz5,0.7144207889664737,9,Algebra,Linear Algebra,Medium,Algebra,Intermediate Algebra,Medium
MATHNET-0cvb,MATHNET-02pg,0.714336775408454,10,Discrete Mathematics,Combinatorics,Medium,Discrete Mathematics,Combinatorics,Easy
MATHNET-03qe,MATHNET-0e2b,0.7142263967247706,2,Geometry,Plane Geometry,Medium,Geometry,Plane Geometry,Medium
MATHNET-0e2b,MATHNET-03qe,0.7142263967247706,6,Geometry,Plane Geometry,Medium,Geometry,Plane Geometry,Medium
MATHNET-05u0,MATHNET-0609,0.7140993004892574,4,Number Theory,Diophantine Equations | Divisibility / Factorization | Residues and Primitive Roots,Medium,Number Theory,Divisibility / Factorization,Medium
MATHNET-0609,MATHNET-05u0,0.7140993004892574,6,Number Theory,Divisibility / Factorization,Medium,Number Theory,Diophantine Equations | Divisibility / Factorization | Residues and Primitive Roots,Medium
MATHNET-04xs,MATHNET-07nk,0.7140553611693223,7,Discrete Mathematics,Combinatorics | Graph Theory,Very Hard,Discrete Mathematics,Combinatorics,Hard
MATHNET-07nk,MATHNET-04xs,0.7140553611693223,5,Discrete Mathematics,Combinatorics,Hard,Discrete Mathematics,Combinatorics | Graph Theory,Very Hard
MATHNET-0ecu,MATHNET-08x7,0.7136633470891287,9,Algebra,Prealgebra / Basic Algebra,Medium,Algebra,Algebraic Expressions,Easy
MATHNET-0jwx,MATHNET-0b87,0.7136332546039926,9,Discrete Mathematics,Combinatorics,Medium,Discrete Mathematics,Combinatorics,Medium
MATHNET-0hak,MATHNET-039y,0.7128982811112801,6,Discrete Mathematics,Combinatorics,Medium,Discrete Mathematics,Graph Theory,Medium
MATHNET-039y,MATHNET-0hak,0.7128982811112801,4,Discrete Mathematics,Graph Theory,Medium,Discrete Mathematics,Combinatorics,Medium
MATHNET-0k1e,MATHNET-0ec2,0.7122612661409388,1,Statistics,Probability,Easy,Statistics,Probability,Easy
MATHNET-0ec2,MATHNET-0k1e,0.7122612661409388,3,Statistics,Probability,Easy,Statistics,Probability,Easy
MATHNET-0fad,MATHNET-0aae,0.7119111702930245,10,Geometry,Plane Geometry,Medium,Geometry,Plane Geometry,Hard
MATHNET-0115,MATHNET-032t,0.7102800255881192,5,Discrete Mathematics,Combinatorics,Hard,Discrete Mathematics,Combinatorics,Medium
MATHNET-09ti,MATHNET-0fv5,0.710112271383862,7,Discrete Mathematics,Combinatorics,Medium,Discrete Mathematics,Combinatorics,Medium
MATHNET-050a,MATHNET-0da8,0.70972119867506,7,Geometry,Plane Geometry,Medium,Geometry,Plane Geometry,Medium
MATHNET-0ecu,MATHNET-0axv,0.7090744515239413,10,Algebra,Prealgebra / Basic Algebra,Medium,Algebra,Algebraic Expressions,Easy
MATHNET-0ag8,MATHNET-08im,0.7086832888117799,6,Algebra,Prealgebra / Basic Algebra,Medium,Algebra,Equations and Inequalities | Intermediate Algebra,Medium
MATHNET-08m2,MATHNET-06ts,0.7086009928089095,9,Discrete Mathematics,Combinatorics | Graph Theory,Hard,Discrete Mathematics,Combinatorics,Hard
MATHNET-04p0,MATHNET-08im,0.7082265257487478,8,Algebra,Algebraic Expressions | Prealgebra / Basic Algebra,Medium,Algebra,Equations and Inequalities | Intermediate Algebra,Medium
MATHNET-0a4y,MATHNET-0jht,0.7072168272899226,3,Number Theory,Divisibility / Factorization | Modular Arithmetic,Medium,Number Theory,Divisibility / Factorization | Number-Theoretic Functions,Easy
MATHNET-0et0,MATHNET-07nh,0.7052926693499476,10,Geometry,Plane Geometry,Hard,Geometry,Plane Geometry,Hard
MATHNET-00ba,MATHNET-01bj,0.7052704133487824,4,Discrete Mathematics | Geometry,Combinatorics | Plane Geometry,Hard,Discrete Mathematics | Geometry,Combinatorics | Plane Geometry,Hard
MATHNET-0j09,MATHNET-042z,0.7044805414536363,7,Geometry,Plane Geometry,Medium,Geometry,Plane Geometry | Solid Geometry,Medium
MATHNET-042z,MATHNET-0j09,0.7044805414536363,3,Geometry,Plane Geometry | Solid Geometry,Medium,Geometry,Plane Geometry,Medium
MATHNET-014r,MATHNET-03us,0.7042519085541155,5,Discrete Mathematics,Combinatorics,Medium,Discrete Mathematics,Combinatorics,Medium
MATHNET-03n2,MATHNET-01b7,0.7041261280349271,6,Geometry,Plane Geometry,Hard,Geometry,Plane Geometry,Hard
MATHNET-0j12,MATHNET-08im,0.7038504119995871,8,Algebra,Algebraic Expressions,Medium,Algebra,Equations and Inequalities | Intermediate Algebra,Medium
MATHNET-0hsp,MATHNET-0clz,0.7034562916954892,9,Geometry,Plane Geometry | Solid Geometry,Very Hard,Geometry,Plane Geometry,Hard
MATHNET-01u3,MATHNET-06au,0.7031833625064795,6,Discrete Mathematics,Combinatorics,Very Hard,Discrete Mathematics,Combinatorics | Graph Theory,Hard
MATHNET-06au,MATHNET-01u3,0.7031833625064795,3,Discrete Mathematics,Combinatorics | Graph Theory,Hard,Discrete Mathematics,Combinatorics,Very Hard
MATHNET-0iwd,MATHNET-042z,0.702944429336289,7,Geometry,Plane Geometry,Medium,Geometry,Plane Geometry | Solid Geometry,Medium
MATHNET-042z,MATHNET-0iwd,0.702944429336289,4,Geometry,Plane Geometry | Solid Geometry,Medium,Geometry,Plane Geometry,Medium
MATHNET-0413,MATHNET-0jxp,0.7027863672126488,7,Geometry,Plane Geometry,Medium,Geometry,Plane Geometry,Medium
MATHNET-00va,MATHNET-0acz,0.7023252585363449,9,Algebra | Number Theory,Algebraic Expressions | Divisibility / Factorization,Hard,Algebra | Number Theory,Algebraic Expressions | Diophantine Equations | Divisibility / Factorization,Hard
MATHNET-00et,MATHNET-0lbc,0.7021191484550862,9,Algebra | Number Theory,Algebraic Number Theory | Other | Prealgebra / Basic Algebra,Hard,Algebra | Number Theory,Algebraic Expressions | Diophantine Equations | Divisibility / Factorization,Hard
MATHNET-09ti,MATHNET-0cnh,0.7015492338227557,8,Discrete Mathematics,Combinatorics,Medium,Discrete Mathematics,Algorithms | Combinatorics,Medium
MATHNET-0aj0,MATHNET-0huv,0.7010288675716289,2,Algebra,Equations and Inequalities,Medium,Algebra,Equations and Inequalities,Medium
MATHNET-0huv,MATHNET-0aj0,0.7010288675716289,7,Algebra,Equations and Inequalities,Medium,Algebra,Equations and Inequalities,Medium
MATHNET-0k1e,MATHNET-0efy,0.7010112262444026,2,Statistics,Probability,Easy,Statistics,Probability,Medium
MATHNET-0efy,MATHNET-0k1e,0.7010112262444026,1,Statistics,Probability,Medium,Statistics,Probability,Easy
MATHNET-0cu5,MATHNET-051m,0.7007812619198879,7,Geometry,Plane Geometry,Hard,Geometry,Plane Geometry,Hard
MATHNET-071d,MATHNET-0500,0.7001267829186163,10,Discrete Mathematics,Combinatorics,Medium,Discrete Mathematics,Combinatorics,Hard
MATHNET-03n2,MATHNET-0dq2,0.7000341347538883,7,Geometry,Plane Geometry,Hard,Geometry,Plane Geometry,Hard
MATHNET-01u3,MATHNET-020y,0.6996560905119072,7,Discrete Mathematics,Combinatorics,Very Hard,Discrete Mathematics,Combinatorics,Hard
MATHNET-09ti,MATHNET-01l1,0.6996420671056587,9,Discrete Mathematics,Combinatorics,Medium,Discrete Mathematics,Combinatorics,Medium
MATHNET-08tg,MATHNET-01b7,0.6995661505739615,9,Geometry,Plane Geometry,Hard,Geometry,Plane Geometry,Hard
MATHNET-0cu5,MATHNET-0dq2,0.6995415984541548,8,Geometry,Plane Geometry,Hard,Geometry,Plane Geometry,Hard
MATHNET-09ti,MATHNET-062m,0.6989404416939139,10,Discrete Mathematics,Combinatorics,Medium,Discrete Mathematics,Combinatorics,Medium
MATHNET-0hak,MATHNET-0cey,0.6979473918221094,9,Discrete Mathematics,Combinatorics,Medium,Discrete Mathematics,Combinatorics,Medium
MATHNET-050a,MATHNET-01ef,0.6977441596448336,8,Geometry,Plane Geometry,Medium,Geometry,Plane Geometry,Medium
MATHNET-0d4q,MATHNET-01k3,0.6971456760524473,3,Discrete Mathematics,Combinatorics,Hard,Discrete Mathematics,Combinatorics,Hard
MATHNET-06ak,MATHNET-08py,0.6971118091699502,3,Algebra,Equations and Inequalities | Intermediate Algebra,Medium,Algebra,Equations and Inequalities,Medium
MATHNET-08py,MATHNET-06ak,0.6971118091699502,8,Algebra,Equations and Inequalities,Medium,Algebra,Equations and Inequalities | Intermediate Algebra,Medium
MATHNET-0bvn,MATHNET-0b48,0.6966667533866423,5,Number Theory,Divisibility / Factorization | Modular Arithmetic,Hard,Number Theory,Diophantine Equations | Divisibility / Factorization,Hard
MATHNET-02j5,MATHNET-0ehs,0.6962574413631942,5,Algebra,Prealgebra / Basic Algebra,Easy,Algebra,Prealgebra / Basic Algebra,Easy
MATHNET-075n,MATHNET-09mt,0.6961065411106905,7,Number Theory,Algebraic Number Theory | Diophantine Equations | Divisibility / Factorization,Hard,Number Theory,Divisibility / Factorization | Residues and Primitive Roots,Hard
MATHNET-07yr,MATHNET-0aj0,0.6954158677755367,1,Algebra,Equations and Inequalities,Hard,Algebra,Equations and Inequalities,Medium
MATHNET-0aj0,MATHNET-07yr,0.6954158677755367,3,Algebra,Equations and Inequalities,Medium,Algebra,Equations and Inequalities,Hard
MATHNET-02j5,MATHNET-0ek6,0.6948552815950488,6,Algebra,Prealgebra / Basic Algebra,Easy,Algebra,Prealgebra / Basic Algebra,Easy
MATHNET-050a,MATHNET-0l1k,0.6941066741781642,9,Geometry,Plane Geometry,Medium,Geometry,Plane Geometry,Medium
MATHNET-02j5,MATHNET-0ekm,0.6937508984190791,7,Algebra,Prealgebra / Basic Algebra,Easy,Algebra,Algebraic Expressions,Easy
MATHNET-01ud,MATHNET-08m2,0.6935235395254126,9,Discrete Mathematics,Combinatorics,Hard,Discrete Mathematics,Combinatorics | Graph Theory,Hard
MATHNET-09m6,MATHNET-0j6t,0.6919825839380592,9,Number Theory,Divisibility / Factorization | Modular Arithmetic,Hard,Number Theory,Divisibility / Factorization | Number-Theoretic Functions,Hard
MATHNET-01u3,MATHNET-0bth,0.6919218143139929,9,Discrete Mathematics,Combinatorics,Very Hard,Discrete Mathematics,Combinatorics,Very Hard
MATHNET-0eff,MATHNET-0l66,0.6902218761574853,1,Statistics,Probability,Easy,Statistics,Probability,Easy
MATHNET-0l66,MATHNET-0eff,0.6902218761574853,1,Statistics,Probability,Easy,Statistics,Probability,Easy
MATHNET-075n,MATHNET-08wo,0.6898512357056955,10,Number Theory,Algebraic Number Theory | Diophantine Equations | Divisibility / Factorization,Hard,Number Theory,Divisibility / Factorization | Number-Theoretic Functions,Hard
MATHNET-04p0,MATHNET-0d0r,0.689558335099831,10,Algebra,Algebraic Expressions | Prealgebra / Basic Algebra,Medium,Algebra,Equations and Inequalities,Hard
MATHNET-050a,MATHNET-0b2w,0.6890834704430608,10,Geometry,Plane Geometry,Medium,Geometry,Plane Geometry,Medium
MATHNET-0idn,MATHNET-0f9k,0.6883809010049017,10,Geometry,Plane Geometry,Easy,Geometry,Plane Geometry,Medium
MATHNET-0hak,MATHNET-0jv5,0.6877095683340319,10,Discrete Mathematics,Combinatorics,Medium,Discrete Mathematics,Combinatorics,Medium
MATHNET-08py,MATHNET-08im,0.6869657786908303,9,Algebra,Equations and Inequalities,Medium,Algebra,Equations and Inequalities | Intermediate Algebra,Medium
MATHNET-04kx,MATHNET-01u3,0.6869022896343974,4,Discrete Mathematics,Combinatorics,Hard,Discrete Mathematics,Combinatorics,Very Hard
MATHNET-07j1,MATHNET-0jye,0.6866285827935918,7,Discrete Mathematics,Combinatorics,Hard,Discrete Mathematics,Combinatorics,Hard
MATHNET-0115,MATHNET-078n,0.6864369750128211,8,Discrete Mathematics,Combinatorics,Hard,Discrete Mathematics,Combinatorics,Medium
MATHNET-00jk,MATHNET-0i9p,0.6862692010540071,10,Algebra,Algebraic Expressions,Medium,Algebra,Algebraic Expressions,Medium
MATHNET-0413,MATHNET-0b84,0.6860784798472793,10,Geometry,Plane Geometry,Medium,Geometry,Plane Geometry,Medium
MATHNET-06ak,MATHNET-0a7h,0.6851065942863337,4,Algebra,Equations and Inequalities | Intermediate Algebra,Medium,Algebra,Algebraic Expressions,Hard
MATHNET-0kig,MATHNET-0apw,0.6850065117729789,9,Algebra,Prealgebra / Basic Algebra,Medium,Algebra,Algebraic Expressions,Medium
MATHNET-05u0,MATHNET-0ag7,0.6839147525962319,8,Number Theory,Diophantine Equations | Divisibility / Factorization | Residues and Primitive Roots,Medium,Number Theory,Divisibility / Factorization | Modular Arithmetic,Medium
MATHNET-0ag7,MATHNET-05u0,0.6839147525962319,10,Number Theory,Divisibility / Factorization | Modular Arithmetic,Medium,Number Theory,Diophantine Equations | Divisibility / Factorization | Residues and Primitive Roots,Medium
MATHNET-0jxw,MATHNET-06ts,0.68369452601605,10,Discrete Mathematics,Combinatorics,Hard,Discrete Mathematics,Combinatorics,Hard
MATHNET-0kig,MATHNET-08x7,0.683680619588187,10,Algebra,Prealgebra / Basic Algebra,Medium,Algebra,Algebraic Expressions,Easy
MATHNET-01oe,MATHNET-0cey,0.6835270215118767,4,Discrete Mathematics,Combinatorics,Medium,Discrete Mathematics,Combinatorics,Medium
MATHNET-04kx,MATHNET-020y,0.6834933397593066,6,Discrete Mathematics,Combinatorics,Hard,Discrete Mathematics,Combinatorics,Hard
MATHNET-0e5q,MATHNET-0ag8,0.6823640096256857,10,Algebra,Algebraic Expressions,Medium,Algebra,Prealgebra / Basic Algebra,Medium
MATHNET-01ud,MATHNET-06ts,0.6819367726249381,10,Discrete Mathematics,Combinatorics,Hard,Discrete Mathematics,Combinatorics,Hard
MATHNET-0553,MATHNET-06j5,0.6815139178510597,10,Discrete Mathematics,Combinatorics,Medium,Discrete Mathematics,Combinatorics,Medium
MATHNET-06j5,MATHNET-0553,0.6815139178510597,8,Discrete Mathematics,Combinatorics,Medium,Discrete Mathematics,Combinatorics,Medium
MATHNET-03qe,MATHNET-017j,0.680990153252887,8,Geometry,Plane Geometry,Medium,Geometry,Plane Geometry | Solid Geometry,Medium
MATHNET-0agp,MATHNET-0c8t,0.6793068144740402,5,Discrete Mathematics,Combinatorics,Medium,Discrete Mathematics,Combinatorics | Graph Theory,Medium
MATHNET-00ba,MATHNET-0cwp,0.679198385125536,8,Discrete Mathematics | Geometry,Combinatorics | Plane Geometry,Hard,Discrete Mathematics | Geometry,Combinatorics | Solid Geometry,Hard
MATHNET-0iwd,MATHNET-084f,0.6782612238665051,9,Geometry,Plane Geometry,Medium,Geometry,Plane Geometry,Easy
MATHNET-042z,MATHNET-0kq5,0.67564292499578,8,Geometry,Plane Geometry | Solid Geometry,Medium,Geometry,Plane Geometry,Easy
MATHNET-0j0k,MATHNET-0553,0.6755032160957931,6,Discrete Mathematics,Combinatorics | Graph Theory,Medium,Discrete Mathematics,Combinatorics,Medium
MATHNET-0j09,MATHNET-084f,0.6748180987577065,9,Geometry,Plane Geometry,Medium,Geometry,Plane Geometry,Easy
MATHNET-08yo,MATHNET-04aq,0.6720923438106285,3,Discrete Mathematics,Combinatorics,Hard,Discrete Mathematics,Combinatorics,Hard
MATHNET-07cz,MATHNET-0ed9,0.6716751941269575,10,Geometry,Plane Geometry,Hard,Geometry,Plane Geometry,Hard
MATHNET-01oe,MATHNET-0jv5,0.6716746959851934,5,Discrete Mathematics,Combinatorics,Medium,Discrete Mathematics,Combinatorics,Medium
MATHNET-0dri,MATHNET-0l9s,0.669083491513828,10,Discrete Mathematics,Combinatorics,Hard,Discrete Mathematics,Combinatorics,Medium
MATHNET-03n2,MATHNET-08q8,0.6680956174863747,10,Geometry,Plane Geometry,Hard,Geometry,Plane Geometry,Hard
MATHNET-0iwd,MATHNET-0iqa,0.6670075863280727,10,Geometry,Plane Geometry,Medium,Geometry,Plane Geometry,Easy
MATHNET-014r,MATHNET-0590,0.6669351845209958,8,Discrete Mathematics,Combinatorics,Medium,Discrete Mathematics,Combinatorics,Medium
MATHNET-05ra,MATHNET-0ag7,0.6662273978339543,7,Number Theory,Diophantine Equations | Divisibility / Factorization | Number-Theoretic Functions,Medium,Number Theory,Divisibility / Factorization | Modular Arithmetic,Medium
MATHNET-0j09,MATHNET-0iqa,0.6658793354198275,10,Geometry,Plane Geometry,Medium,Geometry,Plane Geometry,Easy
MATHNET-06au,MATHNET-020y,0.6651277684574971,6,Discrete Mathematics,Combinatorics | Graph Theory,Hard,Discrete Mathematics,Combinatorics,Hard
MATHNET-048d,MATHNET-00qi,0.6645850360529547,7,Geometry,Plane Geometry,Medium,Geometry,Plane Geometry,Medium
MATHNET-06au,MATHNET-099l,0.6609063041136138,8,Discrete Mathematics,Combinatorics | Graph Theory,Hard,Discrete Mathematics,Combinatorics | Other,Hard
MATHNET-0jcv,MATHNET-0dad,0.659313225857183,9,Algebra,Algebraic Expressions,Hard,Algebra,Algebraic Expressions | Equations and Inequalities | Intermediate Algebra,Hard
MATHNET-014r,MATHNET-0c8t,0.659186650067324,10,Discrete Mathematics,Combinatorics,Medium,Discrete Mathematics,Combinatorics | Graph Theory,Medium
MATHNET-0ilv,MATHNET-07xw,0.6568494127206266,6,Algebra,Algebraic Expressions,Medium,Algebra,Algebraic Expressions | Intermediate Algebra,Medium
MATHNET-0agp,MATHNET-0cus,0.6551870530334271,7,Discrete Mathematics,Combinatorics,Medium,Discrete Mathematics,Combinatorics,Medium
MATHNET-0cus,MATHNET-0agp,0.6551870530334271,5,Discrete Mathematics,Combinatorics,Medium,Discrete Mathematics,Combinatorics,Medium
MATHNET-0l68,MATHNET-042z,0.6549782829534805,4,Geometry,Plane Geometry,Medium,Geometry,Plane Geometry | Solid Geometry,Medium
MATHNET-0l68,MATHNET-0jfs,0.6544492717548852,5,Geometry,Plane Geometry,Medium,Geometry,Plane Geometry,Medium
MATHNET-0ias,MATHNET-0a4r,0.6468981159987951,6,Discrete Mathematics | Geometry,Combinatorics | Plane Geometry,Hard,Discrete Mathematics | Geometry,Combinatorics | Plane Geometry,Hard
MATHNET-01oe,MATHNET-0hak,0.6461098975547722,7,Discrete Mathematics,Combinatorics,Medium,Discrete Mathematics,Combinatorics,Medium
MATHNET-0agp,MATHNET-014r,0.6432217017490571,8,Discrete Mathematics,Combinatorics,Medium,Discrete Mathematics,Combinatorics,Medium
MATHNET-0l20,MATHNET-038c,0.6431020154849917,1,Discrete Mathematics,Combinatorics,Very Hard,Discrete Mathematics,Combinatorics,Very Hard
MATHNET-0ilv,MATHNET-0cgo,0.6430654877606949,9,Algebra,Algebraic Expressions,Medium,Algebra,Abstract Algebra,Medium
MATHNET-0ias,MATHNET-0759,0.6423960563655636,7,Discrete Mathematics | Geometry,Combinatorics | Plane Geometry,Hard,Discrete Mathematics | Geometry,Combinatorics | Plane Geometry,Hard
MATHNET-0b1l,MATHNET-0f3f,0.6414288122257713,5,Discrete Mathematics,Combinatorics,Medium,Discrete Mathematics,Combinatorics,Medium
MATHNET-0k1e,MATHNET-0icq,0.6407850115842721,9,Statistics,Probability,Easy,Statistics,Probability,Easy
MATHNET-0icq,MATHNET-0k1e,0.6407850115842721,1,Statistics,Probability,Easy,Statistics,Probability,Easy
MATHNET-0l68,MATHNET-0j4z,0.6404162410056423,6,Geometry,Plane Geometry,Medium,Geometry,Plane Geometry,Medium
MATHNET-02er,MATHNET-03us,0.6387915402193862,5,Discrete Mathematics,Combinatorics,Easy,Discrete Mathematics,Combinatorics,Medium
MATHNET-08yo,MATHNET-0cjq,0.638378612013704,7,Discrete Mathematics,Combinatorics,Hard,Discrete Mathematics,Combinatorics,Hard
MATHNET-0l68,MATHNET-065e,0.6376959584863662,8,Geometry,Plane Geometry,Medium,Geometry,Plane Geometry,Hard
MATHNET-02er,MATHNET-0feu,0.63604480200068,7,Discrete Mathematics,Combinatorics,Easy,Discrete Mathematics,Combinatorics,Easy
MATHNET-02er,MATHNET-0idy,0.6355502735884722,8,Discrete Mathematics,Combinatorics,Easy,Discrete Mathematics,Combinatorics,Medium
MATHNET-0l0y,MATHNET-0l8o,0.6350456899285707,4,Algebra,Algebraic Expressions | Intermediate Algebra,Medium,Algebra,Equations and Inequalities,Medium
MATHNET-05uf,MATHNET-03vm,0.6331613935386866,8,Discrete Mathematics | Geometry,Combinatorics | Graph Theory | Plane Geometry,Very Hard,Discrete Mathematics | Geometry,Combinatorics | Plane Geometry,Very Hard
MATHNET-0d4q,MATHNET-078n,0.6313725201228076,8,Discrete Mathematics,Combinatorics,Hard,Discrete Mathematics,Combinatorics,Medium
MATHNET-0l0y,MATHNET-0kfj,0.6308402834337243,5,Algebra,Algebraic Expressions | Intermediate Algebra,Medium,Algebra,Algebraic Expressions,Medium
MATHNET-0b1l,MATHNET-01ud,0.630419065533629,7,Discrete Mathematics,Combinatorics,Medium,Discrete Mathematics,Combinatorics,Hard
MATHNET-05tl,MATHNET-05ra,0.629279029204734,5,Number Theory,Diophantine Equations | Divisibility / Factorization | Modular Arithmetic,Hard,Number Theory,Diophantine Equations | Divisibility / Factorization | Number-Theoretic Functions,Medium
MATHNET-0l68,MATHNET-056g,0.629083375706913,9,Geometry,Plane Geometry,Medium,Geometry,Plane Geometry,Medium
MATHNET-0l68,MATHNET-00by,0.62886241924095,10,Geometry,Plane Geometry,Medium,Geometry,Plane Geometry,Hard
MATHNET-0iew,MATHNET-03us,0.6287855233729586,2,Discrete Mathematics,Combinatorics,Medium,Discrete Mathematics,Combinatorics,Medium
MATHNET-0l20,MATHNET-0bth,0.6284945365382563,5,Discrete Mathematics,Combinatorics,Very Hard,Discrete Mathematics,Combinatorics,Very Hard
MATHNET-0l0y,MATHNET-0kig,0.625308862611337,8,Algebra,Algebraic Expressions | Intermediate Algebra,Medium,Algebra,Prealgebra / Basic Algebra,Medium
MATHNET-0cus,MATHNET-01k3,0.6250059022432186,8,Discrete Mathematics,Combinatorics,Medium,Discrete Mathematics,Combinatorics,Hard
MATHNET-08yo,MATHNET-04a3,0.6248865379356424,8,Discrete Mathematics,Combinatorics,Hard,Discrete Mathematics,Combinatorics,Hard
MATHNET-0kje,MATHNET-042z,0.6242931484408171,4,Geometry,Plane Geometry | Solid Geometry,Medium,Geometry,Plane Geometry | Solid Geometry,Medium
MATHNET-07yr,MATHNET-0huv,0.6234822879573734,9,Algebra,Equations and Inequalities,Hard,Algebra,Equations and Inequalities,Medium
MATHNET-0l66,MATHNET-0k1e,0.6208749456826108,4,Statistics,Probability,Easy,Statistics,Probability,Easy
MATHNET-0b1l,MATHNET-00xp,0.6200424580508617,10,Discrete Mathematics,Combinatorics,Medium,Discrete Mathematics,Combinatorics,Medium
MATHNET-0iew,MATHNET-0idy,0.6181651479690068,7,Discrete Mathematics,Combinatorics,Medium,Discrete Mathematics,Combinatorics,Medium
MATHNET-0l0y,MATHNET-01tp,0.6157395182184863,10,Algebra,Algebraic Expressions | Intermediate Algebra,Medium,Algebra,Equations and Inequalities,Medium
MATHNET-0kje,MATHNET-0jfs,0.6106489018120748,5,Geometry,Plane Geometry | Solid Geometry,Medium,Geometry,Plane Geometry,Medium
MATHNET-0l66,MATHNET-0efy,0.6084199571537735,10,Statistics,Probability,Easy,Statistics,Probability,Medium
MATHNET-0kzt,MATHNET-0kto,0.6065584826882643,8,Algebra | Number Theory,Diophantine Equations | Prealgebra / Basic Algebra,Medium,Algebra | Number Theory,Algebraic Expressions | Modular Arithmetic,Hard
MATHNET-0k6m,MATHNET-0k1e,0.602857235760327,3,Statistics,Probability,Easy,Statistics,Probability,Easy
MATHNET-0icq,MATHNET-0ec2,0.6002004943538176,3,Statistics,Probability,Easy,Statistics,Probability,Easy
MATHNET-0k6m,MATHNET-0efy,0.5991346637955524,4,Statistics,Probability,Easy,Statistics,Probability,Medium
MATHNET-0icq,MATHNET-0efy,0.5750207310482427,6,Statistics,Probability,Easy,Statistics,Probability,Medium
