problem_id,source,competition,year,country,domain,subtopic,difficulty,difficulty_source,concepts,prerequisites,solution_depth,estimated_time_minutes,proof_required,reasoning_intensity,calculation_intensity,major_steps,problem_type,language,data_type,problem_text,final_answer,solution_length,solution_words,solution_paragraphs,equation_count,reasoning_indicators,proof_indicators,case_analysis,calculation_indicators,solution_major_steps
MATHNET-009s,MathNet,NATIONAL XXX OMA,,Argentina,Discrete Mathematics,Combinatorics,,unknown,"Coloring schemes, extremal arguments | Invariants / monovariants",,,,True,,,,proof and answer,,real,"Each cell of an $n \times n$ grid square is colored black or white. We call such a coloring *nice* if every $2 \times 2$ square covers an even number of black cells, and every cross covers an odd number of black cells. Find all $n \ge 3$ such that in each nice coloring the four corner cells have the same color.
![](attached_image_1.png)",n ≡ 1 (mod 3),2301,410,7,43,9,1,1,5,7
MATHNET-00hy,MathNet,APMO,,Asia Pacific Mathematics Olympiad (APMO),Discrete Mathematics | Geometry,Combinatorics | Plane Geometry,,unknown,"Miscellaneous > Constructions and loci | Coloring schemes, extremal arguments | Invariants / monovariants",,,,True,,,,proof only,English,real,"There are $n$ line segments on the plane, no three intersecting at a point, and each pair intersecting once in their respective interiors. Tony and his $2 n-1$ friends each stand at a distinct endpoint of a line segment. Tony wishes to send Christmas presents to each of his friends as follows:
First, he chooses an endpoint of each segment as a ""sink"". Then he places the present at the endpoint of the segment he is at. The present moves as follows:
- If it is on a line segment, it moves towards the sink.
- When it reaches an intersection of two segments, it changes the line segment it travels on and starts moving towards the new sink.
If the present reaches an endpoint, the friend on that endpoint can receive their present. Prove Tony can send presents to exactly $n$ of his $2 n-1$ friends.",,6958,1219,26,98,6,5,7,0,20
MATHNET-00k4,MathNet,AustriaMO2013,,Austria,Geometry,Plane Geometry | Solid Geometry,,unknown,3D Shapes | Quadrilaterals > Cyclic quadrilaterals | Miscellaneous > Angle chasing,,,,True,,,,proof only,English,real,"Let $ABCDEF$ be a regular octahedron with lower vertex $E$, upper vertex $F$, middle slice plane $ABCD$, center $M$ and circumsphere $k$. Furthermore let $X$ be an arbitrary point within side $ABF$. The line $EX$ intersects $k$ in $E$ and $Z$ and the plane $ABCD$ in $Y$.
$$
\text{Show that } \langle EMZ \rangle = \langle EYF \rangle.
$$",,1222,209,3,38,4,0,0,0,3
MATHNET-00rl,MathNet,BMO 2016 Short List Final,,Balkan Mathematical Olympiad,Geometry,Plane Geometry,,unknown,"Triangles > Triangle centers: centroid, incenter, circumcenter, orthocenter, Euler line, nine-point circle | Quadrilaterals > Inscribed/circumscribed quadrilaterals | Circles > Tangents | Miscellaneous > Angle chasing",,,,True,,,,proof only,,real,"The point $M$ lies on the side $AB$ of the circumscribed quadrilateral $ABCD$. The points $I_1, I_2$, and $I_3$ are the incenters of $\triangle MBC$, $\triangle MCD$, and $\triangle MDA$. Show that the points $M, I_1, I_2$, and $I_3$ lie on a circle.
![](attached_image_1.png)",,2803,461,4,74,5,4,5,0,4
MATHNET-00xp,MathNet,Baltic Way 1993,,Baltic Way,Discrete Mathematics,Combinatorics,,unknown,"Coloring schemes, extremal arguments",,,,True,,,,proof and answer,,real,"Problem:

A square is divided into 16 equal squares, obtaining the set of 25 different vertices. What is the least number of vertices one must remove from this set, so that no 4 points of the remaining set are the vertices of any square with sides parallel to the sides of the initial square?",8,853,134,3,9,1,1,0,0,3
MATHNET-01l1,MathNet,60th Belarusian Mathematical Olympiad,,Belarus,Discrete Mathematics,Combinatorics,,unknown,Games / greedy algorithms | Invariants / monovariants,,,,True,,,,proof and answer,English,real,"Exactly one integer number is written in each cell of an $8 \times 8$ square table. Per move it is allowed to choose any $n \times n$ square, $1 < n < 8$, and either to increase by 1 or to decrease by 1 all numbers in the cells of the chosen square.
Is it possible to get the table with zeros in all its cells from the arbitrary initial table?
(V. Kaskevich)",Yes,1253,227,7,9,0,0,0,0,7
MATHNET-0217,MathNet,15th Benelux Mathematical Olympiad,,Benelux Mathematical Olympiad,Geometry,Plane Geometry,,unknown,"Triangles > Triangle centers: centroid, incenter, circumcenter, orthocenter, Euler line, nine-point circle | Quadrilaterals > Cyclic quadrilaterals | Circles > Tangents | Circles > Radical axis theorem | Advanced Configurations > Miquel point | Circles > Circle of Apollonius | Miscellaneous > Angle chasing",,,,True,,,,proof only,,real,"Problem:
Let $ABC$ be a triangle with incentre $I$ and circumcircle $\omega$. Let $N$ denote the second point of intersection of line $AI$ and $\omega$. The line through $I$ perpendicular to $AI$ intersects line $BC$, segment $[AB]$, and segment $[AC]$ at the points $D, E$, and $F$, respectively. The circumcircle of triangle $AEF$ meets $\omega$ again at $P$, and lines $PN$ and $BC$ intersect at $Q$. Prove that lines $IQ$ and $DN$ intersect on $\omega$.",,6308,1119,12,184,15,2,0,0,12
MATHNET-021o,MathNet,,,Brazil,Algebra,Prealgebra / Basic Algebra,,unknown,Simple Equations,,,,True,,,,proof and answer,,real,"Problem:

Amanda desenhou a seguinte figura:
![](attached_image_1.png)
Observe que a soma ao longo de qualquer lado do triângulo acima é sempre a mesma, pois, como podemos verificar,
$$
1+3+6=6+2+2=1+7+2
$$
a) Complete os números que faltam nos círculos da figura abaixo de modo que as somas ao longo de qualquer lado do quadrado sejam sempre as mesmas.
![](attached_image_2.png)
b) Encontre uma maneira de colocar os números nos círculos de maneira que as somas ao longo de qualquer linha sejam sempre as mesmas. Há mais de uma solução?
![](attached_image_3.png)
c) $\mathrm{Na}$ figura abaixo, que foi desenhada apenas parcialmente (por falta de espaço!), também vale que a soma ao longo de cada segmento é sempre a mesma. Entretanto, Amanda apagou todos os números exceto os dois números mostrados na figura (3 e 4). Sabe-se que há 40 círculos no desenho. É possível descobrir quais números estavam nos círculos pintados de cinza claro e cinza escuro?
![](attached_image_4.png)","a) The top-right corner is 2; the remaining missing numbers are 1 and 3, yielding equal sums of 10 along each side. b) Let the two top corners be x and y; all sums equal x plus nine plus y, and consistency forces y = x plus eleven, with bottom corners y minus six and x plus three, giving infinitely many solutions parameterized by x. c) Both highlighted gray circles have the value 4.",2037,332,4,22,1,0,0,0,4
MATHNET-03e9,MathNet,Autumn tournament,,Bulgaria,Discrete Mathematics | Geometry,Combinatorics | Plane Geometry,,unknown,Combinatorial Geometry > Helly's theorem | Combinatorial Geometry > Convex hulls | Miscellaneous > Constructions and loci | Miscellaneous > Angle chasing | Pigeonhole principle,,,,True,,,,proof and answer,English,real,"A set of points in the plane is called good if the distance between any two points in it is at most $1$. Let $f(n, d)$ be the largest positive integer such that in any good set of $3n$ points, there is a circle of diameter $d$, which contains at least $f(n, d)$ points. Prove that there exists a positive real $\epsilon$, such that for all $d \in (1 - \epsilon, 1)$, the value of $f(n, d)$ does not depend on $d$ and find that value as a function of $n$.
(Kristiyan Vasilev, Konstantin Garov)",n,4188,803,9,88,6,3,6,0,9
MATHNET-03nj,MathNet,Canadian Mathematical Olympiad,,Canada,Geometry,Plane Geometry,,unknown,Circles > Tangents | Quadrilaterals > Inscribed/circumscribed quadrilaterals | Triangles > Triangle trigonometry | Analytic / Coordinate Methods > Trigonometry | Miscellaneous > Angle chasing,,,,True,,,,proof only,,real,"Problem:
A circle is inscribed in a rhombus $A B C D$. Points $P$ and $Q$ vary on line segments $\overline{A B}$ and $\overline{A D}$, respectively, so that $\overline{P Q}$ is tangent to the circle. Show that for all such line segments $\overline{P Q}$, the area of triangle $C P Q$ is constant.

![](attached_image_1.png)",,2524,568,6,55,3,0,0,0,6
MATHNET-03qq,MathNet,International Mathematical Olympiad,,China,Discrete Mathematics,Combinatorics,,unknown,"Invariants / monovariants | Coloring schemes, extremal arguments",,,,True,,,,proof and answer,English,real,"Define a hook to be a figure made up of six unit squares as shown in the diagram or any of the figures obtained by applying rotations and reflections to this figure.
![](attached_image_1.png)
Determine all $m \times n$ rectangles that can be covered with hooks so that
* the rectangle is covered without gaps and without overlaps;
* no part of a hook covers area outside the rectangle.","All rectangles with positive integer side lengths such that either (i) one side is divisible by 3 and the other by 4, or (ii) one side is divisible by 12 and the other is at least 7 (the roles of the sides may be interchanged).",7877,1434,12,220,15,11,17,3,12
MATHNET-04aq,MathNet,CroatianCompetitions2011,,Croatia,Discrete Mathematics,Combinatorics,,unknown,"Invariants / monovariants | Coloring schemes, extremal arguments",,,,True,,,,proof and answer,,real,"Let $M$ and $N$ be positive integers. Consider an $N \times N$ square array consisting of $N^2$ lamps that can be in two states - on or off. At the beginning all lamps are turned off.
A *move* consists of choosing a row or a column of the array and changing the state of $M$ consecutive lamps in the chosen row or column, i.e. turning on the lamps that are turned off and vice versa.
Determine the necessary and sufficient condition for which it can be achieved that after a finite number of moves all lamps are turned on. (Tonći Kokan)",M divides N,2348,464,11,50,1,2,3,0,11
MATHNET-04u6,MathNet,Czech-Polish-Slovak Match,,Czech Republic,Geometry,Plane Geometry,,unknown,"Triangles > Triangle centers: centroid, incenter, circumcenter, Euler line, nine-point circle | Circles > Coaxal circles | Quadrilaterals > Cyclic quadrilaterals | Advanced Configurations > Isogonal/isotomic conjugates, barycentric coordinates | Miscellaneous > Angle chasing",,,,True,,,,proof only,,real,"Let $ABC$ be an acute scalene triangle. Let $D$ and $E$ be points on the sides $AB$ and $AC$, respectively, such that $BD = CE$. Denote by $O_1$ and $O_2$ the circumcentres of the triangles $ABE$ and $ACD$, respectively. Prove that the circumcircles of the triangles $ABC$, $ADE$ and $AO_1O_2$ have a common point different from $A$.",,4112,695,9,109,12,1,0,0,9
MATHNET-04xa,MathNet,Cesko-Slovacko-Poljsko,,Czech-Polish-Slovak Mathematical Match,Geometry,Plane Geometry,,unknown,Circles | Triangles > Triangle trigonometry | Miscellaneous > Angle chasing | Miscellaneous > Distance chasing,,,,True,,,,proof only,English,real,Given a circle $k$ and its chord $AB$ which is not the diameter. Let $C$ be any point inside the longer arc of $k$. We denote by $K$ and $L$ the reflections of $A$ and $B$ with respect to the axes $BC$ and $AC$. Prove that the distance of the midpoints of the line segments $KL$ and $AB$ is independent of the location of the point $C$.,,3009,537,3,79,4,0,2,0,3
MATHNET-051m,MathNet,Final Round of National Olympiad,,Estonia,Geometry,Plane Geometry,,unknown,Miscellaneous > Angle chasing | Miscellaneous > Distance chasing | Analytic / Coordinate Methods > Trigonometry | Miscellaneous > Constructions and loci,,,,True,,,,proof and answer,English,real,"Consider hexagons whose internal angles are all equal.
(i) Prove that for any such hexagon the sum of the lengths of any two neighbouring sides is equal to the sum of the lengths of their opposite sides.
(ii) Does there exist such a hexagon with side lengths 1, 2, 3, 4, 5 and 6 in some order?","Yes; for example a hexagon with all interior angles equal and side lengths in order 1, 4, 5, 2, 3, 6 exists.",4111,727,11,58,3,2,0,2,11
MATHNET-05dg,MathNet,EGMO,,European Girls' Mathematical Olympiad (EGMO),Geometry,Plane Geometry,,unknown,"Triangles > Triangle trigonometry | Triangles > Triangle centers: centroid, incenter, circumcenter, orthocenter, Euler line, nine-point circle | Analytic / Coordinate Methods > Vectors | Analytic / Coordinate Methods > Complex numbers in geometry | Analytic / Coordinate Methods > Trigonometry | Miscellaneous > Distance chasing | Transformations > Translation",,,,True,,,,proof only,,real,"Problem:

The side $BC$ of the triangle $ABC$ is extended beyond $C$ to $D$ so that $CD = BC$. The side $CA$ is extended beyond $A$ to $E$ so that $AE = 2CA$.
Prove that if $AD = BE$, then the triangle $ABC$ is right-angled.",,5285,1000,21,115,21,2,1,0,20
MATHNET-05rp,MathNet,Préparation Olympique Française de Mathématiques,,France,Discrete Mathematics,Combinatorics,,unknown,"Coloring schemes, extremal arguments | Counting two ways",,,,True,,,,proof and answer,,real,"Problem:

Chaque case d'un tableau de taille $8 \times 8$ peut être coloriée en blanc ou en noir, de telle sorte que chaque rectangle de taille $2 \times 3$ ou $3 \times 2$ contient deux cases noires ayant un côté en commun. Déterminer le nombre minimal de cases noires qu'il peut y avoir sur le tableau.",24,3984,646,21,24,0,0,0,0,20
MATHNET-064l,MathNet,Auswahlwettbewerb zur Internationalen Mathematik-Olympiade 2022,,Germany,Geometry,Plane Geometry,,unknown,Quadrilaterals > Cyclic quadrilaterals | Circles > Tangents | Circles > Radical axis theorem | Concurrency and Collinearity > Pappus theorem | Miscellaneous > Angle chasing,,,,True,,,,proof only,,real,"Problem:

Es sei $ABCD$ ein Parallelogramm mit $|AC| = |BC|$. Ein Punkt $P$ sei auf dem Strahl $AB$ gewählt, sodass $B$ zwischen $A$ und $P$ liegt. Der Umkreis des Dreiecks $ACD$ und die Strecke $PD$ haben außer dem Punkt $D$ noch den Punkt $Q$ gemeinsam. Der Umkreis des Dreiecks $APQ$ und die Strecke $PC$ haben außer dem Punkt $P$ noch den Punkt $R$ gemeinsam.
Beweisen Sie, dass sich die drei Geraden $CD$, $AQ$ und $BR$ in einem Punkt schneiden.",,2410,386,13,62,0,0,0,0,13
MATHNET-06au,MathNet,40th Hellenic Mathematical Olympiad,,Greece,Discrete Mathematics,Combinatorics | Graph Theory,,unknown,"Pigeonhole principle | Coloring schemes, extremal arguments",,,,True,,,,proof and answer,English,real,"A class consists of 26 students, sitting in pairs. At the second term they decide to change positions in order every two students that sat together on the first term, they are not sitting together in the second. Find the largest possible value of $N$, such that no matter how the students sat in the two terms, there is a set $S$ of $N$ students, that they didn't sit together in any of the two terms.",13,2658,471,15,8,2,2,8,0,15
MATHNET-06j5,MathNet,1997-2023 IMO HK TST,,Hong Kong,Discrete Mathematics,Combinatorics,,unknown,"Coloring schemes, extremal arguments | Counting two ways | Invariants / monovariants",,,,True,,,,proof and answer,,real,"A $11 \times 11$ grid is to be covered completely without overlapping by some $2 \times 2$ squares and $L$-shapes each composed of three unit cells. Determine the smallest number of $L$-shapes used. (Each shape must cover some grids entirely and cannot be placed outside the $11 \times 11$ grid. The $L$-shapes may be reflected or rotated when placed on the grid.)

![](attached_image_1.png)",23,505,92,5,9,1,1,0,0,5
MATHNET-06op,MathNet,IMO 2006 Shortlisted Problems,,IMO,Algebra | Discrete Mathematics | Geometry,Graph Theory | Linear Algebra | Solid Geometry,,unknown,Other 3D problems | Euler characteristic: V-E+F | Vectors,,,,True,,,,proof and answer,English,real,"Consider a convex polyhedron without parallel edges and without an edge parallel to any face other than the two faces adjacent to it.
Call a pair of points of the polyhedron antipodal if there exist two parallel planes passing through these points and such that the polyhedron is contained between these planes.
Let $A$ be the number of antipodal pairs of vertices, and let $B$ be the number of antipodal pairs of midpoints of edges. Determine the difference $A-B$ in terms of the numbers of vertices, edges and faces.",A - B = m - ℓ + 1 = n - 1,15438,2349,22,372,22,17,28,5,20
MATHNET-0710,MathNet,Iberoamerican Mathematical Olympiad,,Ibero-American Mathematical Olympiad,Geometry,Plane Geometry,,unknown,Geometric Inequalities > Optimization in geometry | Analytic / Coordinate Methods > Trigonometry | Miscellaneous > Angle chasing | Triangles > Triangle trigonometry,,,,True,,,,proof and answer,,real,"Problem:
A convex hexagon is called a unit if it has four diagonals of length $1$, whose endpoints include all the vertices of the hexagon. Show that there is a unit of area $k$ for any $0 < k \leq 1$. What is the largest possible area for a unit?",3*sqrt(3)/4,2805,503,19,56,4,1,4,0,19
MATHNET-077h,MathNet,INMO,,India,Geometry,Plane Geometry,,unknown,"Concurrency and Collinearity > Ceva's theorem | Miscellaneous > Constructions and loci | Triangles > Triangle centers: centroid, incenter, circumcenter, orthocenter, Euler line, nine-point circle",,,,True,,,,proof and answer,,real,"Problem:

Betal marks $2021$ points on the plane such that no three are collinear, and draws all possible line segments joining these. He then chooses any $1011$ of these line segments, and marks their midpoints. Finally, he chooses a line segment whose midpoint is not marked yet, and challenges Vikram to construct its midpoint using only a straightedge. Can Vikram always complete this challenge?

Note: A straightedge is an infinitely long ruler without markings, which can only be used to draw the line joining any two given distinct points.",Yes,3831,721,16,104,2,7,7,0,16
MATHNET-07d3,MathNet,Iranian Mathematical Olympiad,,Iran,Algebra | Discrete Mathematics,Combinatorics | Linear Algebra,,unknown,"Counting two ways | Coloring schemes, extremal arguments | Vectors",,,,True,,,,proof and answer,,real,"There are 27 cards, each has some amount of (1 or 2 or 3) shapes (a circle, a square or a triangle) with some color (white, grey or black) on them. We call a triple of cards a **match** such that all of them have the same amount of shapes or mutually distinct amount of shapes, have the same shape or mutually distinct shapes and have the same color or mutually distinct colors. For instance, three cards shown in the figure are a **match** because they have distinct amount of shapes, distinct shapes but the same color of shapes.

What is the maximum number of cards that we can choose such that
none of the triples make a **match**?
![](attached_image_1.png)",9,5896,1026,6,136,2,8,8,1,6
MATHNET-07nk,MathNet,Ireland,,Ireland,Discrete Mathematics,Combinatorics,,unknown,"Enumeration with symmetry | Coloring schemes, extremal arguments",,,,True,,,,proof and answer,,real,"A *Colombian Square* is a $6 \times 6$ square which is subdivided into $36$ unit squares, each of which is coloured either Yellow, Blue or Red according to the following rules:

a. No row or column may contain more than two unit squares of the same colour.

b. In any set of four unit squares obtained by intersecting two rows with two columns, no colour is to occur exactly three times.

How many different Colombian Squares are there?",24300,5354,937,31,32,11,0,2,0,20
MATHNET-0855,MathNet,XXII OLIMPIADE ITALIANA DI MATEMATICA,,Italy,Geometry,Plane Geometry,,unknown,"Triangles > Triangle centers: centroid, incenter, circumcenter, orthocenter, Euler line, nine-point circle | Transformations > Translation | Transformations > Homothety | Miscellaneous > Constructions and loci | Miscellaneous > Angle chasing | Analytic / Coordinate Methods > Vectors",,,,True,,,,proof and answer,,real,"Problem:

Sia $\Gamma$ una circonferenza e siano $A$ e $B$ due punti distinti di $\Gamma$ non diametralmente opposti. Sia $P$ un punto variabile in $\Gamma$ diverso da $A$ e da $B$ e sia $H$ l'ortocentro del triangolo $A B P$. Determinare il luogo descritto da $H$ al variare di $P$.","The locus is the circle Γ′ obtained by reflecting Γ across the line AB (equivalently, translating Γ by the vector CA, where C is diametrically opposite to B), with the two points A′ and B′ (the images of A and B) removed.",4608,837,13,152,0,0,0,0,13
MATHNET-08m2,MathNet,2009 Shortlist JBMO,,JBMO,Discrete Mathematics,Combinatorics | Graph Theory,,unknown,"Matchings, Marriage Lemma, Tutte's theorem | Coloring schemes, extremal arguments | Counting two ways",,,,True,,,,proof and answer,,real,"Problem:

Five players $A$, $B$, $C$, $D$, $E$ take part in a bridge tournament. Every two players must play (as partners) against every other two players. Any two given players can be partners not more than once per day. What is the least number of days needed for this tournament?",4,2663,497,15,58,2,3,0,0,15
MATHNET-08yo,MathNet,Japan Mathematical Olympiad,,Japan,Discrete Mathematics,Combinatorics,,unknown,Invariants / monovariants | Games / greedy algorithms,,,,True,,,,proof and answer,English,real,"In a $7 \times 7$ chessboard, a coin is placed in the square in the first row from the top, the fourth column from the left. We call square $Y$ a lower left square of square $X$ if $Y$ is $k$ squares to the left and $k$ squares below $X$ for some positive integer $k$. Similarly, we call square $Y$ a lower right square of square $X$ if $Y$ is $k$ squares to the right and $k$ squares below $X$ for some positive integer $k$. For a square $X$ not on the bottom line, one can perform one of the following four operations when a coin is placed on $X$:

a. Remove a coin from $X$ and place a coin in the square one below $X$.

b. Remove a coin from $X$ and place coins in each of the lower left squares of $X$.

c. Remove a coin from $X$ and place coins in each of the lower right squares of $X$.

d. Remove a coin from $X$ and place coins in the square one square to the left and one square below $X$, and the square one square to the right and one square below $X$. If there is only one such square, place a coin in that square only.

If there is already a coin in the place where one intends to place a coin, one will not place the coin there.
Find the maximum possible number of coins that can be placed on the square when the operation is performed an arbitrary number of times.

![](attached_image_1.png)
(a)
![](attached_image_2.png)
(b)
![](attached_image_3.png)
(c)
![](attached_image_4.png)
(d)",19,1872,398,8,102,0,1,1,1,8
MATHNET-090w,MathNet,LVI Olimpiada Matemática Española (Concurso Final),,Mexico,Geometry,Plane Geometry,,unknown,"Circles > Tangents | Triangles > Triangle centers: centroid, incenter, circumcenter, orthocenter, Euler line, nine-point circle | Miscellaneous > Angle chasing",,,,True,,,,proof only,Spanish,real,"En un triángulo acutángulo $ABC$, sea $M$ el punto medio del lado $AB$ y $P$ el pie de la altura sobre el lado $BC$. Prueba que si $AC + BC = \sqrt{2}AB$, entonces la circunferencia circunscrita del triángulo $BMP$ es tangente al lado $AC$.",,1045,184,3,25,0,0,0,0,3
MATHNET-090z,MathNet,MEMO Mathematical Olympiad,,Middle European Mathematical Olympiad (MEMO),Geometry,Plane Geometry,,unknown,Miscellaneous > Angle chasing | Analytic / Coordinate Methods > Cartesian coordinates | Analytic / Coordinate Methods > Vectors | Quadrilaterals,,,,True,,,,proof and answer,,real,"Problem:

Let $n \geq 3$ be an integer. We say that a vertex $A_{i}$ ($1 \leq i \leq n$) of a convex polygon $A_{1} A_{2} \ldots A_{n}$ is Bohemian if its reflection with respect to the midpoint of the segment $A_{i-1} A_{i+1}$ (with $A_{0}=A_{n}$ and $A_{n+1}=A_{1}$) lies inside or on the boundary of the polygon $A_{1} A_{2} \ldots A_{n}$. Determine the smallest possible number of Bohemian vertices a convex $n$-gon can have (depending on $n$).

(A convex polygon $A_{1} A_{2} \ldots A_{n}$ has $n$ vertices with all inner angles smaller than $180^{\circ}$.)",n−3,7562,1229,28,163,9,12,15,2,20
MATHNET-095q,MathNet,A 62 - A OLIMPIADĂ DE MATEMATICĂ A REPUBLICII MOLDOVA,,Moldova,Geometry,Solid Geometry,,unknown,3D Shapes | Volume,,,,True,,,,proof and answer,,real,"Problem:

Fie cubul $ABCD A_{1} B_{1} C_{1} D_{1}$. Punctul $K$ este un punct interior al muchiei $B B_{1}$ astfel încât $BK / K B_{1} = m$. Prin punctele $K$ și $C_{1}$ este trasat un plan $\alpha$, paralel dreptei $B D_{1}$.

a. Fie $P$ punctul de intersecție al planului $\alpha$ cu dreapta $A_{1} B_{1}$. Găsiți valoarea raportului $A_{1} P / P B_{1}$.

b. Planul $\alpha$ divizează cubul în 2 părți. Găsiți raportul volumelor acestor părți.","a) A1P/PB1 = |m − 1|, i.e. m > 1: m − 1; m = 1: 0; 0 < m < 1: 1 − m.
b) The volume ratio of the two parts (V_part1/V_part2) is:
- for m ≥ 1: 1 / (6 m^2 + 6 m − 1);
- for 0 < m ≤ 1: (3 − 3 m + m^2) / (3 + 9 m − m^2).",4020,644,28,62,0,0,0,0,20
MATHNET-09et,MathNet,Mongolian Mathematical Olympiad,,Mongolia,Algebra | Discrete Mathematics,Algebraic Expressions | Combinatorics | Graph Theory,,unknown,"Generating functions | Recursion, bijection | Sequences and Series > Recurrence relations",,,,True,,,,proof and answer,English,real,"There were two parallel railways, on the first of which are $n$ stations and on the other are $m$ stations. A company constructed a new station between the railways and connected by railways the new station with the old ones. From an economical point of view, the company decided to close some railways between stations to have only $n + m$ railways. How many ways can it be arranged so that one could make a journey from any station to any other station?
(proposed by B. Horoldagwa)",\frac{1}{5}\left(\left(\frac{3+\sqrt{5}}{2}\right)^n - \left(\frac{3-\sqrt{5}}{2}\right)^n\right)\left(\left(\frac{3+\sqrt{5}}{2}\right)^m - \left(\frac{3-\sqrt{5}}{2}\right)^m\right),3191,465,15,60,4,0,1,3,15
MATHNET-09tk,MathNet,IMO-selectietoets,,Netherlands,Geometry,Plane Geometry,,unknown,Circles > Tangents | Quadrilaterals > Cyclic quadrilaterals | Miscellaneous > Angle chasing,,,,True,,,,proof only,,real,"Problem:

Gegeven is een driehoek $\triangle A B C$ met $\angle C=90^{\circ}$. Het midden van $A C$ noemen we $D$ en de loodrechte projectie van $C$ op $B D$ noemen we $E$. Bewijs dat de raaklijn in $C$ aan de omgeschreven cirkel van $\triangle A E C$ loodrecht op $A B$ staat.

![](attached_image_1.png)",,2371,438,10,53,0,0,0,0,10
MATHNET-0a6c,MathNet,NZMO Round One,,New Zealand,Algebra | Number Theory,Algebraic Expressions | Divisibility / Factorization,,unknown,Factorization techniques | Sequences and Series > Sums and products,,,,True,,,,proof and answer,,real,"Problem:
A dot-trapezium consists of several rows of dots such that each row contains one more dot than the row immediately above (apart from the top row). For example here is a dot-trapezium consisting of 15 dots, having 3 rows and 4 dots in the top row.

![](attached_image_1.png)

A positive integer $n$ is called a trapezium-number if there exists a dot-trapezium consisting of exactly $n$ dots, with at least two rows and at least two dots in the top row. How many trapezium-numbers are there less than 100?",88,5741,1230,31,102,4,1,6,12,20
MATHNET-0a7r,MathNet,"Nordic Mathematical Contest, NMC 9",,Nordic Mathematical Olympiad,Geometry,Plane Geometry,,unknown,Miscellaneous > Angle chasing | Analytic / Coordinate Methods > Cartesian coordinates | Miscellaneous > Constructions and loci,,,,True,,,,proof only,,real,"Problem:

Let $AB$ be a diameter of a circle with centre $O$. We choose a point $C$ on the circumference of the circle such that $OC$ and $AB$ are perpendicular to each other. Let $P$ be an arbitrary point on the (smaller) arc $BC$ and let the lines $CP$ and $AB$ meet at $Q$. We choose $R$ on $AP$ so that $RQ$ and $AB$ are perpendicular to each other.

![](attached_image_1.png)

Show that $|BQ| = |QR|$.",,939,204,4,28,1,0,0,0,4
MATHNET-0akr,MathNet,Macedonian Mathematical Olympiad,,North Macedonia,Geometry,Plane Geometry,,unknown,"Advanced Configurations > Simson line | Concurrency and Collinearity > Menelaus' theorem | Quadrilaterals > Cyclic quadrilaterals | Triangles > Triangle centers: centroid, incenter, circumcenter, orthocenter, Euler line, nine-point circle | Miscellaneous > Angle chasing",,,,True,,,,proof only,English,real,"Let $\triangle ABC$ be an acute triangle with orthocenter $H$. The point $H'$ is symmetric with $H$ with respect to the line $AB$. Let $N$ be the intersection point of $HH'$ and $AB$. The circle passing through the points $A$, $N$ and $H'$ intersects again the line $AC$ at $M$, and the circle passing through the points $B$, $N$ and $H'$ intersects again the line $BC$ at $P$. Prove that the points $M$, $N$ and $P$ are colinear.",,4728,729,14,99,14,3,0,0,14
MATHNET-0b1l,MathNet,"$22^{	ext {nd }}$ Philippine Mathematical Olympiad National Stage, Written Phase",,Philippines,Discrete Mathematics,Combinatorics,,unknown,"Invariants / monovariants | Coloring schemes, extremal arguments | Counting two ways",,,,True,,,,proof and answer,,real,"Problem:
A T-tetromino is formed by adjoining three unit squares to form a $1 \times 3$ rectangle, and adjoining on top of the middle square a fourth unit square. Determine the minimum number of unit squares that must be removed from a $202 \times 202$ grid so that it can be tiled with T-tetrominoes.",4,1638,280,8,16,0,2,0,2,8
MATHNET-0bzc,MathNet,THE Tenth ROMANIAN MASTER OF MATHEMATICS,,Romania,Geometry,Plane Geometry,,unknown,Quadrilaterals > Quadrilaterals with perpendicular diagonals | Quadrilaterals > Cyclic quadrilaterals | Circles > Radical axis theorem | Concurrency and Collinearity > Desargues theorem | Analytic / Coordinate Methods > Trigonometry | Miscellaneous > Angle chasing,,,,True,,,,proof only,English,real,"Let $ABCD$ be any convex quadrangle and let $P, Q, R, S$ be points on the segments $AB, BC, CD$, and $DA$, respectively. It is given that the segments $PR$ and $QS$ dissect $ABCD$ into four quadrangles, each of which has perpendicular diagonals. Show that the points $P, Q, R, S$ are concyclic.

Nikolai Beluhov, Bulgaria",,6981,1211,16,182,11,15,7,0,16
MATHNET-0cm5,MathNet,Romanian Master of Mathematics Competition Day 1,,Romanian Master of Mathematics (RMM),Geometry,Plane Geometry,,unknown,"Circles > Tangents | Circles > Radical axis theorem | Advanced Configurations > Brocard point, symmedians | Advanced Configurations > Isogonal/isotomic conjugates, barycentric coordinates | Transformations > Spiral similarity | Quadrilaterals > Cyclic quadrilaterals | Miscellaneous > Angle chasing",,,,True,,,,proof only,,real,"Problem:
Let $ABCD$ be an isosceles trapezoid with $AB \parallel CD$. Let $E$ be the midpoint of $AC$. Denote by $\omega$ and $\Omega$ the circumcircles of the triangles $ABE$ and $CDE$, respectively. Let $P$ be the crossing point of the tangent to $\omega$ at $A$ with the tangent to $\Omega$ at $D$. Prove that $PE$ is tangent to $\Omega$.",,6282,1111,17,177,18,3,1,1,17
MATHNET-0cnn,MathNet,Russian mathematical olympiad,,Russia,Geometry,Plane Geometry,,unknown,"Advanced Configurations > Isogonal/isotomic conjugates, barycentric coordinates | Quadrilaterals > Cyclic quadrilaterals | Miscellaneous > Angle chasing",,,,True,,,,proof only,English; Russian,real,"Segment $BD$ is an angle bisector in a triangle $ABC$ (point $D$ lies on segment $AC$). Line $BD$ intersects the circumcircle $\Omega$ of triangle $ABC$ at points $B$ and $E$. Circle $\omega$ with diameter $DE$ intersects $\Omega$ at points $E$ and $F$. Prove that the line symmetrical to $BF$ with respect to $BD$ contains a median of triangle $ABC$.

(L. Emelyanov)",,1821,298,7,56,6,0,0,0,7
MATHNET-0d1o,MathNet,Selection tests for the Balkan Mathematical Olympiad 2013,,Saudi Arabia,Discrete Mathematics,Combinatorics,,unknown,Enumeration with symmetry,,,,True,,,,proof and answer,English,real,"The set $G$ is defined by the points $(x, y)$ with integer coordinates, $1 \leq x \leq 5$ and $1 \leq y \leq 5$. Determine the number of five-point sequences $\left(P_{1}, P_{2}, P_{3}, P_{4}, P_{5}\right)$ such that for $1 \leq i \leq 5, P_{i}=\left(x_{i}, i\right)$ is in $G$ and $\left|x_{1}-x_{2}\right|= \left|x_{2}-x_{3}\right|=\left|x_{3}-x_{4}\right|=\left|x_{4}-x_{5}\right|=1$.",42,1472,206,11,39,3,0,0,0,11
MATHNET-0dnv,MathNet,11. СРПСКА МАТЕМАТИЧКА ОЛИМПИЈАДА УЧЕНИКА СРЕДЊИХ ШКОЛА,,Serbia,Discrete Mathematics,Combinatorics,,unknown,Invariants / monovariants | Induction / smoothing,,,,True,,,,proof and answer,,real,"Problem:

У врсти се налази $2n-1$ сијалица. У почетку је средња ($n$-та) упаљена, а све остале су угашене. У једном кораку је дозвољено одабрати две несуседне угашене сијалице између којих су све сијалице упаљене, и променити стање тим двема сијалицама, као и свим сијалицама између њих (на пример, од конфигурације $\cdot$ооо $\cdot$ добија се о $\cdot$ $\cdot$ ). Колико највише корака је могуће извршити?
(Душан Ђукић)",floor((2^{n+1} - 5)/3),1584,214,16,27,0,0,0,0,16
MATHNET-0dq2,MathNet,SILK ROAD MATHEMATICAL COMPETITION,,Silk Road Mathematics Competition,Geometry,Plane Geometry,,unknown,"Triangles > Triangle centers: centroid, incenter, circumcenter, orthocenter, Euler line, nine-point circle | Advanced Configurations > Brocard point, symmedians | Quadrilaterals > Cyclic quadrilaterals | Triangles > Triangle trigonometry | Miscellaneous > Angle chasing",,,,True,,,,proof only,English,real,"Altitudes of an acute scalene triangle $ABC$ meet at point $H$. Points $M$ and $N$ are the midpoints of the segments $AB$ and $CH$, respectively. $R$ is the foot of the perpendicular from $H$ to line $CM$. $T$ is the second intersection of the line $MN$ with the circumcircle of triangle $CNR$. Let $P$ be the circumcentre of the triangle formed by the lines $CM$, $AH$ and $BH$. Prove that the lines $HP$ and $CT$ are perpendicular.",,2214,388,5,64,4,1,0,0,5
MATHNET-0dri,MathNet,Singapur 2015,,Singapore,Discrete Mathematics,Combinatorics,,unknown,"Coloring schemes, extremal arguments | Counting two ways | Invariants / monovariants",,,,True,,,,proof and answer,,real,"Is it possible to color each square on a $9 \times 9$ board so that each $2 \times 3$ or $3 \times 2$ block contains exactly $2$ black squares? If so, what is/are the possible total number(s) of black squares?",Yes; 27,1342,241,5,23,5,5,0,0,5
MATHNET-0dxz,MathNet,Slovenija 2008,,Slovenia,Geometry,Plane Geometry,,unknown,"Triangles > Triangle centers: centroid, incenter, circumcenter, orthocenter, Euler line, nine-point circle | Quadrilaterals > Cyclic quadrilaterals | Analytic / Coordinate Methods > Vectors | Miscellaneous > Angle chasing",,,,True,,,,proof only,English,real,"Let $A$, $B$, $C$, $D$ and $E$ be consecutive points on a circle with the centre at $O$, such that $|AC| = |BD| = |CE| = |DO|$. Let $H_1$, $H_2$ and $H_3$ be the orthocentres of the triangles $ACD$, $BCD$ and $BCE$. Prove that $H_1H_2H_3$ is a right triangle.",,7488,1177,10,163,9,1,1,1,10
MATHNET-0et0,MathNet,"The South African Mathematical Olympiad, Third Round",,South Africa,Geometry,Plane Geometry,,unknown,Miscellaneous > Angle chasing | Analytic / Coordinate Methods > Trigonometry | Triangles > Triangle trigonometry | Quadrilaterals > Inscribed/circumscribed quadrilaterals,,,,True,,,,proof only,,real,"Let $A$, $B$, $C$ be points on a circle whose centre is $O$ and whose radius is $1$, such that $\angle BAC = 45^\circ$. Lines $AC$ and $BO$ (possibly extended) intersect at $D$, and lines $AB$ and $CO$ (possibly extended) intersect at $E$. Prove that $BD \cdot CE = 2$.",,3538,608,14,95,4,0,2,0,14
MATHNET-0eu5,MathNet,20th Korean Mathematical Olympiad Final Round,,South Korea,Discrete Mathematics,Combinatorics,,unknown,"Recursion, bijection | Induction / smoothing",,,,True,,,,proof and answer,,real,"Consider the sixteen tiles fixed on a wall as shown below. How many ways are there to write either $0$ or $1$ on each tile so that the product of the two numbers written on every neighboring pair of tiles (sharing a common side) is always $0$?

![](attached_image_1.png)",1234,3167,637,10,83,10,5,7,1,10
MATHNET-0f3f,MathNet,ASU,,Soviet Union,Discrete Mathematics,Combinatorics,,unknown,"Coloring schemes, extremal arguments | Counting two ways",,,,True,,,,proof and answer,,real,"Problem:

Some unit squares in an infinite sheet of squared paper are colored red so that every $2 \times 3$ and $3 \times 2$ rectangle contains exactly two red squares. How many red squares are there in a $9 \times 11$ rectangle?",33,803,139,5,5,1,1,0,0,5
MATHNET-0fg1,MathNet,OME 21,,Spain,Geometry,Plane Geometry,,unknown,"Triangles > Triangle centers: centroid, incenter, circumcenter, orthocenter, Euler line, nine-point circle | Circles > Tangents | Miscellaneous > Constructions and loci | Miscellaneous > Angle chasing",,,,True,,,,proof only,,real,"Problem:

Se consideran las semirrectas no alineadas $O x, O y$. Por el punto $A \in O x$ se trazan pares de rectas $r_{1}, r_{2}$, antiparalelas respecto al ángulo $x O y$; sean $M, N$ las intersecciones de $r_{1}$ con $O y$ y de $r_{2}$ con $O x$, respectivamente. Sea $P$ el punto de intersección de las bisectrices de los ángulos $A M y, A N y$. Hallar el lugar geométrico de $P$ al variar $A$.","The locus of P is a half-line in the direction of the internal bisector of ∠xOy (i.e., forming angle α/2 with Ox). For each position of A, P lies on the line AP parallel to the angle bisector; the admissible part is the ray starting at the unique point Q on AP where dist(P, Oy) = PA, equivalently the intersection of AP with the parabola having focus A and directrix Oy, and going away from A along AP.",3654,634,14,108,0,0,0,0,14
MATHNET-0fv5,MathNet,SMO Finalrunde,,Switzerland,Discrete Mathematics,Combinatorics,,unknown,"Invariants / monovariants | Coloring schemes, extremal arguments | Induction / smoothing | Games / greedy algorithms",,,,True,,,,proof and answer,,real,"Problem:
Die Ebene wird in gleichseitige Dreiecke der Seitenlänge 1 unterteilt. Betrachte ein gleichseitiges Dreieck der Seitenlänge $n$, dessen Seiten auf den Gitterlinien liegen. Auf jedem Gitterpunkt auf dem Rand und im Innern dieses Dreiecks liegt ein Stein. In einem Spielzug wird ein Einheitsdreieck ausgewählt, welches auf genau 2 Ecken mit einem Stein belegt ist. Die beiden Steine werden entfernt, und auf die dritte Ecke wird ein neuer Stein gelegt. Für welche $n$ ist es möglich, dass nach endlich vielen Spielzügen nur noch ein Stein übrig bleibt?",n is divisible by 3,2398,361,1,20,0,0,0,0,1
MATHNET-0g7r,MathNet,二0一三數學奧林匹亞競賽第一階段選訓營,,Taiwan,Discrete Mathematics,Combinatorics,,unknown,"Invariants / monovariants | Coloring schemes, extremal arguments",,,,True,,,,proof and answer,,real,"「虧格」是由三個邊長為 1 的正方形所組成的圖形：或將此圖形經由旋轉及翻轉所得之任意圖形。

a. 在任何兩個「虧格」彼此不重疊的條件下，用 $3 \times 671$ 個「虧格」來鋪蓋在 $3 \times 2013$ 的大方格圖形，請問可以完全覆蓋滿嗎？

b. 在任何兩個「虧格」彼此不重疊的條件下，用 $5 \times 671$ 個「虧格」來鋪蓋在 $5 \times 2013$ 的大方格圖形，請問可以完全覆蓋滿嗎？

![](attached_image_1.png)",a. No. b. Yes.,500,62,2,12,0,0,0,0,2
MATHNET-0glc,MathNet,The first T3MO,,Thailand,Geometry,Plane Geometry,,unknown,Analytic / Coordinate Methods > Complex numbers in geometry | Analytic / Coordinate Methods > Trigonometry | Circles > Radical axis theorem | Quadrilaterals > Cyclic quadrilaterals | Miscellaneous > Angle chasing,,,,True,,,,proof only,,real,"Let $ABQP$ be a convex quadrilateral. Let the angle bisectors of $\angle PAQ$ and $\angle PBQ$ intersect at $C$. The circumcircle of $APQ$ intersects $AB$, $AC$ at $M$, $N \ne A$, respectively. Lines $PQ$ and $BC$ intersect at $S$. Prove that if $AC$ is perpendicular to $BC$ then $M$, $S$, $N$ are collinear.
*(Chesphongphach Buranasilp, Krit Boonsiriseth and Pachara Sawettamalya)*",,4328,735,18,112,17,10,0,0,18
MATHNET-0gn8,MathNet,Team Selection Test for IMO 2007,,Turkey,Discrete Mathematics,Combinatorics,,unknown,Inclusion-exclusion,,,,True,,,,proof and answer,English,real,"An airline company is planning to run two-way flights between some of the six cities $A$, $B$, $C$, $D$, $E$ and $F$. Determine the number of ways these flights can be arranged so that it is possible to travel between any two of these six cities using only the flights of this company.",26704,913,102,1,3,1,0,0,0,1
MATHNET-0h10,MathNet,"51st Ukrainian National Mathematical Olympiad, 4th Round",,Ukraine,Geometry,Plane Geometry,,unknown,"Advanced Configurations > Brocard point, symmedians | Circles > Tangents | Concurrency and Collinearity > Menelaus' theorem | Triangles > Triangle trigonometry | Miscellaneous > Angle chasing",,,,True,,,,proof only,English,real,"Through a point $F$ outside a circle $k$, a tangent $FA$ and a secant $\ell$ are drawn. $\ell$ intersects $k$ at the points $B$ and $C$ ($C$ is between $F$ and $B$). The tangent to the circle $k$ at the point $C$ intersects the line segment $FA$ at the point $E$. $FX$ is a bisector of the triangle $AFC$. If the points $E,X$ and $B$ are collinear, prove that the product of two side lengths of the triangle $ABC$ equals to the square of the third side length.
![](attached_image_1.png)
Fig. 31",,3446,574,6,78,3,0,0,0,6
MATHNET-0hsp,MathNet,,,United States,Geometry,Plane Geometry | Solid Geometry,,unknown,Volume | 3D Shapes | Analytic / Coordinate Methods > Trigonometry | Triangles > Triangle trigonometry,,,,True,,,,proof and answer,,real,"Problem:

Let $D$ be a dodecahedron which can be inscribed in a sphere with radius $R$. Let $I$ be an icosahedron which can also be inscribed in a sphere of radius $R$. Which has the greater volume, and why?

Note: A regular polyhedron is a geometric solid, all of whose faces are congruent regular polygons, in which the same number of polygons meet at each vertex. A regular dodecahedron is a polyhedron with 12 faces which are regular pentagons and a regular icosahedron is a polyhedron with 20 faces which are equilateral triangles. A polyhedron is inscribed in a sphere if all of its vertices lie on the surface of the sphere.

The illustration below shows a dodecahedron and an icosahedron, not necessarily to scale.

![](attached_image_1.png)",The dodecahedron has the greater volume.,4384,767,19,71,7,0,2,1,19
MATHNET-0l9s,MathNet,Vijetnam 2006,,Vietnam,Discrete Mathematics,Combinatorics,,unknown,"Invariants / monovariants | Coloring schemes, extremal arguments",,,,True,,,,proof and answer,,real,"Let $m$ and $n$ be two integers greater than $3$ and let be given a rectangular $m \times n$ board. At each step, one puts simultaneously $4$ marbles into $4$ cells of the board (each marble into a cell) so that these four cells form one of the following schemata.
![](attached_image_1.png)
![](attached_image_2.png)
![](attached_image_3.png)
![](attached_image_4.png)
Is it true that starting from a rectangular $m \times n$ board without marbles in it after a finite number of steps of appropriate puttings, one can put marbles into all cells of the board so that each cell is filled with a same (positive) number of marbles for all cells when:
i) $m = 2004$ and $n = 2006$?
ii) $m = 2005$ and $n = 2006$?
(At each step, it is not necessary that the four cells which are selected to put marbles into contained no marbles).",i) Yes. ii) No.,1210,229,2,12,3,4,0,0,2
MATHNET-0lgk,MathNet,Zhautykov Olympiad,,Zhautykov Olympiad,Geometry,Plane Geometry,,unknown,Circles > Tangents | Concurrency and Collinearity > Menelaus' theorem | Miscellaneous > Angle chasing,,,,True,,,,proof only,,real,"Problem:

In a convex cyclic hexagon $A B C D E F$, $B C = E F$ and $C D = A F$. Diagonals $A C$ and $B F$ intersect at point $Q$, and diagonals $E C$ and $D F$ intersect at point $P$. Points $R$ and $S$ are marked on the segments $D F$ and $B F$ respectively so that $F R = P D$ and $B Q = F S$. The segments $R Q$ and $P S$ intersect at point $T$. Prove that the line $T C$ bisects the diagonal $D B$.",,2338,494,8,74,8,0,0,0,8
MATHNET-00ac,MathNet,Argentine National Olympiad 2015,,Argentina,Discrete Mathematics | Geometry,Combinatorics | Plane Geometry,,unknown,"Coloring schemes, extremal arguments | Geometric Inequalities > Optimization in geometry | Miscellaneous > Constructions and loci",,,,True,,,,proof and answer,English,real,"Felipe tells Roberto that he managed to place 1226 triminos $1\times 3$ on a certain grid square $Q$ so that they do not have common points, not even vertices. Without knowing the dimensions of $Q$, Roberto answers, ""If what you say is true then one can place 1250 triminos $1\times 3$ on your square, under the same conditions."" Is Roberto right?

![](attached_image_1.png)",Yes,2877,508,8,68,2,4,3,0,8
MATHNET-00f5,MathNet,APMO,,Asia Pacific Mathematics Olympiad (APMO),Geometry,Plane Geometry,,unknown,Miscellaneous > Constructions and loci,,,,True,,,,proof only,English,real,"Show that for every integer $n \geq 6$, there exists a convex hexagon which can be dissected into exactly $n$ congruent triangles.",,3562,556,12,52,3,0,0,0,12
MATHNET-00ny,MathNet,AUT_ABooklet_2023,,Austria,Discrete Mathematics | Geometry,Combinatorics | Plane Geometry,,unknown,Miscellaneous > Distance chasing | Miscellaneous > Constructions and loci | Games / greedy algorithms,,,,True,,,,proof and answer,English,real,"Alice and Bob play a game, in which they take turns drawing segments of length $1$ in the Euclidean plane. Alice begins, drawing the first segment, and from then on, each segment must start at the endpoint of the previous segment. It is not permitted to draw the segment lying over the preceding one. If the new segment shares at least one point—except for its starting point—with one of the previously drawn segments, one has lost.

a) Show that both Alice and Bob could force the game to end, if they don't care who wins.

b) Is there a winning strategy for one of them?

(Michael Reitmeir)","a) Yes, either player can force the game to end. b) No; neither player has a winning strategy, as both can always make a safe move.",5040,910,9,107,6,2,8,0,9
MATHNET-00s2,MathNet,BMO 2017,,Balkan Mathematical Olympiad,Geometry,Plane Geometry,,unknown,"Triangles > Triangle centers: centroid, incenter, circumcenter, orthocenter, Euler line, nine-point circle | Quadrilaterals > Cyclic quadrilaterals | Circles > Radical axis theorem | Circles > Tangents | Miscellaneous > Angle chasing | Miscellaneous > Constructions and loci",,,,True,,,,proof only,English,real,Let $\triangle ABC$ be an acute triangle. Variable points $E$ and $F$ are on sides $AC$ and $AB$ respectively such that $BC^2 = BA \cdot BF + CE \cdot CA$. As $E$ and $F$ vary prove that the circumcircle of $AEF$ passes through a fixed point other than $A$.,,3426,669,5,74,3,0,0,0,5
MATHNET-0115,MathNet,Baltic Way,,Baltic Way,Discrete Mathematics,Combinatorics,,unknown,"Invariants / monovariants | Counting two ways | Coloring schemes, extremal arguments",,,,True,,,,proof and answer,,real,"Problem:
A cube with edge length $3$ is divided into $27$ unit cubes. The numbers $1,2, \ldots, 27$ are distributed arbitrarily over the unit cubes, with one number in each cube. We form the $27$ possible row sums (there are nine such sums of three integers for each of the three directions parallel to the edges of the cube). At most how many of the $27$ row sums can be odd?",24,1582,286,5,7,5,0,2,4,5
MATHNET-01u2,MathNet,66th Belarusian Mathematical Olympiad,,Belarus,Discrete Mathematics,Combinatorics,,unknown,"Invariants / monovariants | Coloring schemes, extremal arguments",,,,True,,,,proof and answer,English,real,"Given a $2n \times 2n$ table all the cells being white. Per move it is allowed to change the color of any three consecutive cells in any row or in any column (white cell is replaced by black one and vice versa).
Find all possible values of $n \ge 2$ for which one can obtain the chess coloring of the given table.
(E. Barabanov)",n is a multiple of 3,4558,835,9,58,5,3,8,0,9
MATHNET-020e,MathNet,BxMO,,Benelux Mathematical Olympiad,Geometry,Plane Geometry,,unknown,"Triangles > Triangle centers: centroid, incenter, circumcenter, orthocenter, Euler line, nine-point circle | Circles > Tangents | Quadrilaterals > Cyclic quadrilaterals | Transformations > Inversion | Analytic / Coordinate Methods > Cartesian coordinates | Miscellaneous > Angle chasing",,,,True,,,,proof only,,real,"Problem:

Let $ABC$ be an acute triangle with circumcentre $O$. Let $\Gamma_{B}$ be the circle through $A$ and $B$ that is tangent to $AC$, and let $\Gamma_{C}$ be the circle through $A$ and $C$ that is tangent to $AB$. An arbitrary line through $A$ intersects $\Gamma_{B}$ again in $X$ and $\Gamma_{C}$ again in $Y$. Prove that $|OX| = |OY|$.",,4680,807,15,129,21,3,3,0,15
MATHNET-023i,MathNet,,,Brazil,Geometry,Plane Geometry,,unknown,Circles > Tangents | Triangles | Miscellaneous > Angle chasing | Miscellaneous > Distance chasing,,,,True,,,,proof and answer,,real,"Problem:

Em uma folha de papel, Emanuelle desenha duas circunferências de raio $1$ que se tangenciam em um ponto. Em seguida, ela desenha uma terceira circunferência de raio $1-\sqrt{2}$ que tangencia as duas anteriores externamente, conforme a figura abaixo.

![](attached_image_1.png)

Emanuelle calcula a área da região limitada e exterior às três circunferências que é mostrada em cinza na figura acima. Qual o valor por ela encontrado?",1 - pi*(2 - sqrt(2))/2,2422,355,9,61,0,0,0,0,9
MATHNET-03bq,MathNet,Bulgarian National Mathematical Olympiad,,Bulgaria,Geometry,Plane Geometry,,unknown,"Circles > Radical axis theorem | Advanced Configurations > Polar triangles, harmonic conjugates | Miscellaneous > Constructions and loci",,,,True,,,,proof and answer,English,real,"Given is a circle $k$ and a point $A$ outside of it. The segment $BC$ is a diameter of $k$. Find the locus of the orthocenter of $\triangle ABC$, when $BC$ is changing.

![](attached_image_1.png)","The locus is the radical axis of k and the circle with diameter AO, equivalently the polar of A with respect to k.",808,162,2,30,1,0,0,0,2
MATHNET-03nf,MathNet,Canadian Mathematical Olympiad,,Canada,Discrete Mathematics,Combinatorics,,unknown,"Recursion, bijection",,,,True,,,,proof and answer,,real,"Problem:
Let $m$ and $n$ be positive integers. A $2m \times 2n$ grid of squares is coloured in the usual chessboard fashion. Find the number of ways of placing $mn$ counters on the white squares, at most one counter per square, so that no two counters are on white squares that are diagonally adjacent. An example of a way to place the counters when $m=2$ and $n=3$ is shown below.

![](attached_image_1.png)",(m+n choose m),1688,293,9,18,1,2,7,0,9
MATHNET-0455,MathNet,China National Team Selection Test,,China,Geometry,Plane Geometry,,unknown,"Concurrency and Collinearity | Transformations > Homothety | Analytic / Coordinate Methods > Trigonometry | Analytic / Coordinate Methods > Complex numbers in geometry | Miscellaneous > Angle chasing | Triangles > Triangle centers: centroid, incenter, circumcenter, orthocenter, Euler line, nine-point circle",,,,True,,,,proof only,,real,"As illustrated in Fig. 1.1, $ABCDEF$ is a cyclic hexagon. The extensions of $AB$ and $DC$ meet at $G$; the extensions of $AF$ and $DE$ meet at $H$. Let $M$ and $N$ be the circumcentres of $\triangle BCG$ and $\triangle EFH$, respectively. Prove that the lines $BE$, $CF$, and $MN$ are concurrent.

![](attached_image_1.png)
Fig. 1.1",,6762,1022,10,144,15,2,0,1,10
MATHNET-048d,MathNet,CroatianCompetitions2011,,Croatia,Geometry,Plane Geometry,,unknown,Miscellaneous > Angle chasing | Triangles,,,,True,,,,proof and answer,,real,"Outside a regular polygon $A_1A_2\dots A_n$ a point $B$ is given so that $A_1A_2B$ is a regular triangle. Determine all $n$ such that points $B$, $A_2$ and $A_3$ are consecutive vertices of some regular polygon.","n ∈ {3, 4, 5, 7, 8, 9, 10, 12, 15, 18, 24, 42}",1382,268,4,27,0,0,2,0,4
MATHNET-04v9,MathNet,72nd Czech and Slovak Mathematical Olympiad,,Czech Republic,Geometry,Plane Geometry,,unknown,"Quadrilaterals > Cyclic quadrilaterals | Transformations > Rotation | Triangles > Triangle centers: centroid, incenter, circumcenter, orthocenter, Euler line, nine-point circle | Miscellaneous > Angle chasing",,,,True,,,,proof only,English,real,"Given an acute-angled triangle $ABC$. The points $B'$ and $C'$ lie on the rays opposite to $CA$ and $BA$, respectively, such that $|B'C| = |AB|$ and $|C'B| = |AC|$. Prove that the circumcenter of $AB'C'$ lies on the circumcircle of $ABC$. (Patrik Bak)",,3515,611,11,102,14,5,2,0,11
MATHNET-04xs,MathNet,12th Czech-Polish-Slovak Mathematics Competition,,Czech-Polish-Slovak Mathematical Match,Discrete Mathematics,Combinatorics | Graph Theory,,unknown,"Coloring schemes, extremal arguments | Invariants / monovariants",,,,True,,,,proof and answer,English,real,"The city of Mar del Plata has a shape of the square $WSEN$. For a given even integer $n$, it is divided by $2(n + 1)$ streets into $n \times n$ blocks (the streets run also around the square). Each block has a size of 100 m x 100 m. All the streets in Mar del Plata are one-way. Each street has one direction along the entire length. Every two adjacent parallel streets have opposite directions. The $WS$ street is directed from $W$ to $S$ and the $WN$ street is directed from $W$ to $N$. A street cleaning car starts at $W$. Its aim is to arrive to $E$ and clean the roads it passes through. What is the length of the longest possible route it can pass if no 100 m segment can be passed more than once? (For $n = 6$, Fig. 1 shows the map of the city and one of the possible, but not the longest, routes of the car. See also http://goo.gl/maps/JAzD.)

![](attached_image_1.png)
Fig. 1",(2n^2 - 2n + 4)/10 km,4529,865,19,83,5,0,7,0,19
MATHNET-056b,MathNet,Estonian Mathematical Olympiad,,Estonia,Geometry,Plane Geometry,,unknown,"Miscellaneous > Angle chasing | Quadrilaterals > Cyclic quadrilaterals | Triangles > Triangle centers: centroid, incenter, circumcenter, orthocenter, Euler line, nine-point circle | Miscellaneous > Constructions and loci",,,,True,,,,proof and answer,English,real,"Let $A'$ be the result of reflection of vertex $A$ of triangle $ABC$ through line $BC$ and let $B'$ be the result of reflection of vertex $B$ through line $AC$. Given that $\angle BA'C = \angle BB'C$, can the largest angle of triangle $ABC$ be located:
a) At vertex $A$;
b) At vertex $B$;
c) At vertex $C$?",a) No; b) Yes; c) Yes,3310,581,9,90,9,1,3,0,9
MATHNET-05dk,MathNet,EGMO,,European Girls' Mathematical Olympiad (EGMO),Geometry,Plane Geometry,,unknown,"Circles > Tangents | Transformations > Homothety | Transformations > Inversion | Miscellaneous > Angle chasing | Quadrilaterals > Cyclic quadrilaterals | Analytic / Coordinate Methods > Complex numbers in geometry | Advanced Configurations > Brocard point, symmedians | Triangles > Triangle centers: centroid, incenter, circumcenter, orthocenter, Euler line, nine-point circle",,,,True,,,,proof only,,real,"Problem:

Let $\Omega$ be the circumcircle of the triangle $A B C$. The circle $\omega$ is tangent to the sides $A C$ and $B C$, and it is internally tangent to $\Omega$ at the point $P$. A line parallel to $A B$ and intersecting the interior of triangle $A B C$ is tangent to $\omega$ at $Q$.
Prove that $\angle A C P=\angle Q C B$.",,14430,2371,23,400,47,5,0,0,20
MATHNET-05uf,MathNet,Préparation Olympique Française de Mathématiques - Test du 14 et du 21 Février 2021,,France,Discrete Mathematics | Geometry,Combinatorics | Graph Theory | Plane Geometry,,unknown,Miscellaneous > Constructions and loci | Miscellaneous > Angle chasing | Quadrilaterals > Cyclic quadrilaterals | Analytic / Coordinate Methods > Cartesian coordinates | Combinatorial Geometry > Convex hulls | Turán's theorem | Counting two ways,,,,True,,,,proof and answer,,real,"Problem:

Trouver le plus grand entier $n \geqslant 3$ pour lequel il existe un ensemble $\mathcal{S}$ de $n$ points du plan avec la propriété suivante : tout triangle (même plat) dont les sommets appartiennent à $\mathcal{S}$ est isocèle mais pas équilatéral.",6,18316,3092,76,485,1,7,0,0,20
MATHNET-062m,MathNet,2. IMO-Auswahlklausur,,Germany,Discrete Mathematics,Combinatorics,,unknown,"Invariants / monovariants | Coloring schemes, extremal arguments",,,,True,,,,proof and answer,,real,"Problem:

Die 16 Felder eines $4 \times 4$-Schachbretts lassen sich wie folgt in 18 Linien ordnen: die vier Zeilen, die vier Spalten, fünf Diagonalen von Nordwest nach Südost und fünf Diagonalen von Nordost nach Südwest. Dabei bestehen diese Diagonalen aus 2, 3 oder 4 über Eck benachbarten Feldern jeweils gleicher Farbe; die Eckfelder des Schachbretts alleine bilden also keine Diagonale.
Nun wird in 10 der 16 Felder je ein Spielstein gesetzt. Jede der 18 Linien, die dann eine gerade Anzahl von Steinen enthält, zählt einen

![](attached_image_1.png)

Punkt.
Welches ist die größtmögliche durch Setzen der 10 Spielsteine erreichbare Punktzahl? Die Antwort ist zu begründen.",17,1658,261,9,2,0,0,0,0,9
MATHNET-065e,MathNet,26th Hellenic Mathematical Olympiad,,Greece,Geometry,Plane Geometry,,unknown,"Triangles > Triangle centers: centroid, incenter, circumcenter, orthocenter, Euler line, nine-point circle | Quadrilaterals > Cyclic quadrilaterals | Miscellaneous > Angle chasing",,,,True,,,,proof and answer,English,real,From the vertex $A$ of an equilateral triangle $ABC$ we draw the ray $Ax$ which intersects the side $B\Gamma$ at $\Delta$. On $Ax$ we consider a point $E$ such that $BA = BE$. Find the angle $A\hat{E}\Gamma$.,30°,1030,177,6,32,4,0,0,0,6
MATHNET-06ke,MathNet,CHKMO,,Hong Kong,Geometry,Plane Geometry,,unknown,Combinatorial Geometry > Convex hulls | Transformations > Homothety | Miscellaneous > Angle chasing | Miscellaneous > Distance chasing | Geometric Inequalities > Optimization in geometry,,,,True,,,,proof only,,real,"Suppose $2017$ points in a plane are given such that no three points are collinear. Among the triangles formed by any three of these $2017$ points, those triangles having the largest area are said to be *good*. Prove that there cannot be more than $2017$ good triangles.",,5449,989,20,139,18,22,12,0,20
MATHNET-06si,MathNet,International Mathematical Olympiad Shortlisted Problems,,IMO,Discrete Mathematics | Geometry | Number Theory,Combinatorics | Modular Arithmetic | Number-Theoretic Functions | Plane Geometry,,unknown,"Enumeration with symmetry | Recursion, bijection | Induction / smoothing | φ (Euler's totient) | Inverses mod n | Miscellaneous > Constructions and loci",,,,True,,,,proof and answer,English,real,"Let $n \geqslant 2$ be an integer. Consider all circular arrangements of the numbers $0,1, \ldots, n$; the $n+1$ rotations of an arrangement are considered to be equal. A circular arrangement is called beautiful if, for any four distinct numbers $0 \leqslant a, b, c, d \leqslant n$ with $a+c=b+d$, the chord joining numbers $a$ and $c$ does not intersect the chord joining numbers $b$ and $d$.
Let $M$ be the number of beautiful arrangements of $0,1, \ldots, n$. Let $N$ be the number of pairs ( $x, y$ ) of positive integers such that $x+y \leqslant n$ and $\operatorname{gcd}(x, y)=1$. Prove that
$$
M=N+1 .
$$",M = N + 1,11935,1901,30,333,25,9,22,0,20
MATHNET-06ze,MathNet,Iberoamerican Mathematical Olympiad,,Ibero-American Mathematical Olympiad,Geometry,Plane Geometry,,unknown,Circles > Tangents | Analytic / Coordinate Methods > Cartesian coordinates | Miscellaneous > Constructions and loci | Miscellaneous > Angle chasing,,,,True,,,,proof and answer,,real,"Problem:

The circle $C$ has diameter $AB$. The tangent at $B$ is $T$. For each point $M$ (not equal to $A$) on $C$ there is a circle $C'$ which touches $T$ and touches $C$ at $M$. Find the point at which $C'$ touches $T$ and find the locus of the center of $C'$ as $M$ varies. Show that there is a circle orthogonal to all the circles $C'$.","The tangency point on T is N = AM ∩ T. The locus of centers O′ is the parabola y^2 = 4ax with vertex at B and axis along AB (with coordinates B = (0,0), A = (2a,0), O = (a,0)). A fixed circle orthogonal to every C′ is the circle centered at A with radius AB.",990,201,4,46,3,1,1,0,4
MATHNET-0759,MathNet,INMO,,India,Discrete Mathematics | Geometry,Combinatorics | Plane Geometry,,unknown,Quadrilaterals > Cyclic quadrilaterals | Miscellaneous > Angle chasing | Pigeonhole principle,,,,True,,,,proof only,,real,"Problem:
Suppose five of the nine vertices of a regular nine-sided polygon are arbitrarily chosen. Show that one can select four among these five such that they are the vertices of a trapezium.",,1972,360,7,24,2,4,6,0,7
MATHNET-07cz,MathNet,Iranian Mathematical Olympiad,,Iran,Geometry,Plane Geometry,,unknown,Circles > Tangents | Quadrilaterals > Cyclic quadrilaterals | Miscellaneous > Angle chasing | Miscellaneous > Constructions and loci,,,,True,,,,proof only,,real,"Quadrilateral $ABCD$ and point $T$ in its interior is given such that $AC$ is the angle bisector of $\widehat{BCD}$ and
$$
\widehat{ABC} - \widehat{ATD} = \widehat{DAC}, \quad \widehat{ADC} - \widehat{ATB} = \widehat{BAC}.
$$
Prove that $\widehat{BAT} = \widehat{DAC}$.",,3184,461,2,49,20,0,1,0,2
MATHNET-07uh,MathNet,IRL_ABooklet,,Ireland,Geometry,Plane Geometry,,unknown,Circles > Tangents | Quadrilaterals > Cyclic quadrilaterals | Miscellaneous > Angle chasing,,,,True,,,,proof only,English,real,"Two circles $\Omega_1$ and $\Omega_2$ intersect at $A$ and $B$. From any point $P$ on $\Omega_1$ straight lines are drawn through $A$ and $B$ meeting $\Omega_2$ again at $E$ and $F$, respectively. Prove that the length of the line segment $EF$ is the same for all $P$ on $\Omega_1$.",,2127,371,10,59,7,2,2,0,10
MATHNET-081p,MathNet,Progetto Olimpiadi di Matematica,,Italy,Geometry,Plane Geometry,,unknown,Analytic / Coordinate Methods > Cartesian coordinates | Transformations > Rotation | Miscellaneous > Constructions and loci | Miscellaneous > Distance chasing,,,,True,,,,proof and answer,,real,"Problem:

Michela e Nicola stanno correndo lungo il perimetro di un parco $C$ quadrato $A B C D$ di diagonale $6~\mathrm{km}$. Essi corrono in senso orario alla stessa velocità. Il loro cane Pallino corre all'interno del parco in modo da stare sempre a metà strada tra Nicola e Michela. Inizialmente Michela è nel vertice $B$ mentre Nicola è nel punto medio del lato $A D$. Quanti chilometri ha percorso Pallino quando Nicola ha fatto un giro del parco?

![](attached_image_1.png)",6,1850,281,8,32,0,0,0,0,8
MATHNET-08n2,MathNet,Junior Balkan Mathematical Olympiad Shortlist,,JBMO,Geometry,Plane Geometry,,unknown,"Quadrilaterals > Cyclic quadrilaterals | Triangles > Triangle centers: centroid, incenter, circumcenter, orthocenter, Euler line, nine-point circle | Miscellaneous > Angle chasing | Miscellaneous > Distance chasing",,,,True,,,,proof only,,real,"Problem:
Let $ABC$ be an isosceles triangle with $AB = AC$. On the extension of the side $[CA]$ we consider the point $D$ such that $AD < AC$. The perpendicular bisector of the segment $[BD]$ meets the internal and the external bisectors of the angle $\widehat{BAC}$ at the points $E$ and $Z$, respectively. Prove that the points $A, E, D, Z$ are concyclic.",,2281,349,3,65,17,0,0,0,3
MATHNET-08tg,MathNet,Japan Mathematical Olympiad First Round,,Japan,Geometry,Plane Geometry,,unknown,Circles > Tangents | Transformations > Homothety | Transformations > Rotation | Miscellaneous > Angle chasing,,,,True,,,,proof and answer,,real,"A circle $O_1$ of radius $2$ and a circle $O_2$ of radius $4$ are externally tangent at the point $P$. Points $A$ and $B$, both distinct from the point $P$, are chosen on the circumference of the circles $O_1$ and $O_2$, respectively, in such a way that the points $A$, $P$ and $B$ are collinear. Determine the length of the line segment $PB$ if the length of $AB$ is $4$.

![](attached_image_1.png)",8/3,1148,205,3,31,4,1,0,0,3
MATHNET-0932,MathNet,Middle European Mathematical Olympiad,,Middle European Mathematical Olympiad (MEMO),Discrete Mathematics,Combinatorics,,unknown,"Invariants / monovariants | Coloring schemes, extremal arguments | Counting two ways",,,,True,,,,proof and answer,,real,"Problem:

There is a lamp on each cell of a $2017 \times 2017$ square board. Each lamp is either on or off. A lamp is called bad if it has an even number of neighbours that are on. What is the smallest possible number of bad lamps on such a board?

(Two lamps are neighbours if their respective cells share a side.)",1,5976,1085,31,48,5,4,7,2,20
MATHNET-0955,MathNet,A 61-a OLIMPIADA DE MATEMATICA A REPUBLICII MOLDOVA,,Moldova,Algebra | Geometry,Equations and Inequalities | Intermediate Algebra | Plane Geometry,,unknown,Analytic / Coordinate Methods > Cartesian coordinates | Circles > Tangents | Quadratic functions | Linear and quadratic inequalities,,,,True,,,,proof and answer,,real,"Problem:
Aflați toate valorile parametrului real $a$, pentru care sistemul
$$
\left\{
\begin{array}{c}
x^{2}+5x+y^{2}-y-|x-5y+5|=51 \\
a x - y - 5a + 2 = 0
\end{array}
\right.
$$
are exact 2 soluții reale distincte.","a in (-2.4, +infinity)",3213,587,5,44,0,0,0,0,10
MATHNET-099l,MathNet,45th Mongolian Mathematical Olympiad,,Mongolia,Discrete Mathematics,Combinatorics | Other,,unknown,"Coloring schemes, extremal arguments | Counting two ways",,,,True,,,,proof and answer,English,real,"Consider an $17 \times 42$ table of squares. We put some balls into squares. After that, for each empty square, count the number of adjacent squares with balls, and write down that number in the empty square. Find the maximum possible value of the sum of these numbers over all empty squares.",2009,2906,519,20,29,1,5,3,1,20
MATHNET-09wj,MathNet,Second Round,,Netherlands,Discrete Mathematics,Algorithms,,unknown,,,,,False,,,,final answer only,English,real,"A square sheet of paper lying on the table is divided into $8 \times 8 = 64$ equal squares. These squares are numbered from **a1** to **h8** as on a chess board (see fig. 1). We now start folding, in such a way that square **a1** always stays in the same spot on the table. First we fold along the horizontal midline (fig. 1). This will cause square **a8** to fold on top of square **a1**. Then we fold along the vertical midline (fig. 2). Next, we fold along the new horizontal midline (fig. 3), et cetera. After folding six times, we have a small package of paper in front of us (fig. 7) that we can consider as a stack of 64 square pieces of paper.
![](attached_image_1.png)
fig. 1
![](attached_image_2.png)
fig. 2
![](attached_image_3.png)
fig. 3
...
![](attached_image_4.png)
fig. 7
The squares in this stack are numbered from bottom to top from 1 to 64.
So square **a1** gets number 1.
Which number does square **f6** get?",43,2,1,1,0,0,0,0,0,1
MATHNET-0a53,MathNet,New Zealand Mathematical Olympiad,,New Zealand,Geometry,Plane Geometry,,unknown,Circles > Tangents | Transformations > Homothety | Miscellaneous > Angle chasing,,,,True,,,,proof only,,real,"Problem:
Let $\Gamma_{1}$ and $\Gamma_{2}$ be circles internally tangent at point $A$, with $\Gamma_{1}$ inside $\Gamma_{2}$. Let $BC$ be a chord of $\Gamma_{2}$ which is tangent to $\Gamma_{1}$ at point $D$. Prove that line $AD$ is the angle bisector of $\angle BAC$.",,1169,196,14,46,3,0,0,0,14
MATHNET-0a9f,MathNet,"Nordic Mathematical Contest, NMC 24",,Nordic Mathematical Olympiad,Geometry,Plane Geometry,,unknown,Triangles > Triangle trigonometry | Miscellaneous > Angle chasing | Analytic / Coordinate Methods > Trigonometry,,,,True,,,,proof only,,real,"Problem:

Three circles $\Gamma_{A}$, $\Gamma_{B}$ and $\Gamma_{C}$ share a common point of intersection $O$. The other common point of $\Gamma_{A}$ and $\Gamma_{B}$ is $C$, that of $\Gamma_{A}$ and $\Gamma_{C}$ is $B$ and that of $\Gamma_{C}$ and $\Gamma_{B}$ is $A$. The line $A O$ intersects the circle $\Gamma_{C}$ in the point $X \neq O$. Similarly, the line $B O$ intersects the circle $\Gamma_{B}$ in the point $Y \neq O$, and the line $C O$ intersects the circle $\Gamma_{A}$ in the point $Z \neq O$. Show that
$$
\frac{|A Y||B Z||C X|}{|A Z||B X||C Y|}=1
$$",,1260,207,6,33,3,0,0,0,6
MATHNET-0agx,MathNet,XV-th Junior Balkan Mathematical Olympiad,,North Macedonia,Algebra | Discrete Mathematics | Geometry,Algebraic Expressions | Combinatorics | Plane Geometry,,unknown,Combinatorial Geometry | Enumeration with symmetry | Sequences and Series > Sums and products,,,,True,,,,proof and answer,English,real,"Let $n > 3$ be a positive integer. An equilateral triangle $ABC$ is divided into $n^2$ identical equilateral ""small"" triangles using lines parallel to its sides. The figure below illustrates the case $n = 4$. Let $m$ be the number of rhombi consisting of 2 ""small"" triangles. Let $d$ be the number of rhombi consisting of 8 ""small"" triangles. Find the difference $m - d$ in terms of $n$.
![](attached_image_1.png)",3(2n - 3),1569,288,7,27,3,0,0,0,7
MATHNET-0avj,MathNet,19th Philippine Mathematical Olympiad,,Philippines,Geometry,Plane Geometry,,unknown,"Triangles > Triangle centers: centroid, incenter, circumcenter, orthocenter, Euler line, nine-point circle | Quadrilaterals > Cyclic quadrilaterals | Miscellaneous > Angle chasing | Miscellaneous > Constructions and loci",,,,True,,,,proof only,,real,"Problem:

Let $B H$ be the altitude from the vertex $B$ to the side $A C$ of an acute-angled triangle $A B C$. Let $D$ and $E$ be the midpoints of $A B$ and $A C$, respectively, and $F$ the reflection of $H$ across the line segment $E D$. Prove that the line $B F$ passes through the circumcenter of $\triangle A B C$.",,1041,235,7,28,4,0,0,0,7
MATHNET-0bow,MathNet,66th NMO SELECTION TESTS FOR THE BALKAN AND INTERNATIONAL MATHEMATICAL OLYMPIADS,,Romania,Geometry,Plane Geometry,,unknown,"Triangles > Triangle centers: centroid, incenter, circumcenter, orthocenter, Euler line, nine-point circle | Circles > Radical axis theorem | Analytic / Coordinate Methods > Vectors | Miscellaneous > Angle chasing",,,,True,,,,proof only,,real,"Let $ABC$ be a triangle. Let $A'$ be the centre of the circle through the midpoint of the side $BC$ and the orthogonal projections of $B$ and $C$ on the lines of support of the internal bisectrices of the angles $ACB$ and $ABC$, respectively; the points $B'$ and $C'$ are defined similarly. Prove that the nine-point circle of the triangle $ABC$ and the circumcircle of $A'B'C'$ are concentric.

RMM 2015 Shortlist, Mexico",,3847,676,20,121,9,1,0,0,20
MATHNET-0clz,MathNet,The 6th Romanian Master of Mathematics Competition,,Romanian Master of Mathematics (RMM),Geometry,Plane Geometry,,unknown,"Quadrilaterals > Cyclic quadrilaterals | Circles > Tangents | Advanced Configurations > Polar triangles, harmonic conjugates | Triangles > Triangle centers: centroid, incenter, circumcenter, orthocenter, Euler line, nine-point circle",,,,True,,,,proof only,,real,"Problem:

Let $ABCD$ be a quadrilateral inscribed in a circle $\omega$. The lines $AB$ and $CD$ meet at $P$, the lines $AD$ and $BC$ meet at $Q$, and the diagonals $AC$ and $BD$ meet at $R$. Let $M$ be the midpoint of the segment $PQ$, and let $K$ be the common point of the segment $MR$ and the circle $\omega$. Prove that the circumcircle of the triangle $KPQ$ and $\omega$ are tangent to one another.",,1409,263,6,52,8,0,2,0,6
MATHNET-0cr9,MathNet,XL Russian mathematical olympiad,,Russia,Geometry,Plane Geometry,,unknown,Quadrilaterals > Cyclic quadrilaterals | Circles > Radical axis theorem | Circles > Tangents | Miscellaneous > Angle chasing,,,,True,,,,proof only,,real,"Let $M$ be the midpoint of the side $AC$ of a triangle $ABC$. The points $P$ and $Q$ are chosen on the segments $AM$ and $MC$, respectively, so that $PQ = AC/2$. The circumcircle of the triangle $ABQ$ meets the side $BC$ at $X \neq B$, while the circumcircle of the triangle $BCP$ meets the side $AB$ at $Y \neq B$. Prove that the quadrilateral $BXMY$ is cyclic. (F. Ivlev, F. Nilov)",,1652,293,8,45,0,0,0,0,8
MATHNET-0d4q,MathNet,SAMC,,Saudi Arabia,Discrete Mathematics,Combinatorics,,unknown,"Coloring schemes, extremal arguments | Recursion, bijection",,,,True,,,,proof and answer,"English, Arabic",real,Majid wants to color the cells of an $n \times n$ chessboard into white and black so that each $2 \times 2$ subsquare contains two white cells and two black cells. In how many ways can Majid color this $n \times n$ chessboard?,2^{n+1} - 2,1970,328,14,6,4,0,2,0,14
MATHNET-0dmc,MathNet,СРПСКА МАТЕМАТИЧКА ОЛИМПИЈАДА,,Serbia,Geometry,Plane Geometry,,unknown,"Triangles > Triangle centers: centroid, incenter, circumcenter, orthocenter, Euler line, nine-point circle | Circles > Tangents | Transformations > Homothety | Analytic / Coordinate Methods > Complex numbers in geometry | Miscellaneous > Angle chasing",,,,True,,,,proof only,,real,"Problem:

Дат је неједнакокраки троугао $ABC$. Нека су $AD$, $BE$, $CF$ симетрале углова овог троугла ($D \in BC$, $E \in AC$, $F \in AB$). Нека су $K_{a}$, $K_{b}$, $K_{c}$ тачке на уписаном кругу троугла $ABC$ такве да су $DK_{a}$, $EK_{b}$, $FK_{c}$ тангенте на уписани круг и да $K_{a} \notin BC$, $K_{b} \notin AC$, $K_{c} \notin AB$. Нека су $A_{1}$, $B_{1}$, $C_{1}$ средишта страница $BC$, $CA$, $AB$. Доказати да се праве $A_{1}K_{a}$, $B_{1}K_{b}$, $C_{1}K_{c}$ секу на уписаном кругу троугла $ABC$.",,3618,488,9,68,0,0,0,0,9
MATHNET-0dpx,MathNet,XXI SILK ROAD MATHEMATICAL COMPETITION,,Silk Road Mathematics Competition,Geometry,Plane Geometry,,unknown,Quadrilaterals > Cyclic quadrilaterals | Circles > Tangents | Transformations > Homothety | Miscellaneous > Angle chasing,,,,True,,,,proof only,English,real,"Convex quadrilateral *ABCD* is inscribed in circle *ω*. Rays *AB* and *DC* intersect at *K*. *L* is chosen on the diagonal *BD* so that $\angle BAC = \angle DAL$. *M* is chosen on the segment *KL* so that $CM \parallel BD$. Prove that the line $BM$ touches $\omega$. (Kungozhin M.)

![](attached_image_1.png)",,1445,253,4,63,6,0,0,0,4
MATHNET-0dst,MathNet,Singapore Mathematical Olympiad,,Singapore,Geometry,Plane Geometry,,unknown,Miscellaneous > Angle chasing | Miscellaneous > Constructions and loci,,,,True,,,,proof and answer,,real,"You are given some equilateral triangles and squares, all with side length $1$, and asked to form convex $n$ sided polygons using these pieces. If both types must be used, what are the possible values of $n$, assuming that there is sufficient supply of the pieces?","5, 6, 7, 8, 9, 10, 11, 12",2285,409,4,42,5,4,1,0,4
MATHNET-0dzm,MathNet,Slovenija 2008,,Slovenia,Geometry,Plane Geometry,,unknown,Triangles > Triangle trigonometry | Miscellaneous > Angle chasing | Miscellaneous > Distance chasing,,,,True,,,,proof and answer,English,real,The sides of an equilateral triangle $ABC$ measure $4$ cm. Denote the orthogonal projections of the midpoint $D$ of the side $AB$ onto the sides $BC$ and $AC$ by $E$ and $F$. Find the area of the triangle $DEF$.,3*sqrt(3)/4,2692,426,11,79,6,0,0,1,11
MATHNET-0etj,MathNet,The South African Mathematical Olympiad Third Round,,South Africa,Geometry,Plane Geometry,,unknown,Quadrilaterals > Cyclic quadrilaterals | Miscellaneous > Angle chasing | Miscellaneous > Distance chasing,,,,True,,,,proof only,English,real,"Let $ABC$ be a triangle with $AB < AC$. A point $P$ on the circumcircle of $ABC$ (on the same side of $BC$ as $A$) is chosen in such a way that $BP = CP$. Let $BP$ and the angle bisector of $\angle BAC$ intersect at $Q$, and let the line through $Q$ and parallel to $BC$ intersect $AC$ at $R$. Prove that $BR = CR$.",,2254,406,4,67,11,0,0,0,4
MATHNET-0fad,MathNet,25th ASU,,Soviet Union,Geometry,Plane Geometry,,unknown,Triangles > Triangle trigonometry | Analytic / Coordinate Methods > Trigonometry | Miscellaneous > Constructions and loci | Miscellaneous > Distance chasing,,,,True,,,,proof and answer,,real,"Problem:

Four lines in the plane intersect in six points. Each line is thus divided into two segments and two rays. Is it possible for the eight segments to have lengths $1, 2, 3, \ldots, 8$? Can the lengths of the eight segments be eight distinct integers?","no, yes",638,119,3,11,2,1,1,0,3
MATHNET-0fjo,MathNet,Olimpiada Matemática Española,,Spain,Geometry,Plane Geometry,,unknown,Quadrilaterals | Transformations > Homothety | Miscellaneous > Constructions and loci,,,,True,,,,proof only,,real,"Problem:

$ABCD$ es un cuadrilátero cualquiera, $P$ y $Q$ los puntos medios de las diagonales $BD$ y $AC$, respectivamente. Las paralelas por $P$ y $Q$ a la otra diagonal se cortan en $O$. Si unimos $O$ con los cuatro puntos medios de los lados $X, Y, Z$ y $T$, se forman cuatro cuadriláteros $OXBY$, $OYCZ$, $OZDT$ y $OTAX$.

Probar que los cuatro cuadriláteros tienen la misma

![](attached_image_1.png)
área.",,1150,199,7,27,0,0,0,0,7
MATHNET-0fvm,MathNet,Vorrundenprüfung,,Switzerland,Discrete Mathematics,Combinatorics,,unknown,"Invariants / monovariants | Coloring schemes, extremal arguments",,,,True,,,,proof and answer,,real,"Problem:

Betrachte ein $m \times n$-Brett, das in Einheitsquadrate unterteilt ist. Ein L-Triomino besteht aus drei Einheitsquadraten, einem Zentrumsquadrat und zwei Schenkelquadraten. In der Ecke oben links liegt ein L-Triomino, sodass das Zentrumsquadrat auf dem Eckfeld liegt. In einem Zug kann das L-Triomino um den Mittelpunkt von einem der beiden Schenkelquadrate um Vielfache von $90^{\circ}$ gedreht werden. Für welche $m$ und $n$ ist es möglich, dass das L-Triomino nach endlich vielen solchen Zügen in der unteren rechten Ecke zu liegen kommt?",Both dimensions must be odd.,1639,246,7,12,0,0,0,0,7
MATHNET-0g9d,MathNet,二〇一五數學奧林匹亞競賽第三階段選訓營,,Taiwan,Geometry,Plane Geometry,,unknown,"Circles > Tangents | Circles > Radical axis theorem | Transformations > Inversion | Advanced Configurations > Polar triangles, harmonic conjugates | Triangles > Triangle centers: centroid, incenter, circumcenter, orthocenter, Euler line, nine-point circle | Miscellaneous > Angle chasing",,,,True,,,,proof only,,real,"有一三角形 $ABC$, 其外接圓為 $O$。兩圓 $O_1$, $O_2$ 與射線 $\overrightarrow{AB}$, $\overrightarrow{AC}$ 以及圓 $O$ 均相切, 其中 $O_1$ 在 $O$ 內部, $O_2$ 在 $O$ 外部。設 $O$, $O_1$ 的公切線與 $O$, $O_2$ 的公切線交於點 $X$, $O$ 上不含 $A$ 點的 $BC$ 弧的中點為 $M$, 且線段 $\overline{AA'}$ 為圓 $O$ 之直徑。證明: $X$, $M$, $A'$ 共線。

Let $O$ be the circumcircle of the triangle $ABC$. Two circles $O_1$, $O_2$ are tangent to each of the circle $O$ and the rays $\overrightarrow{AB}$, $\overrightarrow{AC}$, with $O_1$ interior to $O$, $O_2$ exterior to $O$. The common tangent of $O$, $O_1$ and the common tangent of $O$, $O_2$ intersect at the point $X$. Let $M$ be the midpoint of the arc $BC$ (not containing the point $A$) on the circle $O$, and the segment $\overline{AA'}$ be a diameter of $O$. Prove that $X$, $M$, and $A'$ are collinear.",,1356,223,6,99,0,0,0,0,6
MATHNET-0gle,MathNet,The first T3MO,,Thailand,Geometry,Plane Geometry,,unknown,"Quadrilaterals > Cyclic quadrilaterals | Triangles > Triangle centers: centroid, incenter, circumcenter, orthocenter, Euler line, nine-point circle | Circles > Radical axis theorem | Miscellaneous > Angle chasing",,,,True,,,,proof only,,real,"Let $ABCD$ be a parallelogram, and let $M$ be the midpoint of $AB$. Line $CM$ intersects the circumcircle of triangle $ABC$ at $C$ and $E$. Let $F$ be the point on $BC$ such that $AF \perp BC$. Prove that $C, D, E$, and $F$ are concyclic.",,2011,375,11,58,6,0,0,0,11
MATHNET-0gq8,MathNet,21st Turkish Mathematical Olympiad,,Turkey,Geometry,Plane Geometry,,unknown,Analytic / Coordinate Methods > Cartesian coordinates | Quadrilaterals > Cyclic quadrilaterals | Miscellaneous > Distance chasing,,,,True,,,,proof and answer,,real,"Let $n > 3$ be a positive integer and $P_1, P_2, \dots, P_n$ be different points on the plane such that all pairwise distances between them are integers and the distances $P_iP_1, P_iP_2, \dots, P_iP_n$ rearranged in non-decreasing order coincide for all $i = 1, 2, \dots, n$. Find all possible values of $n$.","4, 6",4665,862,4,106,18,4,7,2,4
MATHNET-0h61,MathNet,55rd Ukrainian National Mathematical Olympiad - Fourth Round,,Ukraine,Geometry,Plane Geometry,,unknown,"Miscellaneous > Angle chasing | Circles > Tangents | Quadrilaterals > Cyclic quadrilaterals | Advanced Configurations > Napoleon and Fermat points | Advanced Configurations > Brocard point, symmedians | Advanced Configurations > Isogonal/isotomic conjugates, barycentric coordinates | Geometric Inequalities > Triangle inequalities",,,,True,,,,proof only,English,real,"In the convex quadrilateral $ABCD$ with angles $ABC$ and $BCD$ equal $120^\circ$, $O$ is the intersection of diagonals, $M$ is the midpoint of $BC$, $K$ is the point of intersection of $MO$ and $AD$. It happens that $\angle BKC = 60^\circ$. Prove that $\angle BKA = \angle CKD = 60^\circ$.

(Serduk Nazar)",,3293,595,11,119,9,3,3,0,11
MATHNET-0k0l,MathNet,19th Bay Area Mathematical Olympiad,,United States,Algebra | Discrete Mathematics | Geometry,Abstract Algebra | Combinatorics | Solid Geometry,,unknown,Enumeration with symmetry | Group Theory | 3D Shapes,,,,True,,,,proof and answer,,real,"Problem:

Two three-dimensional objects are said to have the same coloring if you can orient one object (by moving or turning it) so that it is indistinguishable from the other. For example, suppose we have two unit cubes sitting on a table, and the faces of one cube are all black except for the top face which is red, and the faces of the other cube are all black except for the bottom face, which is colored red. Then these two cubes have the same coloring.

In how many different ways can you color the edges of a regular tetrahedron, coloring two edges red, two edges black, and two edges green? (A regular tetrahedron has four faces that are each equilateral triangles. The figure below depicts one coloring of a tetrahedron, using thick, thin, and dashed lines to indicate three colors.)

![](attached_image_1.png)",9,3456,565,15,3,1,1,1,1,15
MATHNET-0lco,MathNet,Vietnamese Mathematical Competitions,,Vietnam,Discrete Mathematics | Geometry,Combinatorics | Solid Geometry,,unknown,"Counting two ways | Coloring schemes, extremal arguments | Other 3D problems",,,,True,,,,proof and answer,,real,Given a $10 \times 10 \times 10$ box of $1000$ unit white cubes. An and Binh play a game with this box. An selects some bands of size $1 \times 1 \times 10$ such that any two chosen bands have no common points and then changes all cells on these bands to black. Binh then selects some unit cubes and asks An what color of these cells. What is the least number of cells Binh must choose in order to determine all black cells based on An's answer?,150,2962,564,13,52,5,0,8,1,13
MATHNET-0lfz,MathNet,XI International Zhautykov Olympiad in Sciences,,Zhautykov Olympiad,Geometry,Plane Geometry,,unknown,"Advanced Configurations > Isogonal/isotomic conjugates, barycentric coordinates | Circles > Circle of Apollonius | Miscellaneous > Angle chasing",,,,True,,,,proof only,,real,"Problem:

Inside the triangle $A B C$ a point $M$ is given. The line $B M$ meets the side $A C$ at $N$. The point $K$ is symmetrical to $M$ with respect to $A C$. The line $B K$ meets $A C$ at $P$. If $\angle A M P=\angle C M N$, prove that $\angle A B P=\angle C B N$.

![](attached_image_1.png)",,1762,345,9,49,5,2,0,0,9
MATHNET-00ba,MathNet,XXVII Olimpiada Matemática Rioplatense,,Argentina,Discrete Mathematics | Geometry,Combinatorics | Plane Geometry,,unknown,"Games / greedy algorithms | Coloring schemes, extremal arguments | Miscellaneous > Angle chasing",,,,True,,,,proof and answer,English,real,"Consider $2018$ points placed on the vertices of regular hexagons as shown in the picture:
![](attached_image_1.png)
A bee and a beetle play the following game: initially, the bee chooses one of the $2018$ points and paints it yellow; then, the beetle chooses one of the $2017$ points that have not been painted and paints it green. They continue playing in this way: the bee chooses one unpainted point and paints it yellow and, then, the beetle chooses one unpainted point and paints it green. When all points have been painted, if there is an equilateral triangle with its three vertices painted the same color, the bee wins. Otherwise, the beetle wins. Determine which of them has a winning strategy.",The beetle has a winning strategy.,2191,387,5,34,0,6,8,0,5
MATHNET-00hu,MathNet,APMO,,Asia Pacific Mathematics Olympiad (APMO),Discrete Mathematics | Geometry,Combinatorics | Plane Geometry,,unknown,Combinatorial Geometry | Miscellaneous > Constructions and loci | Induction / smoothing | Games / greedy algorithms,,,,True,,,,proof only,English,real,"Let $n \geq 5$ be an integer. Consider $n$ squares with side lengths $1,2, \ldots, n$, respectively. The squares are arranged in the plane with their sides parallel to the $x$ and $y$ axes. Suppose that no two squares touch, except possibly at their vertices.
Show that it is possible to arrange these squares in a way such that every square touches exactly two other squares.",,4222,694,8,75,2,2,7,11,8
MATHNET-00lt,MathNet,48. Österreichische Mathematik-Olympiade Landeswettbewerb für Anfängerinnen und Anfänger,,Austria,Geometry,Plane Geometry,,unknown,"Triangles | Triangles > Triangle centers: centroid, incenter, circumcenter, orthocenter, Euler line, nine-point circle | Miscellaneous > Constructions and loci | Miscellaneous > Distance chasing",,,,True,,,,proof only,German,real,"Im gleichschenkeligen Dreieck $ABC$ mit $\overline{AC} = \overline{BC}$ ist $D$ der Fußpunkt der Höhe durch $C$ und $M$ der Mittelpunkt der Strecke $CD$. Die Gerade $BM$ schneidet $AC$ in $E$. Man beweise, dass $AC$ dreimal so lang wie $CE$ ist.
(Erich Windischbacher)",,4139,652,8,131,0,0,0,0,8
MATHNET-00vm,MathNet,Balkan Mathematical Olympiad Shortlisted Problems,,Balkan Mathematical Olympiad,Geometry,Plane Geometry,,unknown,Circles > Tangents | Miscellaneous > Distance chasing | Geometric Inequalities > Optimization in geometry,,,,True,,,,proof and answer,English,real,"A rabbit is at some point $(x, y)$ in the Euclidean plane. There are some (possibly infinitely many) landmines, which are circles with any radius that do not intersect except possibly at one point (tangent). Every move, the rabbit can hop a distance of exactly $1$, but cannot land in the interior of a landmine (but may possibly land on the edge). Suppose that neither the rabbit nor the origin is in a landmine. Find the minimum $\varepsilon$ so that the rabbit can always reach a point with a distance of at most $\varepsilon$ from the origin, regardless of the landmine configuration.",1/sqrt(2),2258,372,6,47,12,4,3,0,6
MATHNET-010r,MathNet,Baltic Way,,Baltic Way,Geometry,Plane Geometry,,unknown,Miscellaneous > Angle chasing | Transformations > Rotation,,,,True,,,,proof only,,real,"Problem:

Let $ABC$ be an isosceles triangle with $|AB| = |AC|$. Points $D$ and $E$ lie on the sides $AB$ and $AC$, respectively. The line passing through $B$ and parallel to $AC$ meets the line $DE$ at $F$. The line passing through $C$ and parallel to $AB$ meets the line $DE$ at $G$. Prove that
$$
\frac{[DBCG]}{[FBCE]} = \frac{|AD|}{|AE|}
$$
where $[PQRS]$ denotes the area of the quadrilateral $PQRS$.",,1442,243,9,38,2,1,0,1,9
MATHNET-01u3,MathNet,66th Belarusian Mathematical Olympiad,,Belarus,Discrete Mathematics,Combinatorics,,unknown,"Invariants / monovariants | Coloring schemes, extremal arguments",,,,True,,,,proof and answer,English,real,"Given a $(2n + 1) \times (2n + 1)$ table, all its unit cells being white. Per move it is allowed to change the color of any three consecutive cells in any row or in any column (white cell is replaced by black one and vice versa).

a) Prove that for any positive integer $n$ one can obtain the chess coloring of the given table with white corner cells (the example of such coloring is shown in the figure for $n = 3$).

b) Find the minimum number of the moves one needs to obtain the chess coloring of the given table with white corner cells if $n = 3$. (E. Barabanov)

![](attached_image_1.png)",14,3258,596,12,18,5,3,3,0,12
MATHNET-0212,MathNet,Benelux Mathematical Olympiad,,Benelux Mathematical Olympiad,Discrete Mathematics,Combinatorics,,unknown,"Induction / smoothing | Invariants / monovariants | Coloring schemes, extremal arguments",,,,True,,,,proof and answer,,real,"Problem:
Let $n$ be a positive integer. There are $n$ ants walking along a line at constant nonzero speeds. Different ants need not walk at the same speed or walk in the same direction. Whenever two or more ants collide, all the ants involved in this collision instantly change directions. (Different ants need not be moving in opposite directions when they collide, since a faster ant may catch up with a slower one that is moving in the same direction.) The ants keep walking indefinitely.
Assuming that the total number of collisions is finite, determine the largest possible number of collisions in terms of $n$.",n(n-1)/2,3960,660,8,68,6,2,6,0,8
MATHNET-024e,MathNet,Nível 2,,Brazil,Algebra,Algebraic Expressions | Equations and Inequalities | Prealgebra / Basic Algebra,,unknown,Sequences and Series > Floors and ceilings | Integers | Linear and quadratic inequalities,,,,False,,,,final answer only,,real,"Problem:

156. Parte inteira - A parte inteira de um número real $x$ é o maior inteiro que é menor do que ou igual a $x$. Denotamos a parte inteira de $x$ por $[x]$. Por exemplo, $[2,9]=2$, $[0,88]=0$ e $[-1,7]=-2$.
![](attached_image_1.png)
Calcule as partes inteiras seguintes.
(a) $[\sqrt{12}]$
(b) $\left[\frac{28756}{12777}\right]$
(c) $\left[-\frac{2007}{2008}\right]$
(d) $[\sqrt[3]{-111}]$","{'a': 3, 'b': 2, 'c': -1, 'd': -5}",669,63,5,18,0,0,0,0,5
MATHNET-0caz,MathNet,SHORTLISTED PROBLEMS FOR THE 73rd NMO,,Romania,Algebra,Algebraic Expressions,,unknown,Functional Equations > Injectivity / surjectivity,,,,True,,,,proof only,,real,"The continuous function $f : \mathbb{R} \to \mathbb{R}$ has the property $(f \circ f)(x) = x^{2023}$, for every $x \in \mathbb{R}$. Prove that:

a) $2023\sqrt[2023]{f(x)} = f(2023\sqrt[2023]{x})$, for every $x \in \mathbb{R}$;

b) for every $n \ge 3$ there exists an arithmetic progression $x_1, x_2, \dots, x_n$ so that $\sum_{k=1}^{n} f(x_k) = 0$.",,0,0,0,0,0,0,0,0,0
MATHNET-07vc,MathNet,IRL_ABooklet,,Ireland,Algebra | Geometry,Algebraic Expressions | Plane Geometry,,unknown,Triangles | Miscellaneous > Distance chasing | Sequences and Series > Telescoping series,,,,True,,,,proof and answer,English,real,"Let $AOB$ be a triangle with $\angle AOB = 90^\circ$. Define a sequence of points $X_1, X_2, X_3, \dots, X_{2022}$ as follows:
* $X_1$ lies on the ray $\vec{OA}$ with $|OX_1| = 1$.
* $X_2$ lies on the ray $\vec{OB}$ with $|X_1X_2| = 2$
* For $3 \le n \le 2022$, the $X_n$ lie alternately on $\vec{OA}$ ($n$ odd) or $\vec{OB}$ ($n$ even), with $|X_{n-1}X_n| = n$.
Find the distance $|X_{2020}X_{2022}|$.",sqrt(2045253) - sqrt(2041210),662,118,3,18,1,0,0,0,3
MATHNET-0awa,MathNet,18th PMO National Stage Oral Phase,,Philippines,Precalculus,Trigonometric functions,,unknown,,,,,False,,,,final answer only,,real,"Problem:
If $\tan x + \tan y = 5$ and $\tan (x + y) = 10$, find $\cot^2 x + \cot^2 y$.",96,408,83,1,6,1,0,0,0,1
MATHNET-0609,MathNet,PRÉPARATION OLYMPIQUE FRANÇAISE DE MATHÉMATIQUES,,France,Number Theory,Divisibility / Factorization,,unknown,Factorization techniques,,,,True,,,,proof only,,real,"Problem:

Soit $n$ un entier vérifiant $n \geqslant 2$. On note $d$ le plus grand diviseur de $n$ différent de $n$. On suppose que $d > 1$. Démontrer que $n + d$ n'est pas une puissance de 2.",,733,151,3,30,0,1,0,0,3
MATHNET-05gq,MathNet,Préparation Olympique Française de Mathématiques,,France,Geometry,Plane Geometry,,unknown,Miscellaneous > Angle chasing,,,,True,,,,proof only,,real,"Problem:

Soit $ABC$ un triangle, $H$ le pied de la hauteur issue de $A$, $L$ le pied de la bissectrice issue de $B$ et $M$ le milieu de $[AB]$. On suppose que dans le triangle $HLM$ on a les deux propriétés : $(AH)$ est une hauteur et $(BL)$ est une bissectrice. Montrer que $(CM)$ est une médiane.",,664,106,3,17,0,0,0,0,3
MATHNET-0kq5,MathNet,HMMT November 2022,,United States,Geometry,Plane Geometry,,unknown,Transformations > Rotation | Triangles > Triangle trigonometry | Miscellaneous > Angle chasing | Quadrilaterals,,,,False,,,,final answer only,,real,"Problem:

In convex quadrilateral $ABCD$ with $AB = 11$ and $CD = 13$, there is a point $P$ for which $\triangle ADP$ and $\triangle BCP$ are congruent equilateral triangles. Compute the side length of these triangles.",7,468,79,2,15,1,0,0,0,2
MATHNET-074g,MathNet,Indija TS 2009,,India,Algebra,Algebraic Expressions | Intermediate Algebra,,unknown,Polynomials > Roots of unity | Polynomials > Polynomial operations | Complex numbers,,,,True,,,,proof only,,real,"Let $f(x)$ and $g(y)$ be two monic polynomials with complex coefficients, and of the same degree $n$, such that
$$
f(x) - g(y) = \prod_{j=1}^{n} (a_j x + b_j y + c_j),
$$
where $a_j, b_j, c_j$ are complex numbers, $1 \le j \le n$. Prove that there exist complex numbers $a, b, c$ such that
$$
f(x) = (x+a)^n + c, \quad g(y) = (y+b)^n + c.
$$",,1190,247,1,32,8,0,1,1,1
MATHNET-0413,MathNet,China Mathematical Competition (Complementary Test),,China,Geometry,Plane Geometry,,unknown,Quadrilaterals > Cyclic quadrilaterals | Triangles > Triangle trigonometry | Miscellaneous > Angle chasing,,,,True,,,,proof only,English,real,"As seen in Fig. 1.1, $AB$ is a chord of circle $\omega$, $P$ is a point on arc $AB$, and $E, F$ are 2 points on $AB$ satisfying $AE = EF = FB$. Connect $PE, PF$ and extend them to intersect with $\omega$ at $C, D$, respectively. Prove
$$
EF \cdot CD = AC \cdot BD.
$$

![](attached_image_1.png)
Fig. 1.1",,1037,197,2,21,0,1,0,0,2
MATHNET-0dgx,MathNet,Saudi Arabian IMO Booklet,,Saudi Arabia,Geometry,Plane Geometry,,unknown,Circles > Tangents | Miscellaneous > Angle chasing | Quadrilaterals,,,,True,,,,proof only,English,real,Let $ABCD$ be a convex quadrilateral such that the line $CD$ is a tangent to the circle on $AB$ as diameter. Prove that the line $AB$ is a tangent to the circle on $CD$ as diameter if and only if the lines $BC$ and $AD$ are parallel.,,0,0,0,0,0,0,0,0,0
MATHNET-0hpb,MathNet,Berkeley Math Circle Monthly Contest 4,,United States,Algebra | Number Theory,Algebraic Expressions | Divisibility / Factorization | Prealgebra / Basic Algebra,,unknown,Integers | Polynomials > Polynomial operations | Factorization techniques,,,,True,,,,proof only,,real,"Problem:

A natural number $n$ is chosen between two consecutive square numbers. The smaller square is obtained by subtracting $k$ from $n$, and the larger one is obtained by adding $\ell$ to $n$. Prove that the number $n-k \ell$ is the square of an integer.",,616,118,2,8,0,0,0,0,2
MATHNET-0beo,MathNet,Matematika tantárgyverseny Megyei szakasz,,Romania,Algebra,Algebraic Expressions,,unknown,Functional Equations > Injectivity / surjectivity | Functional Equations > Existential quantifiers,,,,True,,,,proof only,,real,"Problem:

Adottak az $a, b \in \mathbb{R}^{*}$ számok és az $f: \mathbb{R} \rightarrow \mathbb{R}$,
$$
f(x)= \begin{cases}a x, & x \in \mathbb{Q} \\ b x, & x \in \mathbb{R} \backslash \mathbb{Q}\end{cases}
$$
függvény.
Igazold, hogy $f$ akkor és csak akkor injektív, ha $f$ szürjektív.",,0,0,0,0,0,0,0,0,0
MATHNET-0cih,MathNet,75th NMO,,Romania,Number Theory,Diophantine Equations | Divisibility / Factorization,,unknown,"Factorization techniques | Techniques: modulo, size analysis, order analysis, inequalities",,,,True,,,,proof only,English,real,"Show that there exist infinitely many natural numbers $n$ for which $2025 \cdot n$ is a perfect cube, and $5202 \cdot n$ is a perfect square.",,0,0,0,0,0,0,0,0,0
MATHNET-0bmx,MathNet,66th ROMANIAN MATHEMATICAL OLYMPIAD,,Romania,Number Theory,Divisibility / Factorization | Number-Theoretic Functions,,unknown,τ (number of divisors) | Factorization techniques,,,,True,,,,proof and answer,,real,Find the smallest positive integer which has exactly $2015$ positive divisors.,2^30 * 3^12 * 5^4,678,134,2,18,1,0,0,0,2
MATHNET-067b,MathNet,31st Hellenic Mathematical Olympiad,,Greece,Algebra,Algebraic Expressions | Prealgebra / Basic Algebra,,unknown,Simple Equations | Polynomials > Symmetric functions,,,,True,,,,proof and answer,English,real,"Solve in the real numbers the system
$$
x^3 = \frac{z}{y} - \frac{2y}{z}, \quad y^3 = \frac{x}{z} - \frac{2z}{x}, \quad z^3 = \frac{y}{x} - \frac{2x}{y}.
$$","(-1, -1, -1), (1, 1, -1), (1, -1, 1), (-1, 1, 1)",917,218,1,17,0,0,0,0,1
MATHNET-00g4,MathNet,XV APMO,,Asia Pacific Mathematics Olympiad (APMO),Algebra,Algebraic Expressions | Equations and Inequalities,,unknown,Polynomials > Vieta's formulas | Polynomials > Symmetric functions | Cauchy-Schwarz | QM-AM-GM-HM / Power Mean,,,,True,,,,proof and answer,,real,"Let $a, b, c, d, e, f$ be real numbers such that the polynomial
$$
p(x) = x^{8} - 4x^{7} + 7x^{6} + a x^{5} + b x^{4} + c x^{3} + d x^{2} + e x + f
$$
factorises into eight linear factors $x - x_{i}$, with $x_{i} > 0$ for $i = 1, 2, \ldots, 8$. Determine all possible values of $f$.",1/256,1604,281,2,26,2,0,2,3,2
MATHNET-0f88,MathNet,22nd ASU,,Soviet Union,Geometry,Plane Geometry,,unknown,Quadrilaterals > Cyclic quadrilaterals | Triangles > Triangle trigonometry | Miscellaneous > Angle chasing,,,,True,,,,proof only,,real,"Problem:

In the acute-angled triangle $ABC$, the altitudes $BD$ and $CE$ are drawn. Let $F$ and $G$ be the points of the line $ED$ such that $BF$ and $CG$ are perpendicular to $ED$. Prove that $EF = DG$.",,282,58,2,6,1,0,0,0,2
MATHNET-0akb,MathNet,Balkan Mathematical Olympiad,,North Macedonia,Algebra | Geometry,Algebraic Expressions | Plane Geometry,,unknown,"Analytic / Coordinate Methods > Cartesian coordinates | Polynomials > Irreducibility: Rational Root Theorem, Gauss's Lemma, Eisenstein | Transformations > Homothety | Miscellaneous > Distance chasing | Sequences and Series > Sums and products",,,,True,,,,proof and answer,English,real,"Let $q$ be a positive rational number. Two ants are initially at the same point $X$ in the plane. In the $n$-th minute ($n=1,2,3,\ldots$) each of them chooses whether to walk due north, east, south or west and then walks the distance of $q^n$ meter. After a whole number of minutes, they are at the same point in the plane (not necessarily $X$), but have not taken exactly the same route within that time. Determine all possible values of $q$.",1,1760,307,5,41,3,3,2,1,5
MATHNET-0ijk,MathNet,USAMO,,United States,Algebra,Equations and Inequalities | Intermediate Algebra,,unknown,QM-AM-GM-HM / Power Mean | Quadratic functions,,,,True,,,,proof and answer,,real,"Find all positive integers $n$ such that there are $k \ge 2$ positive rational numbers $a_1, a_2, \dots, a_k$ satisfying $a_1 + a_2 + \dots + a_k = a_1 \cdot a_2 \dots a_k = n$.",n = 4 or n ≥ 6,2167,457,6,45,2,7,2,4,6
MATHNET-0cvb,MathNet,Final round,,Russia,Discrete Mathematics,Combinatorics,,unknown,Invariants / monovariants | Games / greedy algorithms,,,,True,,,,proof and answer,English; Russian,real,"Pasha and Vova play the following game, making moves in turn; Pasha moves first. Initially they have a large piece of plasticine. By a move, Pasha cuts one of the existing pieces into three (of arbitrary sizes), and Vova merges two existing pieces into one. Pasha wins if at some moment there appears to be 100 pieces of equal weights. Can Vova prevent Pasha's win? (R. Efremov, D. Belov)",No; Vova cannot prevent Pasha’s win. Pasha has a winning strategy.,1813,305,5,1,0,0,0,0,5
MATHNET-0lf7,MathNet,Team selection tests,,Vietnam,Geometry,Plane Geometry,,unknown,"Circles > Tangents | Concurrency and Collinearity > Desargues theorem | Advanced Configurations > Isogonal/isotomic conjugates, barycentric coordinates | Advanced Configurations > Polar triangles, harmonic conjugates | Miscellaneous > Angle chasing | Triangles > Triangle centers: centroid, incenter, circumcenter, orthocenter, Euler line, nine-point circle",,,,True,,,,proof only,English,real,"Let $ABC$ be an acute, non-isosceles triangle with circumcircle $(O)$. $BE$, $CF$ are the heights of $\triangle ABC$, and $BE$, $CF$ intersect at $H$. Let $M$ be the midpoint of $AH$, and $K$ be the point on $EF$ such that $HK$ is perpendicular to $EF$. A line not going through $A$ and parallel to $BC$ intersects the minor arcs $AB$ and $AC$ of $(O)$ at $P$, $Q$, respectively. Show that the tangent line of the circumcircle of $CQE$ at $E$, the tangent line of the circumcircle of $BPF$ at $F$, and $MK$ concur.",,2247,403,9,108,4,2,4,0,9
MATHNET-00nu,MathNet,AUT_ABooklet_2023,,Austria,Algebra | Discrete Mathematics,Algebraic Expressions | Combinatorics,,unknown,Counting two ways | Sequences and Series > Sums and products,,,,True,,,,proof and answer,English,real,"Let $n$ be a positive integer. What proportion of the non-empty subsets of $\{1, 2, \dots, 2n\}$ has a smallest element that is odd?
(Birgit Vera Schmidt)",2/3,633,128,1,14,3,0,0,0,1
MATHNET-084f,MathNet,Progetto Olimpiadi di Matematica 2005 GARA di SECONDO LIVELLO,,Italy,Geometry,Plane Geometry,,unknown,Circles > Tangents | Miscellaneous > Distance chasing | Triangles,,,,False,,,,final answer only,,real,"Problem:

Due circonferenze $C_{1}$ e $C_{2}$ di centri $A$ e $B$ sono tangenti esternamente in $T$. Sia $B D$ un segmento tangente a $C_{1}$ in $D$ e sia $T C$ il segmento tangente ad entrambe in $T$ con $C \in B D$. Se $A T$ è lungo 80 e $B T$ è lungo 90, qual è la lunghezza di $C D$?",48,458,87,3,12,0,0,0,0,3
MATHNET-0325,MathNet,Bulgarian Mathematical Competitions,,Bulgaria,Algebra,Algebraic Expressions | Intermediate Algebra,,unknown,Polynomials > Vieta's formulas | Quadratic functions,,,,True,,,,proof and answer,,real,"Problem:
Find all values of $a$, for which the equation
$$
\frac{2 a}{(x+1)^{2}}+\frac{a+1}{x+1}-\frac{2(a+1) x-(a+3)}{2 x^{2}-x-1}=0
$$
has two real roots $x_{1}$ and $x_{2}$ satisfying the relation $x_{2}^{2}-a x_{1}=a^{2}-a-1$.",a = 3 and a = -1 - sqrt(2),1205,176,1,35,4,0,3,0,1
MATHNET-0cu8,MathNet,XLIII Russian mathematical olympiad,,Russia,Algebra | Geometry,Algebraic Expressions | Intermediate Algebra | Plane Geometry,,unknown,Transformations > Translation | Analytic / Coordinate Methods > Cartesian coordinates | Analytic / Coordinate Methods > Trigonometry | Quadratic functions | Polynomials > Polynomial operations,,,,True,,,,proof only,English; Russian,real,"In the Cartesian plane, two graphs $\Gamma_1$ and $\Gamma_2$ of monic quadratic trinomials and two non-parallel lines $l_1$ and $l_2$ are drawn. Assume that $\Gamma_1$ and $\Gamma_2$ cut out segments of equal lengths on $l_1$, and that they cut out segments of equal lengths on $l_2$. Prove that $\Gamma_1$ and $\Gamma_2$ coincide.",,2413,424,5,60,4,0,3,0,5
MATHNET-0gan,MathNet,二〇一七數學奧林匹亞競賽第二階段選訓營,,Taiwan,Algebra | Number Theory,Algebraic Expressions | Other | Prealgebra / Basic Algebra,,unknown,Functional Equations | Decimals | Integers,,,,True,,,,proof and answer,,real,"對於任何正整數 $k$, 令 $S(k)$ 表示其在十進制下的各個位數總和 (例: $S(209) = 2 + 0 + 9 = 11$)。試求所有整係數多項式 $P(x)$, 使得對於所有正整數 $n \ge 2017$, 都有 $P(n) > 0$ 且
$$
S(P(n)) = P(S(n)).
$$","P(x) = x or P(x) = c for c in {1, 2, 3, 4, 5, 6, 7, 8, 9}",1050,221,5,39,0,0,0,0,5
MATHNET-0ekm,MathNet,66. matematično tekmovanje srednješolcev Slovenije,,Slovenia,Algebra,Algebraic Expressions,,unknown,Functional Equations,,,,False,,,,MCQ,,real,"Problem:

Naj bo $f: \mathbb{R} \rightarrow \mathbb{R}$ funkcija, za katero velja
$$
f(x)= \begin{cases}x ; & x \geq 2 \\ f(4-x) ; & 0 \leq x<2 \\ f(x+2) ; & x<0\end{cases}
$$
Koliko je $f(-5)$ ?
(A) -3
(B) -1
(C) 1
(D) 3
(E) 5",D,77,4,2,2,0,0,0,0,2
MATHNET-058t,MathNet,Estonian Math Competitions,,Estonia,Geometry,Plane Geometry,,unknown,Circles > Tangents | Transformations > Rotation | Miscellaneous > Constructions and loci,,,,True,,,,proof only,English,real,"a. There are $2n$ rays marked in a plane, with $n$ being a natural number. Given that no two marked rays have the same direction and no two marked rays have a common initial point, prove that there exists a line that passes through none of the initial points of the marked rays and intersects with exactly $n$ marked rays.

b. Would the claim still hold if the assumption that no two marked rays have a common initial point was dropped?",,1096,192,2,20,2,0,0,0,2
MATHNET-08of,MathNet,Junior Balkan Mathematical Olympiad,,JBMO,Number Theory,Divisibility / Factorization | Other,,unknown,Factorization techniques,,,,True,,,,proof and answer,,real,"Problem:
Let $A = 1 \cdot 4 \cdot 7 \cdot \ldots \cdot 2014$ be the product of the numbers less or equal to $2014$ that give remainder $1$ when divided by $3$. Find the last non-zero digit of $A$.",2,1701,303,1,14,2,0,1,2,1
MATHNET-05ta,MathNet,PRÉPARATION OLYMPIQUE FRANÇAISE DE MATHÉMATIQUES,,France,Geometry,Plane Geometry,,unknown,Circles > Tangents | Quadrilaterals > Cyclic quadrilaterals | Miscellaneous > Angle chasing,,,,True,,,,proof only,,real,"Problem:

Soit $ABC$ un triangle et $\Gamma$ un cercle passant par $A$. On suppose que $\Gamma$ recoupe les segments $[AB]$ et $[AC]$ en deux points, que l'on appelle respectivement $D$ et $E$, et qu'il coupe le segment $[BC]$ en deux points, que l'on appelle $F$ et $G$, de sorte que $F$ se trouve entre $B$ et $G$. Soit $T$ le point d'intersection entre la tangente en $F$ au cercle circonscrit à $BDF$ et la tangente en $G$ au cercle circonscrit à $CEG$.
Démontrer que, si les points $A$ et $T$ sont distincts, alors $(AT)$ et $(BC)$ sont parallèles.",,931,175,3,12,0,0,0,0,3
MATHNET-00yo,MathNet,Baltic Way,,Baltic Way,Algebra,Algebraic Expressions,,unknown,Functional Equations > Injectivity / surjectivity | Functional Equations > Existential quantifiers,,,,True,,,,proof and answer,,real,"Problem:
Find all real-valued functions $f$ defined on the set of all non-zero real numbers such that:
(i) $f(1)=1$,
(ii) $f\left(\frac{1}{x+y}\right)=f\left(\frac{1}{x}\right)+f\left(\frac{1}{y}\right)$ for all non-zero $x, y, x+y$,
(iii) $(x+y) f(x+y)=x y f(x) f(y)$ for all non-zero $x, y, x+y$.",f(x) = 1/x,896,108,1,24,4,0,1,0,1
MATHNET-0g3p,MathNet,Zweite Runde 2021,,Switzerland,Geometry,Plane Geometry,,unknown,Quadrilaterals > Cyclic quadrilaterals | Concurrency and Collinearity > Menelaus' theorem | Miscellaneous > Angle chasing,,,,True,,,,proof only,,real,"Problem:

Sei $ABC$ ein spitzwinkliges Dreieck mit $BC > AC$. Die Mittelsenkrechte der Seite $AB$ schneidet die Gerade $BC$ in $X$ und die Gerade $AC$ in $Y$. Sei $P$ die Projektion von $X$ auf $AC$ und sei $Q$ die Projektion von $Y$ auf $BC$. Beweise, dass die Gerade $PQ$ die Strecke $AB$ in ihrem Mittelpunkt schneidet.",,2532,400,11,49,0,0,0,0,11
MATHNET-0ias,MathNet,Bay Area Mathematical Olympiad,,United States,Discrete Mathematics | Geometry,Combinatorics | Plane Geometry,,unknown,"Combinatorial Geometry | Coloring schemes, extremal arguments | Miscellaneous > Angle chasing",,,,True,,,,proof only,,real,"Problem:
A tiling of the plane with polygons consists of placing the polygons in the plane so that interiors of polygons do not overlap, each vertex of one polygon coincides with a vertex of another polygon, and no point of the plane is left uncovered. A unit polygon is a polygon with all sides of length one.
It is quite easy to tile the plane with infinitely many unit squares. Likewise, it is easy to tile the plane with infinitely many unit equilateral triangles.

a. Prove that there is a tiling of the plane with infinitely many unit squares and infinitely many unit equilateral triangles in the same tiling.

b. Prove that it is impossible to find a tiling of the plane with infinitely many unit squares and finitely many (and at least one) unit equilateral triangles in the same tiling.",,2842,475,11,8,4,7,1,0,11
MATHNET-05tc,MathNet,Envoi 5: Pot Pourri,,France,Geometry,Plane Geometry,,unknown,"Quadrilaterals > Cyclic quadrilaterals | Triangles > Triangle centers: centroid, incenter, circumcenter, orthocenter, Euler line, nine-point circle | Miscellaneous > Angle chasing",,,,True,,,,proof only,,real,"Problem:

Soit $ABC$ un triangle dont les angles sont aigus. La hauteur issue de $A$ recoupe le cercle circonscrit au triangle $ABC$ en un point $D$. La hauteur issue de $B$ recoupe le cercle circonscrit au triangle $ABC$ en un point $E$. La droite $(ED)$ coupe les côtés $[AC]$ et $[BC]$ respectivement en les points $P$ et $Q$. Montrer que les points $P, Q, B$ et $A$ sont cocycliques.",,1313,174,6,21,0,0,0,0,6
MATHNET-0i4x,MathNet,Harvard-MIT Math Tournament,,United States,Discrete Mathematics,Combinatorics,,unknown,"Recursion, bijection",,,,False,,,,final answer only,,real,"Problem:

A restricted path of length $n$ is a path of length $n$ such that for all $i$ between $1$ and $n-2$ inclusive, if the $i$th step is upward, the $i+1$st step must be rightward.
Find the number of restricted paths that start at $(0,0)$ and end at $(7,3)$.",56,416,69,2,9,0,0,0,0,2
MATHNET-0h3p,MathNet,Ukrainian Mathematical Olympiad,,Ukraine,Discrete Mathematics,Combinatorics | Graph Theory,,unknown,"Coloring schemes, extremal arguments | Matchings, Marriage Lemma, Tutte's theorem",,,,True,,,,proof and answer,English,real,"Is it possible to fill in a table $7 \times 7$ with $24$ ones and $25$ zeros so that:
1) for each cell containing one, sum of numbers in neighbour cells equals one,
2) for each cell containing zero, sum of numbers in neighbour cells does not equal one?
(Two cells are neighbours if they have a common side.)",Yes,76,9,2,0,0,0,0,0,2
MATHNET-0ar9,MathNet,13th Philippine Mathematical Olympiad,,Philippines,Algebra,Algebraic Expressions,,unknown,Polynomials > Polynomial operations,,,,True,,,,proof and answer,,real,"Problem:

Let $f(x)$ be a cubic polynomial. If $f(x)$ is divided by $2x+3$, the remainder is $4$, while if it is divided by $3x+4$, the remainder is $5$. What will be the remainder when $f(x)$ is divided by $6x^{2}+17x+12$?",6x + 13,0,0,0,0,0,0,0,0,0
MATHNET-038c,MathNet,Spring Mathematical Competition,,Bulgaria,Discrete Mathematics,Combinatorics,,unknown,"Coloring schemes, extremal arguments | Pigeonhole principle | Counting two ways",,,,True,,,,proof and answer,,real,"Problem:

The sets $M=\{1,2, \ldots, 27\}$ and $A=\{a_{1}, a_{2}, \ldots, a_{k}\} \subset \{1,2, \ldots, 14\}$ have the following property: every element of $M$ is either an element of $A$ or the sum of two (possibly identical) elements of $A$. Find the minimum value of $k$.",8,1559,230,7,42,9,2,4,0,7
MATHNET-0c9x,MathNet,Olimpiada Naţională GAZETA MATEMATICĂ,,Romania,Geometry,Plane Geometry,,unknown,Analytic / Coordinate Methods > Vectors | Analytic / Coordinate Methods > Trigonometry | Geometric Inequalities > Optimization in geometry,,,,True,,,,proof and answer,,real,"Problem:

Fie $P_{0}, P_{1}, \ldots, P_{2021}$ puncte pe cercul trigonometric, de centru $O$ şi rază $1$, astfel încât, pentru orice $n \in \{1,2, \ldots, 2021\}$, lungimea arcului de cerc parcurs în sens trigonometric de la $P_{n-1}$ la $P_{n}$ aparţine intervalului $\left[\frac{\pi}{2}, \pi\right]$.
Aflaţi lungimea maximă a vectorului
$$
\overrightarrow{O P}_{0}+\overrightarrow{O P}_{1}+\cdots+\overrightarrow{O P}_{2021}
$$",√2,0,0,0,0,0,0,0,0,0
MATHNET-0adb,MathNet,Macedonian Mathematical Competitions,,North Macedonia,Algebra | Discrete Mathematics,Combinatorics | Prealgebra / Basic Algebra,,unknown,Integers | Invariants / monovariants,,,,True,,,,proof and answer,,real,Let $1*2*3*4*5*6*7*8*9=0$ be a given equality. Is it possible to substitute some of the $*$ with $+$ and the others with $-$ to obtain a correct equality?,No,393,82,1,7,0,0,0,2,1
MATHNET-0c6i,MathNet,2019 ROMANIAN MATHEMATICAL OLYMPIAD,,Romania,Number Theory,Diophantine Equations | Divisibility / Factorization,,unknown,"Techniques: modulo, size analysis, order analysis, inequalities",,,,True,,,,proof and answer,English,real,"Determine all pairs $(a, b)$, of non-negative integers such that the quotients
$$
\frac{3a + 8b + 2}{10a + 2b + 1} \quad \text{and} \quad \frac{8a + b + 3}{2a + 7b + 3}
$$
are integers simultaneously.","(a, b) = (0, 0) and (1, 1)",0,0,0,0,0,0,0,0,0
MATHNET-06nw,MathNet,IMO Preliminary Selection Contest — Hong Kong,,Hong Kong,Discrete Mathematics,Combinatorics,,unknown,"Pigeonhole principle | Coloring schemes, extremal arguments",,,,True,,,,proof and answer,,real,"There is a $20 \times 20$ table and $400$ cards printed with the numbers $1$ to $400$. The cards are then distributed to the cells of the table so that there is one card in each cell. After that, we put a red sticker on the card in each row with the largest number, and a blue sticker on the card in each column with the largest number. Let $A$ denote the smallest number on the $20$ cards with red stickers, and $B$ denote the smallest number on the $20$ cards with blue stickers. How many different possible values of $|A - B|$ are there?",362,1343,339,7,27,1,0,0,0,7
MATHNET-02kg,MathNet,Brazilian Mathematical Olympiad,,Brazil,Algebra,Prealgebra / Basic Algebra,,unknown,Simple Equations,,,,False,,,,MCQ,,real,"Problem:

Em um quadrado mágico, a soma dos 3 números de cada linha, coluna ou diagonal é sempre a mesma. A seguir temos um quadrado mágico, parcialmente preenchido.

|   |   |   |
| :--- | :--- | :--- |
| 1 | 14 | $x$ |
| 26 |   | 13 |

Qual é o valor de $x$?
A) 20
B) 22
C) 23
D) 25
E) 27",E) 27,419,58,3,5,0,0,0,0,3
MATHNET-09q7,MathNet,Dutch TST,,Netherlands,Geometry,Plane Geometry,,unknown,Quadrilaterals > Cyclic quadrilaterals | Circles > Tangents | Miscellaneous > Angle chasing,,,,True,,,,proof only,,real,"Problem:

De twee cirkels $\Gamma_{1}$ en $\Gamma_{2}$ snijden elkaar in $P$ en $Q$. De gemeenschappelijke raaklijn aan de kant van $P$ raakt de cirkels in $A$ resp. $B$. De raaklijn aan $\Gamma_{1}$ in $P$ snijdt $\Gamma_{2}$ voor de tweede keer in $C$ en de raaklijn aan $\Gamma_{2}$ in $P$ snijdt $\Gamma_{1}$ voor de tweede keer in $D$. Het snijpunt van de lijnen $A P$ en $B C$ noemen we $E$ en het snijpunt van de lijnen $B P$ en $A D$ noemen we $F$. Zij $M$ de puntspiegeling van $P$ in het midden van $A B$. Bewijs dat $A M B E Q F$ een koordenzeshoek is.",,1447,260,7,32,0,0,0,0,7
MATHNET-0d6e,MathNet,SAUDI ARABIAN MATHEMATICAL COMPETITIONS,,Saudi Arabia,Discrete Mathematics | Number Theory,Divisibility / Factorization | Modular Arithmetic | Other,,unknown,Greatest common divisors (gcd) | Inverses mod n,,,,True,,,,proof only,English,real,"1) Prove that there are infinitely many positive integers $n$ such that there exists a permutation of $1,2,3, \ldots, n$ with the property that the difference between any two adjacent numbers is equal to either $2015$ or $2016$.

2) Let $k$ be a positive integer. Is the statement in 1) still true if we replace the numbers $2015$ and $2016$ by $k$ and $k+2016$, respectively?",,2940,478,8,62,1,3,1,0,8
MATHNET-05e9,MathNet,EGMO 2024,,European Girls' Mathematical Olympiad (EGMO),Algebra,Algebraic Expressions,,unknown,"Polynomials > Polynomial operations | Polynomials > Polynomial interpolation: Newton, Lagrange",,,,True,,,,proof and answer,,real,"Problem:
Find all positive integers $d$ for which there exists a degree $d$ polynomial $P$ with real coefficients such that there are at most $d$ different values among $P(0), P(1), \ldots, P\left(d^{2}-d\right)$.","{1, 2, 3}",10472,1545,20,217,17,18,16,4,20
MATHNET-0cy2,MathNet,SAMC,,Saudi Arabia,Algebra | Geometry,Equations and Inequalities | Plane Geometry,,unknown,"Triangles > Triangle centers: centroid, incenter, circumcenter, orthocenter, Euler line, nine-point circle | Analytic / Coordinate Methods > Cartesian coordinates | Cauchy-Schwarz | Miscellaneous > Angle chasing",,,,True,,,,proof and answer,English,real,"Let $ABC$ be a right angled triangle with $\widehat{A}=90^{\circ}$ and $BC=a$, $AC=b$, $AB=c$. Let $d$ be a line passing through the incenter of triangle and intersecting the sides $AB$ and $AC$ in $P$ and $Q$, respectively.

a. Prove that
$$
b \cdot \frac{PB}{PA} + c \cdot \frac{QC}{QA} = a ;
$$

b. Find the minimum of
$$
\left(\frac{PB}{PA}\right)^{2} + \left(\frac{QC}{QA}\right)^{2} .
$$",1,2784,437,4,50,7,1,0,0,4
MATHNET-00up,MathNet,BMO 2023 Short List,,Balkan Mathematical Olympiad,Geometry,Plane Geometry,,unknown,"Quadrilaterals > Cyclic quadrilaterals | Advanced Configurations > Simson line | Advanced Configurations > Miquel point | Circles > Radical axis theorem | Advanced Configurations > Polar triangles, harmonic conjugates | Miscellaneous > Angle chasing | Triangles > Triangle centers: centroid, incenter, circumcenter, orthocenter, Euler line, nine-point circle",,,,True,,,,proof only,,real,"Let $ABC$ be a triangle with circumcenter $O$. Point $X$ is the intersection of the parallel line from $O$ to $AB$ with the perpendicular line to $AC$ from $C$. Let $Y$ be the point where the external bisector of $\angle BXC$ intersects with $AC$. Let $K$ be the projection of $X$ onto $BY$.
Prove that the lines $AK$, $XO$, $BC$ have a common point.",,2226,408,4,64,4,3,0,0,4
MATHNET-0edn,MathNet,Slovenija 2016,,Slovenia,Geometry,Plane Geometry,,unknown,Triangles > Triangle trigonometry | Miscellaneous > Distance chasing | Miscellaneous > Angle chasing,,,,False,,,,MCQ,,real,"Take an equilateral triangle $ABC$ with the side of length $a$. Draw the squares $BADE$ and $CBFG$ on the sides $AB$ and $BC$, respectively (see figure). How long is the line segment $DG$?
![](attached_image_1.png)
(A) $(\sqrt{2} + 1)a$
(B) $(2\sqrt{2} + 1)a$
(C) $(\sqrt{3} + 1)a$
(D) $\sqrt{3}a$
(E) 1",(\sqrt{3} + 1)a,644,111,1,17,1,0,0,0,1
MATHNET-0gfv,MathNet,"2022 數學奧林匹亞競賽第二階段培訓營, 獨立研究 (二)",,Taiwan,Algebra,Algebraic Expressions | Intermediate Algebra,,unknown,Polynomials | Complex numbers,,,,True,,,,proof only,Chinese; English,real,"對任一正整數 $n$，證明多項式
$$
P_n(x) = \sum_{k=0}^{n} 2^k \binom{2n}{2k} x^k (x-1)^{n-k}
$$
有 $n$ 個實根。

(註：$\binom{2n}{2k}$ 為二項式係數。)",,0,0,0,0,0,0,0,0,0
MATHNET-0e06,MathNet,National Math Olympiad,,Slovenia,Algebra,Algebraic Expressions,,unknown,Polynomials > Polynomial operations,,,,True,,,,proof and answer,,real,"Consider all polynomials with the leading coefficient $1$ that give the remainder of $1$ when divided by $x + 1$ and the remainder $2$ when divided by $x^2 + 1$. Among these, find the polynomial of the lowest degree.",x^3 + (1/2)x^2 + x + 5/2,958,247,2,27,3,0,1,0,2
MATHNET-05j5,MathNet,OFM,,France,Geometry,Plane Geometry,,unknown,"Triangles > Triangle centers: centroid, incenter, circumcenter, orthocenter, Euler line, nine-point circle | Miscellaneous > Angle chasing",,,,True,,,,proof only,,real,"Problem:

Sur la diagonale $[BD]$ d'un carré $ABCD$ on a choisi un point $E$. Soient $O_{1}$ et $O_{2}$ les centres des cercles circonscrits aux triangles $ABE$ et $ADE$ respectivement. Montrer que $AO_{1}EO_{2}$ est un carré.

![](attached_image_1.png)",,335,51,3,10,0,0,0,0,3
MATHNET-0f0z,MathNet,ASU,,Soviet Union,Algebra,Algebraic Expressions,,unknown,Functional Equations,,,,True,,,,proof and answer,,real,"Problem:

$f$ is a function on the closed interval $[0, 1]$ with non-negative real values. $f(1) = 1$ and $f(x + y) \geq f(x) + f(y)$ for all $x, y$. Show that $f(x) \leq 2x$ for all $x$. Is it necessarily true that $f(x) \leq 1.9x$ for all $x$?","Yes, always f(x) ≤ 2x. No, the bound with coefficient 1.9 is not guaranteed; for example, the function that is zero on the left half and one on the right half violates it.",399,84,4,14,1,0,1,0,4
MATHNET-034j,MathNet,Bulgarian Mathematical Competitions,,Bulgaria,Algebra | Number Theory,Diophantine Equations | Equations and Inequalities,,unknown,"Techniques: modulo, size analysis, order analysis, inequalities | Linear and quadratic inequalities",,,,True,,,,proof only,,real,"Problem:
Prove that for every positive integer $n$ there exist integers $p$ and $q$ such that
$$
\left|p^{2}+2 q^{2}-n\right| \leq \sqrt[4]{9 n}
$$",,809,156,1,21,0,0,2,0,1
MATHNET-0d0v,MathNet,Saudi Arabia Mathematical Competitions 2012,,Saudi Arabia,Geometry,Plane Geometry,,unknown,"Triangles > Triangle centers: centroid, incenter, circumcenter, orthocenter, Euler line, nine-point circle | Quadrilaterals > Cyclic quadrilaterals | Triangles > Triangle trigonometry | Miscellaneous > Angle chasing | Miscellaneous > Constructions and loci",,,,True,,,,proof only,English,real,"Let $ABC$ be a triangle, $I_a$ the excenter opposite to $A$, and $M$ its reflection across $BC$. Prove that $AM$ is parallel to the Euler line of triangle $BCI_a$.",,2339,319,8,52,9,0,0,0,8
MATHNET-0ec2,MathNet,"15. tekmovanje v znanju matematike za dijake srednjih tehniških in strokovnih šol, Državno tekmovanje",,Slovenia,Statistics,Probability,,unknown,Counting Methods > Permutations,,,,True,,,,proof and answer,,real,"Problem:

Iz črk besede LJUBEZNIVOST sestavljamo besede dolžine 4. Črke se ne smejo ponavljati.

a) Koliko različnih besed lahko sestavimo?

b) Koliko različnih besed lahko sestavimo, če uporabimo le samoglasnike?

c) Izračunaj verjetnost, da iz naključno izbranih črk sestavimo besedo NEBO.

d) Izračunaj verjetnost, da iz naključno izbranih črk sestavimo besedo, ki se začne in konča s soglasnikom.

(8 točk)",a) 11880; b) 24; c) 1/11880; d) 14/33,0,0,0,0,0,0,0,0,0
MATHNET-0kfj,MathNet,HMMT February 2020,,United States,Algebra,Algebraic Expressions,,unknown,Polynomials > Vieta's formulas | Polynomials > Polynomial operations | Polynomials > Symmetric functions,,,,True,,,,proof and answer,,real,"Problem:
Let $P(x) = x^{2020} + x + 2$, which has $2020$ distinct roots. Let $Q(x)$ be the monic polynomial of degree $\binom{2020}{2}$ whose roots are the pairwise products of the roots of $P(x)$. Let $\alpha$ satisfy $P(\alpha) = 4$. Compute the sum of all possible values of $Q\left(\alpha^{2}\right)^{2}$.",2020*2^{2019},1525,196,1,24,2,0,0,1,1
MATHNET-0kqz,MathNet,HMMT February,,United States,Algebra | Geometry,Algebraic Expressions | Linear Algebra | Plane Geometry,,unknown,Analytic / Coordinate Methods > Complex numbers in geometry | Linear transformations | Determinants | Polynomials > Roots of unity,,,,False,,,,final answer only,,real,"Problem:
For a point $P=(x, y)$ in the Cartesian plane, let $f(P)=\left(x^{2}-y^{2}, 2 x y-y^{2}\right)$. If $S$ is the set of all $P$ so that the sequence $P, f(P), f(f(P)), f(f(f(P))), \ldots$ approaches $(0,0)$, then the area of $S$ can be expressed as $\pi \sqrt{r}$ for some positive real number $r$. Compute $\lfloor 100 r\rfloor$.",133,830,93,1,13,1,0,0,1,1
MATHNET-03ma,MathNet,Kanada 2011,,Canada,Discrete Mathematics | Number Theory,Combinatorics | Modular Arithmetic,,unknown,Pigeonhole principle,,,,True,,,,proof only,English,real,"Show that there exists a positive integer $N$ such that for all integers $a > N$, there exists a contiguous substring of the decimal expansion of $a$ that is divisible by $2011$. (For instance, if $a = 153204$, then $15$, $532$, and $0$ are all contiguous substrings of $a$. Note that $0$ is divisible by $2011$.)",,560,99,4,19,3,0,1,0,4
MATHNET-01b9,MathNet,Baltic Way,,Baltic Way,Algebra | Discrete Mathematics,Algebraic Expressions | Combinatorics,,unknown,Polynomials | Functional Equations | Induction / smoothing,,,,True,,,,proof only,,real,"Prove that, for any positive integers $d$ and $m$, a polynomial of degree $d$ with real coefficients cannot be expressed by a product of $m$ periodic functions. (A function $f: \mathbb{R} \to \mathbb{R}$ is called *periodic* if there exists a constant $T = T(f) > 0$ such that $f(x + T) = f(x)$ for all $x \in \mathbb{R}$.)",,2701,502,4,74,10,6,4,3,4
MATHNET-0f27,MathNet,ASU,,Soviet Union,Discrete Mathematics,Combinatorics,,unknown,Pigeonhole principle,,,,True,,,,proof only,,real,"Problem:

The positive integers $a_1$, $a_2$, ..., $a_m$, $b_1$, $b_2$, ..., $b_n$ satisfy: $a_1 + a_2 + \ldots + a_m = b_1 + b_2 + \ldots + b_n < mn$. Show that we can delete some (but not all) of the numbers so that the sum of the remaining $a$'s equals the sum of the remaining $b$'s.",,0,0,0,0,0,0,0,0,0
MATHNET-0fk5,MathNet,Spanish Mathematical Olympiad - Local Stage,,Spain,Geometry,Solid Geometry,,unknown,Volume | Surface Area | Other 3D problems,,,,True,,,,proof only,,real,"Problem:
Demostrar que es imposible obtener un cubo yuxtaponiendo tetraedros regulares, todos del mismo tamaño.",,714,118,2,14,0,0,0,0,2
MATHNET-0bgs,MathNet,Olimpiada Naţională de Matematică,,Romania,Algebra | Number Theory,Algebraic Expressions | Divisibility / Factorization,,unknown,Sequences and Series > Sums and products | Prime numbers | Factorization techniques,,,,True,,,,proof only,,real,"Problem:
a) Să se arate că
$$
\frac{1}{2}+\frac{1}{3}+\frac{1}{4}+\ldots+\frac{1}{2^{m}}<m
$$
pentru orice $m \in \mathbb{N}^{*}$.

b) Fie $p_{1}, p_{2}, \ldots, p_{n}$ numerele prime mai mici decât $2^{100}$. Să se arate că
$$
\frac{1}{p_{1}}+\frac{1}{p_{2}}+\ldots+\frac{1}{p_{n}}<10
$$",,1135,111,2,21,0,0,0,0,2
MATHNET-0l56,MathNet,HMMT February,,United States,Discrete Mathematics | Number Theory,Combinatorics | Modular Arithmetic,,unknown,,,,,False,,,,final answer only,,real,"Problem:
A number is upwards if its digits in base 10 are nondecreasing when read from left to right. Compute the number of positive integers less than $10^{6}$ that are both upwards and multiples of 11.",219,1067,196,1,28,3,0,0,0,1
MATHNET-0l8o,MathNet,VIETNAMESE MATHEMATICAL OLYMPIAD,,Vietnam,Algebra,Equations and Inequalities,,unknown,Cauchy-Schwarz | QM-AM-GM-HM / Power Mean,,,,True,,,,proof and answer,,real,"Let $x$, $y$, $z$ be positive real numbers satisfying the following conditions:
$$
\frac{1}{\sqrt{2}} \leq z < \frac{1}{2} \min \{x\sqrt{2},\ y\sqrt{3}\}, \\
 x + z\sqrt{3} \geq \sqrt{6}, \\
 y\sqrt{3} + z\sqrt{10} \geq 2\sqrt{5}.
$$
Find the greatest value of the expression:
$$
P(x, y, z) = \frac{1}{x^2} + \frac{2}{y^2} + \frac{3}{z^2}
$$",118/15,1392,204,1,27,2,0,0,0,1
MATHNET-05ra,MathNet,PRÉPARATION OLYMPIQUE FRANÇAISE DE MATHÉMATIQUES,,France,Number Theory,Diophantine Equations | Divisibility / Factorization | Number-Theoretic Functions,,unknown,"τ (number of divisors) | Factorization techniques | Techniques: modulo, size analysis, order analysis, inequalities",,,,True,,,,proof only,,real,"Problem:

Pour $m$ entier positif, on note $d(m)$ le nombre de diviseurs positifs de $m$ (1 et $m$ compris). Soit $k$ un entier strictement positif. Montrer qu'il existe une infinité d'entiers positifs $n$ tels que $n$ ait exactement $k$ diviseurs premiers distincts et tel que pour tout $a, b$ entiers strictement positifs avec $n=a+b$, $d(n)$ ne divise pas $d\left(a^{2}+b^{2}\right)$.",,1096,205,6,41,0,1,0,0,6
MATHNET-00ok,MathNet,Austrian Mathematical Olympiad,,Austria,Discrete Mathematics | Number Theory,Combinatorics | Modular Arithmetic,,unknown,Invariants / monovariants | Games / greedy algorithms,,,,True,,,,proof only,English,real,"Anna, Berta and Clara write the square numbers $1, 4, 9, \dots, 2025$ on a blackboard, compute their sum and observe that it is divisible by $3$. Then, they agree to the following game: In each round, Anna will cross out one number, then Berta will do the same, and then Clara will do the same. This continues until all numbers are crossed out. Clara has the goal that the sum of the remaining numbers after each round is divisible by $3$.

a) Prove that Anna cannot stop Clara from reaching her goal if Clara has Berta's help.

b) Prove that Berta can stop Clara from reaching her goal even if Clara has Anna's help.

(Richard Henner)",,1050,188,4,23,4,0,4,3,4
MATHNET-0fid,MathNet,Olimpiada Matemática Española,,Spain,Number Theory,Divisibility / Factorization | Modular Arithmetic,,unknown,Factorization techniques,,,,True,,,,proof and answer,,real,"Problem:

Hallar todos los números naturales de cuatro cifras, escritos en base 10, que sean iguales al cubo de la suma de sus cifras.","4913, 5832",1417,349,5,42,0,0,0,0,5
MATHNET-0jt8,MathNet,HMMT February,,United States,Geometry | Number Theory,Diophantine Equations | Divisibility / Factorization | Plane Geometry,,unknown,"Analytic / Coordinate Methods > Cartesian coordinates | Miscellaneous > Distance chasing | Factorization techniques | Techniques: modulo, size analysis, order analysis, inequalities",,,,True,,,,proof and answer,,real,"Problem:

On the Cartesian plane $\mathbb{R}^{2}$, a circle is said to be nice if its center is at the origin $(0,0)$ and it passes through at least one lattice point (i.e. a point with integer coordinates). Define the points $A=(20,15)$ and $B=(20,16)$. How many nice circles intersect the open segment $AB$?

For reference, the numbers $601,607,613,617,619,631,641,643,647,653,659,661,673,677,683,691$ are the only prime numbers between $600$ and $700$.",10,1669,275,23,34,0,3,6,4,20
MATHNET-0fmk,MathNet,Olimpiada Internacional de Matemáticas,,Spain,Algebra | Number Theory,Algebraic Expressions | Divisibility / Factorization,,unknown,Factorization techniques | Sequences and Series > Telescoping series | Sequences and Series > Sums and products,,,,True,,,,proof only,Spanish,real,"Demostrar que para cualquier par de enteros positivos $k$ y $n$, existen $k$ enteros positivos $m_1, m_2, \dots, m_k$ (no necesariamente distintos) tales que
$$
1 + \frac{2^k - 1}{n} = \left(1 + \frac{1}{m_1}\right) \left(1 + \frac{1}{m_2}\right) \dots \left(1 + \frac{1}{m_k}\right)
$$",,3617,609,2,72,0,0,0,0,2
MATHNET-007d,MathNet,National Olympiad of Argentina,,Argentina,Geometry,Plane Geometry,,unknown,Triangles | Transformations > Homothety | Miscellaneous > Distance chasing,,,,True,,,,proof and answer,English,real,"In triangle $ABC$ point $P$ divides side $AB$ in ratio $\frac{AP}{PB} = \frac{1}{4}$. The perpendicular bisector of segment $PB$ intersects side $BC$ at point $Q$. If $\text{area}(PQC) = \frac{4}{25}\text{area}(ABC)$ and $AC = 7$, find $BC$.",7,706,91,2,16,4,0,1,0,2
MATHNET-0inh,MathNet,IMO,,United States,Algebra | Number Theory,Algebraic Expressions | Diophantine Equations | Divisibility / Factorization,,unknown,Greatest common divisors (gcd) | Infinite descent / root flipping | Polynomials > Polynomial operations,,,,True,,,,proof only,,real,"Let $a$ and $b$ be positive integers. Show that if $4ab - 1$ divides $(4a^2 - 1)^2$, then $a = b$.",,3501,712,8,92,12,8,13,0,8
MATHNET-05k2,MathNet,Olympiades Françaises de Mathématiques,,France,Algebra,Algebraic Expressions | Equations and Inequalities,,unknown,Sequences and Series > Sums and products | Linear and quadratic inequalities,,,,True,,,,proof only,,real,"Problem:

Pour tout entier $n \geqslant 1$, on pose $S_{n} = x_{1} + x_{2} + \cdots + x_{n}$, où $x_{k} = \frac{k(k+1)}{2}$ pour tout $k \geqslant 1$. Prouver que, pour tout $n \geqslant 10$, il existe un entier $a_{n}$ tel que $S_{n-1} < a_{n}^{2} < S_{n}$.",,1000,148,3,18,0,0,0,0,3
MATHNET-09vi,MathNet,IMO-selectietoets II,,Netherlands,Geometry,Plane Geometry,,unknown,"Quadrilaterals > Cyclic quadrilaterals | Miscellaneous > Angle chasing | Triangles > Triangle centers: centroid, incenter, circumcenter, orthocenter, Euler line, nine-point circle",,,,True,,,,proof only,,real,"Problem:

Zij $ABC$ een scherphoekige driehoek met $O$ het middelpunt van de omgeschreven cirkel. Punt $Q$ ligt op de omgeschreven cirkel van $\triangle BOC$ zodat $OQ$ een middellijn is. Punt $M$ ligt op $CQ$ en punt $N$ ligt inwendig op lijnstuk $BC$ zodat $ANC M$ een parallellogram is. Bewijs dat de omgeschreven cirkel van $\triangle BOC$ en de lijnen $AQ$ en $NM$ door één punt gaan.

![](attached_image_1.png)",,1397,174,6,31,0,0,0,0,6
MATHNET-0f03,MathNet,ASU,,Soviet Union,Geometry,Plane Geometry,,unknown,Miscellaneous > Angle chasing | Transformations > Rotation | Miscellaneous > Constructions and loci,,,,True,,,,proof only,,real,"Problem:

$P$ is a convex polygon and $X$ is an interior point such that for every pair of vertices $A$, $B$, the triangle $XAB$ is isosceles. Prove that all the vertices of $P$ lie on some circle center $X$.",,0,0,0,0,0,0,0,0,0
MATHNET-023c,MathNet,Nível 3,,Brazil,Algebra | Number Theory,Divisibility / Factorization | Modular Arithmetic | Prealgebra / Basic Algebra,,unknown,Fractions | Least common multiples (lcm) | Greatest common divisors (gcd) | Factorization techniques,,,,True,,,,proof and answer,,real,"Problem:

Duas frações irredutíveis têm seus denominadores iguais a 600 e 700. Encontrar o valor mínimo para o denominador da soma das frações.",168,767,135,4,22,1,0,0,0,4
MATHNET-0jcv,MathNet,Harvard-MIT Mathematics Tournament,,United States,Algebra,Algebraic Expressions,,unknown,Polynomials > Vieta's formulas,,,,True,,,,proof and answer,,real,"Problem:

How many real triples $(a, b, c)$ are there such that the polynomial $p(x)=x^{4}+a x^{3}+b x^{2}+a x+c$ has exactly three distinct roots, which are equal to $\tan y, \tan 2 y$, and $\tan 3 y$ for some real $y$?",18,1994,441,12,46,0,1,10,0,12
MATHNET-0bth,MathNet,2016 European Girls' Mathematical Olympiad,,Romania,Discrete Mathematics,Combinatorics,,unknown,"Coloring schemes, extremal arguments",,,,True,,,,proof and answer,English,real,"Let $k$ and $n$ be integers such that $k \ge 2$ and $k \le n \le 2k-1$. Place rectangular tiles, each of size $1 \times k$ or $k \times 1$, on an $n \times n$ chessboard so that each tile covers exactly $k$ cells, and no two tiles overlap. Do this until no further tile can be placed in this way. For each such $k$ and $n$, determine the minimum number of tiles that such an arrangement may contain.","Minimum number of tiles = n if n = k; and min(n, 2n − 2k + 2) if k < n < 2k.",2491,432,10,49,4,2,7,0,10
MATHNET-08bm,MathNet,Gara di Febbraio,,Italy,Number Theory,Divisibility / Factorization | Modular Arithmetic,,unknown,Least common multiples (lcm),,,,False,,,,MCQ,,real,"Problem:

Un testo antico dichiara che Matusalemme visse 150 anni, dove il simbolo $\ast$ sostituisce la cifra delle unità, che gli studiosi non riescono a leggere. Fortunatamente siamo in possesso di altri tre manoscritti sulla vita di Matusalemme; il primo sostiene che egli visse un numero pari di anni, il secondo che ne visse un numero multiplo di 3, il terzo che ne visse un numero multiplo di 5. Sapendo che esattamente uno di questi tre manoscritti contiene un'informazione falsa, quante diverse cifre potrebbero celarsi dietro il simbolo $\ast$?

(A) Nessuna
(B) Una
(C) Due
(D) Tre
(E) Quattro",B,552,114,3,13,0,0,0,0,3
MATHNET-0jqi,MathNet,HMMT February 2015,,United States,Algebra | Discrete Mathematics,Algebraic Expressions | Combinatorics,,unknown,"Recursion, bijection | Sequences and Series > Recurrence relations",,,,True,,,,proof and answer,,real,"Problem:

Count the number of functions $f: \mathbb{Z} \rightarrow\{\text{'green'}, \text{'blue'}\}$ such that $f(x)=f(x+22)$ for all integers $x$ and there does not exist an integer $y$ with $f(y)=f(y+2)=\text{'green'}$.",39601,1160,194,6,14,1,0,2,0,6
MATHNET-0l1k,MathNet,HMMT November 2024,,United States,Geometry,Plane Geometry,,unknown,Analytic / Coordinate Methods > Trigonometry | Analytic / Coordinate Methods > Cartesian coordinates,,,,True,,,,proof and answer,,real,"Problem:

The graph of the equation $\tan (x+y)=\tan (x)+2 \tan (y)$, with its pointwise holes filled in, partitions the coordinate plane into congruent regions. Compute the perimeter of one of these regions.

Proposed by: Karthik Venkata Vedula",π(√5+1),1199,238,7,18,2,0,0,1,7
MATHNET-0ing,MathNet,Team Selection Test,,United States,Geometry,Plane Geometry,,unknown,"Circles > Tangents | Quadrilaterals > Cyclic quadrilaterals | Advanced Configurations > Brocard point, symmedians | Advanced Configurations > Miquel point | Circles > Circle of Apollonius | Triangles > Triangle trigonometry | Miscellaneous > Angle chasing | Triangles > Triangle centers: centroid, incenter, circumcenter, orthocenter, Euler line, nine-point circle",,,,True,,,,proof only,,real,Triangle $ABC$ is inscribed in circle $\omega$. The tangent lines to $\omega$ at $B$ and $C$ meet at $T$. Point $S$ lies on ray $BC$ such that $AS \perp AT$. Points $B_1$ and $C_1$ lie on ray $ST$ (with $C_1$ in between $B_1$ and $S$) such that $B_1T = BT = C_1T$. Prove that triangles $ABC$ and $AB_1C_1$ are similar to each other.,,4702,785,12,128,13,4,1,0,12
MATHNET-0kzn,MathNet,AMC 10 B,,United States,Algebra | Discrete Mathematics,Combinatorics | Prealgebra / Basic Algebra,,unknown,Invariants / monovariants | Integers,,,,False,,,,MCQ,,real,"Jerry likes to play with numbers. One day, he wrote all the integers from $1$ to $2024$ on the whiteboard. Then he repeatedly chose four numbers on the whiteboard, erased them, and replaced them by either their sum or their product. (For example, Jerry's first step might have been to erase $1$, $2$, $3$, and $5$, and then write either $11$, their sum, or $30$, their product, on the whiteboard.) After repeatedly performing this operation, Jerry noticed that all the remaining numbers on the whiteboard were odd. What is the maximum possible number of integers on the whiteboard at that time?

(A) $1010$ (B) $1011$ (C) $1012$ (D) $1013$ (E) $1014$",A,799,140,2,18,0,1,0,2,2
MATHNET-0ek6,MathNet,22. tekmovanje v znanju matematike za dijake srednjih tehniških in strokovnih šol,,Slovenia,Algebra,Prealgebra / Basic Algebra,,unknown,Simple Equations | Fractions,,,,False,,,,MCQ,,real,"Problem:

Kolikšna je absolutna vrednost razlike rešitev enačbe $\left(1-\left(1+x^{-2}\right)^{-1}\right)^{-1}=3,25$?

(A) -3
(B) -1
(C) 1
(D) 3
(E) 0",D,186,22,2,4,0,0,0,0,2
MATHNET-0g2s,MathNet,SMO 2019,,Switzerland,Discrete Mathematics,Combinatorics,,unknown,Invariants / monovariants | Games / greedy algorithms,,,,True,,,,proof only,,real,"Problem:

Sei $n$ eine natürliche Zahl. In einer Reihe stehen $n+1$ Schüsseln, die von links nach rechts mit den Zahlen $0, 1, \ldots, n$ nummeriert sind. Am Anfang liegen $n$ Steine in der Schüssel $0$ und kein Stein in den anderen Schüsseln. Sisyphus will diese $n$ Steine in die Schüssel $n$ bewegen. Dafür bewegt Sisyphus in jedem Zug genau einen Stein von einer Schüssel $i$ mit $k$ Steinen um höchstens $k$ Schüsseln nach rechts, also in eine Schüssel mit Nummer kleiner oder gleich $k+i$. Sei $T$ die minimale Anzahl Züge, die Sisyphus benötigt, um alle Steine in die Schüssel $n$ zu bewegen. Zeige, dass gilt:
$$
T \geq \left\lceil \frac{n}{1} \right\rceil + \left\lceil \frac{n}{2} \right\rceil + \ldots + \left\lceil \frac{n}{n} \right\rceil
$$",,970,155,3,9,0,0,0,0,3
MATHNET-05jo,MathNet,Olympiades Françaises de Mathématiques,,France,Geometry,Plane Geometry,,unknown,Quadrilaterals | Geometric Inequalities > Optimization in geometry | Geometric Inequalities > Triangle inequalities | Triangles > Triangle inequalities | Miscellaneous > Distance chasing,,,,True,,,,proof only,,real,"Problem:

Soit $ABCD$ un quadrilatère convexe. Pour tout point $M$ à l'intérieur ou sur le bord de $ABCD$, on pose
$$
f(M) = MA + MB + MC + MD.
$$
Prouver que, pour tout $M$, on a
$$
f(M) \leqslant \max(f(A), f(B), f(C), f(D))
$$",,1961,401,4,58,0,0,0,0,4
MATHNET-0fk4,MathNet,Spanish Mathematical Olympiad - Local Stage,,Spain,Number Theory,Divisibility / Factorization,,unknown,Prime numbers | Factorization techniques,,,,True,,,,proof only,,real,"Problem:
Sean $a, b, c, d$ números enteros positivos que satisfacen $a b = c d$. Demostrar que $a + b + c + d$ no es un número primo.",,207,56,1,6,0,0,0,0,1
MATHNET-08ew,MathNet,XXXVII Olimpiade Italiana di Matematica,,Italy,Discrete Mathematics | Number Theory,Combinatorics | Modular Arithmetic,,unknown,"Catalan numbers, partitions | Pigeonhole principle | Induction / smoothing | Recursion, bijection | Chinese remainder theorem",,,,True,,,,proof and answer,,real,"Problem:

Una successione $x_{1}, x_{2}, \ldots, x_{n}, \ldots$ è costituita da un blocco iniziale di $p$ interi positivi distinti, che poi si ripetono periodicamente. Questo vuol dire che $\left\{x_{1}, x_{2}, \ldots, x_{p}\right\}$ sono $p$ interi positivi distinti, e $x_{n+p}=x_{n}$ per ogni intero positivo $n$.
I termini della successione non sono noti, e l'obiettivo è individuare il periodo $p$. Per far questo, ad ogni passaggio è possibile rivelare il valore di un termine della successione a propria scelta (e la scelta può dipendere dall'esito dei passaggi precedenti).

a. Sapendo a priori che $1 \leq p \leq 10$, determinare il minimo $n$ per cui esiste una strategia che permette di individuare con certezza $p$ rivelando al più $n$ termini.

b. Sapendo a priori che $p$ è uno dei primi $k$ numeri primi, determinare per quali valori di $k$ esiste una strategia che permette di individuare con certezza $p$ rivelando al più 5 termini.",a: 4; b: k ≤ 52,20953,3106,53,321,5,0,0,0,20
MATHNET-05qv,MathNet,Préparation Olympique Française de Mathématiques,,France,Number Theory,Divisibility / Factorization | Modular Arithmetic,,unknown,Greatest common divisors (gcd),,,,True,,,,proof only,,real,"Problem:

Soit $n$ un entier naturel impair, et soit $a_{1}, \ldots, a_{n}$ des entiers naturels non nuls. On note $A$ le produit des entiers $a_{i}$, et $d$ leur plus grand diviseur commun.
Montrer que
$$
\operatorname{PGCD}\left(a_{1}^{n}+A, a_{2}^{n}+A, \ldots, a_{n}^{n}+A\right) \leqslant 2 d^{n}
$$",,1060,141,4,25,0,0,0,0,4
MATHNET-0b1m,MathNet,22nd Philippine Mathematical Olympiad,,Philippines,Algebra,Algebraic Expressions,,unknown,Polynomials > Symmetric functions,,,,True,,,,proof and answer,,real,"Problem:
If $a^{3}+b^{3}+c^{3}=3 a b c=6$ and $a^{2}+b^{2}+c^{2}=8$, find the value of
$$
\frac{a b}{a+b}+\frac{b c}{b+c}+\frac{c a}{c+a}
$$",-8,489,56,1,9,1,0,0,0,1
MATHNET-0ksl,MathNet,Berkeley Math Circle: Monthly Contest 5,,United States,Geometry,Plane Geometry,,unknown,Quadrilaterals > Cyclic quadrilaterals | Triangles > Triangle trigonometry,,,,True,,,,proof only,,real,"Problem:
Show that the sum $AP^{4} + BP^{4} + CP^{4}$ does not depend on $P$, where $P$ is a point on the circumcircle of equilateral triangle $\triangle ABC$.",,923,194,1,22,1,1,0,1,1
MATHNET-0eud,MathNet,Korean Mathematical Olympiad Final Round,,South Korea,Number Theory,Modular Arithmetic | Residues and Primitive Roots,,unknown,Multiplicative order | Fermat / Euler / Wilson theorems,,,,True,,,,proof and answer,English,real,"For a positive integer $m \ge 2$, define
$$
A_m := \{ m+1, 3m+2, 5m+3, 7m+4, 9m+5, \dots \}.
$$
(1) Prove that, for any given $m \ge 2$, there exists a positive integer $a$, $1 \le a < m$, such that either $2^a \in A_m$ or $2^a + 1 \in A_m$.

(2) Assume that, for some $m \ge 2$, there exist positive integers $a$ and $b$ for which $2^a \in A_m$ and $2^b + 1 \in A_m$. Let $a_0$ and $b_0$ be the smallest such $a$ and $b$, respectively, and find a relation between $a_0$ and $b_0$.",b0 = (a0 - 1)/2,2934,561,9,87,11,9,2,0,9
MATHNET-0397,MathNet,Winter Mathematical Competition,,Bulgaria,Algebra,Equations and Inequalities,,unknown,QM-AM-GM-HM / Power Mean | Jensen / smoothing,,,,True,,,,proof and answer,English,real,"Find all positive integers $n$ such that if $a, b, c \ge 0$ and $a+b+c=3$, then $abc(a^n + b^n + c^n) \le 3$.",n = 1 or n = 2,1202,215,3,34,3,1,2,0,3
MATHNET-02pg,MathNet,"Brazilian Mathematical Olympiad, Nível 2",,Brazil,Discrete Mathematics,Combinatorics,,unknown,"Coloring schemes, extremal arguments",,,,True,,,,proof and answer,,real,"Problem:

Num tabuleiro $123 \times 123$, cada casa é pintada de roxo ou azul de acordo com as seguintes condições:
- Cada casa pintada de roxo que não está na borda do tabuleiro tem exatamente 5 casas azuis dentre suas 8 vizinhas.
- Cada casa pintada de azul que não está na borda do tabuleiro tem exatamente 4 casas roxas dentre suas 8 vizinhas.
Nota: Duas casas são vizinhas se possuem um lado ou um vértice em comum.

a) Considere um tabuleiro $3 \times 3$ dentro do tabuleiro $123 \times 123$. Quantas casas de cada cor pode haver neste tabuleiro $3 \times 3$ ?

b) Calcule o número de casas pintadas de roxo no tabuleiro $123 \times 123$.",(a) 4 purple and 5 blue; (b) 6724 purple,900,166,3,9,0,0,0,0,3
MATHNET-0blq,MathNet,66th ROMANIAN MATHEMATICAL OLYMPIAD,,Romania,Number Theory,Divisibility / Factorization | Modular Arithmetic,,unknown,Inverses mod n | Polynomials mod p | Prime numbers,,,,True,,,,proof and answer,,real,Determine the integers $n \ge 2$ such that $a^2 - a + 2 = 0$ in $\mathbb{Z}_n$ for a unique $a$ in $\mathbb{Z}_n$.,7,605,125,1,21,3,0,1,0,1
MATHNET-064u,MathNet,24th Hellenic Mathematical Olympiad,,Greece,Number Theory,Divisibility / Factorization | Modular Arithmetic,,unknown,Inverses mod n | Polynomials mod p | Greatest common divisors (gcd),,,,True,,,,proof and answer,English,real,"If the number $4\nu + 3$, where $\nu$ is an integer, is a multiple of $11$, find:
(i) The form of the integer $\nu$,
(ii) The remainder of the division of $\nu^4$ with $11$.",(i) ν = 11k + 2 for integer k. (ii) The remainder is 5.,524,93,2,14,3,0,0,0,2
MATHNET-0930,MathNet,Middle European Mathematical Olympiad,,Middle European Mathematical Olympiad (MEMO),Algebra,Algebraic Expressions,,unknown,Polynomials > Polynomial operations | Functional Equations > Injectivity / surjectivity,,,,True,,,,proof and answer,,real,"Problem:
Determine all pairs of polynomials $(P, Q)$ with real coefficients satisfying
$$
P(x+Q(y))=Q(x+P(y))
$$
for all real numbers $x$ and $y$.","All pairs (P, Q) of real-coefficient polynomials such that either (i) P ≡ Q (any polynomial), or (ii) P(x) = x + a and Q(x) = x + b for some real constants a, b.",2222,339,2,73,7,2,5,0,2
MATHNET-0ie4,MathNet,Harvard-MIT Mathematics Tournament,,United States,Calculus,Differential Calculus,,unknown,Derivatives | Applications,,,,True,,,,proof and answer,,real,"Problem:
Let $f(x) = x^{3} + a x + b$, with $a \neq b$, and suppose the tangent lines to the graph of $f$ at $x = a$ and $x = b$ are parallel. Find $f(1)$.",1,160,39,1,6,1,0,0,0,1
MATHNET-0kf4,MathNet,HMMT February 2020,,United States,Algebra,Algebraic Expressions,,unknown,Functional Equations,,,,True,,,,proof and answer,,real,"Problem:

Positive real numbers $x$ and $y$ satisfy

$$
||\cdots|||x|-y|-x| \cdots-y|-x|=||\cdots|||y|-x|-y| \cdots-x|-y|
$$

where there are 2019 absolute value signs $|\cdot|$ on each side. Determine, with proof, all possible values of $\frac{x}{y}$.","1/3, 1, 3",845,180,4,25,4,0,3,0,4
MATHNET-0d5z,MathNet,SAMC 2015,,Saudi Arabia,Discrete Mathematics,Combinatorics,,unknown,Games / greedy algorithms | Invariants / monovariants,,,,True,,,,proof and answer,"English, Arabic",real,"Hamza and Majid play a game on a horizontal $3 \times 2015$ white board. They alternate turns, with Hamza going first. A legal move for Hamza consists of painting three unit squares forming a horizontal $1 \times 3$ rectangle. A legal move for Majid consists of painting three unit squares forming a vertical $3 \times 1$ rectangle. No one of the two players is allowed to repaint already painted squares. The last player to make a legal move wins. Which of the two players, Hamza or Majid, can guarantee a win no matter what strategy his opponent chooses and what is his strategy to guarantee a win?","Hamza. Strategy: Always paint a horizontal three-square segment entirely within an untouched three-by-three block until none remain; this claims each block and prevents any vertical move there, guaranteeing at least 1008 moves for Hamza and ensuring he makes the last move.",958,191,2,17,1,0,0,0,2
MATHNET-0c4k,MathNet,SHORTLISTED PROBLEMS FOR THE 2019 ROMANIAN NMO,,Romania,Geometry,Plane Geometry,,unknown,Quadrilaterals | Analytic / Coordinate Methods > Vectors | Miscellaneous > Constructions and loci,,,,True,,,,proof and answer,English,real,"The midpoints of the sides $AB$, $BC$, $CD$, $DA$ of the convex quadrilateral $ABCD$ are $E$, $F$, $G$, respectively $H$.

a) Prove that there exists an unique point $O$ inside the quadrilateral so that the areas of the quadrilaterals $AEOH$, $BFOE$, $CGOF$, $DHOG$ are equal.

b) Locate $O$.",O is the unique intersection of the line through the midpoint of diagonal AC parallel to BD and the line through the midpoint of diagonal BD parallel to AC.,0,0,0,0,0,0,0,0,0
MATHNET-07l2,MathNet,Irska,,Ireland,Algebra | Discrete Mathematics | Number Theory,Combinatorics | Other | Prealgebra / Basic Algebra,,unknown,"Integers | Coloring schemes, extremal arguments",,,,True,,,,proof only,English,real,Prove that if $n$ is a positive integer either $3n$ or $7n$ contains an odd digit.,,392,80,1,12,2,1,1,0,1
MATHNET-0i9p,MathNet,USA IMO 2003,,United States,Algebra,Algebraic Expressions,,unknown,Polynomials > Symmetric functions,,,,True,,,,proof only,English,real,"Let $a, b, c$ be real numbers in the interval $(0, \frac{\pi}{2})$. Prove that
$$
\frac{\sin a \sin(a-b) \sin(a-c)}{\sin(b+c)} + \frac{\sin b \sin(b-c) \sin(b-a)}{\sin(c+a)} + \frac{\sin c \sin(c-a) \sin(c-b)}{\sin(a+b)} \ge 0.
$$",,982,190,1,18,3,1,0,2,1
MATHNET-0bq4,MathNet,OLIMPIADA DE MATEMATICĂ - ETAPA LOCALĂ,,Romania,Algebra | Number Theory,Diophantine Equations | Intermediate Algebra,,unknown,"Techniques: modulo, size analysis, order analysis, inequalities | Quadratic functions",,,,True,,,,proof and answer,,real,"Problem:

Determinați valorile întregi ale lui $x$ și $y$ astfel încât
$$
x - 3y + 4 = 0 \quad \text{și} \quad \sqrt{x^{2} + 7y^{2} + 8x + 8y + 4} \in \mathbb{Q}
$$","(x, y) = (-10, -2)",0,0,0,0,0,0,0,0,0
MATHNET-04a8,MathNet,CroatianCompetitions2011,,Croatia,Number Theory,Divisibility / Factorization | Number-Theoretic Functions,,unknown,Factorization techniques | τ (number of divisors),,,,True,,,,proof and answer,,real,"In how many ways can the number $\frac{2011}{2010}$ be represented as a product of two fractions of the form $\frac{n+1}{n}$, where $n$ is a positive integer? (Order of the factors is not important.)",16,746,130,2,17,1,0,0,0,2
MATHNET-05x1,MathNet,PRÉPARATION OLYMPIQUE FRANÇAISE DE MATHÉMATIQUES,,France,Geometry,Plane Geometry,,unknown,Quadrilaterals > Cyclic quadrilaterals | Miscellaneous > Angle chasing,,,,True,,,,proof only,,real,"Problem:

Soit $ABCDE$ un pentagone cyclique convexe tel que $AB = BD$. Soit $P$ le point d'intersection des droites $(EB)$ et $(AC)$. Soit $Q$ le point d'intersection des droites $(BC)$ et $(DE)$. Montrer que $(PQ)$ et $(AD)$ sont parallèles.",,1036,164,4,13,0,0,0,0,4
MATHNET-02dy,MathNet,VI OBM,,Brazil,Geometry,Plane Geometry,,unknown,Analytic / Coordinate Methods > Complex numbers in geometry | Transformations > Rotation,,,,True,,,,proof only,English,real,"$ABCD$ is any convex quadrilateral. Squares center $E, F, G, H$ are constructed on the outside of the edges $AB, BC, CD$ and $DA$ respectively. Show that $EG$ and $FH$ are equal and perpendicular.",,488,74,1,14,1,0,0,0,1
MATHNET-0dla,MathNet,Saudi Booklet,,Saudi Arabia,Number Theory,Diophantine Equations,,unknown,"Techniques: modulo, size analysis, order analysis, inequalities",,,,True,,,,proof and answer,,real,"Determine all pairs $(m, n)$ of non-negative integers such that
$$
2n! = m!(m! + 2).
$$","(3, 4)",667,144,4,24,2,0,1,0,4
MATHNET-0bnh,MathNet,66th ROMANIAN MATHEMATICAL OLYMPIAD,,Romania,Algebra,Algebraic Expressions,,unknown,Functional Equations,,,,True,,,,proof and answer,,real,"Determine the continuous increasing functions $f: [0, \infty) \to \mathbb{R}$ satisfying
$$
\int_{0}^{x+y} f(t) dt = \int_{0}^{x} f(t) dt + \int_{0}^{y} f(t) dt,
$$
for all non-negative real numbers $x$ and $y$.",All constant functions f(x) = c for x ≥ 0,733,126,1,21,1,0,0,0,1
MATHNET-0dqf,MathNet,Singapore Mathematical Olympiad (SMO),,Singapore,Algebra | Discrete Mathematics,Algebraic Expressions | Combinatorics | Equations and Inequalities,,unknown,Sequences and Series > Telescoping series | Induction / smoothing | Linear and quadratic inequalities,,,,True,,,,proof only,,real,"Given $a_1 \ge 1$ and $a_{k+1} \ge a_k + 1$ for all $k = 1, 2, \dots, n$, show that
$$
a_1^3 + a_2^3 + \dots + a_n^3 \ge (a_1 + a_2 + \dots + a_n)^2.
$$",,762,125,4,12,0,1,0,0,4
MATHNET-0jqw,MathNet,HMMT November 2015,,United States,Algebra | Geometry,Equations and Inequalities | Plane Geometry,,unknown,Quadrilaterals | Triangles > Triangle trigonometry | Miscellaneous > Angle chasing | Geometric Inequalities > Optimization in geometry | QM-AM-GM-HM / Power Mean,,,,True,,,,proof and answer,,real,"Problem:

Let $ABCD$ be a convex quadrilateral whose diagonals $AC$ and $BD$ meet at $P$. Let the area of triangle $APB$ be $24$ and let the area of triangle $CPD$ be $25$. What is the minimum possible area of quadrilateral $ABCD$?",49 + 20*sqrt(6),466,103,2,6,1,0,0,0,2
MATHNET-0j6t,MathNet,Harvard-MIT Mathematics Tournament,,United States,Number Theory,Divisibility / Factorization | Number-Theoretic Functions,,unknown,φ (Euler's totient) | Greatest common divisors (gcd),,,,True,,,,proof only,,real,"Problem:

Let $n$ be a positive integer, and let $a_{1}, a_{2}, \ldots, a_{n}$ be a set of positive integers such that $a_{1}=2$ and $a_{m}=\varphi\left(a_{m+1}\right)$ for all $1 \leq m \leq n-1$, where, for all positive integers $k$, $\varphi(k)$ denotes the number of positive integers less than or equal to $k$ that are relatively prime to $k$. Prove that $a_{n} \geq 2^{n-1}$.",,973,164,5,35,2,0,3,1,5
MATHNET-0k97,MathNet,HMMT November 2019,,United States,Number Theory,Diophantine Equations | Divisibility / Factorization,,unknown,"Techniques: modulo, size analysis, order analysis, inequalities",,,,True,,,,proof and answer,,real,"Problem:

Find all ordered pairs $(a, b)$ of positive integers such that $2a + 1$ divides $3b - 1$ and $2b + 1$ divides $3a - 1$.","(2, 2), (12, 17), (17, 12)",571,115,2,15,1,0,0,0,2
MATHNET-05ai,MathNet,Estonian Mathematical Olympiad,,Estonia,Geometry,Plane Geometry,,unknown,Analytic / Coordinate Methods > Trigonometry,,,,True,,,,proof only,English,real,"Let $n$ be a positive integer divisible by $4$. Prove that
$$\sin^2\left(1 \cdot \frac{360^\circ}{n}\right) + \sin^2\left(2 \cdot \frac{360^\circ}{n}\right) + \sin^2\left(3 \cdot \frac{360^\circ}{n}\right) + \dots + \sin^2\left(n \cdot \frac{360^\circ}{n}\right) = \frac{n}{2}.$$",,1802,304,2,30,3,0,0,4,2
MATHNET-0gdx,MathNet,2020 Taiwan IMO 1J,,Taiwan,Algebra | Number Theory,Divisibility / Factorization | Equations and Inequalities,,unknown,Greatest common divisors (gcd) | QM-AM-GM-HM / Power Mean,,,,True,,,,proof only,,real,"設整數 $N > 2^{5000}$。試證: 若 $1 \le a_1 < \cdots < a_k < 100$ 為相異正整數, 則
$$
\prod_{i=1}^{k} (N^{a_i} + a_i)
$$
有至少 $k$ 個相異質因數。

Let $N > 2^{5000}$ be a positive integer. Prove that if $1 \le a_1 < \dots < a_k < 100$ are distinct positive integers then the number
$$
\prod_{i=1}^{k} (N^{a_i} + a_i)
$$
has at least $k$ distinct prime factors.",,1840,354,6,32,1,6,2,1,6
MATHNET-0jp5,MathNet,HMMT February 2015,,United States,Geometry,Plane Geometry,,unknown,"Analytic / Coordinate Methods > Cartesian coordinates | Triangles > Triangle centers: centroid, incenter, circumcenter, orthocenter, Euler line, nine-point circle | Circles | Quadrilaterals",,,,True,,,,proof and answer,,real,"Problem:

Let $ABCD$ be a quadrilateral with $\angle BAD = \angle ABC = 90^{\circ}$, and suppose $AB = BC = 1$, $AD = 2$. The circumcircle of $ABC$ meets $\overline{AD}$ and $\overline{BD}$ at points $E$ and $F$, respectively. If lines $AF$ and $CD$ meet at $K$, compute $EK$.",√2/2,619,78,3,22,1,0,0,0,3
MATHNET-0dmg,MathNet,СРПСКА МАТЕМАТИЧКА ОЛИМПИЈАДА,,Serbia,Algebra,Algebraic Expressions | Equations and Inequalities,,unknown,Muirhead / majorization | QM-AM-GM-HM / Power Mean | Polynomials > Symmetric functions,,,,True,,,,proof only,,real,"Problem:

Доказати да за позитивне реалне бројеве $a, b$ и $c$, такве да је $a+b+c=1$, важи неједнакост
$$
\frac{1}{b c+a+\frac{1}{a}}+\frac{1}{c a+b+\frac{1}{b}}+\frac{1}{a b+c+\frac{1}{c}} \leqslant \frac{27}{31}
$$
(Марко Радовановић са сарадницима)",,2810,370,3,41,0,0,0,0,3
MATHNET-03zv,MathNet,China Southeastern Mathematical Olympiad,,China,Algebra | Number Theory,Algebraic Expressions | Divisibility / Factorization,,unknown,Sequences and Series > Sums and products,,,,True,,,,proof and answer,English,real,"Find a triple $(l, m, n)$ ($1 < l < m < n$) of positive integers such that $\sum_{k=1}^{l} k$, $\sum_{k=l+1}^{m} k$, $\sum_{k=m+1}^{n} k$ form a geometric sequence in order. (posed by Tao Pingsheng)","(3, 11, 36)",610,119,1,18,2,0,0,0,1
MATHNET-07c0,MathNet,Iranian Mathematical Olympiad,,Iran,Algebra | Number Theory,Algebraic Expressions | Intermediate Algebra | Modular Arithmetic,,unknown,Polynomials | Exponential functions | Fermat / Euler / Wilson theorems,,,,True,,,,proof and answer,,real,"Suppose that $a_1, a_2, a_3, \dots$ and $b_1, b_2, b_3, \dots$ are two sequences of real numbers. These sequences are said to be Co-Algebraic if a non-zero two-variable polynomial $P(x, y)$ with real coefficients exists such that for each natural number $n$, $P(a_n, b_n) = 0$.

a) Prove that sequences $n$ and $2^n$ (for each natural number $n$) are not Co-Algebraic.

b) Are sequences $2^n$ and $3^n$ (for each natural number $n$) Co-Algebraic?

c) Suppose that $f(x, y)$ is a non-zero two-variable polynomial with real coefficients. Prove that there exists a natural number $n$ such that $f(2^n, 3^n)$ is not divisible by $5^n$.",a) Not co-algebraic. b) No. c) Such an index exists; for example one can take n = m + 4·5^k constructed as in the proof.,3162,540,3,74,3,4,1,2,3
MATHNET-0cg1,MathNet,74th Romanian Mathematical Olympiad,,Romania,Geometry,Plane Geometry,,unknown,Concurrency and Collinearity > Menelaus' theorem,,,,True,,,,proof and answer,English,real,"Points $D$ and $E$ are considered on the ($BC$) side of triangle $ABC$, with $D$ between $B$ and $E$.
About a point $R$ of the segment ($AE$) we will say that it is *remarkable* if the lines $PQ$ and $BC$ are parallel, where $\{P\} = DR \cap AC$ and $\{Q\} = CR \cap AB$.
About a point $R'$ of the segment ($AD$) we will say that it is *remarkable* if the lines $P'Q'$ and $BC$ are parallel, where $\{P'\} = BR' \cap AC$ and $\{Q'\} = ER' \cap AB$.
a) If there is a remarkable point on the segment ($AE$), show that any point of the segment ($AE$) is remarkable.
b) If each of the segments ($AD$) and ($AE$) contains a remarkable point, prove that $BD = CE = \varphi \cdot DE$, where $\varphi = \frac{1+\sqrt{5}}{2}$ is the golden number.","BD = CE = φ · DE, where φ = (1 + √5) / 2",1509,262,2,31,3,3,5,0,2
MATHNET-0kbi,MathNet,HMMT February 2020,,United States,Algebra,Algebraic Expressions,,unknown,Polynomials > Vieta's formulas,,,,False,,,,final answer only,,real,"Problem:

Let $P(x) = x^{3} + x^{2} - r^{2} x - 2020$ be a polynomial with roots $r, s, t$. What is $P(1)$?",-4038,428,103,4,10,0,0,0,0,4
MATHNET-0dvx,MathNet,48. matematično tekmovanje srednješolcev Slovenije,,Slovenia,Algebra | Number Theory,Divisibility / Factorization | Prealgebra / Basic Algebra,,unknown,Integers,,,,True,,,,proof and answer,,real,"Problem:

Poišči vsa petmestna števila $\overline{abcde}$, ki so deljiva z $9$ in za katera velja $\overline{ace} - \overline{bda} = 760$.","81828, 91269",1107,303,4,40,0,0,0,0,4
MATHNET-09do,MathNet,ММО-48,,Mongolia,Algebra,Algebraic Expressions | Equations and Inequalities,,unknown,QM-AM-GM-HM / Power Mean | Muirhead / majorization | Polynomials > Symmetric functions,,,,True,,,,proof only,Mongolian,real,"$a$, $b$, $c$ нь $a + b + c = 3$ байх сөрөг биш бодит тоонууд байх. 

$$
\left(a^2 b + \frac{2}{3}\right) \left(b^2 c + \frac{2}{3}\right) + \left(b^2 c + \frac{2}{3}\right) \left(c^2 a + \frac{2}{3}\right) \\
+ \left(c^2 a + \frac{2}{3}\right) \left(a^2 b + \frac{2}{3}\right) \le \frac{75}{4}
$$

tönygtéel bish biéléné gej batal.
",,845,178,6,20,0,0,0,0,6
MATHNET-0hz2,MathNet,Harvard-MIT Math Tournament,,United States,Algebra,Algebraic Expressions,,unknown,Polynomials > Polynomial operations,,,,True,,,,proof and answer,,real,"Problem:

If $f(x)$ is a monic quartic polynomial such that $f(-1) = -1$, $f(2) = -4$, $f(-3) = -9$, and $f(4) = -16$, find $f(1)$.",23,425,101,2,11,1,0,0,0,2
MATHNET-0aus,MathNet,18th PMO National Stage Oral Phase,,Philippines,Geometry,Plane Geometry,,unknown,Miscellaneous > Angle chasing,,,,True,,,,proof and answer,,real,"Problem:

Inside square $A B C D$, a point $E$ is chosen so that triangle $D E C$ is equilateral. Find the measure of $\angle A E B$.

![](attached_image_1.png)",150°,444,91,2,11,3,0,0,0,2
MATHNET-0hc1,MathNet,59th Ukrainian National Mathematical Olympiad,,Ukraine,Number Theory,Modular Arithmetic,,unknown,Polynomials mod p,,,,True,,,,proof and answer,English,real,"Find the smallest positive integer of the form $\overline{30x070y03}$, which is divisible by $37$, where $x$, $y$ are digits.",300070703,577,132,1,17,2,0,0,0,1
MATHNET-0l47,MathNet,AMC 10 A,,United States,Discrete Mathematics,Combinatorics,,unknown,Enumeration with symmetry | Counting two ways,,,,False,,,,MCQ,,real,"In how many ways can 6 juniors and 6 seniors form 3 disjoint teams of 4 people so that each team has 2 juniors and 2 seniors?
(A) 720 (B) 1350 (C) 2700 (D) 3280 (E) 8100",B,718,140,2,10,1,0,0,0,2
MATHNET-001e,MathNet,XVIII Olimpiada Iberoamericana de Matemática,,Argentina,Discrete Mathematics,Combinatorics,,unknown,"Coloring schemes, extremal arguments | Counting two ways | Recursion, bijection",,,,True,,,,proof and answer,español,real,"Sea $M = \{1,2,...,49\}$ el conjunto de los primeros 49 enteros positivos. Determine el máximo entero $k$ tal que el conjunto $M$ tiene un subconjunto de $k$ elementos en el que no hay 6 números consecutivos. Para ese valor máximo de $k$, halle la cantidad de subconjuntos de $M$, de $k$ elementos, que tienen la propiedad mencionada.",k = 41; number of such subsets = 495,0,0,0,0,0,0,0,0,0
MATHNET-07ko,MathNet,Irish Mathematical Olympiad,,Ireland,Algebra | Discrete Mathematics | Number Theory,Combinatorics | Other | Prealgebra / Basic Algebra,,unknown,Integers | Induction / smoothing | Counting two ways,,,,True,,,,proof and answer,English,real,"Find $a_3, a_4, \dots, a_{2008}$, such that $a_i = \pm 1$ for $i = 3, \dots, 2008$ and
$$
\sum_{i=3}^{2008} a_i 2^i = 2008,
$$
and show that the numbers $a_3, a_4, \dots, a_{2008}$ are uniquely determined by these conditions.",a3 = a5 = a6 = a7 = a8 = a9 = a2008 = +1 and a4 = a10 = a11 = a12 = ... = a2007 = -1; this assignment exists and is unique.,1378,291,2,34,1,2,0,0,2
MATHNET-0h8g,MathNet,58th Ukrainian National Mathematical Olympiad,,Ukraine,Number Theory,Divisibility / Factorization,,unknown,Prime numbers | Factorization techniques,,,,True,,,,proof and answer,English,real,"Given three pairwise distinct positive integers $a$, $b$, $c$, whose product is $320$. Determine the smallest possible prime sum of these numbers.",37,718,158,4,29,0,0,0,3,4
MATHNET-0hs4,MathNet,Berkeley Math Circle,,United States,Algebra | Number Theory,Equations and Inequalities | Other,,unknown,Linear and quadratic inequalities,,,,True,,,,proof only,,real,"Problem:
Let $0<\alpha<1$. Prove that there exists a real number $x$, $0<x<1$, such that $\alpha^{n}<\{n x\}$ for every positive integer $n$. (Here $\{n x\}$ is the fractional part of $n x$.)",,2094,305,4,45,5,1,3,0,4
MATHNET-04uw,MathNet,Final Round,,Czech Republic,Geometry,Plane Geometry,,unknown,"Triangles > Triangle centers: centroid, incenter, circumcenter, orthocenter, Euler line, nine-point circle | Circles > Tangents | Transformations > Inversion | Miscellaneous > Angle chasing",,,,True,,,,proof only,English,real,"Given a scalene acute triangle $ABC$, let $M$ be the midpoint of its side $BC$ and $N$ the midpoint of the arc $BAC$ of its circumcircle. Let $\omega$ be the circle with diameter $BC$ and $D, E$ its intersections with the bisector of angle $BAC$. Points $D', E'$ lie on $\omega$ such that $DED'E'$ is a rectangle. Prove that $D', E'$, $M, N$ lie on a single circle.",,0,0,0,0,0,0,0,0,0
MATHNET-0gp4,MathNet,Team Selection Test,,Turkey,Algebra | Geometry,Equations and Inequalities | Plane Geometry,,unknown,"Geometric Inequalities > Triangle inequalities | Triangles > Triangle centers: centroid, incenter, circumcenter, orthocenter, Euler line, nine-point circle | Cauchy-Schwarz",,,,True,,,,proof only,English,real,"Let $a$, $b$, $c$ be the lengths of the sides of a triangle; $r_a$, $r_b$, $r_c$ be the corresponding exradii, respectively, and $r$ be the inradius. Prove that
$$
\frac{a+b+c}{2\sqrt{a^2+b^2+c^2}} \leq \frac{\sqrt{r_a^2+r_b^2+r_c^2}}{r_a+r_b+r_c-3r}
$$",,479,83,1,7,3,0,0,0,1
MATHNET-0ax4,MathNet,Philippine Mathematical Olympiad Area Stage,,Philippines,Geometry,Plane Geometry,,unknown,Transformations > Homothety | Triangles > Triangle trigonometry | Analytic / Coordinate Methods > Trigonometry | Miscellaneous > Constructions and loci,,,,True,,,,proof and answer,,real,"Problem:
A point $P$ is chosen randomly inside the triangle with sides $13$, $20$, and $21$. Find the probability that the circle centered at $P$ with radius $1$ will intersect at least one of the sides of the triangle.",75/196,3290,540,8,95,8,1,3,0,8
MATHNET-09c4,MathNet,Mongolian Mathematical Olympiad 46,,Mongolia,Number Theory,Diophantine Equations | Divisibility / Factorization,,unknown,"Prime numbers | Techniques: modulo, size analysis, order analysis, inequalities",,,,True,,,,proof only,Mongolian,real,"**ББ-А1.** (Д.Ганзориг) $p$ анхны тоо. $p^2 = 2^n \cdot 3^m + 1$; $m, n \in \mathbb{N}$ хэлбэртэй бол $p \le 17$ гэж батал.",,658,124,3,24,0,0,0,0,3
MATHNET-0gps,MathNet,Team Selection Test for JBMO,,Turkey,Geometry,Plane Geometry,,unknown,"Triangles > Triangle centers: centroid, incenter, circumcenter, orthocenter, Euler line, nine-point circle | Miscellaneous > Angle chasing",,,,True,,,,proof only,English,real,"In an equilateral triangle $ABC$, let $D$ be a point on the side $[BC]$ other than the vertices. Let $I$ be the excenter of the triangle $ABD$ opposite to the side $[AB]$ and $J$ be the excenter of the triangle $ACD$ opposite to the side $[AC]$. Let the circumcircles of the triangles $AIB$ and $AJC$ intersect at the point $E$ for the second time. Prove that $A$ is the incenter of the triangle $IEJ$.",,662,124,3,8,5,0,0,0,3
MATHNET-08nc,MathNet,JBMO Shortlist,,JBMO,Geometry,Plane Geometry,,unknown,Circles | Quadrilaterals | Miscellaneous > Angle chasing | Miscellaneous > Distance chasing,,,,True,,,,proof only,,real,"Problem:

![](attached_image_1.png)

Let $AB$ and $CD$ be chords in a circle of center $O$ with $A, B, C, D$ distinct, and let the lines $AB$ and $CD$ meet at a right angle at point $E$. Let also $M$ and $N$ be the midpoints of $AC$ and $BD$ respectively. If $MN \perp OE$, prove that $AD \parallel BC$.",,788,149,2,23,2,1,0,0,2
MATHNET-07mb,MathNet,Irish Mathematical Olympiad,,Ireland,Algebra | Number Theory,Algebraic Expressions | Divisibility / Factorization | Modular Arithmetic,,unknown,Factorization techniques | Sequences and Series > Sums and products | Polynomials > Polynomial operations,,,,True,,,,proof only,,real,"Let $n$ and $k$ be positive integers and suppose that $k$ is odd. Let $r$ be the greatest integer for which $2^r$ divides $n$. Let $h$ be the greatest integer for which $2^h$ divides $1 + k + k^2 + \dots + k^{n-1}$. Prove
(i) if $k \equiv 1 \pmod 4$, then $h = r$;
(ii) if $k \equiv 3 \pmod 4$ and $n$ is odd, then $h = 0$;
(iii) if $k \equiv 3 \pmod 4$ and $n$ is even, then $h = s + r - 1$, where $s$ is the greatest integer for which $2^s$ divides $k+1$.",,1732,346,4,43,2,3,4,0,4
MATHNET-08y6,MathNet,Japan 2015,,Japan,Geometry,Plane Geometry,,unknown,Circles > Radical axis theorem | Miscellaneous > Distance chasing | Triangles,,,,True,,,,proof and answer,,real,"Five points $A$, $B$, $C$, $D$, $E$, $P$ lie on a plane. Points $A$, $B$, $C$, $D$ lie on a straight line in this order. Furthermore, it is known that $AB = BC = CD = 6$, $PB = 5$ and $PC = 7$ are satisfied. Here we denote the length of the line segment $XY$ also by $XY$. Let $Q$ be the point of intersection, different from $P$, of the circumcircle of the triangle $AC$ and the circumcircle of the triangle $PBD$. Determine the length of the line segment $PQ$.",55√7/14,858,169,2,20,2,0,0,0,2
MATHNET-00ul,MathNet,BMO 2023 Short List,,Balkan Mathematical Olympiad,Geometry,Plane Geometry,,unknown,"Quadrilaterals > Inscribed/circumscribed quadrilaterals | Triangles > Triangle centers: centroid, incenter, circumcenter, orthocenter, Euler line, nine-point circle | Circles > Tangents | Miscellaneous > Distance chasing",,,,True,,,,proof only,,real,"Let $ABCD$ be a circumscribed quadrilateral (i.e. convex with sides that are all tangent to a single circle) and let $X$ be the intersection point of its diagonals $AC$ and $BD$. Let $I_1, I_2, I_3, I_4$ be the incenters of $\triangle DXC$, $\triangle BXC$, $\triangle AXB$, and $\triangle DXA$, respectively. The circumcircle of $\triangle CI_1I_2$ intersects the sides $CB$ and $CD$ at points $P$ and $Q$, respectively. The circumcircle of $\triangle AI_3I_4$ intersects the sides $AB$ and $AD$ at points $M$ and $N$, respectively.
Prove that
$$
AM + CQ = AN + CP.
$$",,1373,263,3,42,3,1,2,0,3
MATHNET-071d,MathNet,Iberoamerican Mathematical Olympiad,,Ibero-American Mathematical Olympiad,Discrete Mathematics,Combinatorics,,unknown,"Invariants / monovariants | Recursion, bijection",,,,True,,,,proof and answer,,real,"Problem:
Let $A$, $B$ be two sets of $N$ consecutive integers. If $N=2003$, can we form $N$ pairs $(a,b)$ with $a \in A$, $b \in B$ such that the sums of the pairs are $N$ consecutive integers? What about $N=2004$?",Yes for N equals 2003; No for N equals 2004.,639,132,3,18,1,2,1,3,3
MATHNET-0lbc,MathNet,Vietnam Mathematical Olympiad,,Vietnam,Algebra | Number Theory,Algebraic Expressions | Diophantine Equations | Divisibility / Factorization,,unknown,Infinite descent / root flipping | Sequences and Series > Recurrence relations | Greatest common divisors (gcd),,,,True,,,,proof only,Vietnamese,real,"Let $a$, $b$ be two odd natural numbers. Suppose that $a$ is a divisor of $b^2 + 2$ and $b$ is a divisor of $a^2 + 2$. Prove that $a$ and $b$ belong to the sequence $(v_n)$ defined by
$$
v_1 = v_2 = 1 \quad \text{and} \quad v_n = 4v_{n-1} - v_{n-2} \quad \forall n \ge 3.
$$",,1423,302,1,37,2,1,2,0,3
MATHNET-0490,MathNet,CroatianCompetitions2011,,Croatia,Algebra,Equations and Inequalities | Intermediate Algebra,,unknown,Linear and quadratic inequalities | Quadratic functions,,,,True,,,,proof and answer,,real,"Determine all $a \in \mathbb{R}$ such that for every $x \in \mathbb{R}$ the following inequality holds:
$$
\frac{x}{x^2 + 2x + 3} > \frac{x+a}{1+x+x^2}.
$$",a ≤ -1,0,0,0,0,0,0,0,0,0
MATHNET-0cz9,MathNet,Saudi Arabia Mathematical Competitions,,Saudi Arabia,Algebra,Algebraic Expressions,,unknown,Polynomials,,,,True,,,,proof only,English,real,"Let $f = a X^{2} + b X + c \in \mathbb{Z}[X]$ be a polynomial such that for every positive integer $n$, $f(n)$ is a perfect square. Prove that $f = g^{2}$ for some polynomial $g \in \mathbb{Z}[X]$.",,705,114,1,17,4,0,0,0,1
MATHNET-05lk,MathNet,Envoi de combinatoire,,France,Discrete Mathematics,Combinatorics,,unknown,Counting two ways | Enumeration with symmetry,,,,True,,,,proof and answer,,real,"Problem:

Dans un cirque, il y a plusieurs clowns. Chacun utilise au moins 5 couleurs, parmi 12 possibles, pour se peindre. Une même couleur est utilisée par au plus 20 clowns. Deux clowns n'ont jamais exactement les mêmes couleurs. Combien y a-t-il de clowns au maximum?",48,2691,447,5,46,0,0,0,0,5
MATHNET-0cmk,MathNet,Russian mathematical olympiad,,Russia,Algebra | Discrete Mathematics,Combinatorics | Prealgebra / Basic Algebra,,unknown,Invariants / monovariants | Simple Equations,,,,True,,,,proof and answer,English; Russian,real,"Konstantin had two sets of 17 coins: the first set consists of 17 genuine coins, while the second set consists of 12 genuine and 5 false coins. (All the coins look equally; the genuine coins have equal weights, and the false coins have equal weights different from the weight of genuine ones; but it is not known if the weight of a true coin is greater or less than the weight of a false coin.) Konstantin gave one of these sets of coins to his friend, but he forgot if the remaining set contains false coins. Determine if Konstantin can find it out using two weighings on a balance. (K. Knop)",Yes,1073,220,5,20,0,0,0,0,5
MATHNET-0cy4,MathNet,SAMC,,Saudi Arabia,Algebra,Algebraic Expressions | Prealgebra / Basic Algebra,,unknown,Polynomials > Polynomial operations | Simple Equations,,,,True,,,,proof and answer,English,real,"Let $a$ and $b$ be real numbers such that $a+b \neq 0$. Solve the equation
$$
\frac{1}{(x+a)^2-b^2}+\frac{1}{(x+b)^2-a^2}=\frac{1}{x^2-(a+b)^2}+\frac{1}{x^2-(a-b)^2}
$$",x = (a^2 + b^2) / (a + b) (with no solution if ab = 0 due to domain restrictions),0,0,0,0,0,0,0,0,0
MATHNET-024k,MathNet,,,Brazil,Algebra,Prealgebra / Basic Algebra,,unknown,Simple Equations | Fractions,,,,True,,,,proof and answer,,real,"Problem:

Cinco piratas encontraram um cofre do tesouro cheio de moedas de ouro e as dividiram entre si. Sabe-se que:
- O que o primeiro pirata recebeu é equivalente à metade do que receberam os outros quatro em conjunto.
- O que o segundo pirata recebeu é equivalente à terça parte do que receberam os outros quatro em conjunto.
- O que o terceiro pirata recebeu é equivalente à quarta parte do que receberam os outros quatro em conjunto.
- O que o quarto pirata recebeu é equivalente à quinta parte do que receberam os outros quatro em conjunto.
Se o quinto pirata recebeu 90 moedas, diga quantas moedas tinha o cofre antes da divisão.",1800,935,209,7,13,0,0,0,0,7
MATHNET-0atn,MathNet,Philippine Mathematical Olympiad,,Philippines,Geometry,Plane Geometry,,unknown,Transformations > Homothety | Triangles,,,,True,,,,proof and answer,,real,"Problem:

The base $AB$ of a triangular piece of paper $ABC$ is $16~\mathrm{cm}$ long. The paper is folded down over the base, with the crease $DE$ parallel to the base of the paper, as shown. The area of the triangle that projects below the base (shaded region) is $16\%$ that of the area of $\triangle ABC$. What is the length of $DE$, in $\mathrm{cm}$?

![](attached_image_1.png)",11.2,0,0,0,0,0,0,0,0,0
MATHNET-0906,MathNet,Japan Mathematical Olympiad,,Japan,Number Theory,Diophantine Equations | Divisibility / Factorization | Residues and Primitive Roots,,unknown,"Techniques: modulo, size analysis, order analysis, inequalities | Infinite descent / root flipping | Quadratic residues | Greatest common divisors (gcd) | Factorization techniques",,,,True,,,,proof only,English,real,"Show that there are no positive integer solutions $(a, b, c, d, n)$ satisfying the equation $a^2 + b^2 + c^2 + d^2 - 4\sqrt{abcd} = 7 \cdot 2^{2n-1}$.",,5455,990,11,132,12,16,0,3,11
MATHNET-0044,MathNet,XV Olimpiada Matemática Rioplatense,,Argentina,Algebra | Discrete Mathematics | Geometry,Combinatorics | Linear Algebra | Plane Geometry,,unknown,Invariants / monovariants | Vectors | Miscellaneous > Constructions and loci,,,,True,,,,proof only,Español,real,"Consideramos en el plano una cantidad finita de rectas tales que no hay dos paralelas ni tres concurrentes. Estas rectas dividen al plano en regiones finitas e infinitas. En cada región finita se escribe un número $1$ o un número $-1$. La operación permitida consiste en elegir un triángulo cualquiera formado por tres de las rectas consideradas (este triángulo puede ser atravesado por otras de las rectas consideradas), y multiplicar por $-1$ todos los números contenidos en este triángulo.
Determinar si siempre es posible, mediante operaciones de este tipo, obtener un número $1$ en todas las regiones, no importa cuál sea la distribución inicial de los números $1$ y $-1$.","Yes, it is always possible to obtain all ones.",0,0,0,0,0,0,0,0,0
MATHNET-02ex,MathNet,XIV OBM,,Brazil,Geometry,Plane Geometry,,unknown,Geometric Inequalities > Optimization in geometry | Triangles > Triangle trigonometry | Miscellaneous > Angle chasing,,,,True,,,,proof and answer,English,real,"Given positive real numbers $x_1, x_2, \dots, x_n$ find the polygon $A_0A_1 \dots A_n$ with $A_0A_1 = x_1$, $A_1A_2 = x_2$, $\dots$, $A_{n-1}A_n = x_n$ which has the greatest area.","The unique maximizer is the convex polygon whose vertices lie on a semicircle with endpoints at the first and last vertices, so that each interior vertex subtends a right angle with these endpoints (that is, it is inscribed in a semicircle with diameter A0An).",1189,199,4,24,1,2,4,1,4
MATHNET-0eyx,MathNet,3rd ASU,,Soviet Union,Geometry,Plane Geometry,,unknown,Analytic / Coordinate Methods > Trigonometry,,,,True,,,,proof only,,real,"Problem:
A regular $n$-gon is inscribed in a circle radius $R$. The distance from the center of the circle to the center of a side is $h_{n}$. Prove that $(n + 1) h_{n + 1} - n h_{n} > R$.",,0,0,0,0,0,0,0,0,0
MATHNET-04e2,MathNet,Mathematica competitions in Croatia,,Croatia,Geometry,Plane Geometry,,unknown,Analytic / Coordinate Methods > Cartesian coordinates | Circles > Tangents,,,,True,,,,proof only,,real,"The segment $\overline{AB}$ is the longer side of the rectangle $ABCD$. Let $E$ be the intersection of the perpendicular from $B$ to $\overline{AC}$ and the line $AD$, and let $F$ be the intersection of the circle with centre $A$ which passes through $B$ and $\overline{CD}$. Prove that the lines $AF$ and $EF$ are perpendicular.",,0,0,0,0,0,0,0,0,0
MATHNET-0atv,MathNet,Philippine Mathematical Olympiad,,Philippines,Algebra,Equations and Inequalities | Intermediate Algebra,,unknown,Linear and quadratic inequalities | Exponential functions | Logarithmic functions,,,,True,,,,proof and answer,,real,"Problem:
Solve the inequality $\log \left(5^{\frac{1}{x}}+5^{3}\right)<\log 6+\log 5^{1+\frac{1}{2 x}}$.","(1/4, 1/2)",0,0,0,0,0,0,0,0,0
MATHNET-0c1x,MathNet,2018 Romanian Mathematical Olympiad,,Romania,Geometry,Plane Geometry,,unknown,Concurrency and Collinearity | Analytic / Coordinate Methods > Cartesian coordinates,,,,True,,,,proof only,,real,"Consider the rectangle $ABCD$ and the arbitrary points $E \in (CD)$ and $F \in (AD)$. The perpendicular line from $E$ on the line $FB$ intersects $BC$ in $P$. The perpendicular line from $F$ on the line $EB$ intersects $AB$ in $Q$. Show that the points $P, D$ and $Q$ are collinear.",,0,0,0,0,0,0,0,0,0
MATHNET-0aj5,MathNet,Junior Balkan Mathematical Olympiad,,North Macedonia,Geometry,Plane Geometry,,unknown,Circles > Radical axis theorem | Quadrilaterals > Cyclic quadrilaterals | Miscellaneous > Angle chasing,,,,True,,,,proof only,English,real,"Let $ABC$ be an acute triangle. The lines $l_1$ and $l_2$ are perpendicular to $AB$ at the points $A$ and $B$ respectively. The perpendicular lines from the midpoint $M$ of $AB$ to the lines $AC$ and $BC$ intersect $l_1$ and $l_2$ at the points $E$ and $F$, respectively. If $D$ is the intersection point of the lines $EF$ and $MC$, prove that $\angle ADB = \angle EMF$.",,1858,343,2,54,7,0,0,0,2
MATHNET-09sr,MathNet,IMO-selectietoets II,,Netherlands,Geometry,Plane Geometry,,unknown,Quadrilaterals > Cyclic quadrilaterals | Miscellaneous > Angle chasing,,,,True,,,,proof only,,real,"Problem:

Zij $\triangle ABC$ een gelijkbenige driehoek met $|AB| = |AC|$. Laat $D$, $E$ en $F$ punten zijn op de respectievelijke lijnstukken $BC$, $CA$ en $AB$ zodat $|BF| = |BE|$ en zodat $ED$ de binnenbissectrice van $\angle BEC$ is.

Bewijs dat $|BD| = |EF|$ dan en slechts dan als $|AF| = |EC|$.",,2620,456,5,59,0,0,0,0,5
MATHNET-06xr,MathNet,International Mathematical Olympiad Shortlist,,IMO,Geometry,Plane Geometry,,unknown,"Quadrilaterals > Cyclic quadrilaterals | Circles > Tangents | Transformations > Spiral similarity | Advanced Configurations > Polar triangles, harmonic conjugates | Miscellaneous > Angle chasing | Triangles > Triangle centers: centroid, incenter, circumcenter, orthocenter, Euler line, nine-point circle",,,,True,,,,proof only,,real,"Let $ABC$ be an acute-angled triangle with $AB < AC$. Denote its circumcircle by $\Omega$ and denote the midpoint of $\operatorname{arc} CAB$ by $S$. Let the perpendicular from $A$ to $BC$ meet $BS$ and $\Omega$ at $D$ and $E \neq A$ respectively. Let the line through $D$ parallel to $BC$ meet line $BE$ at $L$ and denote the circumcircle of triangle $BDL$ by $\omega$. Let $\omega$ meet $\Omega$ again at $P \neq B$.
Prove that the line tangent to $\omega$ at $P$, and line $BS$ intersect on the internal bisector of $\angle BAC$.",,4776,868,12,168,7,0,0,0,12
MATHNET-08q8,MathNet,Junior Balkan Mathematical Olympiad Shortlist,,JBMO,Geometry,Plane Geometry,,unknown,"Triangles > Triangle centers: centroid, incenter, circumcenter, orthocenter, Euler line, nine-point circle | Quadrilaterals > Cyclic quadrilaterals | Miscellaneous > Angle chasing",,,,True,,,,proof only,,real,"Problem:
Let $A B C$ be a non-isosceles triangle with incenter $I$. Let $D$ be a point on the segment $B C$ such that the circumcircle of $B I D$ intersects the segment $A B$ at $E \neq B$, and the circumcircle of $C I D$ intersects the segment $A C$ at $F \neq C$. The circumcircle of $D E F$ intersects $A B$ and $A C$ at the second points $M$ and $N$ respectively. Let $P$ be the point of intersection of $I B$ and $D E$, and let $Q$ be the point of intersection of $I C$ and $D F$. Prove that the three lines $E N, F M$ and $P Q$ are parallel.",,1266,300,5,40,8,1,0,0,5
MATHNET-06zj,MathNet,Iberoamerican Mathematical Olympiad,,Ibero-American Mathematical Olympiad,Discrete Mathematics | Number Theory,Combinatorics | Other,,unknown,Counting two ways,,,,True,,,,proof and answer,,real,"Problem:
Find a number $N$ with five digits, all different and none zero, which equals the sum of all distinct three digit numbers whose digits are all different and are all digits of $N$.",35964,1189,213,1,42,0,0,0,1,1
MATHNET-09af,MathNet,46th Mongolian Mathematical Olympiad,,Mongolia,Algebra,Algebraic Expressions,,unknown,Sequences and Series > Recurrence relations,,,,True,,,,proof only,,real,"Given are sequences $\{x_n\}$ and $\{y_n\}$ by the following recurrent relations: $x_1 = 1$, $y_1 = 39$ and
$$
x_{n+1} = 23x_n + y_n + 2, \quad y_{n+1} = 551x_n + 24y_n + 64.
$$
Prove that $x_n$ is a perfect square for all positive integer $n$.",,1670,313,1,48,5,0,0,0,1
MATHNET-0huv,MathNet,Berkeley Math Circle Monthly Contest 7,,United States,Algebra,Equations and Inequalities,,unknown,QM-AM-GM-HM / Power Mean,,,,True,,,,proof and answer,,real,"Problem:

Two dice are loaded so that the numbers $1$ through $6$ come up with various (possibly different) probabilities on each die. Is it possible that, when both dice are rolled, each of the possible totals $2$ through $12$ has an equal probability of occurring?",No,852,155,3,27,0,1,0,1,3
MATHNET-028y,MathNet,Nível 3,,Brazil,Algebra | Number Theory,Equations and Inequalities | Other | Prealgebra / Basic Algebra,,unknown,Integers | Linear and quadratic inequalities,,,,True,,,,proof and answer,,real,"Problem:
Existe um número de 8 algarismos da forma
$$
9999 * * * *
$$
que é um quadrado perfeito?",No,720,130,1,18,0,0,0,0,1
MATHNET-0f6y,MathNet,20th ASU,,Soviet Union,Discrete Mathematics | Geometry,Combinatorics | Plane Geometry,,unknown,"Coloring schemes, extremal arguments | Analytic / Coordinate Methods > Cartesian coordinates",,,,True,,,,proof and answer,,real,"Problem:
A $99 \times 100$ chess board is colored in the usual way with alternate squares black and white. What fraction of the main diagonal is black? What if the board is $99 \times 101$?",For 99×100: 1/2; For 99×101: 5000/9999,0,0,0,0,0,0,0,0,0
MATHNET-06y2,MathNet,IMO2024 Shortlisted Problems,,IMO,Algebra,Algebraic Expressions,,unknown,Functional Equations > Existential quantifiers,,,,True,,,,proof and answer,English,real,"Let $\mathbb{Z}_{>0}$ be the set of all positive integers. Determine all subsets $\mathcal{S}$ of $\left\{2^{0}, 2^{1}, 2^{2}, \ldots\right\}$ for which there exists a function $f: \mathbb{Z}_{>0} \rightarrow \mathbb{Z}_{>0}$ such that
$$
\mathcal{S}=\left\{f(a+b)-f(a)-f(b) \mid a, b \in \mathbb{Z}_{>0}\right\} .
$$","All and only the nonempty subsets of {2^0, 2^1, 2^2, …} with at most two elements. Equivalently, S = {2^k} or S = {2^k, 2^ℓ} for some integers k, ℓ ≥ 0 with k ≠ ℓ.",8004,1171,23,201,13,20,16,0,20
MATHNET-0cjq,MathNet,75th NMO Selection Tests,,Romania,Discrete Mathematics,Combinatorics,,unknown,"Induction / smoothing | Coloring schemes, extremal arguments",,,,True,,,,proof and answer,English,real,"Turbo the snail is in the lower left cell of an $n \times n$ array, $n \ge 2$, and aims to reach the upper right cell by moving one cell rightwards or one cell upwards. Some cells contain monsters, visible to Turbo, and they must be avoided. Assume there is a unique way for Turbo to achieve his goal. In terms of $n$, determine the smallest possible number of monsters such an array may contain. (The minimum is over all configurations satisfying the unique path condition.)",n-1,1809,330,6,36,1,1,6,0,6
MATHNET-0e4b,MathNet,National Math Olympiad,,Slovenia,Algebra,Prealgebra / Basic Algebra,,unknown,Simple Equations,,,,True,,,,proof and answer,,real,"Find all real $x$ and $y$, such that $x + y^2 = xy + 1$ and $xy = 4 + y$.","(5, 1), (3, 2), (-1, -2)",602,164,9,25,2,0,2,0,9
MATHNET-0ka4,MathNet,HMMT November 2019,,United States,Geometry,Plane Geometry,,unknown,Quadrilaterals > Cyclic quadrilaterals | Triangles > Triangle trigonometry | Miscellaneous > Angle chasing | Miscellaneous > Constructions and loci | Miscellaneous > Distance chasing,,,,True,,,,proof and answer,,real,"Problem:

Let $ABCD$ be an isosceles trapezoid with $AD = BC = 255$ and $AB = 128$. Let $M$ be the midpoint of $CD$ and let $N$ be the foot of the perpendicular from $A$ to $CD$. If $\angle MBC = 90^{\circ}$, compute $\tan \angle NBM$.",120/353,509,86,2,17,1,0,0,1,2
MATHNET-0cgo,MathNet,74th Romanian Mathematical Olympiad,,Romania,Algebra,Abstract Algebra,,unknown,Field Theory,,,,True,,,,proof only,English,real,"Let $(\mathbb{K}, +, \cdot)$ be a field having the property that $x^2y = yx^2$, for all $x, y \in \mathbb{K}$. Prove that $(\mathbb{K}, +, \cdot)$ is commutative.

Sorin Rădulescu and Mihai Piticari",,830,162,2,24,1,0,3,0,2
MATHNET-0hxe,MathNet,Berkeley Math Circle Monthly Contest 2,,United States,Geometry,Plane Geometry,,unknown,Triangles > Triangle trigonometry | Quadrilaterals > Cyclic quadrilaterals | Miscellaneous > Angle chasing,,,,True,,,,proof only,,real,"Problem:
Let $ABC$ be a scalene triangle inscribed in circle $\Gamma$. The internal bisector of $\angle A$ meets $\overline{BC}$ and circle $\Gamma$ at points $D$ and $E$. The circle with diameter $\overline{DE}$ meets $\Gamma$ at a second point $F$. Prove that $\frac{AB}{AC}=\frac{FB}{FC}$.",,776,99,1,17,3,0,0,0,1
MATHNET-0h3f,MathNet,Ukrainian Mathematical Olympiad,,Ukraine,Geometry,Plane Geometry,,unknown,"Circles > Tangents | Triangles > Triangle centers: centroid, incenter, circumcenter, orthocenter, Euler line, nine-point circle | Miscellaneous > Angle chasing",,,,True,,,,proof only,English,real,"Let $ABCD$ be a parallelogram. The incircle of triangle $ABC$ touches its sides $AB$, $BC$ and $AC$ at points $M$, $N$ and $K$ respectively. The lines $MK$ and $CD$ intersect at $P$, the lines $NK$ and $AD$ intersect at $Q$. Prove that the points $B$, $E$ and $F$ are collinear, where $E$ and $F$ are the midpoints of $MP$ and $NQ$ respectively.",,1034,168,5,33,0,0,0,0,5
MATHNET-0hax,MathNet,59th Ukrainian National Mathematical Olympiad,,Ukraine,Algebra | Number Theory,Divisibility / Factorization | Intermediate Algebra,,unknown,Quadratic functions | Greatest common divisors (gcd),,,,True,,,,proof and answer,English,real,"Find all real values of $k$, such that all solutions of the equation $k(2-k)x^2 - (k+4)x + 6 = 0$ are positive integers.","k = 1/2, 1, 2",1145,185,4,28,2,1,0,0,4
MATHNET-09jx,MathNet,Mongolian Mathematical Olympiad,,Mongolia,Algebra | Number Theory,Algebraic Expressions | Diophantine Equations,,unknown,"Techniques: modulo, size analysis, order analysis, inequalities | Polynomials > Polynomial operations",,,,True,,,,proof and answer,English,real,"Find all integers $a, b$ such that $a \le b$ and $(a+b)^2 = a^3 + b^3$.","(a, b) = (0, 1), (1, 2), (2, 2), and (-n, n) for any integer n >= 0",415,82,1,17,2,1,1,0,1
MATHNET-06ts,MathNet,IMO 2016 Shortlisted Problems,,IMO,Discrete Mathematics,Combinatorics,,unknown,"Counting two ways | Coloring schemes, extremal arguments",,,,True,,,,proof and answer,English,real,"Find all positive integers $n$ for which we can fill in the entries of an $n \times n$ table with the following properties:
- each entry can be one of $I$, $M$ and $O$;
- in each row and each column, the letters $I$, $M$ and $O$ occur the same number of times; and
- in any diagonal whose number of entries is a multiple of three, the letters $I$, $M$ and $O$ occur the same number of times.",All positive integers divisible by 9,2455,547,5,55,4,1,0,1,5
MATHNET-0h2a,MathNet,"51st Ukrainian National Mathematical Olympiad, 3rd Round",,Ukraine,Algebra,Algebraic Expressions,,unknown,Functional Equations,,,,True,,,,proof and answer,English,real,"Find all functions $f: \mathbb{R} \to \mathbb{R}$, such that:

1) For all real $x, y$ the following equality holds
$$
f(2x) = f(x+y)f(y-x) + f(x-y)f(-x-y).
$$

2) $f(x) \ge 0$ for all $x$.","f(x) = 0 for all x, or f(x) = 1/2 for all x",573,111,3,17,3,0,2,0,3
MATHNET-0kqf,MathNet,AIME II,,United States,Geometry,Solid Geometry,,unknown,Volume | Other 3D problems,,,,False,,,,final answer only,,real,"A right square pyramid with volume $54$ has a base with side length $6$. The five vertices of the pyramid all lie on a sphere with radius $\frac{m}{n}$, where $m$ and $n$ are relatively prime positive integers. Find $m+n$.",21,0,0,0,0,0,0,0,0,0
MATHNET-0j50,MathNet,Harvard-MIT Mathematics Tournament,,United States,Algebra | Geometry,Equations and Inequalities | Plane Geometry,,unknown,"Triangles > Triangle centers: centroid, incenter, circumcenter, orthocenter, Euler line, nine-point circle | Geometric Inequalities > Optimization in geometry | QM-AM-GM-HM / Power Mean",,,,True,,,,proof and answer,,real,"Problem:
Let $a$, $b$, and $c$ be the side lengths of a triangle, and assume that $a \leq b$ and $a \leq c$. Let $x=\frac{b+c-a}{2}$. If $r$ and $R$ denote the inradius and circumradius, respectively, find the minimum value of $\frac{a x}{r R}$.",3,654,98,1,12,2,0,0,0,1
MATHNET-0jc8,MathNet,Harvard-MIT Mathematics Tournament,,United States,Algebra,Algebraic Expressions | Intermediate Algebra,,unknown,Functional Equations | Exponential functions | Logarithmic functions,,,,True,,,,proof and answer,,real,"Problem:

Let $\otimes$ be a binary operation that takes two positive real numbers and returns a positive real number. Suppose further that $\otimes$ is continuous, commutative $(a \otimes b = b \otimes a)$, distributive across multiplication $(a \otimes (b c) = (a \otimes b)(a \otimes c))$, and that $2 \otimes 2 = 4$. Solve the equation $x \otimes y = x$ for $y$ in terms of $x$ for $x > 1$.",y = sqrt(2),748,109,5,14,3,0,1,0,5
MATHNET-0f1q,MathNet,ASU,,Soviet Union,Geometry,Plane Geometry,,unknown,Miscellaneous > Constructions and loci | Combinatorial Geometry > Convex hulls,,,,True,,,,proof only,,real,"Problem:

Call a triangle big if each side is longer than $1$. Show that we can draw $100$ big triangles inside an equilateral triangle with side length $5$ so that all the triangles are disjoint. Show that you can draw $100$ big triangles with every vertex inside or on an equilateral triangle with side $3$, so that they cover the equilateral triangle, and any two big triangles either (1) are disjoint, or (2) have as intersection a common vertex, or (3) have as intersection a common side.",,0,0,0,0,0,0,0,0,0
MATHNET-0acd,MathNet,Macedonian Mathematical Competitions,,North Macedonia,Algebra,Algebraic Expressions | Prealgebra / Basic Algebra,,unknown,Simple Equations | Fractions | Sequences and Series > Sums and products,,,,True,,,,proof and answer,,real,"The teacher ordered 20 students from one class in a row and gave 800 candies to them. Every student had to calculate the ratio $\frac{x}{x+2k-1}$, where $x$ is the number of candies that he got and $k$ is the number of his position in the row, counting from left to right. After calculating they all got the same result. How many candies were given to the student that was twelfth in the row?",46,586,103,2,13,1,0,0,1,2
MATHNET-0axv,MathNet,Philippine Mathematical Olympiad,,Philippines,Algebra,Algebraic Expressions,,unknown,Polynomials > Vieta's formulas | Polynomials > Polynomial operations,,,,False,,,,final answer only,,real,"Problem:

Three of the roots of $x^{4} + a x^{2} + b x + c = 0$ are $3$, $-2$, and $5$. Find the value of $a + b + c$.",167,285,54,2,8,1,0,0,1,2
MATHNET-04bo,MathNet,Mathematica competitions in Croatia,,Croatia,Algebra | Geometry,Plane Geometry | Prealgebra / Basic Algebra,,unknown,Triangles | Circles | Miscellaneous > Angle chasing | Simple Equations,,,,False,,,,final answer only,English,real,"A triangle with an area of $1.5 \text{ cm}^2$ is inscribed in a circle of radius $1.25$ cm, with one side of the triangle as the diameter of the circle. What are the lengths of the sides of the triangle?","1.5 cm, 2 cm, 2.5 cm",0,0,0,0,0,0,0,0,0
MATHNET-0784,MathNet,IMO TST Day 2,,India,Geometry,Plane Geometry,,unknown,"Advanced Configurations > Brocard point, symmedians | Circles > Circle of Apollonius | Circles > Tangents | Circles > Radical axis theorem | Circles > Coaxal circles | Transformations > Inversion | Transformations > Homothety | Transformations > Spiral similarity | Analytic / Coordinate Methods > Complex numbers in geometry | Analytic / Coordinate Methods > Cartesian coordinates | Advanced Configurations > Polar triangles, harmonic conjugates | Miscellaneous > Angle chasing",,,,True,,,,proof only,,real,"In triangle $ABC$, let $D$ be the foot of the perpendicular from $A$ to line $BC$. Point $K$ lies inside triangle $ABC$ such that $\angle KAB = \angle KCA$ and $\angle KAC = \angle KBA$. The line through $K$ perpendicular to line $DK$ meets the circle with diameter $BC$ at points $X$ and $Y$. Prove that $AX \cdot DY = DX \cdot AY$.",,14784,2531,27,381,76,27,8,0,20
MATHNET-0i5e,MathNet,Harvard-MIT Math Tournament,,United States,Algebra,Algebraic Expressions | Prealgebra / Basic Algebra,,unknown,Integers | Sequences and Series > Sums and products,,,,False,,,,final answer only,,real,"Problem:

The expression $\lfloor x\rfloor$ denotes the greatest integer less than or equal to $x$. Find the value of
$$
\left\lfloor\frac{2002!}{2001!+2000!+1999!+\cdots+1!}\right\rfloor .
$$",2000,390,38,3,7,1,0,0,0,3
MATHNET-0hog,MathNet,Berkeley Math Circle: Monthly Contest 6,,United States,Geometry,Plane Geometry,,unknown,Circles > Tangents | Miscellaneous > Angle chasing,,,,True,,,,proof only,,real,"Problem:

Two points $A$ and $C$ are marked on a circle; assume the tangents to the circle at $A$ and $C$ meet at $P$. Let $B$ be another point on the circle, and suppose $P B$ meets the circle again at $D$. Show that $A B \cdot C D = B C \cdot D A$.",,582,127,2,15,3,0,0,0,2
MATHNET-0fv2,MathNet,SMO Finalrunde,,Switzerland,Algebra,Algebraic Expressions,,unknown,Functional Equations,,,,True,,,,proof and answer,,real,"Problem:

Finde alle Funktionen $f: \mathbb{R} \rightarrow \mathbb{R}$, sodass für alle $x, y \in \mathbb{R}$ gilt
$$
y f(2 x)-x f(2 y)=8 x y\left(x^{2}-y^{2}\right)
$$",f(x) = x^3 + c x for all real constants c,638,98,4,18,0,0,0,0,4
MATHNET-09xc,MathNet,BxMO Team Selection Test,,Netherlands,Algebra,Intermediate Algebra | Prealgebra / Basic Algebra,,unknown,Simple Equations | Quadratic functions,,,,True,,,,proof and answer,English,real,"Determine all triples $(x, y, z)$ of real numbers satisfying:
$$
\begin{aligned}
x^2 - yz &= |y - z| + 1, \\
y^2 - zx &= |z - x| + 1, \\
z^2 - xy &= |x - y| + 1.
\end{aligned}
$$","All permutations of (4/3, 4/3, -5/3) and (5/3, -4/3, -4/3).",2414,501,4,57,7,2,3,0,4
MATHNET-0adi,MathNet,Macedonian Mathematical Competitions,,North Macedonia,Algebra,Intermediate Algebra,,unknown,Logarithmic functions,,,,True,,,,proof and answer,,real,Solve the equation $\log_{3x+4}(2x+1)^2 + \log_{2x+1}(6x^2 + 11x + 4) = 4$.,3/4,958,154,4,28,2,0,0,0,4
MATHNET-0fyx,MathNet,IMO Selektion,,Switzerland,Algebra,Equations and Inequalities | Prealgebra / Basic Algebra,,unknown,Integers | Simple Equations | Linear and quadratic inequalities,,,,True,,,,proof and answer,,real,"Problem:
Finde natürliche Zahlen $a, b, c$, so dass die Quersumme von $a+b, b+c$ und $c+a$ jeweils kleiner als 5 ist, die Quersumme von $a+b+c$ aber grösser als 50.","a = 5554445555, b = 5555554445, c = 4445555555",1036,181,1,13,0,0,0,0,1
MATHNET-0akk,MathNet,Junior Mathematical Olympiad,,North Macedonia,Number Theory,Diophantine Equations | Divisibility / Factorization,,unknown,"Techniques: modulo, size analysis, order analysis, inequalities | Greatest common divisors (gcd)",,,,True,,,,proof and answer,English,real,"Find all pairs $(p,q)$, $p,q \in \mathbb{N}$ such that
$$
(p+1)^{p-1} + (p-1)^{p+1} = q^q.
$$","[(1,1), (2,2)]",1716,262,5,53,3,0,4,0,5
MATHNET-0est,MathNet,The South African Mathematical Olympiad Third Round,,South Africa,Geometry,Plane Geometry,,unknown,Miscellaneous > Angle chasing | Miscellaneous > Distance chasing,,,,True,,,,proof and answer,,real,"In triangle $ABC$, $AB = AC$, and $D$ is on $BC$. A point $E$ is chosen on $AC$, and a point $F$ is chosen on $AB$, such that $DE = DC$ and $DF = DB$. It is given that $\frac{DC}{BD} = 2$ and $\frac{AF}{AE} = 5$. Determine the value of $\frac{AB}{BC}$.",sqrt(3)/2,781,151,2,26,2,0,0,0,2
MATHNET-0jsa,MathNet,HMMT February,,United States,Number Theory,Divisibility / Factorization | Modular Arithmetic,,unknown,Chinese remainder theorem | Greatest common divisors (gcd),,,,False,,,,final answer only,,real,"Problem:
Define $\phi^{!}(n)$ as the product of all positive integers less than or equal to $n$ and relatively prime to $n$. Compute the remainder when
$$
\sum_{\substack{2 \leq n \leq 50 \\ \operatorname{gcd}(n, 50)=1}} \phi^{!}(n)
$$
is divided by $50$.",12,356,66,3,10,1,0,0,2,3
MATHNET-09r1,MathNet,Toets 6 juni 2012,,Netherlands,Algebra | Number Theory,Divisibility / Factorization | Prealgebra / Basic Algebra,,unknown,Greatest common divisors (gcd) | Integers,,,,True,,,,proof and answer,,real,"Problem:
Bepaal alle positieve gehele getallen die niet geschreven kunnen worden als $\frac{a}{b}+\frac{a+1}{b+1}$ met $a, b$ positief en geheel.",The non-representable positive integers are 1 and all numbers of the form 2^m + 2 with m ≥ 0.,1973,351,1,48,0,0,0,0,1
MATHNET-0au7,MathNet,17th Philippine Mathematical Olympiad Area Stage,,Philippines,Discrete Mathematics,Combinatorics,,unknown,Enumeration with symmetry,,,,True,,,,proof and answer,,real,"Problem:

In how many ways can Alex, Billy, and Charles split $7$ identical marbles among themselves so that no two have the same number of marbles? It is possible for someone not to get any marbles.",24,1727,395,31,71,3,0,0,2,20
MATHNET-0egg,MathNet,"18. tekmovanje v znanju matematike za dijake srednjih tehniških in strokovnih šol, Odbirno tekmovanje",,Slovenia,Algebra,Algebraic Expressions | Prealgebra / Basic Algebra,,unknown,Polynomials > Polynomial operations | Fractions,,,,True,,,,proof and answer,,real,"Problem:

Za realni števili $x$ in $y$, kjer $x \neq 0$, $y \notin \{-2, 0, 2\}$ in $x + y \neq 0$, poenostavi izraz:
$$
\frac{x y^{2018} + 2 x y^{2017}}{y^{2016} - 4 y^{2014}} \cdot \left(\left(\frac{x^{2}}{y^{3}} + x^{-1}\right) : \left(x y^{-2} - \frac{1}{y} + x^{-1}\right)\right) : \frac{(x-y)^{2} + 4 x y}{1 + \frac{y}{x}} - \frac{y^{2} + 2y}{y+2}
$$",2y/(y - 2),716,111,7,15,0,0,0,0,7
MATHNET-049z,MathNet,CroatianCompetitions2011,,Croatia,Algebra,Equations and Inequalities | Intermediate Algebra,,unknown,Quadratic functions | QM-AM-GM-HM / Power Mean,,,,True,,,,proof only,,real,"Let $a$, $b$, $c$ be real numbers and let $a \neq 0$. Prove that at least one of the equations
$$
a \sin x + b \cos x + c = 0,
$$
$$
a \tgg y + b \ctg y + 2c = 0
$$
has real solutions.",,1348,310,5,38,2,3,4,0,5
MATHNET-0ads,MathNet,Републички натпревар по математика за средно образование,,North Macedonia,Algebra,Algebraic Expressions,,unknown,Sequences and Series > Recurrence relations,,,,True,,,,proof and answer,"Macedonian, English",real,"Дали постои неконстантна низа природни броеви $a_1, a_2, ..., a_n, ...$, таква што за секој природен број $k \ge 2$ е исполнето равенството
$$
a_k = \frac{2a_{k-1}a_{k+1}}{a_{k-1} + a_{k+1}}?
$$",No; no such non-constant sequence of natural numbers exists.,916,145,1,16,0,0,0,0,1
MATHNET-07w7,MathNet,IRL_ABooklet_2023,,Ireland,Algebra | Geometry,Equations and Inequalities | Plane Geometry,,unknown,Quadrilaterals > Cyclic quadrilaterals | QM-AM-GM-HM / Power Mean,,,,True,,,,proof only,English,real,"Suppose $ABCD$ is a cyclic quadrilateral, with side lengths $a = AB$, $b = BC$, $c = CD$, $d = DA$. Prove that its area ($ABCD$) doesn't exceed the following expression
$$
\frac{ab + ac + ad + bc + bd + cd}{6},
$$
with equality iff the quadrilateral is a square.",,782,153,1,20,1,4,0,0,1
MATHNET-00by,MathNet,Argentina_2018,,Argentina,Geometry,Plane Geometry,,unknown,Quadrilaterals | Miscellaneous > Angle chasing | Miscellaneous > Constructions and loci,,,,True,,,,proof and answer,English,real,Given is a convex quadrilateral $ABCD$ with $AB = BD = a$ and $CD = DA = b$. Let $P$ in side $AB$ such that $DP$ is bisector of $\vec{ADB}$ and $Q$ in side $BC$ such that $DQ$ is bisector of $\vec{CDB}$. Find the circumradius of triangle $DPQ$.,ab/(a+b),1046,166,8,35,3,0,0,0,8
MATHNET-03w7,MathNet,China Mathematical Competition (Complementary Test),,China,Geometry,Plane Geometry,,unknown,"Triangles > Triangle centers: centroid, incenter, circumcenter, orthocenter, Euler line, nine-point circle | Quadrilaterals > Cyclic quadrilaterals | Analytic / Coordinate Methods > Trigonometry | Miscellaneous > Angle chasing",,,,True,,,,proof only,English,real,"As shown in the Fig. 1, $M$, $N$ are the midpoints of arcs $\widehat{BC}$, $\widehat{AC}$ respectively, which are on the circumscribed circle of an acute triangle $\triangle ABC$ ($\angle A < \angle B$). Through point $C$ draw $PC \parallel MN$, intercepting the circle $\Gamma$ at point $P$. $I$ is the inner center of $\triangle ABC$. Extend line $PI$ to intercept $\Gamma$ at point $T$.
![](attached_image_1.png)
Fig. 1

(1) Prove that $MP \times MT = NP \times NT$;

(2) For an arbitrary point $Q (\neq A, T, B)$ on arc $\widehat{AB}$ (not containing $C$), denote the inner centers of $\triangle AQC$, $\triangle QCB$ by $I_1, I_2$, respectively. Prove that $Q, I_1, I_2, T$ are concyclic.",,1645,304,3,43,7,0,0,0,3
MATHNET-0e2b,MathNet,National Math Olympiad,,Slovenia,Geometry,Plane Geometry,,unknown,Quadrilaterals > Cyclic quadrilaterals | Miscellaneous > Angle chasing,,,,True,,,,proof only,English,real,"Let $K_1$ and $K_2$ be the circles centered at $O_1$ and $O_2$, respectively, meeting at the points $A$ and $B$. Let $p$ be the line through the point $A$ meeting the circles $K_1$ and $K_2$ again at $C_1$ and $C_2$. Assume that $A$ lies between $C_1$ and $C_2$. Denote the intersection of the lines $C_1O_1$ and $C_2O_2$ by $D$. Prove that the points $C_1, C_2, B$ and $D$ lie on the same circle.",,881,146,3,19,0,1,2,0,3
MATHNET-0aho,MathNet,Team Selection Test for IMO,,North Macedonia,Geometry,Plane Geometry,,unknown,"Circles > Tangents | Triangles > Triangle centers: centroid, incenter, circumcenter, orthocenter, Euler line, nine-point circle | Transformations > Homothety | Miscellaneous > Angle chasing",,,,True,,,,proof only,English,real,"An acute-angled triangle $ABC$ is given. The points $A_1$, $A_2$, $B_1$, $B_2$, $C_1$ and $C_2$ lie on its sides in such a way that $\overline{AA_1} = \overline{A_1A_2} = \overline{A_2B} = \frac{1}{3}\overline{AB}$, $\overline{BB_1} = \overline{B_1B_2} = \overline{B_2C} = \frac{1}{3}\overline{BC}$ and $\overline{CC_1} = \overline{C_1C_2} = \overline{C_2A} = \frac{1}{3}\overline{CA}$. Let $k_A$, $k_B$ and $k_C$ be the circumscribed circles of the triangles $AA_1C_2$, $BB_1A_2$ and $CC_1B_2$ respectively, $a_B$ and $a_C$ be the tangents of $k_A$ in $A_1$ and $C_2$, $b_C$ and $b_A$ be the tangents of $k_B$ in $B_1$ and $A_2$ and $c_A$ and $c_B$ be the tangents of $k_C$ in $C_1$ and $B_2$. Prove that the perpendiculars drawn from the intersection of $a_B$ and $b_A$ to $AB$, the intersection of $b_C$ and $c_B$ to $BC$ and the intersection of $c_A$ and $a_C$ to $CA$ intersect in one point.

![](attached_image_1.png)",,1101,184,1,32,2,0,0,0,1
MATHNET-0f9f,MathNet,24th ASU,,Soviet Union,Discrete Mathematics,Combinatorics | Graph Theory,,unknown,"Coloring schemes, extremal arguments | Matchings, Marriage Lemma, Tutte's theorem",,,,True,,,,proof and answer,,real,"Problem:
A graph has $n$ points and $n(n-1)/2$ edges. Each edge is colored with one of $k$ colors so that there are no closed monochrome paths. What is the largest possible value of $n$ (given $k$)?",2k,0,0,0,0,0,0,0,0,0
MATHNET-0efx,MathNet,Slovenian Mathematical Olympiad,,Slovenia,Algebra,Algebraic Expressions | Equations and Inequalities | Intermediate Algebra,,unknown,Logarithmic functions | Linear and quadratic inequalities | Polynomials > Polynomial operations,,,,True,,,,proof and answer,,real,"Problem:
Poišči vsa realna števila $x$, ki rešijo enačbo
$$
\log_{2}\left(\log_{2}(7x-6)\right)+1=\log_{2}\left(\log_{2}(3x-2)\right)+\log_{2} 3
$$",2,1283,144,1,25,0,0,0,0,1
MATHNET-072s,MathNet,Indija TS 2006,,India,Algebra | Discrete Mathematics,Algebraic Expressions | Combinatorics,,unknown,Generating functions | Algebraic properties of binomial coefficients | Polynomials > Roots of unity | Polynomials > Symmetric functions,,,,True,,,,proof only,,real,"Let $p$ be a prime and $X$ be a finite set containing at least $p$ elements. A collection of mutually disjoint $p$-element subsets of $X$ is called a $p$-family. The empty collection itself is regarded as a $p$-family. Let $A$ (respectively, $B$) denote the number of $p$-families having an even (respectively, odd) number of $p$-element subsets of $X$. Prove that $A$ and $B$ differ by a multiple of $p$.",,2417,398,1,64,11,1,6,2,1
MATHNET-05aq,MathNet,Estonian Mathematical Olympiad,,Estonia,Algebra | Discrete Mathematics | Number Theory,Divisibility / Factorization | Other | Prealgebra / Basic Algebra,,unknown,Factorization techniques | Integers,,,,True,,,,proof and answer,English,real,"All integers from $1$ to $12$ are written on the edges of a cube so that every edge has exactly one integer. Two robot ants stand in the same vertex of the cube and wish to arrive at the vertex that is furthest away from them. Each ant picks a path consisting of exactly three edges of the cube. They multiply the integers on their path. The product of the integers on the path of the first ant is divisible by $100$, but not by $200$. The sum of the digits of the product of the integers on the path of the second ant is $2$ and the integer $1$ is not on its path. Find all possible products that either ant can get.",First ant: 300; Second ant: 110,2363,475,4,76,2,0,0,10,4
MATHNET-0e8i,MathNet,Državno tekmovanje,,Slovenia,Algebra,Algebraic Expressions | Prealgebra / Basic Algebra,,unknown,Simple Equations | Polynomials > Polynomial operations,,,,False,,,,final answer only,,real,"Problem:

Reši enačbo
$$
3 + \frac{11}{x-1} + \frac{10}{1-2x} - \frac{2}{4x^2 - 4x + 1} = 0
$$
Rešitve zapiši v obliki okrajšanih ulomkov z racionaliziranimi imenovalci.","x = 0, x = sqrt(3)/6, x = -sqrt(3)/6",0,0,0,0,0,0,0,0,0
MATHNET-06vc,MathNet,IMO 2019 Shortlisted Problems,,IMO,Discrete Mathematics | Geometry,Combinatorics | Plane Geometry,,unknown,Miscellaneous > Constructions and loci | Induction / smoothing | Invariants / monovariants | Analytic / Coordinate Methods > Cartesian coordinates,,,,True,,,,proof and answer,English,real,"On a flat plane in Camelot, King Arthur builds a labyrinth $\mathfrak{L}$ consisting of $n$ walls, each of which is an infinite straight line. No two walls are parallel, and no three walls have a common point. Merlin then paints one side of each wall entirely red and the other side entirely blue.
At the intersection of two walls there are four corners: two diagonally opposite corners where a red side and a blue side meet, one corner where two red sides meet, and one corner where two blue sides meet. At each such intersection, there is a two-way door connecting the two diagonally opposite corners at which sides of different colours meet.
After Merlin paints the walls, Morgana then places some knights in the labyrinth. The knights can walk through doors, but cannot walk through walls.
Let $k(\mathfrak{L})$ be the largest number $k$ such that, no matter how Merlin paints the labyrinth $\mathfrak{L}$, Morgana can always place at least $k$ knights such that no two of them can ever meet. For each $n$, what are all possible values for $k(\mathfrak{L})$, where $\mathfrak{L}$ is a labyrinth with $n$ walls?",n+1,5272,893,23,43,8,0,5,0,20
MATHNET-0hvc,MathNet,Berkeley Math Circle: Monthly Contest 7,,United States,Algebra | Geometry,Equations and Inequalities | Plane Geometry,,unknown,Triangles > Triangle inequalities | Geometric Inequalities > Triangle inequalities | QM-AM-GM-HM / Power Mean,,,,True,,,,proof only,,real,"Problem:
If triangle $ABC$ has perimeter $2$, prove that not all its altitudes can exceed $1 / \sqrt{3}$ in length.",,566,86,1,11,1,0,0,0,1
MATHNET-037b,MathNet,55. Bulgarian Mathematical Olympiad,,Bulgaria,Geometry,Plane Geometry,,unknown,Circles > Tangents | Triangles > Triangle trigonometry | Miscellaneous > Angle chasing,,,,True,,,,proof and answer,,real,"Problem:
The tangent lines to the circumcircle $k$ of an isosceles $\triangle ABC$, $AC = BC$, at the points $B$ and $C$ meet at point $X$. If $AX$ meets $k$ at point $Y$, find the ratio $\frac{AY}{BY}$.",2,937,143,3,16,3,0,1,0,3
MATHNET-0ck8,MathNet,75th Romanian Mathematical Olympiad,,Romania,Algebra | Number Theory,Diophantine Equations | Equations and Inequalities | Prealgebra / Basic Algebra,,unknown,"Integers | Techniques: modulo, size analysis, order analysis, inequalities | Linear and quadratic inequalities",,,,True,,,,proof and answer,English,real,"Alexia has several marbles and her friend, Cristina, has none. Each day of one week, starting on Monday, Alexia gave Cristina some of her marbles, so that each day Alexia gave more marbles than the day before. On Monday Alexia gave five times less marbles than on Friday, on Tuesday she gave six times less marbles than on Saturday, and on Wednesday she gave seven times less marbles than on Sunday. At the end of that week, Cristina got 72 marbles. Find how many marbles got Cristina Thursday.
Lucian Dragomir",7,1177,286,7,35,5,0,3,0,7
MATHNET-0br0,MathNet,67th NMO Shortlisted Problems,,Romania,Algebra,Abstract Algebra,,unknown,Group Theory,,,,True,,,,proof and answer,English,real,Find all finite groups which have proper subgroups and all of these have order $2$ or $3$.,"C4, V4, C6, S3, C9, C3×C3",0,0,0,0,0,0,0,0,0
MATHNET-0h9m,MathNet,58th Ukrainian National Mathematical Olympiad,,Ukraine,Algebra,Equations and Inequalities,,unknown,Cauchy-Schwarz,,,,True,,,,proof only,English,real,"For positive integers, prove the inequality:
$$
\frac{y}{2x + y} + \frac{z}{2y + z} + \frac{x}{2z + x} \geq 1.
$$",,397,40,1,2,0,1,0,0,1
MATHNET-0iwd,MathNet,Harvard-MIT November Tournament,,United States,Geometry,Plane Geometry,,unknown,Miscellaneous > Angle chasing | Miscellaneous > Distance chasing | Miscellaneous > Constructions and loci,,,,False,,,,final answer only,,real,"Problem:

Regular hexagon $A B C D E F$ has side length $2$. A laser beam is fired inside the hexagon from point $A$ and hits $\overline{B C}$ at point $G$. The laser then reflects off $\overline{B C}$ and hits the midpoint of $\overline{D E}$. Find $B G$.",2/5,976,181,5,25,0,0,0,0,5
MATHNET-00cj,MathNet,Nacional OMA 2019,,Argentina,Geometry,Plane Geometry,,unknown,Miscellaneous > Constructions and loci | Analytic / Coordinate Methods > Vectors,,,,True,,,,proof and answer,Spanish,real,"Sean $\Gamma$ una circunferencia de centro $S$ y radio $r$ y $A$ un punto exterior a la circunferencia. Sea $BC$ un diámetro de $\Gamma$ tal que $B$ no pertenece a la recta $AS$, y consideramos el punto $O$ en el que se cortan las mediatrices del triángulo $ABC$, o sea, el circuncentro del $ABC$.
Determinar todas las posibles ubicaciones del punto $O$ cuando $B$ varía en la circunferencia $\Gamma$.","The locus of O is the fixed line perpendicular to AS whose signed distance from S equals (SA^2 − r^2)/(2·SA). Equivalently, it is the set of points O satisfying SA · SO = (SA^2 − r^2)/2.",0,0,0,0,0,0,0,0,0
MATHNET-0jzx,MathNet,February 2017,,United States,Algebra,Algebraic Expressions | Equations and Inequalities,,unknown,Linear and quadratic inequalities | Sequences and Series > Recurrence relations,,,,True,,,,proof and answer,,real,"Problem:
Determine the largest real number $c$ such that for any $2017$ real numbers $x_{1}, x_{2}, \ldots, x_{2017}$, the inequality
$$
\sum_{i=1}^{2016} x_{i}\left(x_{i}+x_{i+1}\right) \geq c \cdot x_{2017}^{2}
$$
holds.",-1008/2017,564,64,1,15,1,0,0,0,1
MATHNET-0g61,MathNet,"二〇一一數學奧林匹亞競賽第一階段選訓營,模擬競賽(二)",,Taiwan,Geometry,Plane Geometry,,unknown,"Triangles > Triangle centers: centroid, incenter, circumcenter, orthocenter, Euler line, nine-point circle | Quadrilaterals > Cyclic quadrilaterals | Miscellaneous > Angle chasing",,,,True,,,,proof only,,real,"設 $O$ 為銳角三角形 $ABC$ 之外心, 且 $AO$ 與 $BC$ 交於 $D$ 點。由 $D$ 點做兩射線分別垂直 $AB$ 與 $AC$, 並分別交 $AB$, $AC$ 於 $E$, $F$ 與交 $ABC$ 的外接圓於 $K$, $L$。試證: 若 $K$, $E$, $F$, $L$ 四點共圓, 則 $AB = AC$.",,188,35,2,10,0,0,0,0,2
MATHNET-01qj,MathNet,Selection and Training Session,,Belarus,Algebra,Algebraic Expressions | Prealgebra / Basic Algebra,,unknown,Sequences and Series > Recurrence relations | Integers,,,,True,,,,proof and answer,English,real,"Find all sequences $(a_n)$ of positive integers satisfying the equality $a_n = a_{n-1} + a_{n+1}$
a) for all $n \ge 2$;
b) for all $n \ge 3$.","a) No such sequences exist.
b) The unique sequence is a1 = 1, a2 = 1, and ai = 2 for all i at least 3.",113,25,2,3,0,0,0,0,2
MATHNET-0fdi,MathNet,,,Spain,Algebra | Discrete Mathematics,Algebraic Expressions | Combinatorics,,unknown,Games / greedy algorithms | Polynomials > Polynomial operations,,,,True,,,,proof only,,real,"Problem:

Dado el polinomio $P(X) = X^{4} + \square X^{3} + \square X^{2} + \square X + \square$, en el que cada cuadrado representa un hueco donde se colocará un coeficiente, se plantea el siguiente juego entre dos jugadores: Alternativamente, el primer y el segundo jugador eligen un hueco vacío y colocan en él un entero no nulo hasta rellenar todos los cuatro huecos. Si el polinomio resultante tiene al menos dos raíces enteras gana el segundo jugador, en otro caso el ganador es el primero.
Prueba que, eligiendo la estrategia adecuada, el primer jugador siempre puede ganar.",,2596,523,13,45,0,0,0,0,13
MATHNET-045v,MathNet,2022 China Team Selection Test for IMO,,China,Algebra | Geometry,Algebraic Expressions | Intermediate Algebra | Plane Geometry,,unknown,Polynomials | Polynomials > Vieta's formulas | Complex numbers | Analytic / Coordinate Methods > Complex numbers in geometry,,,,True,,,,proof only,English,real,"(1) Prove that on the complex plane, the convex hull of all complex roots of the equation
$$
z^{20} + 63z + 22 = 0
$$
is larger than $\pi$.

(2) Let $n$ be a positive integer, and $1 \le k_1 < k_2 < \dots < k_n$ be $n$ odd integers. Prove that for any $n$ complex numbers $a_1, a_2, \dots, a_n$ with sum 1 and any complex number $w$ with absolute value at least 1, the equation
$$
a_1z^{k_1} + a_2z^{k_2} + \dots + a_nz^{k_n} = w
$$
has at least one complex root with norm less than or equal to $3n|w|$.",,5419,852,15,79,8,3,4,0,15
MATHNET-042z,MathNet,China Mathematical Competition,,China,Geometry,Plane Geometry | Solid Geometry,,unknown,"Other 3D problems | Triangles > Triangle centers: centroid, incenter, circumcenter, Euler line, nine-point circle | Triangles > Triangle trigonometry",,,,False,,,,final answer only,,real,"Suppose all the edges of regular triangular pyramid $P$-$ABC$ have length $1$ and $L$, $M$, $N$ are the midpoints of edges $PA$, $PB$ and $PC$, respectively. The area of the cross section of the circumscribed sphere of this regular triangular pyramid intercepted by plane $LMN$ is ______.",π/3,1046,178,3,31,1,0,0,0,3
MATHNET-0h6j,MathNet,UkraineMO,,Ukraine,Discrete Mathematics,Combinatorics,,unknown,"Coloring schemes, extremal arguments",,,,True,,,,proof and answer,,real,"Andriiko has unlimited amount of chips painted in 6 colours. He wants to put some of the chips in one row so that for any two different colours in that row there are two adjacent chips of those colours. What is the minimum amount of chips he can put in a row?
**Answer:** 18.",18,248,49,1,0,1,0,0,0,1
MATHNET-00ps,MathNet,Balkan Mathematical Olympiad,,Balkan Mathematical Olympiad,Algebra | Number Theory,Diophantine Equations | Divisibility / Factorization | Equations and Inequalities,,unknown,"Techniques: modulo, size analysis, order analysis, inequalities | Prime numbers | QM-AM-GM-HM / Power Mean",,,,True,,,,proof and answer,English,real,"Let $p$ be a prime number. Determine all triples $(a, b, c)$ of positive integers such that $a + b + c < 2p\sqrt{p}$ and
$$
\frac{1}{a} + \frac{1}{b} + \frac{1}{c} = \frac{1}{p}.
$$","All solutions are permutations of the following triples, depending on the prime:
- For p ≥ 31: (3p, 3p, 3p), (2p, 4p, 4p), (2p, 3p, 6p)
- For p = 29: (3p, 3p, 3p), (2p, 4p, 4p)
- For p = 23: (3p, 3p, 3p)
There are no solutions for smaller primes.",2326,505,6,64,8,10,15,0,6
MATHNET-0gg9,MathNet,"2022 數學奧林匹亞競賽第五階段培訓營, 國際競賽實作(二)",,Taiwan,Geometry,Plane Geometry,,unknown,"Advanced Configurations > Polar triangles, harmonic conjugates | Advanced Configurations > Brocard point, symmedians | Transformations > Inversion | Miscellaneous > Angle chasing",,,,True,,,,proof only,Chinese; English,real,"設點 $A,B,C,D$ 為圓 $\omega$ 上的四點，$ABCD$ 形成一個凸四邊形。設 $AB$ 與 $CD$ 交於點 $E$，且 $A$ 位於 $B,E$ 之間；又設 $BD$ 與 $AC$ 交於點 $F$。令點 $X$ 為圓 $\omega$ 上異於 $D$ 的一點使得 $DX$ 平行於 $EF$。設點 $Y$ 為點 $D$ 關於直線 $EF$ 的對稱點，且知 $Y$ 位於圓 $\omega$ 內。證明 $A,X,Y$ 三點共線。",,0,0,0,0,0,0,0,0,0
MATHNET-0l5r,MathNet,HMMT February,,United States,Algebra | Number Theory,Algebraic Expressions | Modular Arithmetic,,unknown,Polynomials mod p | Sequences and Series > Sums and products,,,,True,,,,proof and answer,,real,"Problem:

For any integer $x$, let
$$
  f(x) = 100! \left(1 + x + \frac{x^{2}}{2!} + \frac{x^{3}}{3!} + \dots + \frac{x^{100}}{100!}\right).
$$
A positive integer $a$ is chosen such that $f(a) - 20$ is divisible by $101^{2}$. Compute the remainder when $f(a + 101)$ is divided by $101^{2}$.",1939,1101,173,4,13,1,0,0,0,4
MATHNET-04kx,MathNet,Mathematical competitions in Croatia,,Croatia,Discrete Mathematics,Combinatorics,,unknown,Pigeonhole principle | Invariants / monovariants,,,,True,,,,proof only,,real,"A city has $M$ streets and $N$ squares, where $M$ and $N$ are positive integers such that $M > N$. Each street connects two squares and does not go through any other squares.
The citizens wish to change the appearance of the city. This year, each street will be coloured for the first time, in either red or blue. It is also determined that each subsequent year one square will be chosen and all the streets leading to that square will simultaneously change colour from blue to red and vice versa.
Prove that the citizens can choose the initial colours of streets so that it can never happen that all streets have the same colour.
(Russia 1994)",,2405,422,7,8,2,2,6,0,7
MATHNET-0220,MathNet,Nível 2,,Brazil,Algebra,Prealgebra / Basic Algebra,,unknown,Fractions,,,,True,,,,proof and answer,,real,"Problem:

No jogo - Aldo, Bernardo e Carlos jogam baralho. No início, a quantia em dinheiro que eles tinham estava na proporção $7:6:5$. No final do jogo, a proporção era $6:5:4$. Um dos jogadores ganhou 1200 reais. Qual a quantidade de dinheiro com que ficou cada jogador, no final da partida?",Aldo: 43200; Bernardo: 36000; Carlos: 28800,1339,186,5,22,0,0,0,0,5
MATHNET-09rl,MathNet,Selectietoets,,Netherlands,Algebra,Algebraic Expressions,,unknown,Functional Equations > Injectivity / surjectivity,,,,True,,,,proof and answer,,real,"Problem:

Vind alle functies $f: \mathbb{R} \rightarrow \mathbb{R}$ die voldoen aan
$$
f(x+y f(x))=f(x f(y))-x+f(y+f(x))
$$
voor alle $x, y \in \mathbb{R}$.",f(x) = 1 - x,997,152,8,35,0,0,0,0,8
MATHNET-04vh,MathNet,72nd Czech and Slovak Mathematical Olympiad,,Czech Republic,Geometry,Plane Geometry,,unknown,"Triangles > Triangle centers: centroid, incenter, circumcenter, orthocenter, Euler line, nine-point circle | Transformations > Homothety | Miscellaneous > Angle chasing | Miscellaneous > Distance chasing",,,,True,,,,proof only,English,real,"Given an acute-angled scalene triangle $ABC$. The angle bisector of the angle $BAC$ and the perpendicular bisectors of the sides $AB$, $AC$ define a triangle. Prove that its orthocenter lies on the median from the vertex $A$.

(Josef Tkadlec)",,3836,673,12,103,14,1,1,0,12
MATHNET-007a,MathNet,Mathematical Olympiad Rioplatense,,Argentina,Geometry,Plane Geometry,,unknown,Miscellaneous > Distance chasing | Miscellaneous > Angle chasing,,,,True,,,,proof and answer,English,real,"Consider a semicircle with diameter $AB$, center $O$ and radius $r$. Let $C$ be the point on segment $AB$ such that $AC = \frac{2r}{3}$. Line $l$ is perpendicular to $AB$ at $C$ and $D$ is the common point of $l$ and the semicircle. Let $H$ be the foot of the perpendicular from $O$ to $AD$ and $E$ the intersection of lines $CD$ and $OH$.

a) Express $AD$ as a function of $r$.

b) If $M$ and $N$ are the midpoints of $AE$ and $OD$ respectively, find the measure of angle $MHN$.",AD = (2√3/3)·r; ∠MHN = 90°,538,92,3,20,3,0,0,0,3
MATHNET-07l8,MathNet,Irska,,Ireland,Geometry,Plane Geometry,,unknown,"Triangles > Triangle centers: centroid, incenter, circumcenter, orthocenter, Euler line, nine-point circle | Quadrilaterals > Cyclic quadrilaterals | Miscellaneous > Angle chasing | Triangles > Triangle trigonometry",,,,True,,,,proof only,English,real,"In the triangle $ABC$ we have $|AB| < |AC|$. The bisectors of the angles at $B$ and $C$ meet $AC$ and $AB$ at $D$ and $E$ respectively. The lines $BD$ and $CE$ intersect at the incentre $I$ of $\triangle ABC$.
Prove that $\angle BAC = 60^\circ$ if and only if $|IE| = |ID|$.",,1707,303,3,53,7,2,0,0,3
MATHNET-0b48,MathNet,25th Philippine Mathematical Olympiad,,Philippines,Number Theory,Diophantine Equations | Divisibility / Factorization,,unknown,"Factorization techniques | Techniques: modulo, size analysis, order analysis, inequalities",,,,True,,,,proof and answer,,real,"Problem:
Find all ordered pairs $(a, b)$ of positive integers such that $a^{2}+b^{2}+25=15 a b$ and $a^{2}+a b+b^{2}$ is prime.","[(1,2), (2,1)]",1041,174,6,26,1,2,3,2,6
MATHNET-0jht,MathNet,HMMT 2013,,United States,Number Theory,Divisibility / Factorization | Number-Theoretic Functions,,unknown,Greatest common divisors (gcd) | τ (number of divisors),,,,False,,,,final answer only,,real,"Problem:
Find the number of positive divisors $d$ of $15! = 15 \cdot 14 \cdots 2 \cdot 1$ such that $\operatorname{gcd}(d, 60) = 5$.",36,471,77,1,15,1,0,0,1,1
MATHNET-0iic,MathNet,"Harvard-MIT Mathematics Tournament, Team Round A",,United States,Algebra,Algebraic Expressions | Equations and Inequalities | Prealgebra / Basic Algebra,,unknown,Integers | QM-AM-GM-HM / Power Mean | Polynomials > Polynomial operations,,,,True,,,,proof and answer,,real,"Problem:
Find, with proof, all positive integer palindromes whose square is also a palindrome.","Exactly the palindromes whose digits satisfy that the sum of their squares is less than ten; equivalently, a palindrome has a palindromic square if and only if the sum of squares of its decimal digits is less than ten.",3245,572,6,74,5,3,9,0,6
MATHNET-0kfw,MathNet,USA IMO TST,,United States,Geometry,Plane Geometry,,unknown,"Transformations > Inversion | Transformations > Homothety | Advanced Configurations > Isogonal/isotomic conjugates, barycentric coordinates | Circles > Tangents | Miscellaneous > Angle chasing | Triangles > Triangle centers: centroid, incenter, circumcenter, orthocenter, Euler line, nine-point circle | Miscellaneous > Constructions and loci",,,,True,,,,proof only,,real,"Let $P_1P_2 \cdots P_{100}$ be a cyclic 100-gon, and let $P_i = P_{i+100}$ for all $i$. Define $Q_i$ as the intersection of diagonals $\overline{P_{i-2}P_{i+1}}$ and $\overline{P_{i-1}P_{i+2}}$ for all integers $i$.
Suppose there exists a point $P$ satisfying $\overline{PP_i} \perp \overline{P_{i-1}P_{i+1}}$ for all integers $i$. Prove that the points $Q_1, Q_2, \dots, Q_{100}$ are concyclic.",,6231,939,26,156,15,11,0,0,20
MATHNET-08pi,MathNet,Junior Balkan Mathematical Olympiad,,JBMO,Discrete Mathematics | Geometry,Combinatorics | Plane Geometry,,unknown,"Coloring schemes, extremal arguments | Miscellaneous > Constructions and loci",,,,True,,,,proof and answer,,real,"Problem:

Consider a regular $2n$-gon $P, A_{1}A_{2}\ldots A_{2n}$ in the plane, where $n$ is a positive integer. We say that a point $S$ on one of the sides of $P$ can be seen from a point $E$ that is external to $P$, if the line segment $SE$ contains no other points that lie on the sides of $P$ except $S$. We color the sides of $P$ in 3 different colors (ignore the vertices of $P$, we consider them colorless), such that every side is colored in exactly one color, and each color is used at least once. Moreover, from every point in the plane external to $P$, points of at most 2 different colors on $P$ can be seen. Find the number of distinct such colorings of $P$ (two colorings are considered distinct if at least one of the sides is colored differently).",36 if n = 2; 30 if n = 3; 6n if n ≥ 4,4327,801,25,85,3,3,5,0,20
MATHNET-08y2,MathNet,Japan 2015,,Japan,Discrete Mathematics | Number Theory,Combinatorics | Other,,unknown,"Counting two ways | Coloring schemes, extremal arguments",,,,True,,,,proof only,,real,"Let $a$ be a positive integer. Show the following assertion is valid for sufficiently large integer $n$:
From a grid of squares extending to $\pm\infty$ in both $x$- and $y$-directions, choose $n$ unit (i.e., $1 \times 1$) squares and color them black. Let $K$ be the number of $a \times a$ square blocks which contain exactly $a$ black unit squares. Then the maximum possible value $K$ can take is $a(n+1-a)$.
Here, by the statement ""An assertion is valid for sufficiently large $n$"", we mean that there exists a positive integer $N$ for which the assertion is valid for all $n \ge N$.",,4575,831,6,92,5,4,9,5,6
MATHNET-07r9,MathNet,Ireland_2017,,Ireland,Algebra,Algebraic Expressions | Intermediate Algebra | Prealgebra / Basic Algebra,,unknown,Polynomials > Polynomial operations | Simple Equations | Quadratic functions,,,,True,,,,proof and answer,English,real,"$$
x^2(2 - x)^2 = 1 + 2(1 - x)^2.
$$","-1, 1, 3",591,142,2,13,2,0,0,0,2
MATHNET-0l5j,MathNet,HMMT February 2025,,United States,Geometry,Plane Geometry,,unknown,Quadrilaterals > Quadrilaterals with perpendicular diagonals | Miscellaneous > Distance chasing,,,,True,,,,proof and answer,,real,"Problem:

In a two-dimensional cave with a parallel floor and ceiling, two stalactites of lengths $16$ and $36$ hang perpendicularly from the ceiling, while two stalagmites of heights $25$ and $49$ grow perpendicularly from the ground. If the tips of these four structures form the vertices of a square in some order, compute the height of the cave.",63,586,100,3,3,1,0,0,1,3
MATHNET-008t,MathNet,XXIX Olimpíada Matemática Argentina National Round,,Argentina,Geometry,Plane Geometry,,unknown,"Triangles > Triangle centers: centroid, incenter, circumcenter, orthocenter, Euler line, nine-point circle | Circles > Tangents | Miscellaneous > Angle chasing",,,,True,,,,proof and answer,English,real,"In the triangle $ABC$, the incircle is tangent to the sides $AB$ and $AC$ in $D$ and $E$, respectively. The line $DE$ meets the circumcircle in $P$ and $Q$, with $P$ on the minor arc $AB$ and $Q$ on the minor arc $AC$. It is known that $P$ is the midpoint of $AB$. Find $A$ and the ratio $\frac{PQ}{BC}$.",A = 60° and PQ/BC = 1,0,0,0,0,0,0,0,0,0
MATHNET-0le9,MathNet,VMO,,Vietnam,Algebra,Equations and Inequalities,,unknown,Cauchy-Schwarz | Linear and quadratic inequalities,,,,True,,,,proof and answer,English,real,"a) Let $a$, $b$ and $c$ be real numbers that satisfy $a^2 + b^2 + c^2 = 1$. Prove that
$$
|a - b| + |b - c| + |c - a| \le 2\sqrt{2}.
$$

b) Given 2019 real numbers $a_1, a_2, \dots, a_{2019}$ such that $a_1^2 + a_2^2 + \dots + a_{2019}^2 = 1$. Find the maximum value of
$$
S = |a_1 - a_2| + |a_2 - a_3| + \dots + |a_{2019} - a_1|.
$$",a) 2√2; b) 2√2018,1762,340,5,26,1,2,2,0,5
MATHNET-0jye,MathNet,February 2017,,United States,Discrete Mathematics,Combinatorics,,unknown,Invariants / monovariants | Pigeonhole principle,,,,True,,,,proof and answer,,real,"Problem:

There are 2017 jars in a row on a table, initially empty. Each day, a nice man picks ten consecutive jars and deposits one coin in each of the ten jars. Later, Kelvin the Frog comes back to see that $N$ of the jars all contain the same positive integer number of coins (i.e. there is an integer $d>0$ such that $N$ of the jars have exactly $d$ coins). What is the maximum possible value of $N$?",2014,1315,241,6,20,1,1,2,0,6
MATHNET-0g28,MathNet,SMO-Selektion,,Switzerland,Algebra | Geometry,Equations and Inequalities | Plane Geometry,,unknown,Quadrilaterals > Cyclic quadrilaterals | Triangles > Triangle trigonometry | Miscellaneous > Angle chasing | Geometric Inequalities > Optimization in geometry | QM-AM-GM-HM / Power Mean,,,,True,,,,proof and answer,,real,"Problem:

Seien $A$, $B$, $C$ und $D$ vier Punkte, die in dieser Reihenfolge auf einem Kreis liegen. Nehme an, es gibt einen Punkt $K$ auf der Strecke $A B$, sodass $B D$ die Strecke $K C$ und $A C$ die Strecke $K D$ halbiert. Bestimme den kleinstmöglichen Wert, den $\left|\frac{A B}{C D}\right|$ annehmen kann.",2,1403,275,6,30,0,0,0,0,6
MATHNET-0cwp,MathNet,LI Всероссийская математическая олимпиада школьников,,Russia,Discrete Mathematics | Geometry,Combinatorics | Solid Geometry,,unknown,"Coloring schemes, extremal arguments | Counting two ways | 3D Shapes",,,,True,,,,proof and answer,Russian,real,Let $N$ be a positive integer. A cube $(2N+1) \times (2N+1) \times (2N+1)$ is made of $(2N+1)^3$ unit cubes; each unit cube is either black or white. It turned out that among any 8 unit cubes which form a cube $2 \times 2 \times 2$ the number of black unit cubes is not greater than 4. Find the greatest possible total number of black unit cubes.,(N+1)^2(4N+1),2619,475,10,45,1,2,8,2,10
MATHNET-0jw5,MathNet,Berkeley Math Circle: Monthly Contest 5,,United States,Number Theory,Divisibility / Factorization,,unknown,Prime numbers | Factorization techniques,,,,True,,,,proof and answer,,real,"Problem:
A bird thinks the number $2 n^{2}+29$ is prime for every positive integer $n$. Find a counterexample to the bird's conjecture.",29,93,13,1,2,0,0,0,0,1
MATHNET-0b87,MathNet,NMO Selection Tests for the Junior Balkan Mathematical Olympiad,,Romania,Discrete Mathematics,Combinatorics,,unknown,"Coloring schemes, extremal arguments | Pigeonhole principle",,,,True,,,,proof and answer,English,real,"An $8 \times 8$ array is divided into 64 unit squares. In some of the unit squares a diagonal is drawn, such that no two diagonals share a common point – not even an endpoint. Find the maximum number of diagonals that can be drawn under these circumstances.",36,1201,224,3,18,3,0,0,0,3
MATHNET-0jld,MathNet,HMMT 2014,,United States,Number Theory,Divisibility / Factorization | Number-Theoretic Functions,,unknown,σ (sum of divisors) | Factorization techniques,,,,True,,,,proof and answer,,real,"Problem:

Let $D$ be the set of divisors of $100$. Let $Z$ be the set of integers between $1$ and $100$, inclusive. Mark chooses an element $d$ of $D$ and an element $z$ of $Z$ uniformly at random. What is the probability that $d$ divides $z$?",217/900,494,94,5,16,1,0,1,0,5
MATHNET-0c66,MathNet,SELECTION TESTS FOR THE 2019 BMO AND IMO,,Romania,Algebra | Discrete Mathematics,Algebraic Expressions | Combinatorics,,unknown,Games / greedy algorithms | Invariants / monovariants | Counting two ways | Sequences and Series > Recurrence relations,,,,True,,,,proof and answer,English,real,"Alice and Bob are given an integer $n \ge 2$ and a token to play the following game. Initially, Alice chooses an order of the numbers $1, 2, \dots, n$, and writes them down in a row, in that order, on a sheet of paper. Next, Bob chooses one of these numbers and places the token on that number. Continuing, Alice moves the token on one of the neighbouring numbers, then Bob moves the token on one of the neighbouring numbers of the current position, and so on and so forth in turns. For each $k$ in the range $1, 2, \dots, n$, the token may be placed on number $k$ at most $k$ times; Bob's first move is counted. The player who can no longer move the token loses. Determine the values of $n$ for which Alice has a winning strategy.

Mathematical Olympiad Rioplatense, 2010, Level 3",n ≡ 0 or 3 (mod 4),5030,936,10,84,5,4,15,1,10
MATHNET-09pt,MathNet,TOETS TRAININGSKAMP,,Netherlands,Discrete Mathematics,Combinatorics,,unknown,"Counting two ways | Recursion, bijection",,,,True,,,,proof only,,real,"Problem:

Laat $m, n$ positieve gehele getallen zijn. Bekijk een rijtje positieve gehele getallen $a_{1}$, $a_{2}, \ldots, a_{n}$ dat voldoet aan $m=a_{1} \geq a_{2} \geq \cdots \geq a_{n} \geq 1$. Voor $1 \leq i \leq m$ definiëren we
$$
b_{i}=\#\left\{j \in\{1,2, \ldots, n\}: a_{j} \geq i\right\}
$$
dus $b_{i}$ is het aantal getallen $a_{j}$ uit het rijtje waarvoor geldt $a_{j} \geq i$. Voor $1 \leq j \leq n$ definiëren we
$$
c_{j}=\#\left\{i \in\{1,2, \ldots, m\}: b_{i} \geq j\right\}
$$
dus $c_{j}$ is het aantal getallen $b_{i}$ waarvoor geldt $b_{i} \geq j$.
Voorbeeld: bij het a-rijtje 5, 3, 3, 2, 1, 1 hoort het b-rijtje 6, 4, 3, 1, 1 .

a. Bewijs dat $a_{j}=c_{j}$ voor $1 \leq j \leq n$.

b. Bewijs dat voor $1 \leq k \leq m$ geldt: $\sum_{i=1}^{k} b_{i}=k \cdot b_{k}+\sum_{j=b_{k}+1}^{n} a_{j}$.",,0,0,0,0,0,0,0,0,0
MATHNET-0f3n,MathNet,ASU,,Soviet Union,Geometry,Plane Geometry,,unknown,Miscellaneous > Constructions and loci,,,,True,,,,proof only,,real,"Problem:

A square is divided into $n$ parallel strips (parallel to the bottom side of the square). The width of each strip is integral. The total width of the strips with odd width equals the total width of the strips with even width. A diagonal of the square is drawn which divides each strip into a left part and a right part. Show that the sum of the areas of the left parts of the odd strips equals the sum of the areas of the right parts of the even strips.",,437,91,2,7,0,0,0,0,2
MATHNET-0299,MathNet,NÍVEL 3,,Brazil,Algebra | Geometry,Equations and Inequalities | Plane Geometry,,unknown,Geometric Inequalities > Optimization in geometry | Triangles > Triangle inequalities | Cauchy-Schwarz,,,,True,,,,proof and answer,,real,"Problem:

(a) Um quadrilátero com lados opostos iguais é um paralelogramo. As figuras a seguir mostram dois paralelogramos com os mesmos lados, sendo o segundo um retângulo.
Determine a maior área possível de um paralelogramo de lados $b$ e $h$.

![](attached_image_1.png)

(b) Considere as duas figuras a seguir, onde $a, b, x$ e $y$ são números reais positivos. Mostre que a segunda figura possui maior área.

![](attached_image_2.png)

(c) Usando o resultado do item anterior, prove a desigualdade de Cauchy-Schwarz para dois termos, descrita pela desigualdade a seguir:
$$
a x+b y \leq \sqrt{a^{2}+b^{2}} \cdot \sqrt{x^{2}+y^{2}}
$$",b*h,1022,172,6,9,1,0,0,0,6
MATHNET-03zn,MathNet,China Southeastern Mathematical Olympiad,,China,Algebra,Algebraic Expressions,,unknown,Sequences and Series > Recurrence relations,,,,True,,,,proof only,English,real,"Suppose that the sequence $\{a_n\}$ defined by $a_1 = a_2 = 1$, $a_n = 7a_{n-1} - a_{n-2}$, $n \ge 3$. Prove that $a_n + a_{n+1} + 2$ is a perfect square for any positive integer $n$. (posed by Tao Pingsheng)",,1182,166,1,15,1,0,0,0,1
MATHNET-0gtj,MathNet,Team Selection Test,,Turkey,Algebra,Equations and Inequalities,,unknown,QM-AM-GM-HM / Power Mean,,,,True,,,,proof and answer,,real,"Find the smallest value of
$$
xy + yz + zx + \frac{1}{x} + \frac{2}{y} + \frac{5}{z},
$$
where $x, y, z$ are positive real numbers.",3*36^(1/3),564,78,1,6,0,0,0,1,1
MATHNET-0bdr,MathNet,Shortlisted Problems for the 64th NMO,,Romania,Algebra,Algebraic Expressions | Intermediate Algebra,,unknown,Sequences and Series > Floors and ceilings | Quadratic functions,,,,True,,,,proof only,,real,"Let $f$ and $g$ be two quadratic functions. Prove that, if the functions $\lfloor f \rfloor$ and $\lfloor g \rfloor$ are equal, then the functions $f$ and $g$ are equal.",,0,0,0,0,0,0,0,0,0
MATHNET-02gm,MathNet,XXIV OBM,,Brazil,Discrete Mathematics | Geometry,Combinatorics | Plane Geometry,,unknown,Miscellaneous > Constructions and loci | Games / greedy algorithms,,,,True,,,,proof only,English,real,A finite collection of squares has total area $4$. Show that they can be arranged to cover a square of side $1$.,,1358,239,5,28,1,1,4,1,5
MATHNET-039y,MathNet,Fall Mathematical Competition,,Bulgaria,Discrete Mathematics,Graph Theory,,unknown,,,,,True,,,,proof only,English,real,"There are 1000 cities $A_1, A_2, \dots, A_{1000}$ in a country and some of them are connected by airlines. It is known that the $i$-th city is connected to $d_i$ other cities, where $d_1 \le d_2 \le \dots \le d_{1000}$ and $d_j \ge j + 1$ for every $j = 1, 2, \dots, 999 - d_{999}$. Prove that if the airport of a city is closed, it will be still possible to connect any two other cities.",,944,200,1,24,0,3,1,0,1
MATHNET-06xj,MathNet,International Mathematical Olympiad Shortlist,,IMO,Algebra | Discrete Mathematics | Geometry,Algebraic Expressions | Combinatorics | Equations and Inequalities | Plane Geometry,,unknown,Induction / smoothing | Sequences and Series > Floors and ceilings | Miscellaneous > Distance chasing | Transformations > Rotation | Linear and quadratic inequalities,,,,True,,,,proof only,,real,"Let $N$ be a positive integer. Prove that there exist three permutations $a_{1}, a_{2}, \ldots, a_{N}$; $b_{1}, b_{2}, \ldots, b_{N}$; and $c_{1}, c_{2}, \ldots, c_{N}$ of $1,2, \ldots, N$ such that
$$
\left|\sqrt{a_{k}}+\sqrt{b_{k}}+\sqrt{c_{k}}-2 \sqrt{N}\right|<2023
$$
for every $k=1,2, \ldots, N$.",,13612,1744,18,280,9,4,8,4,18
MATHNET-0457,MathNet,2022 CGMO,,China,Discrete Mathematics,Combinatorics,,unknown,"Counting two ways | Pigeonhole principle | Coloring schemes, extremal arguments",,,,True,,,,proof only,English,real,Let $n$ be a positive integer. There are $3n$ women's volleyball teams attending a tournament. Each pair of teams play at most once (there are no ties in volleyball games). Assume that a total number of $3n^2$ games have been played. Prove that there exists a team whose number of winning games and number of losing games are both greater than or equal to $\frac{n}{4}$.,,1297,209,1,22,2,9,0,2,1
MATHNET-04zy,MathNet,Selected Problems from the Final Round of National Olympiad,,Estonia,Algebra | Number Theory,Algebraic Expressions | Diophantine Equations | Divisibility / Factorization,,unknown,"Techniques: modulo, size analysis, order analysis, inequalities | Polynomials > Polynomial operations | Factorization techniques",,,,True,,,,proof and answer,English,real,Find all integral solutions of the equation $x^3 - y^3 = 3xy + 1$.,"All integer pairs (x, y) of the form (n+1, n) for any integer n, together with the pair (-1, 1).",1028,224,3,26,5,3,2,0,3
MATHNET-085n,MathNet,Olimpiadi di Matematica,,Italy,Number Theory,Diophantine Equations | Divisibility / Factorization,,unknown,"Factorization techniques | Techniques: modulo, size analysis, order analysis, inequalities",,,,True,,,,proof and answer,,real,"Problem:

Un intero positivo si dice triangolare se si può scrivere nella forma $\frac{n(n+1)}{2}$ per qualche intero positivo $n$. Quante sono le coppie $(a, b)$ di numeri triangolari tali che $b-a=2007$? (Si ricorda che 223 è un numero primo).",6,2567,431,3,54,0,0,0,0,3
MATHNET-085e,MathNet,Progetto Olimpiadi di Matematica 2007 GARA di SECONDO LIVELLO,,Italy,Geometry,Plane Geometry,,unknown,Transformations > Spiral similarity | Miscellaneous > Constructions and loci,,,,False,,,,MCQ,,real,"Problem:

In un triangolo isoscele $ABC$ con $AC = BC \neq AB$, si fissi un punto $P$ sulla base $AB$. Quante posizioni può assumere nel piano un punto $Q$ se vogliamo che i punti $A, P$ e $Q$, presi in ordine qualsiasi, siano i vertici di un triangolo simile ad $ABC$?

(A) 0
(B) 2
(C) 3
(D) 4
(E) 6.",E,466,83,2,10,0,0,0,0,2
MATHNET-07o3,MathNet,Ireland,,Ireland,Algebra,Algebraic Expressions | Equations and Inequalities,,unknown,Polynomials > Polynomial operations | Linear and quadratic inequalities,,,,True,,,,proof only,,real,Prove that the cubic $x^3 - 3a x^2 + 2x - 4a$ has only one real root for every real number $a$.,,834,176,1,12,2,0,0,0,1
MATHNET-062q,MathNet,1. IMO-Auswahlklausur,,Germany,Number Theory,Diophantine Equations | Modular Arithmetic | Residues and Primitive Roots,,unknown,"Techniques: modulo, size analysis, order analysis, inequalities | Fermat / Euler / Wilson theorems | Multiplicative order",,,,True,,,,proof and answer,,real,"Problem:
Man bestimme alle Paare $(m, n)$ nicht-negativer ganzer Zahlen, die der Gleichung
$$
3^{m}-7^{n}=2
$$
genügen.","(m, n) = (1, 0) and (2, 1)",1398,282,9,23,0,0,0,0,9
MATHNET-06nq,MathNet,The 26th Hong Kong (China) Mathematical Olympiad,,Hong Kong,Geometry,Plane Geometry,,unknown,"Triangles > Triangle centers: centroid, incenter, circumcenter, orthocenter, Euler line, nine-point circle | Circles > Tangents | Miscellaneous > Angle chasing | Miscellaneous > Distance chasing",,,,True,,,,proof only,,real,"Given an acute $\triangle ABC$ with $AB > AC$, let $M$ be the midpoint of the side $BC$. Let $I$ be the incentre of $\triangle ABC$, and let $D$ be the foot of perpendicular from $I$ to $BC$. The line passing through $A$ and perpendicular to $BC$ meets the circumcircle of $\triangle ABC$ again at $E \neq A$. Suppose $\angle MID = \angle ACB - \angle ABC$. Prove that $DE = DI$.",,1091,201,5,47,4,0,0,0,5
MATHNET-0iat,MathNet,USA IMO,,United States,Algebra | Geometry,Equations and Inequalities | Intermediate Algebra | Linear Algebra | Plane Geometry,,unknown,Cauchy-Schwarz | Linear and quadratic inequalities | Quadratic functions | Vectors | Analytic / Coordinate Methods > Vectors | Triangles > Triangle trigonometry,,,,True,,,,proof only,,real,"Let $a_1, a_2, \dots, a_n, b_1, b_2, \dots, b_n$ be real numbers such that
$$
(a_1^2 + a_2^2 + \cdots + a_n^2 - 1)(b_1^2 + b_2^2 + \cdots + b_n^2 - 1) 
> (a_1b_1 + a_2b_2 + \cdots + a_nb_n - 1)^2.
$$
Show that $a_1^2 + a_2^2 + \cdots + a_n^2 > 1$ and $b_1^2 + b_2^2 + \cdots + b_n^2 > 1$.",,3723,635,3,62,6,1,3,1,3
MATHNET-03wz,MathNet,China Western Mathematical Olympiad,,China,Geometry,Plane Geometry,,unknown,"Quadrilaterals > Cyclic quadrilaterals | Miscellaneous > Angle chasing | Triangles > Triangle centers: centroid, incenter, circumcenter, orthocenter, Euler line, nine-point circle | Miscellaneous > Constructions and loci",,,,True,,,,proof only,English,real,"Let $D$ be a point on the side $BC$ of an acute triangle $ABC$. The circle with diameter $BD$ meets the lines $AB$ and $AD$ respectively at the points $X$ and $P$, which are different from the points $B$ and $D$. The circle with diameter $CD$ meets the lines $AC$ and $AD$ respectively at the points $Y$ and $Q$, which are different from the points $C$ and $D$. Through the point $A$ draw two lines which are perpendicular to $PX$ and $QY$ with the feet of perpendicular $M$ and $N$ respectively.
Prove that $\triangle AMN \sim \triangle ABC$ if and only if the line $AD$ passes through the circumcenter of $\triangle ABC$. (Posed by Li Qiusheng)
![](attached_image_1.png)",,1150,194,2,33,4,3,2,0,2
MATHNET-0icq,MathNet,Harvard-MIT Mathematics Tournament,,United States,Statistics,Probability,,unknown,Counting Methods > Other,,,,True,,,,proof and answer,,real,"Problem:

Andrea flips a fair coin repeatedly, continuing until she either flips two heads in a row (the sequence $H H$) or flips tails followed by heads (the sequence $T H$). What is the probability that she will stop after flipping $H H$?",1/4,195,34,2,3,0,0,1,0,2
MATHNET-0idy,MathNet,Harvard-MIT Mathematics Tournament,,United States,Discrete Mathematics,Combinatorics,,unknown,"Recursion, bijection",,,,True,,,,proof and answer,,real,"Problem:
A classroom consists of a $5 \times 5$ array of desks, to be filled by anywhere from $0$ to $25$ students, inclusive. No student will sit at a desk unless either all other desks in its row or all others in its column are filled (or both). Considering only the set of desks that are occupied (and not which student sits at each desk), how many possible arrangements are there?",962,567,94,1,8,2,0,1,0,1
MATHNET-01tp,MathNet,66th Belarusian Mathematical Olympiad,,Belarus,Algebra,Equations and Inequalities,,unknown,QM-AM-GM-HM / Power Mean,,,,True,,,,proof and answer,English,real,"Three positive integers are written on a blackboard. Per move one replaces the set of these numbers by the new set in accordance with the following rule: each number of the set is replaced by the quotient of the sum of the squares of two other numbers and this number.
What is the maximum value of the sum of the initial numbers written on the blackboard if after 5 moves the sum of the numbers on the blackboard is equal to 2016?
(V. Karamzin)",63,2284,372,1,20,3,0,0,3,1
MATHNET-07rd,MathNet,Ireland_2017,,Ireland,Number Theory,Divisibility / Factorization,,unknown,Greatest common divisors (gcd) | Prime numbers,,,,True,,,,proof and answer,English,real,"Let $a$ and $b$ be positive integers that are co-prime and let $p$ be a prime number. Prove that
$$
\gcd(ab, a^2 + pb^2) = \begin{cases} 1 & \text{if } p \nmid a \\ p & \text{if } p \mid a. \end{cases}
$$","gcd(ab, a^2 + p b^2) = 1 if p does not divide a, and gcd(ab, a^2 + p b^2) = p if p divides a.",939,187,2,30,3,2,3,1,2
MATHNET-0g0d,MathNet,IMO-Selektion,,Switzerland,Discrete Mathematics,Combinatorics,,unknown,Counting two ways | Enumeration with symmetry,,,,True,,,,proof only,,real,"Problem:

Sei $n \geq 2$ eine natürliche Zahl. In der Mitte eines kreisförmigen Gartens steht ein Wachturm. Am Rand des Gartens stehen $n$ gleichmässig verteilte Gartenzwerge. Auf dem Wachturm wohnen aufmerksame Wächter. Jeder Wächter überwacht einen Bereich des Gartens, der von zwei verschiedenen Gartenzwergen begrenzt wird.
Wir sagen, dass Wächter $A$ den Wächter $B$ kontrolliert, falls das gesamte Gebiet von $B$ in dem von $A$ enthalten ist.
Unter den Wächtern gibt es zwei Gruppen: Lehrlinge und Meister. Jeder Lehrling wird von genau einem Meister kontrolliert und kontrolliert selbst niemanden, während Meister von niemandem kontrolliert werden.
Der ganze Garten hat Unterhaltskosten:
- Ein Lehrling kostet 1 Goldstück pro Jahr.
- Ein Meister kostet 2 Goldstücke pro Jahr.
- Ein Gartenzwerg kostet 2 Goldstücke pro Jahr.
Zeige, dass die Gartenzwerge mindestens so viel kosten wie die Wächter.",,1875,283,7,33,0,0,0,0,7
MATHNET-014r,MathNet,Baltic Way,,Baltic Way,Discrete Mathematics,Combinatorics,,unknown,"Coloring schemes, extremal arguments | Pigeonhole principle | Induction / smoothing",,,,True,,,,proof only,,real,"Problem:

The director has found out that six conspiracies have been set up in his department, each of them involving exactly three persons. Prove that the director can split the department in two laboratories so that none of the conspirative groups is entirely in the same laboratory.",,677,127,2,16,0,0,3,0,2
MATHNET-08cg,MathNet,Gara di Febbraio,,Italy,Algebra,Algebraic Expressions | Prealgebra / Basic Algebra,,unknown,Polynomials > Polynomial operations | Simple Equations,,,,False,,,,MCQ,,real,"Problem:

Quante sono le coppie di numeri reali $(x, y)$ che soddisfano entrambe le equazioni $x + y^{2} = y^{3}$ e $y + x^{2} = x^{3}$?

(A) 1
(B) 3
(C) 5
(D) 9
(E) Infinite",B,914,178,2,12,0,0,0,0,2
MATHNET-0l66,MathNet,HMMT February,,United States,Statistics,Probability,,unknown,Counting Methods > Other,,,,False,,,,final answer only,,real,"Problem:

Jacob rolls two fair six-sided dice. If the outcomes of these dice rolls are the same, he rolls a third fair six-sided die. Compute the probability that the sum of outcomes of all the dice he rolls is even.",5/12,507,74,4,7,0,0,0,0,4
MATHNET-0l80,MathNet,USA TST Selection Test for 67th IMO and 15th EGMO,,United States,Algebra | Number Theory,Algebraic Expressions | Other,,unknown,Sequences and Series > Recurrence relations,,,,True,,,,proof and answer,,real,"Problem:
Let $a_1$, $a_2$, $r$, and $s$ be positive integers with $r$ and $s$ odd. The sequence $a_1$, $a_2$, $a_3$, $\dots$ is defined by
$$
a_{n+2} = r a_{n+1} + s a_n
$$
for all $n \ge 1$. Determine the maximum possible number of integers $1 \le l \le 2025$ such that $a_l$ divides $a_{l+1}$, over all possible choices of $a_1$, $a_2$, $r$, and $s$.",2,0,0,0,0,0,0,0,0,0
MATHNET-06i3,MathNet,CHKMO,,Hong Kong,Algebra | Number Theory,Algebraic Expressions | Diophantine Equations | Intermediate Algebra,,unknown,"Techniques: modulo, size analysis, order analysis, inequalities | Quadratic functions | Polynomials > Polynomial operations",,,,True,,,,proof and answer,,real,"Find all pairs $(a, b)$ of integers $a$ and $b$ satisfying
$$
(b^2 + 11(a-b))^2 = a^3 b.
$$","(a, b) = (t, t) for any integer t, and (a, b) = (0, 11)",1320,264,3,26,2,2,2,0,3
MATHNET-01rg,MathNet,Final Round,,Belarus,Geometry,Plane Geometry,,unknown,Circles > Tangents | Quadrilaterals > Cyclic quadrilaterals | Miscellaneous > Angle chasing,,,,True,,,,proof only,English,real,"Let $\Omega$ be the circumcircle of a triangle $ABC$. A circle passing through the vertex $A$ and touching $BC$ at point $X$ meets $\Omega$ at point $Y$ (different from $A$). Let point $Z$ (different from $Y$) be the intersection point of the ray $YX$ and $\Omega$.
$$
\angle CAX = \angle ZAB.
$$",,814,142,3,25,2,0,0,0,3
MATHNET-08im,MathNet,7th JBMO,,JBMO,Algebra,Equations and Inequalities | Intermediate Algebra,,unknown,Cauchy-Schwarz | Quadratic functions | Linear and quadratic inequalities,,,,True,,,,proof and answer,,real,"Problem:
Let $a, b, c$ be real numbers such that $a^{2} + b^{2} + c^{2} = 1$. Prove that $P = ab + bc + ca - 2(a + b + c) \geq -\frac{5}{2}$. Are there values of $a, b, c$ such that $P = -\frac{5}{2}$?

Problem:
Fie $a, b, c$ numere reale astfel încât $a^{2} + b^{2} + c^{2} = 1$. Demonstrați că $P = ab + bc + ca - 2(a + b + c) \geq -5 / 2$. Există valori pentru $a, b, c$ încât $P = -5 / 2$?",-5/2; equality is not attainable,757,173,1,17,1,1,1,0,1
MATHNET-0jh7,MathNet,HMMT 2013,,United States,Algebra | Geometry,Algebraic Expressions | Equations and Inequalities | Plane Geometry,,unknown,Sequences and Series > Floors and ceilings | Linear and quadratic inequalities | Analytic / Coordinate Methods > Cartesian coordinates,,,,True,,,,proof and answer,,real,"Problem:
Let $R$ be the region in the Cartesian plane of points $(x, y)$ satisfying $x \geq 0$, $y \geq 0$, and $x+y+\lfloor x\rfloor+\lfloor y\rfloor \leq 5$. Determine the area of $R$.",9/2,981,135,4,18,4,0,2,0,4
MATHNET-0hhz,MathNet,62nd Ukrainian National Mathematical Olympiad,,Ukraine,Discrete Mathematics | Geometry,Combinatorics | Plane Geometry,,unknown,Combinatorial Geometry | Counting two ways,,,,True,,,,proof and answer,English,real,"11 points are given on a circle. Petrik numbered them by the numbers $1, 2, \ldots, 11$. After that, pairs of points were connected by segments: $1$ and $2$, $2$ and $3$, $\ldots$, $10$ and $11$, $11$ and $1$. What is the largest possible number of intersection points of these segments? The given 11 points are not counted as intersection points.

![](attached_image_1.png)
**Fig. 4**",44,571,109,1,12,1,0,0,0,1
MATHNET-07n4,MathNet,Ireland,,Ireland,Algebra | Geometry,Intermediate Algebra | Plane Geometry,,unknown,Analytic / Coordinate Methods > Complex numbers in geometry | Geometric Inequalities > Optimization in geometry | Quadratic functions,,,,True,,,,proof and answer,English,real,"Given $n$ points $a_1, a_2, \dots, a_n$ in the complex plane, determine a point the sum of whose squared distances from the points and the real axis is a minimum.","If m = a + i b is the centroid of the given points, the minimizing point is z* = a + i · n b/(n + 1).",924,168,1,18,2,0,2,0,1
MATHNET-0czk,MathNet,Saudi Arabia Mathematical Competitions,,Saudi Arabia,Algebra,Algebraic Expressions,,unknown,Functional Equations | Sequences and Series > Recurrence relations,,,,True,,,,proof and answer,English,real,"Find all functions $f: \mathbb{R} \rightarrow \mathbb{R}$ such that
$$
2 f(x) = f(x + y) + f(x + 2y)
$$
for all $x \in \mathbb{R}$ and for all $y \geq 0$.",All constant functions,2198,473,6,58,10,1,1,0,6
MATHNET-04k6,MathNet,Mathematical competitions in Croatia,,Croatia,Algebra | Number Theory,Diophantine Equations | Prealgebra / Basic Algebra,,unknown,"Techniques: modulo, size analysis, order analysis, inequalities | Integers",,,,True,,,,proof only,,real,"Let $a$ and $b$ be integers of different parity. Prove that there exists an integer $c$ such that the numbers $ab + c$, $a + c$ and $b + c$ are squares of integers.",,731,164,1,19,0,1,1,0,1
MATHNET-0epr,MathNet,South African Mathematics Olympiad,,South Africa,Number Theory,Divisibility / Factorization,,unknown,Prime numbers | Factorization techniques,,,,False,,,,MCQ,English,real,"If $4350$ is written as a product of its prime factors, then the largest prime factor is
(A) $5$   (B) $13$   (C) $19$   (D) $29$   (E) $31$",D,319,61,1,9,0,0,0,2,1
MATHNET-0bhh,MathNet,Shortlisted problems for the 65th Romanian NMO,,Romania,Algebra,Linear Algebra,,unknown,Matrices | Determinants,,,,True,,,,proof only,,real,"Let $A$ and $B$ be two matrices from $M_3(C)$, such that $A^2 = AB + BA$. Prove that the matrix $AB - BA$ is singular.",,4079,829,65,96,11,4,2,5,20
MATHNET-0k0z,MathNet,HMIC 2018,,United States,Number Theory,Divisibility / Factorization | Modular Arithmetic,,unknown,,,,,True,,,,proof and answer,,real,"Problem:
Let $m > 1$ be a fixed positive integer. For a nonempty string of base-ten digits $S$, let $c(S)$ be the number of ways to split $S$ into contiguous nonempty strings of digits such that the base-ten number represented by each string is divisible by $m$. These strings are allowed to have leading zeroes.
In terms of $m$, what are the possible values that $c(S)$ can take?
For example, if $m = 2$, then $c(1234) = 2$ as the splits $1234$ and $12 \mid 34$ are valid, while the other six splits are invalid.",0 and 2^n for all nonnegative integers n,799,150,2,13,1,1,6,0,2
MATHNET-0afj,MathNet,Регионален натпревар по математика за основно образование,,North Macedonia,Discrete Mathematics,Combinatorics,,unknown,Invariants / monovariants,,,,False,,,,final answer only,"Macedonian, English",real,"Сашка имала 3 корпи со јаболка. Во корпите имало 12, 14 и 22 јаболка. Дозволено е Сашка да избере две корпи, од трите корпи кои ги имала, и да префрлува јаболка од едната во другата корпа. Притоа, мора да префрли од една во друга корпа што ги избрала онолку јаболка колку што има во корпата во која ги додава(префла) јаболката. Сашка направила три префрлувања на опишаниот начин и во сите корпи имало по ист број јаболка. Како Сашка го направила тоа?","One way: first choose the baskets with twenty two and fourteen, and move fourteen from the larger to the smaller to get eight, twenty eight, and twelve. Next choose the baskets with twenty eight and twelve, and move twelve from the larger to the smaller to get sixteen, twenty four, and eight. Finally choose the baskets with twenty four and eight, and move eight from the larger to the smaller to get sixteen, sixteen, and sixteen.",587,110,3,0,0,0,0,0,3
MATHNET-0co7,MathNet,Final round,,Russia,Algebra,Equations and Inequalities | Intermediate Algebra,,unknown,Linear and quadratic inequalities | Quadratic functions,,,,True,,,,proof only,English; Russian,real,"Two distinct real numbers $a$ and $b$ are chosen in such a way that the equation
$$
(x^2 + 20a x + 10b)(x^2 + 20b x + 10a) = 0
$$
has no real roots. Prove that the number $20(b-a)$ is not an integer.

Различные действительные числа $a$ и $b$ таковы, что уравнение
$$
(x^2 + 20a x + 10b)(x^2 + 20b x + 10a) = 0
$$
не имеет корней. Докажите, что число $20(b - a)$ не является целым.",,29,5,1,0,0,0,0,0,1
MATHNET-0l0v,MathNet,2024 AMC 12 B,,United States,Geometry | Number Theory,Divisibility / Factorization | Plane Geometry,,unknown,Triangles > Triangle trigonometry | Geometric Inequalities > Triangle inequalities | Greatest common divisors (gcd) | Factorization techniques,,,,False,,,,MCQ,,real,"Let $\triangle ABC$ be a triangle with integer side lengths and the property that $\angle B = 2\angle A$. What is the least possible perimeter of such a triangle?
(A) 13 (B) 14 (C) 15 (D) 16 (E) 17",C,1311,277,3,42,1,0,3,1,3
MATHNET-0kpx,MathNet,HMMT November 2022,,United States,Algebra,Algebraic Expressions | Intermediate Algebra,,unknown,Polynomials | Quadratic functions,,,,True,,,,proof and answer,,real,"Problem:
Let $P(x)$ be a quadratic polynomial with real coefficients. Suppose that $P(1)=20$, $P(-1)=22$, and $P(P(0))=400$. Compute the largest possible value of $P(10)$.",2486,426,102,1,12,2,0,0,0,1
MATHNET-01qs,MathNet,Final Round,,Belarus,Algebra | Number Theory,Diophantine Equations | Divisibility / Factorization | Intermediate Algebra,,unknown,"Techniques: modulo, size analysis, order analysis, inequalities | Quadratic functions | Factorization techniques",,,,True,,,,proof and answer,English,real,Find all pairs $(a; b)$ of integers $a$ and $b$ satisfying the equality $(b^2 + 7(a - b))^2 = a^3 b$.,"All pairs with a equal to b for any integer, plus the pairs (-18, -2), (12, 3), and (0, 7).",1960,401,7,51,4,2,6,0,7
MATHNET-0387,MathNet,Team selection test for 47. IMO,,Bulgaria,Discrete Mathematics | Number Theory,Combinatorics | Divisibility / Factorization,,unknown,"Factorization techniques | Coloring schemes, extremal arguments | Pigeonhole principle",,,,True,,,,proof and answer,,real,"Problem:
Let $n \geq 3$ be a positive integer and $M$ be the set of the first $n$ prime numbers. For every nonempty subset $X$ of $M$ denote by $P(X)$ the product of the elements of $X$. Let $N$ be a set of fractions of the form $\frac{P(A)}{P(B)}$, where $A \subset M$, $B \subset M$, $A \cap B = \varnothing$ such that the product of any 7 elements of $N$ is an integer. What is the maximum possible cardinality of $N$?","Maximum size equals 3n−2 for n in {3, 4, 5, 6}, and equals 3n−3 for all n at least 7.",2879,478,9,49,4,3,6,0,9
MATHNET-075n,MathNet,Indija TS 2012,,India,Number Theory,Algebraic Number Theory | Diophantine Equations | Divisibility / Factorization,,unknown,"Pell's equations | Greatest common divisors (gcd) | Least common multiples (lcm) | Techniques: modulo, size analysis, order analysis, inequalities | Quadratic fields",,,,True,,,,proof only,English,real,"Show that there exist infinitely many pairs $(a, b)$ of positive integers with the property that $a + b$ divides $ab + 1$, $a - b$ divides $ab - 1$, $b > 1$ and $a > b\sqrt{3} - 1$.",,1578,301,1,54,11,1,1,0,1
MATHNET-0f2k,MathNet,ASU,,Soviet Union,Discrete Mathematics,Combinatorics,,unknown,"Games / greedy algorithms | Coloring schemes, extremal arguments | Invariants / monovariants",,,,True,,,,proof only,,real,"Problem:

Two players play a game by moving a piece on an $n \times n$ chessboard. The piece is initially in a corner square. Each player may move the piece to any adjacent square (which shares a side with its current square), except that the piece may never occupy the same square twice. The first player who is unable to move loses. Show that for even $n$ the first player can always win, and for odd $n$ the second player can always win. Who wins if the piece is initially on a square adjacent to the corner?","Starting at a corner: for even board size the first player has a winning strategy; for odd board size the second player has a winning strategy. If the initial square is adjacent to the corner, the outcome reverses: for even board size the second player wins, and for odd board size the first player wins.",0,0,0,0,0,0,0,0,0
MATHNET-029t,MathNet,Lista 2,,Brazil,Algebra,Algebraic Expressions | Equations and Inequalities,,unknown,Sequences and Series > Sums and products | Linear and quadratic inequalities,,,,True,,,,proof and answer,,real,"Problem:

Soma dos terminados em 9 - A soma $S_{n}=9+19+29+39+\cdots+a_{n}$ denota a soma dos primeiros $n$ números naturais terminados em $9$. Qual é o menor valor de $n$ para que $S_{n}$ seja maior do que $10^{5}$?",142,1277,201,9,21,0,0,0,0,9
MATHNET-0k4h,MathNet,HMMT February,,United States,Geometry,Plane Geometry,,unknown,Triangles | Miscellaneous > Constructions and loci,,,,True,,,,proof and answer,,real,"Problem:

Let $ABC$ be an equilateral triangle of side length $1$. For a real number $0 < x < 0.5$, let $A_1$ and $A_2$ be the points on side $BC$ such that $A_1B = A_2C = x$, and let $T_A = \triangle AA_1A_2$. Construct triangles $T_B = \triangle BB_1B_2$ and $T_C = \triangle CC_1C_2$ similarly.

There exist positive rational numbers $b, c$ such that the region of points inside all three triangles $T_A, T_B, T_C$ is a hexagon with area

$$
\frac{8x^2 - bx + c}{(2-x)(x+1)} \cdot \frac{\sqrt{3}}{4}
$$

Find $(b, c)$.","(8, 2)",1241,234,9,31,2,0,0,1,9
MATHNET-0l14,MathNet,2024 AMC 12 B,,United States,Algebra | Geometry,Plane Geometry | Prealgebra / Basic Algebra,,unknown,"Triangles > Triangle centers: centroid, incenter, circumcenter, orthocenter, Euler line, nine-point circle | Triangles > Triangle inequalities | Fractions",,,,False,,,,MCQ,,real,"What is the number of ordered triples $(a, b, c)$ of positive integers, with $a \le b \le c \le 9$, such that there exists a (non-degenerate) triangle $\triangle ABC$ with an integer inradius for which $a, b$, and $c$ are the lengths of the altitudes from $A$ to $\overline{BC}$, $B$ to $\overline{AC}$, and $C$ to $\overline{AB}$, respectively? (Recall that the inradius of a triangle is the radius of the largest possible circle that can be inscribed in the triangle.)

(A) 2 (B) 3 (C) 4 (D) 5 (E) 6",B,2723,496,2,74,5,0,13,0,2
MATHNET-03t6,MathNet,China Mathematical Olympiad,,China,Discrete Mathematics,Combinatorics,,unknown,"Pigeonhole principle | Counting two ways | Inclusion-exclusion | Coloring schemes, extremal arguments",,,,True,,,,proof and answer,English,real,"Let $X$ be a set of 56 elements. Find the least positive integer $n$ such that for any 15 subsets of $X$, if the union of every 7 sets of these subsets contains at least $n$ elements, then there exist 3 of the 15 subsets whose intersection is nonempty. (posed by Leng Gangsong)",41,2489,493,3,41,1,6,4,1,3
MATHNET-0d9u,MathNet,Team selection tests for BMO 2018,,Saudi Arabia,Algebra,Algebraic Expressions,,unknown,Functional Equations > Injectivity / surjectivity | Functional Equations > Existential quantifiers,,,,True,,,,proof and answer,English,real,"Find all functions $f: \mathbb{R} \rightarrow \mathbb{R}$ such that
$$
f\left(2 x^{3}+f(y)\right)=y+2 x^{2} f(x),
$$
for all real numbers $x, y$.",f(x) = 0; f(x) = x; f(x) = -x,2035,225,4,47,7,1,4,0,4
MATHNET-0ggp,MathNet,"2022 數學奧林匹亞競賽第三階段選訓營, 獨立研究(一)",,Taiwan,Geometry | Number Theory,Divisibility / Factorization | Plane Geometry,,unknown,Greatest common divisors (gcd) | Combinatorial Geometry > Convex hulls,,,,True,,,,proof only,Chinese; English,real,"設 $\mathbb{N}$ 代表所有正整數的集合，$\mathbb{N}^2$ 代表正整數數對的集合。在所有從 $\mathbb{N}^2$ 到 $\mathbb{N}$ 的函數中，對於所有非負整數 $k$，我們遞迴定義 $k$ 級好函數如下：
(i) 函數 $f(a,b) = a$、函數 $f(a,b) = b$ 都是 0 級好函數。
(ii) 若 $f(a,b), g(a,b)$ 分別為 $p$ 級、$q$ 級好函數，則 $\text{gcd}(f(a,b), g(a,b))$ 為 $(p+q)$ 級好函數，且 $f(a,b)g(a,b)$ 為 $(p+q+1)$ 級好函數。
證明：若對於某個正整數 $n \ge 3$，$f(a,b)$ 是一個 $k$ 級好函數，其中 $k \le C_3^n$，則存在正整數 $t \le C_2^n$ 與 $t$ 個非負整數對 $(x_1, y_1), \dots, (x_t, y_t)$ 使得
$$
f(a,b) = \text{gcd}(a^{x_1}b^{y_1}, \dots, a^{x_t}b^{y_t})
$$",,2848,482,2,53,3,5,5,0,2
MATHNET-0djw,MathNet,SAUDI ARABIAN IMO Booklet 2023,,Saudi Arabia,Discrete Mathematics | Geometry,Combinatorics | Plane Geometry,,unknown,Miscellaneous > Constructions and loci | Invariants / monovariants,,,,True,,,,proof and answer,English,real,"Mohammed has a chess board, colored white and black in the usual way and mentioned a point, which lies strictly inside one of the 64 cells. Ahmed can draw any closed broken line without self-intersections and ask Mohammed whether his point is inside or outside the broken line. How many questions does Ahmed need to ask so that he can find out whether the point is in a black or in a white cell?",2,0,0,0,0,0,0,0,0,0
MATHNET-01qi,MathNet,SELECTION and TRAINING SESSION,,Belarus,Algebra,Algebraic Expressions,,unknown,Sequences and Series > Recurrence relations,,,,True,,,,proof only,English,real,"$$
f(x) = \begin{cases} x + \frac{1}{2}, & \text{if } x < \frac{1}{2}, \\ x^2, & \text{if } x \ge \frac{1}{2}. \end{cases}
$$
Let $a$ and $b$ be two real numbers such that $0 < a < b < 1$. We define the sequences $a_n$ and $b_n$ by $a_0 = a, b_0 = b$, and
$$
a_n = f(a_{n-1}),\ b_n = f(b_{n-1}) \text{ for } n > 0.
$$
Show that there exists a positive integer $n$ such that
$$
(a_n - a_{n-1})(b_n - b_{n-1}) < 0.
$$",,38,6,1,0,0,0,0,0,1
MATHNET-0hls,MathNet,Berkeley Math Circle,,United States,Discrete Mathematics,Combinatorics,,unknown,"Coloring schemes, extremal arguments",,,,True,,,,proof and answer,,real,"Problem:

The country of Squareland is shaped like a square and is divided into $64$ congruent square cities. We want to divide Squareland into states and assign to each state a capital city so that the following rules are satisfied:

a. Every city lies entirely within one state.

b. Given any two states, the numbers of cities in them differ by at most $1$.

c. Any city in a state shares at least one corner with the state's capital.

What is the smallest possible number of states?",9,286,44,2,1,1,0,0,0,2
MATHNET-038o,MathNet,Winter Mathematical Competition,,Bulgaria,Geometry,Plane Geometry,,unknown,Quadrilaterals > Cyclic quadrilaterals | Miscellaneous > Angle chasing,,,,True,,,,proof only,English,real,"In acute $\triangle ABC$ denote by $M$ and $N$ the midpoints of the altitudes $BB_1$ and $CC_1$, respectively, $P = AM \cap CC_1$ and $Q = AN \cap BB_1$. Prove that:

a) the points $M, N, P$ and $Q$ are concyclic;

b) if the points $B, C, P$ and $Q$ are concyclic then $\triangle ABC$ is isosceles.",,719,133,2,22,2,0,1,0,2
MATHNET-05d6,MathNet,,,European Girls' Mathematical Olympiad (EGMO),Discrete Mathematics,Combinatorics,,unknown,"Coloring schemes, extremal arguments | Invariants / monovariants | Induction / smoothing",,,,True,,,,proof and answer,,real,"Problem:

There are $2017$ lines in a plane such that no $3$ of them go through the same point. Turbo the snail can slide along the lines in the following fashion: she initially moves on one of the lines and continues moving on a given line until she reaches an intersection of $2$ lines. At the intersection, she follows her journey on the other line turning left or right, alternating the direction she chooses at each intersection point she passes. Can it happen that she slides through a line segment for a second time in her journey but in the opposite direction as she did for the first time?",No,6364,1136,12,69,5,7,12,0,12
MATHNET-06do,MathNet,CHKMO,,Hong Kong,Algebra,Equations and Inequalities,,unknown,QM-AM-GM-HM / Power Mean | Linear and quadratic inequalities,,,,True,,,,proof and answer,,real,"Find the greatest real $K$ such that for every positive $u$, $v$ and $w$ with $u^2 > 4vw$, the inequality
$$
(u^2 - 4vw)^2 > K(2v^2 - uw)(2w^2 - uv)
$$
holds. Justify your claim.",16,1515,298,3,37,5,4,4,0,3
MATHNET-01p2,MathNet,BelarusMO 2013_s,,Belarus,Algebra | Discrete Mathematics | Number Theory,Abstract Algebra | Combinatorics | Modular Arithmetic,,unknown,"Coloring schemes, extremal arguments | Other",,,,True,,,,proof and answer,,real,"Let $\mathbb{Z}$ and $\mathbb{Q}$ be the sets of integers and rationals respectively.

a) Does there exist a partition of $\mathbb{Z}$ into three non-empty subsets $A, B, C$ such that the sets $A+B$, $B+C$, $C+A$ are disjoint?

b) Does there exist a partition of $\mathbb{Q}$ into three non-empty subsets $A, B, C$ such that the sets $A+B$, $B+C$, $C+A$ are disjoint?

Here $X + Y$ denotes the set $\{x + y \mid x \in X, y \in Y\}$, for $X, Y \subseteq \mathbb{Z}$ and $X, Y \subseteq \mathbb{Q}$.","a) Yes. For example, take the three residue classes modulo three.
b) No.",0,0,0,0,0,0,0,0,0
MATHNET-06bz,MathNet,IMO HK TST,,Hong Kong,Discrete Mathematics | Number Theory,Combinatorics | Modular Arithmetic,,unknown,Invariants / monovariants,,,,True,,,,proof and answer,,real,"Five numbers $1$, $2$, $3$, $4$, $5$ are written on a blackboard. A student may erase any two of the numbers $a$ and $b$ on the board and write the numbers $a+b$ and $ab$ replacing them. If this operation is repeatedly performed, can the numbers $21$, $27$, $64$, $180$, $540$ ever appear on the board at the same time?",No,1185,237,1,39,2,1,5,0,1
MATHNET-04dz,MathNet,Mathematica competitions in Croatia,,Croatia,Geometry,Plane Geometry,,unknown,Triangles,,,,True,,,,proof and answer,,real,"Let $ABC$ be a right triangle with height $\overline{CN}$. If $|AC| = |BN| = 1$, determine the length of the hypotenuse $\overline{AB}$.",(1 + sqrt(5)) / 2,0,0,0,0,0,0,0,0,0
MATHNET-0ibu,MathNet,Harvard-MIT Mathematics Tournament,,United States,Number Theory,Divisibility / Factorization | Modular Arithmetic,,unknown,Factorization techniques | Polynomials mod p,,,,True,,,,proof and answer,,real,"Problem:
Find the largest integer $n$ such that $3^{512}-1$ is divisible by $2^{n}$.",11,548,58,1,12,1,0,0,2,1
MATHNET-05bk,MathNet,Estonian Mathematical Olympiad,,Estonia,Algebra | Number Theory,Algebraic Expressions | Divisibility / Factorization | Modular Arithmetic,,unknown,Chinese remainder theorem | Greatest common divisors (gcd) | Sequences and Series > Sums and products,,,,True,,,,proof and answer,English,real,"How many integers $k$ are there for which $1 \le k \le n$ and the sum $1 + 2 + \dots + k$ is divisible by $n$, if

a) $n = 2023^{2024}$;
b) $n = 2024^{2023}$?",a) 4; b) 3,3764,612,7,90,3,11,9,4,7
MATHNET-01ub,MathNet,Belarusian Mathematical Olympiad,,Belarus,Algebra,Intermediate Algebra | Prealgebra / Basic Algebra,,unknown,Simple Equations | Other,,,,True,,,,proof and answer,English,real,"Find all possible values of a real number $a$ such that there exist pairwise distinct nonzero real numbers $x, y, z$ satisfying the equalities
$$
x - \frac{y}{z} - \frac{z}{y} = y - \frac{z}{x} - \frac{x}{z} = z - \frac{x}{y} - \frac{y}{x} = a.
$$",1,1169,249,2,27,4,0,0,0,2
MATHNET-08id,MathNet,THE 47-th MATHEMATIAL OLYMPIAD OF REPUBLIC OF MOLDOVA,,JBMO,Discrete Mathematics | Geometry,Combinatorics | Plane Geometry,,unknown,Combinatorial Geometry | Counting two ways,,,,True,,,,proof and answer,,real,"Problem:

In the space a geometrical configuration, which includes $n$ ($n \geq 3$) distinct points, is given. A point $A$ of this configuration has the following properties: if $A$ is excluded from the configuration, then among the remaining points there are no colinear points; after the elimination of $A$ from the configuration the number of all straight lines, that were constructed through any 2 points of the configuration, is lowered by $1/15$ part. Find the value of $n$.","9, 22, 30",0,0,0,0,0,0,0,0,0
MATHNET-07oq,MathNet,Irska 2014,,Ireland,Geometry,Plane Geometry,,unknown,"Triangles > Triangle centers: centroid, incenter, circumcenter, orthocenter, Euler line, nine-point circle | Miscellaneous > Angle chasing",,,,True,,,,proof only,,real,In a triangle $ABC$ the internal bisector of the angle $\angle ABC$ meets the external bisector of $\angle BCA$ at $D$. The circumcircle of the triangle $ABC$ cuts $BD$ at $E$. Prove that $E$ is the circumcentre of the triangle $ACD$.,,466,85,6,12,3,0,0,0,6
MATHNET-0a4k,MathNet,New Zealand Mathematical Olympiad,,New Zealand,Algebra | Discrete Mathematics,Other | Prealgebra / Basic Algebra,,unknown,Integers,,,,True,,,,proof and answer,,real,"Problem:
A positive integer is called sparkly if it has exactly 9 digits, and for any $n$ between $1$ and $9$ (inclusive), the $n^{\text{th}}$ digit is a positive multiple of $n$. How many positive integers are sparkly?",216,785,108,1,9,1,0,0,0,1
MATHNET-0clu,MathNet,Seventeenth ROMANIAN MASTER OF MATHEMATICS,,Romania,Geometry,Plane Geometry,,unknown,"Triangles > Triangle centers: centroid, incenter, circumcenter, orthocenter, Euler line, nine-point circle | Transformations > Inversion | Transformations > Spiral similarity | Quadrilaterals > Cyclic quadrilaterals | Circles > Tangents | Advanced Configurations > Brocard point, symmedians | Circles > Circle of Apollonius | Miscellaneous > Angle chasing",,,,True,,,,proof only,English,real,"Let $ABC$ be an acute triangle with $AB < AC$ and let $H$ and $O$ be its orthocentre and circumcentre, respectively. Let $\Gamma$ be the circle $BOC$. The line $AO$ and the circle of radius $AO$ centred at $A$ cross $\Gamma$ again at $A'$ and $F$, respectively. Prove that $\Gamma$, the circle on diameter $AA'$ and the circle $AFH$ are concurrent.

Romania, Radu-Andrei Lecoiu",,4474,772,16,150,10,0,0,0,16
MATHNET-0cwk,MathNet,LI Всероссийская математическая олимпиада школьников,,Russia,Algebra,Algebraic Expressions,,unknown,Polynomials > Vieta's formulas | Polynomials > Polynomial operations,,,,True,,,,proof and answer,Russian,real,Find the least $k$ satisfying the following condition: for any polynomial $f(x)$ of degree $100$ with real coefficients there exists a polynomial $g(x)$ of degree not greater than $k$ with real coefficients such that the graphs $y = f(x)$ and $y = g(x)$ have exactly $100$ common points.,98,1434,274,8,50,2,2,0,3,8
MATHNET-003j,MathNet,Argentina 2006,,Argentina,Algebra | Number Theory,Algebraic Expressions | Intermediate Algebra | Other | Prealgebra / Basic Algebra,,unknown,Quadratic functions | Polynomials | Integers,,,,True,,,,proof only,Español,real,Sea $a$ un número real tal que $\frac{1}{a} = a - [a]$. Demostrar que $a$ es irracional.,,0,0,0,0,0,0,0,0,0
MATHNET-06dp,MathNet,CHKMO,,Hong Kong,Algebra | Discrete Mathematics,Algebraic Expressions | Combinatorics,,unknown,"Recursion, bijection | Sequences and Series > Recurrence relations",,,,True,,,,proof and answer,,real,"Let $ABCDEF$ be a regular hexagon of side length $1$, and $O$ be the centre of the hexagon. In addition to the sides of the hexagon, line segments are drawn from $O$ to each vertex, making a total of twelve unit line segments. Find the number of paths of length $2003$ along these line segments that start at $O$ and terminate at $O$.",(7 - sqrt(7))/14 * (1 + sqrt(7))^2003 + (7 + sqrt(7))/14 * (1 - sqrt(7))^2003,1678,307,3,50,2,2,2,0,3
MATHNET-0bqa,MathNet,OLIMPIADA DE MATEMATICĂ - ETAPA LOCALĂ,,Romania,Geometry,Plane Geometry,,unknown,Triangles | Analytic / Coordinate Methods > Vectors,,,,True,,,,proof and answer,,real,"Problem:

În triunghiul oarecare $ABC$, se consideră $M$ şi $N$ mijloacele segmentelor $BC$, respectiv $AM$, punctul $D$ simetricul punctului $C$ faţă de $A$, $BN \cap AC = \{S\}$, $DM \cap AB = \{T\}$ și punctul $P$ mijlocul segmentului $[SC]$.

a) Demonstrați că $AC = 3PC$.

b) Demonstrați că dreptele $ST$ și $BC$ sunt paralele.

c) Calculați aria triunghiului $ANS$, știind că aria triunghiului $ABC$ este egală cu $48~\mathrm{cm}^2$.",4 cm^2,0,0,0,0,0,0,0,0,0
MATHNET-0kz9,MathNet,2024 AMC 12 B,,United States,Algebra | Geometry,Equations and Inequalities | Intermediate Algebra | Plane Geometry,,unknown,Circles > Tangents | Analytic / Coordinate Methods > Cartesian coordinates | Quadratic functions | Linear and quadratic inequalities,,,,False,,,,MCQ,,real,"There are real numbers $x$, $y$, $h$, and $k$ that satisfy the system of equations
$$
\begin{aligned}
x^2 + y^2 - 6x - 8y &= h \\
x^2 + y^2 - 10x + 4y &= k.
\end{aligned}
$$
What is the minimum possible value of $h + k$?
(A) -54 (B) -46 (C) -34 (D) -16 (E) 16",C,1096,238,4,21,5,0,0,0,4
MATHNET-05vy,MathNet,PRÉPARATION OLYMPIQUE FRANÇAISE DE MATHÉMATIQUES,,France,Geometry,Plane Geometry,,unknown,Circles > Tangents | Circles > Radical axis theorem | Transformations > Homothety | Quadrilaterals > Cyclic quadrilaterals | Miscellaneous > Angle chasing,,,,True,,,,proof only,,real,"Problem:

Soit $A, B, C$ et $D$ quatre points situés sur un cercle $\Omega$. Soit $E$ et $F$ les points d'intersection des demi-droites $[B A)$ et $[B C)$ avec la tangente à $\Omega$ en $D$. Soit $T$ un point, situé à l'intérieur du triangle $A B C$, tel que $(T E)$ soit parallèle à $(C D)$ et que $(T F)$ soit parallèle à $(A D)$. Enfin, soit $K$ le point du segment $[D F]$, autre que $D$, tel que $T D=T K$.
Démontrer que les droites $(A C),(D T)$ et $(B K)$ sont concourantes.",,2036,408,3,59,0,0,0,0,3
MATHNET-07yc,MathNet,,,Italy,Geometry,Plane Geometry,,unknown,Quadrilaterals > Cyclic quadrilaterals | Analytic / Coordinate Methods > Complex numbers in geometry | Miscellaneous > Angle chasing,,,,True,,,,proof only,,real,"Problem:

Sia $ABCD$ un quadrilatero convesso tale che $\widehat{CAB} = \widehat{CDA}$ e $\widehat{BCA} = \widehat{ACD}$. Detto $M$ il punto medio di $AB$ si dimostri che $\widehat{BCM} = \widehat{DBA}$.",,2215,342,9,38,0,0,0,0,9
MATHNET-01ei,MathNet,Baltic Way shortlist,,Baltic Way,Geometry,Plane Geometry,,unknown,Quadrilaterals | Miscellaneous > Constructions and loci | Analytic / Coordinate Methods > Trigonometry | Geometric Inequalities > Optimization in geometry,,,,True,,,,proof and answer,English,real,A convex quadrilateral $ABCD$ is right-angled at $A$ and fulfils $BC + CD = 1$. Determine its greatest possible area.,1/8 * (1 + sqrt(2)),2181,359,6,41,1,0,0,0,6
MATHNET-0fyo,MathNet,SMO Finalrunde,,Switzerland,Discrete Mathematics,Combinatorics,,unknown,"Pigeonhole principle | Coloring schemes, extremal arguments",,,,True,,,,proof only,,real,"Problem:

In einem Dorf mit mindestens einem Einwohner gibt es mehrere Vereine. Jeder Einwohner des Dorfes ist Mitglied in mindestens $k$ Vereinen und je zwei verschiedene Vereine haben höchstens ein gemeinsames Mitglied. Zeige dass mindestens $k$ dieser Vereine dieselbe Anzahl Mitglieder haben.",,612,81,2,7,0,0,0,0,2
MATHNET-0kto,MathNet,HMMT February 2022,,United States,Algebra | Number Theory,Algebraic Expressions | Modular Arithmetic,,unknown,Polynomials > Polynomial operations | Fermat / Euler / Wilson theorems,,,,True,,,,proof and answer,,real,"Problem:

Suppose $P(x)$ is a monic polynomial of degree $2023$ such that
$$
P(k) = k^{2023} P\left(1 - \frac{1}{k}\right)
$$
for every positive integer $1 \leq k \leq 2023$. Then $P(-1) = \frac{a}{b}$, where $a$ and $b$ are relatively prime integers. Compute the unique integer $0 \leq n < 2027$ such that $b n - a$ is divisible by the prime $2027$.",406,1648,284,2,35,2,0,2,0,2
MATHNET-04iz,MathNet,Croatia Mathematical Competitions,,Croatia,Algebra | Number Theory,Algebraic Expressions | Divisibility / Factorization,,unknown,Polynomials > Polynomial operations,,,,True,,,,proof and answer,,real,"Determine the largest positive integer $n$ such that
$$
n + 5 \mid n^4 + 1395.
$$",2015,1020,240,12,29,3,1,0,1,12
MATHNET-08py,MathNet,Junior Balkan Mathematical Olympiad Shortlist,,JBMO,Algebra,Equations and Inequalities,,unknown,Cauchy-Schwarz | QM-AM-GM-HM / Power Mean,,,,True,,,,proof only,,real,"Problem:
Let $a, b, c, d$ be positive real numbers such that $a b c d = 1$. Prove the inequality
$$
\frac{1}{a^{3}+b+c+d}+\frac{1}{a+b^{3}+c+d}+\frac{1}{a+b+c^{3}+d}+\frac{1}{a+b+c+d^{3}} \leqslant \frac{a+b+c+d}{4}
$$",,1184,147,1,13,0,1,2,2,1
MATHNET-0jwx,MathNet,HMMT November,,United States,Discrete Mathematics,Combinatorics,,unknown,Enumeration with symmetry,,,,True,,,,proof and answer,,real,"Problem:

On a $3 \times 3$ chessboard, each square contains a knight with $\frac{1}{2}$ probability. What is the probability that there are two knights that can attack each other? (In chess, a knight can attack any piece which is two squares away from it in a particular direction and one square away in a perpendicular direction.)",209/256,924,169,7,10,4,0,0,0,7
MATHNET-0gme,MathNet,X. NATIONAL MATHEMATICAL OLYMPIAD,,Turkey,Discrete Mathematics,Combinatorics,,unknown,Games / greedy algorithms,,,,True,,,,proof and answer,English,real,"Let $n \ge 2$ be an integer and $(a_1, a_2, \dots, a_n)$ be a permutation of $1, 2, \dots, n$. For each $1 \le k \le n$, $a_k$ apples are placed at the point $k$ on the real axis. Children named $A, B, C$ are assigned points $x_A, x_B, x_C \in \{1, 2, \dots, n\}$, respectively. For each $k \in \{1, 2, \dots, n\}$, children whose points are closest to $k$ divide $a_k$ apples equally among themselves. We call $(x_A, x_B, x_C)$ a *stable configuration* if no child's total share can be increased by assigning a new point to this child and not changing the points of the other two. Determine the values of $n$ for which a stable configuration exists for some distribution $(a_1, a_2, \dots, a_n)$ of the apples.",All integers n ≥ 2,0,0,0,0,0,0,0,0,0
MATHNET-09ho,MathNet,Round 3,,Mongolia,Number Theory,Divisibility / Factorization | Residues and Primitive Roots,,unknown,Quadratic residues,,,,True,,,,proof and answer,,real,"If $m$ and $n$ are positive integers, can the number $m^4 + 2mn + n^2 - 2021$ be the product of three or more consecutive integers?",No,310,60,1,7,1,2,0,1,1
MATHNET-0b7y,MathNet,Romanian Mathematical Olympiad,,Romania,Algebra,Linear Algebra,,unknown,Matrices | Vectors,,,,True,,,,proof only,English,real,"Let $A$, $B$, $C \in M_n(\mathbb{R})$ be such that $ABC = 0_n$ and $\operatorname{rank} B = 1$. Prove that $AB = O_n$ or $BC = O_n$.",,801,151,1,21,2,0,1,0,1
MATHNET-02xm,MathNet,Brazilian Mathematical Olympiad,,Brazil,Number Theory,Other,,unknown,,,,,True,,,,proof and answer,,real,"Problem:

No Calendário Jupiteriano, os meses são Julius, Uranius, Plutônius, Ílius, Terrius, Eráclitus e Raley. Os meses que começam com consoantes possuem 17 dias e os meses que começam com vogais têm 19 dias. O ano começa em Július e segue a sequência mencionada, anteriormente, encerrando-se em Raley. Assim, como no nosso calendário, o Jupiteriano possui uma semana com 7 dias (domingo, segunda, terça, quarta, quinta, sexta e sábado). Diógenes, um menino Jupiteriano, nasceu em 11 de Plutônio de 1999, que foi em um domingo.

a) Que dia Diógenes completará 100 dias de vida?

b) Que dia da semana Diógenes completará 20 anos?",a) 5 de Uranius de 2000. b) segunda.,600,111,3,3,0,0,0,0,3
MATHNET-039w,MathNet,Fall Mathematical Competition,,Bulgaria,Precalculus,Trigonometric functions,,unknown,,,,,True,,,,proof only,English,real,"Let $\alpha$ and $\beta$, $\alpha \neq \beta$, be acute angles such that
$$
(\cos^2 \alpha + \cos^2 \beta)(1 + \tan \alpha \tan \beta) = 2.
$$
Prove that $\alpha + \beta = 90^\circ$.",,2804,717,28,76,2,1,1,4,20
MATHNET-0h3e,MathNet,Ukrainian Mathematical Olympiad,,Ukraine,Discrete Mathematics,Combinatorics | Logic,,unknown,"Coloring schemes, extremal arguments | Invariants / monovariants",,,,True,,,,proof and answer,English,real,2012 people stand in a line. Each of them is either a knight (and always tells truth) or a knave (and always lies). Each of the people announced: «There are more knaves on my left than knights on my right». How many knaves are in the line?,1006,329,60,2,7,0,0,0,0,2
MATHNET-0bx8,MathNet,THE 68th NMO SELECTION TESTS FOR THE BALKAN AND INTERNATIONAL MATHEMATICAL OLYMPIADS,,Romania,Algebra | Discrete Mathematics | Number Theory,Algebraic Expressions | Combinatorics | Divisibility / Factorization,,unknown,"Polynomials > Irreducibility: Rational Root Theorem, Gauss's Lemma, Eisenstein | Polynomials > Polynomial operations | Greatest common divisors (gcd) | Factorization techniques | Algebraic properties of binomial coefficients",,,,True,,,,proof and answer,English,real,Determine all integers $n \ge 2$ such that $a + \sqrt{2}$ and $a^n + \sqrt{2}$ are both rational for some real number $a$ depending on $n$.,n = 2,1236,221,5,30,2,1,4,0,5
MATHNET-0fnb,MathNet,Olimpiada Internacional de Matemáticas,,Spain,Algebra,Algebraic Expressions | Prealgebra / Basic Algebra,,unknown,Functional Equations | Sequences and Series > Floors and ceilings | Integers,,,,True,,,,proof only,Spanish,real,"Sea $Q_0$ el conjunto de los números racionales mayores que cero. Sea $f: Q_0 \to \mathbb{R}$ una función que satisface las tres siguientes condiciones:
(i) $f(x)f(y) \geq f(xy)$ para todos los $x, y \in Q_0$;
(ii) $f(x + y) \geq f(x) + f(y)$ para todos los $x, y \in Q_0$;
(iii) existe un número racional $a > 1$ tal que $f(a) = a$.",,3595,655,9,75,0,0,0,0,9
MATHNET-00a6,MathNet,Argentine National Olympiad 2015,,Argentina,Discrete Mathematics,Combinatorics,,unknown,"Invariants / monovariants | Coloring schemes, extremal arguments",,,,True,,,,proof and answer,English,real,A $+1$ or $-1$ is written at each vertex of a regular $n$-gonal prism so that the product of numbers on each face is $-1$. For which $n \geq 3$ is this possible?,All n that are multiples of 4,1646,307,2,44,5,0,4,5,2
MATHNET-0ag8,MathNet,Junior Balkan Mathematical Olympiad,,North Macedonia,Algebra,Prealgebra / Basic Algebra,,unknown,Simple Equations | Fractions,,,,True,,,,proof only,English,real,"The real numbers $a, b, c, d$ satisfy simultaneously the equations
$$
abc - d = 1, \quad bcd - a = 2, \quad cda - b = 3, \quad dab - c = -6.
$$
Prove that $a + b + c + d \neq 0$.",,676,151,1,18,3,2,2,0,1
MATHNET-01os,MathNet,BelarusMO 2013_s,,Belarus,Algebra | Discrete Mathematics,Combinatorics | Equations and Inequalities,,unknown,Algebraic properties of binomial coefficients | Linear and quadratic inequalities,,,,True,,,,proof only,,real,Prove that $\left(C_{2n}^{n+1}\right)^2 \le C_{n^2+n}^{n+1}$ for any $n \in \mathbb{N}$.,,757,112,1,15,0,0,0,0,1
MATHNET-077p,MathNet,INMO_2023,,India,Discrete Mathematics | Number Theory,Algebraic Number Theory | Combinatorics | Divisibility / Factorization,,unknown,Factorization techniques | Quadratic forms | Counting two ways,,,,True,,,,proof only,,real,"Let $S$ be a finite set of positive integers. Assume that there are precisely 2023 ordered pairs $(x, y)$ in $S \times S$ so that the product $xy$ is a perfect square. Prove that one can find at least four distinct elements in $S$ so that none of their pairwise products is a perfect square.

*Note:* As an example, if $S = \{1, 2, 4\}$, there are exactly five such ordered pairs: $(1, 1)$, $(1, 4)$, $(2, 2)$, $(4, 1)$, and $(4, 4)$.",,4722,1067,15,171,10,5,7,1,15
MATHNET-02lp,MathNet,XXXI Brazilian Math Olympiad,,Brazil,Discrete Mathematics | Number Theory,Other,,unknown,,,,,True,,,,proof and answer,English,real,"Emerald writes $2009^2$ integers in a $2009 \times 2009$ table, one number in each entry of the table. She sums all the numbers in each row and in each column, obtaining 4018 sums. She notices that all sums are distinct. Is it possible that all such sums are perfect squares?",Yes,919,211,5,36,0,0,0,4,5
MATHNET-04ch,MathNet,Mathematica competitions in Croatia,,Croatia,Algebra,Algebraic Expressions,,unknown,Sequences and Series,,,,True,,,,proof and answer,English,real,"Real numbers $x$, $y$ and $z$ are consecutive terms of an arithmetic sequence. If the numbers $\cos^2 x$, $\cos^2 y$ and $\cos^2 z$ are mutually different and consecutive terms of some arithmetic sequence, determine all possible values of $y$.","y = π/4 + k·(π/2), for any integer k",0,0,0,0,0,0,0,0,0
MATHNET-0j5i,MathNet,Harvard-MIT November Tournament,,United States,Number Theory,Divisibility / Factorization | Number-Theoretic Functions,,unknown,τ (number of divisors) | Prime numbers | Factorization techniques,,,,True,,,,proof and answer,,real,"Problem:

For a positive integer $n$, let $p(n)$ denote the product of the positive integer factors of $n$. Determine the number of factors $n$ of $2310$ for which $p(n)$ is a perfect square.",27,935,183,5,33,2,3,5,0,5
MATHNET-09ka,MathNet,Mongolian Mathematical Olympiad,,Mongolia,Geometry,Plane Geometry,,unknown,"Advanced Configurations > Isogonal/isotomic conjugates, barycentric coordinates | Miscellaneous > Angle chasing | Circles > Tangents",,,,True,,,,proof only,English,real,"Let $ABCD$ be a quadrilateral with $\angle DAB = \angle ABC$. The circumcircle of triangle $ABC$ intersects segment $AD$ at point $K$ and segment $CD$ at point $L$. Segment $AL$ intersects segment $CK$ at point $P$. If $\angle ADB = \angle PDC$, prove that $CP = CL$.",,0,0,0,0,0,0,0,0,0
MATHNET-023t,MathNet,,,Brazil,Algebra,Equations and Inequalities | Prealgebra / Basic Algebra,,unknown,Integers | Simple Equations | Linear and quadratic inequalities,,,,True,,,,proof and answer,,real,"Problem:
Vladimir escolheu três algarismos $a, b$ e $c$ tais que $a > b > c > 0$ e com eles formou os números $abc$, $cba$ e $cab$. Note que $abc$ não é o produto de $a, b$ e $c$, mas sim o número de algarismos $a, b$ e $c$. Por exemplo, se $a = 1$, $b = 2$ e $c = 3$, $abc$ será o número 123.
Depois de escolher estes três algarismos $a, b$ e $c$, Vladimir percebeu que um dos números formados era igual à soma dos outros dois. Encontre os números formados por Vladimir.","954, 459, 495",952,243,1,28,0,0,0,0,1
MATHNET-0cc6,MathNet,THE 73rd NMO SELECTION TESTS FOR THE JUNIOR BALKAN MATHEMATICAL OLYMPIAD - SECOND SELECTION TEST,,Romania,Geometry,Plane Geometry,,unknown,"Triangles > Triangle centers: centroid, incenter, circumcenter, orthocenter, Euler line, nine-point circle | Quadrilaterals > Cyclic quadrilaterals | Miscellaneous > Angle chasing",,,,True,,,,proof and answer,,real,"Let $ABC$ be an acute-angled triangle with $BC > AB$, such that the points $A$, $H$, $I$ and $C$ are concyclic (where $H$ is the orthocenter and $I$ is the incenter of triangle $ABC$). The line $AC$ intersects the circumcircle of triangle $BHC$ at point $T$, and the line $BC$ intersects the circumcircle of triangle $AHC$ at point $P$. If the lines $PT$ and $HI$ are parallel, determine the measures of the angles of triangle $ABC$.
Adrian Bud","A = 80°, B = 60°, C = 40°",1823,320,3,42,7,0,0,0,3
MATHNET-0am0,MathNet,18th PMO Area Stage,,Philippines,Precalculus,Trigonometric functions,,unknown,,,,,True,,,,proof and answer,,real,"Problem:
Find all real numbers $a$ and $b$ so that for all real numbers $x$,
$$
2 \cos^2\left(x+\frac{b}{2}\right) - 2 \sin\left(a x - \frac{\pi}{2}\right) \cos\left(a x - \frac{\pi}{2}\right) = 1
$$","All solutions are a = 1 with b = π/2 + 2πk, or a = −1 with b = −π/2 + 2πk, for any integer k.",0,0,0,0,0,0,0,0,0
MATHNET-0dd1,MathNet,SAUDI ARABIAN MATHEMATICAL COMPETITIONS,,Saudi Arabia,Discrete Mathematics,Combinatorics,,unknown,"Counting two ways | Coloring schemes, extremal arguments",,,,True,,,,proof and answer,English,real,Each cell of an $8 \times 8$ board is either black or white. It is known that among any nine cells forming a $3 \times 3$ square there are evenly many white ones. What is the minimum possible number of black cells?,4,0,0,0,0,0,0,0,0,0
MATHNET-0aw2,MathNet,18th PMO National Stage Oral Phase,,Philippines,Algebra | Number Theory,Diophantine Equations | Prealgebra / Basic Algebra,,unknown,"Techniques: modulo, size analysis, order analysis, inequalities | Integers | Simple Equations",,,,False,,,,final answer only,,real,"Problem:

How many different integral solutions $(x, y)$ does $3|x|+5|y|=100$ have?",26,361,64,2,9,2,0,0,0,2
MATHNET-0le8,MathNet,VMO,,Vietnam,Algebra,Algebraic Expressions,,unknown,Sequences and Series > Recurrence relations,,,,True,,,,proof and answer,English,real,"A sequence $(x_n)$ is defined as follows $x_1 = 1$ and $x_{n+1} = x_n + 3\sqrt{x_n} + \frac{n}{\sqrt{x_n}}$ for all positive integers $n$.

a) Prove that $\lim_{n \to +\infty} \frac{n}{x_n} = 0$.

b) Find the limit $\lim_{n \to +\infty} \frac{n^2}{x_n}$.",a) 0; b) 4/9,1135,187,2,21,4,1,0,0,2
MATHNET-06nl,MathNet,Hong Kong Team Selection Test 1,,Hong Kong,Algebra | Discrete Mathematics,Algebraic Expressions | Combinatorics | Equations and Inequalities | Prealgebra / Basic Algebra,,unknown,Pigeonhole principle | Sequences and Series > Floors and ceilings | Integers | Linear and quadratic inequalities,,,,True,,,,proof only,,real,"We say that a real number is 'almost an integer' if it differs from an integer by at most $0.1$. For example, $2023$, $-2023.9$ and $2023.0822$ are almost integers. Show that among any $10$ real numbers, there exist two different real numbers whose difference is almost an integer.",,815,173,4,20,2,1,2,0,4
MATHNET-02j5,MathNet,Brazilian Mathematical Olympiad,,Brazil,Algebra,Prealgebra / Basic Algebra,,unknown,Integers,,,,False,,,,MCQ,,real,"Problem:

Ana, Bento e Lucas participam de um concurso que consta de 20 perguntas com a seguinte regra:
- cada resposta certa ganha 5 pontos,
- cada resposta errada perde 3 pontos,
- cada resposta em branco perde 2 pontos.

Veja os resultados na tabela a seguir:

|  | Número de respostas certas | Número de respostas erradas | Número de respostas em branco |
| :--- | :---: | :---: | :---: |
| Ana | 12 | 4 | 4 |
| Bento | 13 | 7 | 0 |
| Lucas | 12 | 3 | 5 |

Escrevendo os nomes dos três em ordem decrescente de classificação no concurso, encontramos:
A) Ana, Bento, Lucas
B) Lucas, Bento, Ana
C) Ana, Lucas, Bento
D) Lucas, Ana, Bento
E) Bento, Lucas, Ana",E,338,82,6,3,0,0,0,0,6
MATHNET-0gii,MathNet,APMO Taiwan Preliminary Round 1,,Taiwan,Algebra,Algebraic Expressions | Intermediate Algebra,,unknown,Polynomials > Polynomial operations | Quadratic functions,,,,False,,,,final answer only,Chinese; English,real,"考慮多項式函數 $P(x) = x^2 - 1$。設實數 $a$ 滿足
$$P(P(P(a))) = 2024.$$
將 $a^2$ 之值寫成 $m+\sqrt{n}$，其中 $m, n$ 為正整數且 $n$ 不被大於 1 的平方數整除，則 $m+n$ 之值為⑥⑦。

Consider the polynomial $P(x) = x^2 - 1$. There is a real number $a$ that satisfies
$$P(P(P(a))) = 2024.$$
Write $a^2$ as $m + \sqrt{n}$, where $m$ and $n$ are integers and $n$ is square-free. The value of $m+n$ is $\underline{\underline{6}} \underline{\underline{7}}$.",47,239,43,1,8,0,0,0,0,1
MATHNET-02vo,MathNet,Brazilian Mathematical Olympiad,,Brazil,Discrete Mathematics,Combinatorics,,unknown,"Coloring schemes, extremal arguments | Invariants / monovariants",,,,True,,,,proof and answer,,real,"Problem:

Cada um dos números $1,2,3, \ldots, 25$ é arranjado em uma das casas de um tabuleiro $5 \times 5$. Em cada linha, eles aparecem em ordem crescente, da esquerda para a direita. Encontre os valores máximo e mínimo possíveis para as somas dos números da terceira coluna.","minimum 45, maximum 85",3141,634,12,64,0,0,0,0,12
MATHNET-0apq,MathNet,Tenth Philippine Mathematical Olympiad,,Philippines,Algebra | Number Theory,Algebraic Expressions | Divisibility / Factorization,,unknown,Polynomials > Polynomial operations | Sequences and Series > Sums and products,,,,True,,,,proof and answer,,real,"Problem:
Find the largest integer $n$ such that
$$
\frac{n^{2007}+n^{2006}+\cdots+n^{2}+n+1}{n+2007}
$$
is an integer.",(2007^{2008} - 1)/2008 - 2007,670,133,1,16,0,0,0,1,1
MATHNET-0gyd,MathNet,49th Mathematical Olympiad in Ukraine,,Ukraine,Geometry,Plane Geometry,,unknown,"Triangles > Triangle centers: centroid, incenter, circumcenter, orthocenter, Euler line, nine-point circle | Miscellaneous > Angle chasing | Miscellaneous > Distance chasing",,,,True,,,,proof only,English,real,"Let a given triangle $A_1A_2A_3$ and a point $X$ which doesn't lie on each of lines $A_1A_2$, $A_1A_3$ and $A_2A_3$ be given. Denote by $l_i$ line which passes through the point $A_i$ and is normal to the chord line $XA_i$, $i=1,2,3$. Let are the points $B_1 = l_2 \cap l_3$, $B_2 = l_3 \cap l_1$, $B_3 = l_1 \cap l_2$, and $H_1, H_2, H_3$ be the orthocenters the triangles $B_1A_2A_3$, $B_2A_3A_1$, $B_3A_1A_2$, respectively. Prove that the triangle $H_1H_2H_3$ is congruent to the triangle $A_1A_2A_3$.

![](attached_image_1.png)
Fig.10",,512,74,1,12,3,0,0,0,1
MATHNET-08kq,MathNet,JBMO Shortlist,,JBMO,Geometry,Plane Geometry,,unknown,Quadrilaterals | Miscellaneous > Angle chasing | Miscellaneous > Distance chasing,,,,True,,,,proof only,,real,"Problem:

Let $ABCD$ be a trapezoid with $AB \parallel CD$ and $AB > CD$. It is given that the sum of the angles at the base $AB$ is equal to $90^{\circ}$. Prove that the distance between the midpoints of the parallel sides is equal to $\frac{1}{2}(AB - CD)$.",,428,77,4,17,0,0,0,0,4
MATHNET-01kt,MathNet,60th Belarusian Mathematical Olympiad,,Belarus,Geometry,Plane Geometry,,unknown,"Circles > Tangents | Triangles > Triangle centers: centroid, incenter, circumcenter, orthocenter, Euler line, nine-point circle",,,,True,,,,proof only,English,real,"Circles $\Gamma_1$ and $\Gamma_2$ touch each other externally at point $M_3$. They touch a circle $\Gamma_3$ internally at points $M_1$ and $M_2$ respectively. Let $S$ be the circumcenter of the triangle $M_1M_2M_3$. Prove that the line $SM_1$ touches $\Gamma_3$.
(M. Karpuk)",,1118,203,5,27,4,1,1,0,5
MATHNET-0je9,MathNet,IMO Team Selection Test,,United States,Number Theory,Diophantine Equations | Divisibility / Factorization | Modular Arithmetic,,unknown,"Techniques: modulo, size analysis, order analysis, inequalities | Fermat / Euler / Wilson theorems | Prime numbers",,,,True,,,,proof and answer,,real,"Find all triples $(x, y, z)$ of positive integers such that $x \le y \le z$ and
$$
x^3(y^3 + z^3) = 2012(xyz + 2).
$$","(2, 251, 252)",1718,341,1,52,8,0,1,0,1
MATHNET-0c5d,MathNet,SHORTLISTED PROBLEMS FOR THE 2019 ROMANIAN NMO,,Romania,Algebra | Geometry,Linear Algebra | Plane Geometry,,unknown,Analytic / Coordinate Methods > Vectors | Vectors,,,,True,,,,proof only,English,real,"Let $A_1 A_2 \dots A_n$ be a regular polygon with circumcircle $C$. For each direction $d$, denote $B_k$ the second intersection with $C$ of the line of direction $d$, passing through $A_k$, $k = 1, 2, \dots, n$. Prove that the sums
$$
S = \sum_{k=1}^{n} \overrightarrow{A_k B_k}, \quad \sigma = \sum_{k=1}^{n} |\overrightarrow{A_k B_k}|^2
$$
do not depend on $d$.
Vasile Pop",,0,0,0,0,0,0,0,0,0
MATHNET-0dw6,MathNet,48. matematično tekmovanje srednješolcev Slovenije,,Slovenia,Number Theory,Divisibility / Factorization | Number-Theoretic Functions,,unknown,σ (sum of divisors) | Factorization techniques,,,,True,,,,proof and answer,,real,"Problem:

Naj bo $n$ naravno število, ki je enako vsoti svojih od $n$ manjših deliteljev. Tako število je denimo število $28$. Kolikšna je vsota recipročnih vrednosti vseh njegovih deliteljev?",2,435,72,2,6,0,0,0,0,2
MATHNET-0cey,MathNet,Eighteenth STARS OF MATHEMATICS Competition,,Romania,Discrete Mathematics,Combinatorics,,unknown,"Coloring schemes, extremal arguments | Invariants / monovariants",,,,True,,,,proof and answer,English,real,"A *partition* of a set $S$ is a set of pairwise disjoint subsets of $S$ whose union is $S$. Let $P$ be a partition of the set $\{1, 2, ..., 2024\}$ into 2-element sets, satisfying the following condition: For every set $\{a, b\}$ in $P$, either $|a - b| = 1$ or $|a - b| = 506$. Assume that $\{1518, 1519\}$ belongs to $P$. Determine the number that pairs off with $505$ to form a set in $P$.
The Problem Selection Committee

![](attached_image_1.png)",506,625,114,1,17,1,1,2,0,1
MATHNET-009e,MathNet,XXI Olimpiada Matemática Rioplatense,,Argentina,Discrete Mathematics | Number Theory,Combinatorics | Diophantine Equations | Divisibility / Factorization,,unknown,"Factorization techniques | Invariants / monovariants | Techniques: modulo, size analysis, order analysis, inequalities",,,,True,,,,proof and answer,English,real,"Alan plays a solitaire game in his computer. To begin, Alan chooses a positive integer $n$.
Then he chooses a positive odd divisor of $n$.
If the chosen divisor is $d=1$, the computer replaces $n$ with $n+1$.
If the chosen divisor is a number $d$ greater than 1, the computer replaces $n$ with $n/d$.
Alan continues the game by choosing a divisor $d$ of the new number.
For instance:
$$
20 \xrightarrow{\{d=1\}} 21 \xrightarrow{\{d=3\}} 7 \xrightarrow{\{d=1\}} 8 \xrightarrow{\{\dots\}}
$$
Can Alan choose an appropriate starting number $n$ and play in such a way that the computer never shows a power of 3?",No,0,0,0,0,0,0,0,0,0
MATHNET-03ln,MathNet,Canadian Mathematical Olympiad,,Canada,Algebra | Number Theory,Algebraic Expressions | Divisibility / Factorization | Modular Arithmetic,,unknown,Fermat / Euler / Wilson theorems | Greatest common divisors (gcd) | Prime numbers | Sequences and Series > Recurrence relations | Polynomials > Vieta's formulas,,,,True,,,,proof and answer,,real,"Problem:

Let's say that an ordered triple of positive integers $(a, b, c)$ is $n$-powerful if $a \leq b \leq c$, $\operatorname{gcd}(a, b, c)=1$, and $a^{n}+b^{n}+c^{n}$ is divisible by $a+b+c$. For example, $(1,2,2)$ is 5-powerful.

a) Determine all ordered triples (if any) which are $n$-powerful for all $n \geq 1$.

b) Determine all ordered triples (if any) which are 2004-powerful and 2005-powerful, but not 2007-powerful.

[Note that $\operatorname{gcd}(a, b, c)$ is the greatest common divisor of $a, b$ and $c$.]","a) (1, 1, 1) and (1, 1, 4). b) No such triples exist.",3957,700,13,103,7,5,15,0,13
MATHNET-0dqz,MathNet,Singapore Mathematical Olympiad (SMO),,Singapore,Algebra | Discrete Mathematics | Number Theory,Combinatorics | Divisibility / Factorization | Equations and Inequalities,,unknown,"Coloring schemes, extremal arguments | Induction / smoothing | Invariants / monovariants | Jensen / smoothing | Prime numbers",,,,True,,,,proof and answer,English,real,There are $2012$ distinct points in the plane each of which is to be coloured using one of $n$ colours so that the number of points of each colour are distinct. A set of $n$ points is said to be multi-coloured if their colours are distinct. Determine $n$ that maximizes the number of multi-coloured sets.,61,2253,470,7,70,7,2,6,1,7
MATHNET-09k0,MathNet,Mongolian Mathematical Olympiad,,Mongolia,Geometry,Plane Geometry,,unknown,"Miscellaneous > Angle chasing | Advanced Configurations > Isogonal/isotomic conjugates, barycentric coordinates | Transformations > Homothety",,,,True,,,,proof only,English,real,"Let $ABC$ be an acute triangle with $AB > AC$. Consider point $N$ inside the triangle such that $\angle ANB = 180^\circ - \angle BAC$, $\angle NBA = 180^\circ - 2\angle ACB$. The angle bisector of $\angle NBA$ intersects the angle bisector of $\angle NAC$ at point $P$. The line passing through $N$ and parallel to line $AN$ intersects line $NB$ at point $D$. Prove that $\angle DPN = 2\angle ABC$.",,0,0,0,0,0,0,0,0,0
MATHNET-04qz,MathNet,Czech-Slovak-Polish Match,,Czech Republic,Algebra | Discrete Mathematics | Number Theory,Algebraic Expressions | Combinatorics | Diophantine Equations | Divisibility / Factorization,,unknown,"Invariants / monovariants | Sequences and Series > Sums and products | Greatest common divisors (gcd) | Pell's equations | Techniques: modulo, size analysis, order analysis, inequalities",,,,True,,,,proof and answer,English,real,"On the table there are $k$ heaps of $1, 2, \dots, k$ stones, where $k \ge 3$. In the first step, we choose any three of the heaps on the table, merge them into a single new heap, and remove 1 stone (throw it away from the table) from this new heap. In the second step, we again merge some three of the heaps together into a single new heap, and then remove 2 stones from this new heap. In general, in the $i$-th step we choose any three of the heaps, which contain more than $i$ stones when combined, we merge them into a single new heap, and then remove $i$ stones from this new heap. Assume that after a number of steps, there is a single heap left on the table, containing $p$ stones. Show that the number $p$ is a perfect square if and only if the numbers $2k+2$ and $3k+1$ are perfect squares. Further, find the least number $k$ for which $p$ is a perfect square.",161,2518,509,4,59,8,4,6,0,4
MATHNET-0a7h,MathNet,"Nordic Mathematical Contest, NMC 6",,Nordic Mathematical Olympiad,Algebra,Algebraic Expressions,,unknown,"Polynomials > Irreducibility: Rational Root Theorem, Gauss's Lemma, Eisenstein",,,,True,,,,proof only,,real,"Problem:
Let $n>1$ be an integer and let $a_{1}, a_{2}, \ldots, a_{n}$ be $n$ different integers. Show that the polynomial
$$
f(x)=\left(x-a_{1}\right)\left(x-a_{2}\right) \cdot \ldots \cdot\left(x-a_{n}\right)-1
$$
is not divisible by any polynomial with integer coefficients and of degree greater than zero but less than $n$ and such that the highest power of $x$ has coefficient 1.",,1410,242,2,33,1,3,2,2,2
MATHNET-08pm,MathNet,Junior Balkan Mathematical Olympiad,,JBMO,Algebra,Equations and Inequalities,,unknown,Jensen / smoothing | Linear and quadratic inequalities,,,,True,,,,proof only,,real,"Problem:
Let $a, b, c, d$ and $x, y, z, t$ be real numbers such that
$$
0 \leq a, b, c, d \leq 1, \quad x, y, z, t \geq 1 \text{ and } a+b+c+d+x+y+z+t=8
$$
Prove that
$$
a^{2}+b^{2}+c^{2}+d^{2}+x^{2}+y^{2}+z^{2}+t^{2} \leq 28
$$",,1880,309,2,36,3,2,4,1,2
MATHNET-0l7k,MathNet,16th United States of America Junior Mathematical Olympiad,,United States,Algebra,Algebraic Expressions,,unknown,Functional Equations > Injectivity / surjectivity | Functional Equations > Existential quantifiers,,,,True,,,,proof only,,real,"Let $\mathbb{Z}$ be the set of integers, and let $f: \mathbb{Z} \to \mathbb{Z}$ be a function. Prove that there are infinitely many integers $c$ such that the function $g: \mathbb{Z} \to \mathbb{Z}$ defined by $g(x) = f(x) + c x$ is not bijective.

*Note*: A function $g: \mathbb{Z} \to \mathbb{Z}$ is *bijective* if for every integer $b$, there exists exactly one integer $a$ such that $g(a) = b$.",,0,0,0,0,0,0,0,0,0
MATHNET-00l0,MathNet,Austrian Mathematical Olympiad,,Austria,Geometry,Plane Geometry,,unknown,"Quadrilaterals > Cyclic quadrilaterals | Miscellaneous > Angle chasing | Triangles > Triangle centers: centroid, incenter, circumcenter, orthocenter, Euler line, nine-point circle",,,,True,,,,proof only,,real,"Let $I$ be the incenter of triangle $ABC$ and let $k$ be a circle through the points $A$ and $B$. This circle intersects
* the line $AI$ in points $A$ and $P$,
* the line $BI$ in points $B$ and $Q$,
* the line $AC$ in points $A$ and $R$ and
* the line $BC$ in points $B$ and $S$,
with none of the points $A, B, P, Q, R$ and $S$ coinciding and such that $R$ and $S$ are interior points of the line segments $AC$ and $BC$, respectively.
Prove that the lines $PS, QR$ and $CI$ meet in a single point.
(Stephan Wagner)",,820,149,1,23,3,0,2,0,1
MATHNET-03bc,MathNet,Bulgaria,,Bulgaria,Geometry,Plane Geometry,,unknown,Quadrilaterals > Cyclic quadrilaterals | Miscellaneous > Angle chasing | Analytic / Coordinate Methods > Trigonometry,,,,True,,,,proof only,English,real,"Let $O$ be an interior point of an acute-angled $\triangle ABC$. Denote by $A_1$, $B_1$ and $C_1$ its projection on the sides $BC$, $AC$ and $AB$. Let $P$ be the intersecting point of the lines through $A$ and $B$, orthogonal to $B_1C_1$ and $A_1C_1$, respectively. If $H$ is the projection of $P$ on $AB$, prove that the points $A_1$, $B_1$, $C_1$ and $H$ are con-cyclic.",,664,121,1,31,1,0,0,0,1
MATHNET-00nb,MathNet,Austrian Mathematical Olympiad,,Austria,Algebra,Algebraic Expressions | Prealgebra / Basic Algebra,,unknown,Sequences and Series > Sums and products | Simple Equations,,,,True,,,,proof and answer,English,real,"The pages of a notebook are numbered consecutively such that the first sheet contains the numbers $1$ and $2$, the second sheet contains the numbers $3$ and $4$, and so on. One sheet is torn out of the notebook. The page numbers on the remaining sheets are added. The resulting sum equals $2021$.

a. How many pages can the notebook have had originally?

b. Which page numbers could be found on the sheet that has been torn out?",a) 64 pages. b) The torn sheet had pages 29 and 30.,1347,275,6,32,2,1,1,1,6
MATHNET-092p,MathNet,Middle European Mathematical Olympiad,,Middle European Mathematical Olympiad (MEMO),Algebra,Algebraic Expressions,,unknown,Functional Equations | Functional Equations > Injectivity / surjectivity,,,,True,,,,proof and answer,,real,"Problem:
Let $\mathbb{R}$ denote the set of real numbers. Determine all functions $f: \mathbb{R} \rightarrow \mathbb{R}$ such that
$$
f(x) f(y) = x f(f(y-x)) + x f(2x) + f\left(x^{2}\right)
$$
holds for all real numbers $x$ and $y$.",f(x) = 0 for all real x; f(x) = 3x for all real x,3392,662,2,111,10,1,3,0,2
MATHNET-0l0y,MathNet,AMC 12 A,,United States,Algebra,Algebraic Expressions | Intermediate Algebra,,unknown,Polynomials > Vieta's formulas | Complex numbers,,,,False,,,,final answer only,,real,"What is the value of
$$
\tan^2 \frac{\pi}{16} \cdot \tan^2 \frac{3\pi}{16} + \tan^2 \frac{\pi}{16} \cdot \tan^2 \frac{5\pi}{16} + \tan^2 \frac{3\pi}{16} \cdot \tan^2 \frac{7\pi}{16} + \tan^2 \frac{5\pi}{16} \cdot \tan^2 \frac{7\pi}{16} ?
$$",68,1904,322,1,40,2,0,0,0,1
MATHNET-03us,MathNet,China Southeastern Mathematical Olympiad,,China,Discrete Mathematics,Combinatorics,,unknown,"Pigeonhole principle | Coloring schemes, extremal arguments",,,,True,,,,proof and answer,English,real,"It is given the set $S = \{1, 2, 3, \dots, 3n\}$, where $n$ is a positive integer. $T$ is a subset of $S$ such that: for any $x, y, z \in T$ (where $x, y, z$ can be the same), $x+y+z \notin T$. Find the maximum value of the number of elements in such set.",2n,691,150,2,21,1,0,2,2,2
MATHNET-07x2,MathNet,IRL_ABooklet_2024,,Ireland,Discrete Mathematics | Number Theory,Combinatorics | Divisibility / Factorization,,unknown,Invariants / monovariants | Greatest common divisors (gcd),,,,True,,,,proof and answer,,real,"Jimmy the grasshopper is sitting on a corner square of a rectangular $9 \times n$ board, where $n \ge 8$. To describe the hops Jimmy can make, we label the squares of the board by pairs of positive integers $(a, b)$, where $1 \le a \le 9$ and $1 \le b \le n$.
Jimmy can hop in both directions between squares $(a, b)$ and $(a', b')$ if either
$$
b' \equiv b + 7 \pmod{n} \quad \text{and} \quad a' = a + 2, \quad \text{or} \\
b' \equiv b + 2 \pmod{n} \quad \text{and} \quad a' = a + 7.
$$
How many squares of the board can Jimmy reach by hopping repeatedly?","9n / gcd(45, n)",2823,564,4,54,7,2,4,0,4
MATHNET-0bal,MathNet,62nd ROMANIAN MATHEMATICAL OLYMPIAD,,Romania,Calculus,Differential Calculus,,unknown,Derivatives | Applications,,,,True,,,,proof only,,real,"Let $u : [a, b] \to \mathbb{R}$ be a continuous function which has at each point $x \in (a, b]$ a finite left derivative, denoted by $u'_s(x)$. Prove that the function $u$ is increasing if and only if $u'_s(x) \ge 0$, for all $x \in (a, b]$.",,1324,230,5,21,1,2,2,0,5
MATHNET-032t,MathNet,53. Bulgarian Mathematical Olympiad,,Bulgaria,Discrete Mathematics,Combinatorics,,unknown,"Pigeonhole principle | Coloring schemes, extremal arguments",,,,True,,,,proof and answer,,real,"Problem:

Let $m \geq 3$ and $n \geq 2$ be integers. Prove that in a group of $N = m n - n + 1$ people such that there are two familiar people among any $m$, there is a person who is familiar with $n$ people. Does the statement remain true if $N < m n - n + 1$?",No,936,188,3,16,3,0,2,0,3
MATHNET-0kx0,MathNet,USA TSTST,,United States,Geometry,Plane Geometry,,unknown,"Triangles > Triangle centers: centroid, incenter, circumcenter, orthocenter, Euler line, nine-point circle | Transformations > Inversion | Analytic / Coordinate Methods > Complex numbers in geometry | Miscellaneous > Angle chasing",,,,True,,,,proof only,,real,"Let $ABC$ be a scalene triangle and let $P$ and $Q$ be two distinct points in its interior. Suppose that the angle bisectors of $\angle PAQ$, $\angle PBQ$, and $\angle PCQ$ are the altitudes of triangle $ABC$. Prove that the midpoint of $\overline{PQ}$ lies on the Euler line of $ABC$.",,8246,1345,28,180,23,10,2,5,20
MATHNET-0h8n,MathNet,58th Ukrainian National Mathematical Olympiad,,Ukraine,Geometry,Plane Geometry,,unknown,Miscellaneous > Constructions and loci | Miscellaneous > Angle chasing | Triangles,,,,True,,,,proof only,English,real,Cut right triangle with one angle $30^\circ$ into three pairwise distinct isosceles triangles so that each has a non acute angle.,,360,59,3,10,1,0,0,0,3
MATHNET-000s,MathNet,XII Olimpíada Matemática Rioplatense,,Argentina,Discrete Mathematics | Number Theory,Combinatorics | Diophantine Equations,,unknown,"Invariants / monovariants | Techniques: modulo, size analysis, order analysis, inequalities",,,,True,,,,proof and answer,español,real,"Un supermercado vende Rocacola y Rocajugo en botellas con tapita. Además, cambia $15$ tapitas de Rocacola por una botella de Rocajugo llena, y cambia $20$ tapitas de Rocajugo por una botella de Rocacola llena.

Lucas tiene $511$ tapitas que va cambiando en el supermercado por botellas llenas. Después de haber el contenido se queda con la tapita, que usará luego para seguir cambiando por botellas llenas. Al final le queda solamente una tapita de Rocacola y ninguno de Rocajugo. Determine cuántas tapitas de Rocacola había entre las $511$ tapitas iniciales. De todas las posibilidades.",163 and 462,0,0,0,0,0,0,0,0,0
MATHNET-07oo,MathNet,Irska 2014,,Ireland,Algebra,Algebraic Expressions | Prealgebra / Basic Algebra,,unknown,Polynomials > Polynomial operations | Integers,,,,True,,,,proof only,,real,Show that from eight consecutive integers one can always pick four whose squares have the same sum as the squares of the remaining four.,,375,68,1,8,1,0,0,0,1
MATHNET-05z2,MathNet,Préparation Olympique Française de Mathématiques - Envoi 3: Arithmétique,,France,Discrete Mathematics | Number Theory,Combinatorics | Modular Arithmetic,,unknown,Pigeonhole principle,,,,True,,,,proof only,,real,"Problem:

Soit $n \geqslant 2$. Montrer qu'il existe des entiers $a, b$ tels que, pour tout entier $m$, le nombre $m^{3}+a m+b$ ne soit pas un multiple de $n$.",,1628,284,6,55,0,0,0,0,6
MATHNET-0drf,MathNet,Singapur 2015,,Singapore,Algebra | Number Theory,Algebraic Expressions | Other,,unknown,Sequences and Series > Sums and products,,,,True,,,,proof and answer,,real,"There are 30 children, $a_1, a_2, \dots, a_{30}$, seated clockwise in a circle on the floor. The teacher walks behind the children in the clockwise direction with a box of 1000 candies. She drops a candy behind the first child $a_1$. She then skips one child and drops a candy behind the third child, $a_3$. Now she skips two children and drops a candy behind the next child, $a_6$. She continues this way, at each stage skipping one child more than at the preceding stage before dropping a candy behind the next child. How many children will never receive a candy? Justify your answer.",18,888,151,2,13,5,0,1,1,2
MATHNET-0553,MathNet,Open Contests,,Estonia,Discrete Mathematics,Combinatorics,,unknown,"Pigeonhole principle | Coloring schemes, extremal arguments",,,,True,,,,proof and answer,English,real,Let $n$ and $m$ be positive integers. What is the biggest number of points that can be marked in the vertices of the squares of the $n \times m$ grid in such a way that no three of the marked points lie in the vertices of any right-angled triangle?,n + m,1130,198,4,10,3,1,0,0,4
MATHNET-0gy1,MathNet,49th Mathematical Olympiad in Ukraine,,Ukraine,Precalculus,Functions | Trigonometric functions,,unknown,,,,,True,,,,proof and answer,English,real,Find all positive integer numbers $n$ such that the number $3\pi$ is a period of the function $f(x) = \cos nx \cdot \sin \frac{2009x}{n^2}$.,"1, 7",612,104,2,14,1,1,2,0,2
MATHNET-0c4x,MathNet,SHORTLISTED PROBLEMS FOR THE 2019 ROMANIAN NMO,,Romania,Algebra,Linear Algebra,,unknown,Matrices | Linear transformations,,,,True,,,,proof only,English,real,"Let $A$, $B \in \mathcal{M}_n(\mathbb{C})$ and $c \in \mathbb{C}^*$ so that $AB - BA = c \cdot (A - B)$. Prove that the matrices $A$ and $B$ have the same eigenvalues.",,0,0,0,0,0,0,0,0,0
MATHNET-060t,MathNet,PRÉPARATION OLYMPIQUE FRANÇAISE DE MATHÉMATIQUES,,France,Discrete Mathematics | Number Theory,Combinatorics | Modular Arithmetic,,unknown,"Coloring schemes, extremal arguments | Induction / smoothing | Inverses mod n",,,,True,,,,proof only,,real,"Problem:

Soit $k$ un entier premier avec $n$ vérifiant $1 \leqslant k < n$. Augustin colorie les entiers de $\{1,2, \ldots, n-1\}$ avec autant de couleurs qu'il le souhaite. Cependant, si $j$ est un entier vérifiant $1 \leqslant j \leqslant n-1$, les entiers $j$ et $n-j$ sont de la même couleur. De plus, si $i$ est un entier vérifiant $1 \leqslant i \leqslant n$ et $i \neq k$, les entiers $i$ et $|i-k|$ sont de la même couleur.

Démontrer que Augustin a colorié tous les entiers de la même couleur.",,2745,494,14,84,0,0,0,0,14
MATHNET-04yn,MathNet,Estonija 2010,,Estonia,Discrete Mathematics | Geometry,Combinatorics | Plane Geometry,,unknown,Induction / smoothing | Miscellaneous > Constructions and loci,,,,True,,,,proof only,,real,"A unit L-shape consists of three unit squares as shown in the picture. Prove that for any positive integer $k$ it is possible to cut a similar L-shape with $k$ times larger side lengths into unit L-shapes.

![](attached_image_1.png)",,1848,335,5,27,1,1,3,0,5
MATHNET-014t,MathNet,Baltic Way 2008,,Baltic Way,Number Theory,Other,,unknown,,,,,True,,,,proof and answer,,real,"Problem:

For a positive integer $n$, let $S(n)$ denote the sum of its digits. Find the largest possible value of the expression $\frac{S(n)}{S(16 n)}$.",13,290,59,3,8,0,0,0,0,3
MATHNET-0hs2,MathNet,Berkeley Math Circle: Monthly Contest 8,,United States,Algebra,Algebraic Expressions | Equations and Inequalities,,unknown,QM-AM-GM-HM / Power Mean | Polynomials > Polynomial operations,,,,True,,,,proof and answer,,real,"Problem:
Prove that every positive real number $y$ satisfies
$$
2 y \geq 3-\frac{1}{y^{2}}
$$
When does equality occur?",y=1,655,104,2,15,1,4,0,2,2
MATHNET-02x1,MathNet,Brazilian Mathematical Olympiad,,Brazil,Algebra,Intermediate Algebra | Prealgebra / Basic Algebra,,unknown,Simple Equations | Quadratic functions,,,,True,,,,proof and answer,,real,"Problem:

Ana multiplica dois números inteiros positivos cuja diferença é $202$, mas comete um erro e obtém um número $1000$ unidades menor que o correto. Ao dividir o resultado de Ana pelo menor dos números que deveria multiplicar, o quociente é $288$ e o resto é $67$. Quais os dois números que Ana multiplicou?",97 and 299,352,54,2,11,0,0,0,0,2
MATHNET-0dil,MathNet,SAUDI ARABIAN IMO Booklet 2023,,Saudi Arabia,Geometry,Plane Geometry,,unknown,"Triangles > Triangle trigonometry | Triangles > Triangle centers: centroid, incenter, circumcenter, orthocenter, Euler line, nine-point circle | Miscellaneous > Angle chasing | Miscellaneous > Distance chasing",,,,True,,,,proof only,English,real,"Let $ABC$ be an acute triangle with $M$ is the midpoint of $BC$ and $\angle BAM < 90^\circ$, $\angle AMB = 60^\circ$. On ray $MA$, take the point $N$ such that $BN = AC$. Prove that $BC = 2AN$ and the orthocenters and circumcenters of two triangles $BMN$, $AMC$ form the four vertices of an isosceles trapezoid.",,1333,237,4,38,5,0,0,0,4
MATHNET-09ti,MathNet,Selectietoets,,Netherlands,Discrete Mathematics,Combinatorics,,unknown,"Coloring schemes, extremal arguments | Invariants / monovariants",,,,True,,,,proof and answer,,real,"Problem:

We hebben 1000 ballen in 40 verschillende kleuren, waarbij er van elke kleur precies 25 ballen zijn. Bepaal de kleinste waarde van $n$ met de volgende eigenschap: als je de 1000 ballen willekeurig in een cirkel legt, zijn er altijd $n$ ballen naast elkaar te vinden waarbij minstens 20 verschillende kleuren voorkomen.",452,2681,487,3,10,0,0,0,0,3
MATHNET-07xw,MathNet,IRL_ABooklet_2025,,Ireland,Algebra,Algebraic Expressions | Intermediate Algebra,,unknown,Polynomials > Symmetric functions | Quadratic functions,,,,True,,,,proof and answer,,real,"$$
\begin{aligned}
a + b + c &= p \\
a^2 + b^2 + c^2 &= q
\end{aligned}
\qquad
\begin{aligned}
bc - x - 2ya &= 0 \\
ca - x - 2yb &= 0 \\
ab - x - 2yc &= 0,
\end{aligned}
$$
where $p^2 < 3q$. Determine the possible values of $abc$.",(5 p^3 - 9 p q ± (p^2 - 3 q) sqrt(2(3 q - p^2)))/54,1095,263,5,30,1,0,1,0,5
MATHNET-0kjw,MathNet,AMC 12 B,,United States,Number Theory,Divisibility / Factorization,,unknown,Least common multiples (lcm),,,,False,,,,MCQ,,real,"For $n$ a positive integer, let $R(n)$ be the sum of remainders when $n$ is divided by $2$, $3$, $4$, $5$, $6$, $7$, $8$, $9$, and $10$. For example, $R(15) = 1 + 0 + 3 + 0 + 3 + 1 + 7 + 6 + 5 = 26$. How many two-digit positive integers $n$ satisfy $R(n) = R(n + 1)$?

(A) 0   (B) 1   (C) 2   (D) 3   (E) 4",C,0,0,0,0,0,0,0,0,0
MATHNET-0jog,MathNet,HMMT November 2015,,United States,Number Theory,Divisibility / Factorization | Modular Arithmetic,,unknown,Greatest common divisors (gcd),,,,True,,,,proof and answer,,real,"Problem:
Let $n$ be a three-digit integer with nonzero digits, not all of which are the same. Define $f(n)$ to be the greatest common divisor of the six integers formed by any permutation of $n$'s digits. For example, $f(123) = 3$, because $\operatorname{gcd}(123, 132, 213, 231, 312, 321) = 3$. Let the maximum possible value of $f(n)$ be $k$. Find the sum of all $n$ for which $f(n) = k$.",5994,2066,461,4,58,5,3,8,5,4
MATHNET-0buy,MathNet,Olimpiada de Matematică,,Romania,Algebra | Number Theory,Algebraic Expressions | Divisibility / Factorization | Number-Theoretic Functions | Prealgebra / Basic Algebra,,unknown,τ (number of divisors) | Factorization techniques | Polynomials > Polynomial operations | Integers,,,,True,,,,proof and answer,,real,"Problem:
a) Câte progresii aritmetice de numere naturale există cu primul termen $1$ şi care conţin numărul $45001$?

b) Arătaţi că nu există progresii aritmetice neconstante de numere naturale cu toţi termenii pătrate perfecte.",a) 60; b) No non-constant progression exists.,852,147,6,22,0,0,0,0,6
MATHNET-07k2,MathNet,Iranian Mathematical Olympiad,,Iran,Geometry,Plane Geometry,,unknown,"Triangles > Triangle centers: centroid, incenter, circumcenter, orthocenter, Euler line, nine-point circle | Quadrilaterals > Cyclic quadrilaterals | Circles > Tangents | Miscellaneous > Angle chasing",,,,True,,,,proof only,,real,"In the scalene triangle *ABC*, the in-circle touches side *BC* at the point *D*. The angle bisectors of $\angle ABC$ and $\angle ACB$ meet the circumcircle of the triangle at the points $T_B$ and $T_C$, respectively. Let $AX_B$ and $AX_C$ be diameters in the circumcircles of triangles $ACD$ and $ABD$, respectively. Prove that the triangles $BT_CX_C$ and $CT_BX_B$ are similar.",,1589,283,2,46,6,2,1,0,2
MATHNET-0i3q,MathNet,Harvard-MIT Math Tournament,,United States,Geometry,Plane Geometry,,unknown,Quadrilaterals > Inscribed/circumscribed quadrilaterals | Circles > Tangents | Miscellaneous > Distance chasing,,,,True,,,,proof and answer,,real,"Problem:

A point on a circle inscribed in a square is $1$ and $2$ units from the two closest sides of the square. Find the area of the square.",100,372,73,2,18,0,0,0,0,2
MATHNET-087w,MathNet,Progetto Olimpiadi di Matematica,,Italy,Geometry,Solid Geometry,,unknown,Surface Area | 3D Shapes,,,,False,,,,MCQ,,real,"Problem:

Gabriele, l'amante dei cubi, ha comprato un magnifico pezzo da collezione: un cubo interamente composto di cioccolato, avente gli spigoli lunghi $10~\mathrm{cm}$. Purtroppo, avendo perso una scommessa con due suoi amici, dovrà cedere due terzi del volume del blocco di cioccolato. Gabriele ha deciso di prendere come propria porzione di cioccolato un cubo più piccolo, avente uno dei suoi vertici coincidente con uno dei vertici del cubo di cioccolato comprato e le facce parallele a quelle del cubo comprato. Alla fine, cede ai due amici il cioccolato rimasto. Indichiamo con $S$ la superficie totale del blocco di cioccolato ceduto, espressa in $\mathrm{cm}^2$. Allora si ha...

(A) $300 \leq S \leq 350$
(B) $350<S \leq 450$
(C) $450<S \leq 550$
(D) $550<S \leq 650$
(E) $650<S \leq 750$.",D,300,49,2,1,0,0,0,0,2
MATHNET-0eyj,MathNet,2nd ASU,,Soviet Union,Discrete Mathematics,Graph Theory,,unknown,Euler characteristic: V-E+F,,,,True,,,,proof and answer,,real,"Problem:

The streets in a city are on a rectangular grid with $m$ east-west streets and $n$ north-south streets. It is known that a car will leave some (unknown) junction and move along the streets at an unknown and possibly variable speed, eventually returning to its starting point without ever moving along the same block twice. Detectors can be positioned anywhere except at a junction to record the time at which the car passes and its direction of travel. What is the minimum number of detectors needed to ensure that the car's route can be reconstructed?",(m - 1)(n - 1),0,0,0,0,0,0,0,0,0
MATHNET-0bpv,MathNet,Olimpiada Națională de Matematică - Etapa Locală,,Romania,Algebra,Equations and Inequalities,,unknown,QM-AM-GM-HM / Power Mean,,,,True,,,,proof only,,real,"Problem:

a. Demonstraţi că $\frac{2a}{ab+1} \leq \sqrt{\frac{a}{b}}$ pentru orice $a, b \in (0, \infty)$.

b. Dacă $a, b, c > 0$ astfel încât $abc = 1$, demonstraţi că
$$
\frac{2a}{ab+1} + \frac{2b}{bc+1} + \frac{2c}{ac+1} \leq a \sqrt{c} + b \sqrt{a} + c \sqrt{b}
$$",,0,0,0,0,0,0,0,0,0
MATHNET-0ikl,MathNet,Harvard-MIT Mathematics Tournament,,United States,Geometry,Plane Geometry,,unknown,"Triangles > Triangle trigonometry | Triangles > Triangle centers: centroid, incenter, circumcenter, orthocenter, Euler line, nine-point circle | Circles > Tangents | Miscellaneous > Distance chasing",,,,True,,,,proof and answer,,real,"Problem:
A circle of radius $t$ is tangent to the hypotenuse, the incircle, and one leg of an isosceles right triangle with inradius $r=1+\sin \frac{\pi}{8}$. Find $r t$.",(2+\sqrt{2})/4,599,53,1,4,0,0,0,0,1
MATHNET-041i,MathNet,China Mathematical Competition (Complementary Test),,China,Algebra | Number Theory,Algebraic Expressions | Divisibility / Factorization,,unknown,Sequences and Series > Recurrence relations | Sequences and Series > Sums and products | Factorization techniques,,,,True,,,,proof only,English,real,"Given positive integers $u, v$, the sequence $\{a_n\}$ is defined as: $a_1 = u + v$, and for $m \ge 1$,
$$
\begin{cases} a_{2m} = a_m + u, \\ a_{2m+1} = a_m + v. \end{cases}
$$

Denote $S_m = a_1 + a_2 + \dots + a_m$ ($m = 1, 2, \dots$). Prove that there are infinite terms in sequence $\{S_n\}$ that are square numbers.",,1141,220,1,18,1,2,0,0,1
MATHNET-04yy,MathNet,Estonija 2010,,Estonia,Number Theory,Divisibility / Factorization,,unknown,Greatest common divisors (gcd) | Factorization techniques,,,,True,,,,proof only,,real,"Let $x$, $y$ and $z$ be positive integers satisfying $\text{gcd}(x, y, z) = 1$. Prove that if $(y^2 - x^2) - (z^2 - y^2) = ((y - x) - (z - y))^2$, then $x$ and $z$ are perfect squares.",,622,133,1,24,4,0,1,0,1
MATHNET-0bxl,MathNet,THE 68th NMO SELECTION TESTS FOR THE JUNIOR BALKAN MATHEMATICAL OLYMPIAD,,Romania,Geometry,Plane Geometry,,unknown,Circles > Tangents | Circles > Radical axis theorem | Quadrilaterals > Cyclic quadrilaterals | Miscellaneous > Angle chasing,,,,True,,,,proof only,English,real,"Let $A$ be a point outside the circle $\mathcal{C}$. The tangents from $A$ touch the circle at $B$ and $C$. Let $P$ be an arbitrary point on $AC$ produced, $Q$ the projection of $C$ onto $PB$ and $E$ the second intersection point of the circumcircle of $ABP$ with the circle $\mathcal{C}$. Prove that $\angle PEQ = 2\angle APB$.

Cuban Olympiad, 2003",,689,127,4,15,3,0,0,0,4
MATHNET-0ihr,MathNet,Harvard-MIT Mathematics Tournament,,United States,Discrete Mathematics,Combinatorics,,unknown,Inclusion-exclusion,,,,True,,,,proof and answer,,real,"Problem:

Vernonia High School has 85 seniors, each of whom plays on at least one of the school's three varsity sports teams: football, baseball, and lacrosse. It so happens that 74 are on the football team; 26 are on the baseball team; 17 are on both the football and lacrosse teams; 18 are on both the baseball and football teams; and 13 are on both the baseball and lacrosse teams. Compute the number of seniors playing all three sports, given that twice this number are members of the lacrosse team.",11,255,60,2,5,0,1,0,0,2
MATHNET-07n6,MathNet,Ireland,,Ireland,Algebra | Discrete Mathematics,Algebraic Expressions | Combinatorics,,unknown,"Recursion, bijection | Sequences and Series > Recurrence relations | Induction / smoothing | Games / greedy algorithms",,,,True,,,,proof only,English,real,"$n \ge 3$ people seated at a round table play a game as follows. Initially each player is dealt a green or orange card. Game play then takes place in a series of rounds. In each round,
(i) Each player notes the colours of the cards held by the two players to his/her immediate right. If these are different, the player raises his/her hand.
(ii) Each player with a raised hand replaces his/her card with one of the opposite colour.
The game ends when each player holds the same colour as he/she did initially. A value of $n$ is called *playable* if game play *must* end after a finite number of rounds, regardless of the initial cards dealt to the players.
(a) Prove that there are infinitely many values of $n$ which are *playable*.
(b) Prove that there are infinitely many values of $n$ which are *not* *playable*.",,2060,345,2,37,4,0,3,0,2
MATHNET-09i8,MathNet,Mongolian Mathematical Olympiad Round 1,,Mongolia,Algebra | Number Theory,Diophantine Equations | Prealgebra / Basic Algebra,,unknown,"Simple Equations | Techniques: modulo, size analysis, order analysis, inequalities",,,,False,,,,final answer only,,real,"There is a country, where the price of every fruit is an integer prime. Here 6 melons, 5 oranges, 5 apples and 3 pineapples cost 130 coins. Also, 3 melons, 3 oranges, 5 apples and 6 pineapples cost 130 coins. What is the price of each fruit?","Melon = 11, Orange = 3, Apple = 2, Pineapple = 13",0,0,0,0,0,0,0,0,0
MATHNET-07gp,MathNet,38th Iranian Mathematical Olympiad,,Iran,Algebra | Geometry,Equations and Inequalities | Plane Geometry,,unknown,Circles > Tangents | Circles > Radical axis theorem | Transformations > Rotation | QM-AM-GM-HM / Power Mean,,,,True,,,,proof only,,real,"Given circles $\omega_1$ and $\omega_2$ with two intersection points $A$ and $B$. Points $X$ on $\omega_1$ and $Y$ on $\omega_2$ are chosen such that $XY$ is tangent to both circles and $XY$ is closer to $B$ than $A$. If $C$ and $D$ are the reflections of $X$ and $Y$ with respect to $B$, prove that $\angle CAD < 90^\circ$.",,716,145,3,22,2,1,0,0,3
MATHNET-0apw,MathNet,Tenth Philippine Mathematical Olympiad,,Philippines,Algebra,Algebraic Expressions,,unknown,Sequences and Series,,,,False,,,,final answer only,,real,"Problem:

In an arithmetic sequence, the third, fifth and eleventh terms are distinct and form a geometric sequence. If the fourth term of the arithmetic sequence is $6$, what is its $2007$th term?",6015,547,90,2,14,2,0,0,0,2
MATHNET-0csu,MathNet,XL Russian mathematical olympiad,,Russia,Discrete Mathematics | Number Theory,Combinatorics | Divisibility / Factorization | Modular Arithmetic,,unknown,Games / greedy algorithms,,,,True,,,,proof and answer,,real,"Pete and Bazil have a deck of $4026$ cards, $2013$ of which contain a digit $1$, while $2013$ others contain a digit $2$. Initially, Bazil uses all these cards to make a $4026$-digit number. After that, Pete makes several moves, each consisting in switching two cards and paying $1$ rouble to Bazil. The process stops when the resulting $4026$-digit number is divisible by $11$. Find the maximal amount of roubles Bazil may guarantee to receive by a suitable choice of the initial number. (P. Kozhevnikov)",5,2105,379,4,65,0,0,0,0,4
MATHNET-0em4,MathNet,South-Afrika 2011-2013,,South Africa,Algebra | Discrete Mathematics,Algebraic Expressions | Combinatorics,,unknown,"Recursion, bijection | Counting two ways | Sequences and Series > Sums and products",,,,False,,,,final answer only,,real,"A little boy Mak has drawn a rectangle of size $20 \times 15$, and divided it by straight lines into unit squares. How many squares (of any size) are there in Mak's picture?",1840,597,105,1,8,1,0,0,0,1
MATHNET-0847,MathNet,UNIONE MATEMATICA ITALIANA Progetto Olimpiadi di Matematica 2004 - GARA di SECONDO LIVELLO TRIENNIO,,Italy,Discrete Mathematics | Number Theory,Combinatorics | Modular Arithmetic,,unknown,Pigeonhole principle,,,,False,,,,MCQ,,real,"Problem:

Determinare il più piccolo intero $n$ con la seguente proprietà: dati comunque $n$ interi $a_{1}, \ldots, a_{n}$, ne esistono due distinti tali che la loro somma o la loro differenza è divisibile per $9$.

(A) 3
(B) 4
(C) 5
(D) 6
(E) 7.",D,0,0,0,0,0,0,0,0,0
MATHNET-01uc,MathNet,Belarusian Mathematical Olympiad,,Belarus,Algebra,Equations and Inequalities,,unknown,QM-AM-GM-HM / Power Mean,,,,True,,,,proof only,English,real,"Prove that
$$
\frac{xyzt}{(x+y)(z+t)} \le \frac{(x+z)^2(y+t)^2}{4(x+y+z+t)^2}
$$
for all positive numbers $x$, $y$, $z$, $t$.",,1465,165,1,30,2,0,0,0,1
MATHNET-0hfw,MathNet,"62nd Ukrainian National Mathematical Olympiad, Third Round, Second Tour",,Ukraine,Geometry,Plane Geometry,,unknown,"Triangles > Triangle centers: centroid, incenter, circumcenter, orthocenter, Euler line, nine-point circle | Miscellaneous > Angle chasing",,,,True,,,,proof only,English,real,On the sides $AB$ and $BC$ of the square $ABCD$ we marked points $K$ and $L$ correspondingly so that $KB = LC$. Segments $AL$ and $CK$ intersect at point $P$. Prove that lines $DP$ and $KL$ are perpendicular.,,397,73,2,12,1,0,0,0,2
MATHNET-0fhq,MathNet,OME 29,,Spain,Discrete Mathematics | Number Theory,Combinatorics | Divisibility / Factorization,,unknown,Greatest common divisors (gcd) | Pigeonhole principle,,,,True,,,,proof only,,real,"Problem:
Demostrar que todo número primo $p$ distinto de 2 y de 5 tiene infinitos múltiplos escritos sólo con unos (es decir, de la forma 111...1).",,991,150,2,22,0,0,0,0,2
MATHNET-003m,MathNet,XV Olimpiada Matemática Rioplatense,,Argentina,Algebra | Discrete Mathematics,Combinatorics | Equations and Inequalities,,unknown,"Coloring schemes, extremal arguments | Combinatorial optimization",,,,True,,,,proof and answer,Español,real,"Se han elegido varios segmentos en una recta (con posibles superposiciones). Si a cada segmento se le colorea de azul sus dos terceras partes de la izquierda, el conjunto de los puntos azules es un segmento de longitud $31$. Si a cada segmento se le colorea de rojo sus dos terceras partes de la derecha, el conjunto de los puntos rojos es un segmento de longitud $23$. Sean $M$ y $m$ la máxima y la mínima longitud de un segmento de la colección, respectivamente.
¿Cuál es el valor mínimo que puede tener $M - m$?",24,0,0,0,0,0,0,0,0,0
MATHNET-0bd7,MathNet,64th NMO Selection Tests for the Balkan and International Mathematical Olympiads,,Romania,Algebra | Discrete Mathematics | Number Theory,Algebraic Expressions | Combinatorics | Intermediate Algebra | Modular Arithmetic,,unknown,Polynomials > Roots of unity | Polynomials mod p | Algebraic properties of binomial coefficients | Complex numbers | Polynomials > Polynomial operations,,,,True,,,,proof only,,real,"Given an integer $n \ge 2$, let $a_n$, $b_n$, $c_n$ be integer numbers such that $(\sqrt[3]{2}-1)^n = a_n + b_n\sqrt[3]{2} + c_n\sqrt[3]{4}$. Show that $c_n \equiv 1 \pmod{3}$ if and only if $n \equiv 2 \pmod{3}$.",,1415,210,3,35,2,0,4,0,3
MATHNET-08ek,MathNet,"Italian Mathematical Olympiad, February Round",,Italy,Algebra,Algebraic Expressions,,unknown,Sequences and Series > Recurrence relations | Sequences and Series > Floors and ceilings,,,,True,,,,proof only,,real,"Problem:

Ambra costruisce una sequenza di numeri, a partire da numero reale positivo $x_{0}$, nel seguente modo: dato l'$n$-esimo termine $x_{n}$, il termine successivo è $x_{n+1} = \{1 - \frac{1}{x_{n}}\}$, dove $\{\alpha\}$ rappresenta la parte frazionaria di $\alpha$, cioè la differenza fra $\alpha$ e il massimo numero intero minore o uguale di $\alpha$. Non appena Ambra ottiene un termine uguale a $0$, interrompe la sequenza.

a. Dimostrare che se il numero di partenza $x_{0}$ è della forma $\frac{p}{q}$, dove $p$ e $q$ sono interi positivi, prima o poi la sequenza si interrompe.

b. Dimostrare che, se la sequenza si interrompe, allora il punto di partenza $x_{0}$ era della forma $\frac{p}{q}$, dove $p$ e $q$ sono interi positivi.",,2624,408,5,48,0,0,0,0,5
MATHNET-06tf,MathNet,56th International Mathematical Olympiad Shortlisted Problems,,IMO,Discrete Mathematics | Number Theory,Combinatorics | Other,,unknown,Counting two ways,,,,True,,,,proof only,English,real,"Let $S$ be a nonempty set of positive integers. We say that a positive integer $n$ is clean if it has a unique representation as a sum of an odd number of distinct elements from $S$. Prove that there exist infinitely many positive integers that are not clean.
(U.S.A.)",,11076,1938,35,216,31,23,4,6,20
MATHNET-0d7d,MathNet,SAUDI ARABIAN MATHEMATICAL COMPETITIONS,,Saudi Arabia,Algebra | Number Theory,Algebraic Expressions | Divisibility / Factorization,,unknown,Polynomials > Polynomial operations,,,,True,,,,proof and answer,English,real,"Find all integers $n$ such that there exists a polynomial $P(x)$ with integer coefficients satisfying
$$
P\left(\sqrt[3]{n^{2}}+\sqrt[3]{n}\right)=2016 n+20 \sqrt[3]{n^{2}}+16 \sqrt[3]{n} .
$$","n ∈ {5, 3, 2, 0, -1, -3}",358,51,1,4,0,1,0,0,1
MATHNET-020b,MathNet,Benelux Mathematical Olympiad,,Benelux Mathematical Olympiad,Number Theory,Divisibility / Factorization,,unknown,Prime numbers | Factorization techniques,,,,True,,,,proof and answer,,real,"Problem:
Find all positive integers $n>1$ with the following property:
for each two positive divisors $k, \ell<n$ of $n$, at least one of the numbers $2 k-\ell$ and $2 \ell-k$ is a (not necessarily positive) divisor of $n$ as well.","All prime numbers, and 6, 9, 15",1952,358,2,74,11,2,9,0,2
MATHNET-0fti,MathNet,IMO Selektion,,Switzerland,Geometry,Plane Geometry,,unknown,Transformations > Rotation | Miscellaneous > Constructions and loci,,,,True,,,,proof only,,real,"Problem:

Sei $ABC$ ein gleichseitiges Dreieck und $P$ ein Punkt in dessen Innern. $X$, $Y$ und $Z$ seien die Fusspunkte der Lote von $P$ auf die Seiten $BC$, $CA$ und $AB$. Zeige, dass die Summe der Flächen der Dreiecke $BXP$, $CYP$ und $AZP$ nicht von $P$ abhängt.",,432,64,2,7,0,0,0,0,2
MATHNET-04p0,MathNet,Croatian Mathematical Society Competitions,,Croatia,Algebra,Algebraic Expressions | Prealgebra / Basic Algebra,,unknown,Sequences and Series > Floors and ceilings | Polynomials > Polynomial operations | Integers,,,,True,,,,proof and answer,English,real,"Find all real numbers $x$ such that
$$
\left\lfloor \frac{x^2 + 1}{x + 2} \right\rfloor + \left\lfloor \frac{x - 1}{2} \right\rfloor = \frac{x(3x + 1)}{2(x + 2)}
$$
For a real number $t$, $\lfloor t \rfloor$ denotes the largest integer not greater than $t$. For example, if $t = 3.14$, then $\lfloor t \rfloor = 3$.","x ∈ { -7, -3, -1, 3 }",522,112,1,12,2,2,4,0,1
MATHNET-0fw2,MathNet,Vorrundenprüfung,,Switzerland,Discrete Mathematics | Geometry,Combinatorics | Solid Geometry,,unknown,"Coloring schemes, extremal arguments | 3D Shapes",,,,True,,,,proof only,,real,"Problem:

Betrachte einen Würfel mit Kantenlänge $2a$. In jedem Eckpunkt, jedem Kantenmittelpunkt und jedem Flächenmittelpunkt befindet sich eine Stadt. Zwei Städte sind durch eine Strasse miteinander verbunden, falls ihr Abstand $a$ beträgt. Gibt es eine Reiseroute, die durch jede Stadt genau einmal führt?",,504,80,2,0,0,0,0,0,2
MATHNET-0a7l,MathNet,"Nordic Mathematical Contest, NMC 7",,Nordic Mathematical Olympiad,Geometry,Plane Geometry,,unknown,Quadrilaterals > Cyclic quadrilaterals | Triangles > Triangle trigonometry | Miscellaneous > Angle chasing,,,,True,,,,proof and answer,,real,"Problem:
A hexagon is inscribed in a circle of radius $r$. Two of the sides of the hexagon have length $1$, two have length $2$ and two have length $3$. Show that $r$ satisfies the equation
$$
2 r^{3} - 7 r - 3 = 0
$$",2 r^3 - 7 r - 3 = 0,1236,222,1,32,1,0,0,0,1
MATHNET-0ko4,MathNet,HMMT February 2022,,United States,Algebra,Intermediate Algebra | Prealgebra / Basic Algebra,,unknown,Quadratic functions | Integers,,,,True,,,,proof and answer,,real,"Problem:

Positive integers $a$, $b$, and $c$ are all powers of $k$ for some positive integer $k$. It is known that the equation $a x^{2} - b x + c = 0$ has exactly one real solution $r$, and this value $r$ is less than $100$. Compute the maximum possible value of $r$.

Proposed by: Akash Das",64,315,68,2,11,1,0,0,0,2
MATHNET-0irf,MathNet,Berkeley Math Circle Monthly Contest 2,,United States,Algebra,Intermediate Algebra,,unknown,Exponential functions,,,,True,,,,proof and answer,,real,"Problem:

Let $a$, $b$, and $c$ be positive real numbers satisfying $a^{b} > b^{a}$ and $b^{c} > c^{b}$. Does it follow that $a^{c} > c^{a}$?",Yes,236,27,2,3,0,0,0,0,2
MATHNET-0e08,MathNet,National Math Olympiad,,Slovenia,Algebra,Algebraic Expressions | Prealgebra / Basic Algebra,,unknown,Sequences and Series > Sums and products | Simple Equations,,,,True,,,,proof and answer,,real,"Let $(a_n)$ be a non-constant arithmetic sequence with the initial term $a_1 = 1$. The terms $a_2$, $a_5$, $a_{11}$ form a geometric sequence. Find the sum of the first 2009 terms of the sequence $(a_n)$.",1010527,383,78,1,12,1,0,0,1,1
MATHNET-0fxg,MathNet,Vorrundenprüfung,,Switzerland,Discrete Mathematics,Combinatorics,,unknown,"Recursion, bijection | Counting two ways",,,,True,,,,proof and answer,,real,"Problem:

Betrachte $n$ Kinder, von denen keine zwei gleich gross sind. Wie viele Möglichkeiten gibt es, diese Kinder in eine Reihe zu stellen, sodass jedes Kind ausser dem grössten einen Nachbarn besitzt, der grösser ist als es.",2^{n-1},933,141,4,8,0,0,0,0,4
MATHNET-01bf,MathNet,Baltic Way,,Baltic Way,Discrete Mathematics,Combinatorics,,unknown,Games / greedy algorithms,,,,True,,,,proof and answer,,real,Two players play a game on an $N \times N$ board. The players alternately mark a cell in such a way that there is never a diagonal on the board containing two marked cells. For which $N > 0$ does the starting player have a winning strategy?,All odd positive integers N,1201,236,4,34,2,2,7,0,4
MATHNET-06ct,MathNet,CHKMO,,Hong Kong,Geometry,Plane Geometry,,unknown,"Triangles > Triangle centers: centroid, incenter, circumcenter, orthocenter, Euler line, nine-point circle | Quadrilaterals > Cyclic quadrilaterals | Miscellaneous > Angle chasing",,,,True,,,,proof and answer,,real,"Let $O$ be the circumcentre of $\triangle ABC$. Suppose $AB > AC > BC$. Let $D$ be a point on the minor arc $BC$ such that $AD$ is not a diameter of the circumcircle of $\triangle ABC$. Let $E$ and $F$ be points on $AD$ such that $AB \perp OE$ and $AC \perp OF$. Let $P$ be the intersection of $BE$ and $CF$. If $PB = PC + PO$, then prove that $\angle BAC = 30^\circ$.",30°,649,127,1,19,4,0,0,0,1
MATHNET-0jfo,MathNet,HMMT,,United States,Discrete Mathematics,Combinatorics,,unknown,Games / greedy algorithms,,,,True,,,,proof and answer,,real,"Problem:

On a game show, Merble will be presented with a series of 2013 marbles, each of which is either red or blue on the outside. Each time he sees a marble, he can either keep it or pass, but cannot return to a previous marble; he receives 3 points for keeping a red marble, loses 2 points for keeping a blue marble, and gains 0 points for passing. All distributions of colors are equally likely and Merble can only see the color of his current marble. If his goal is to end with exactly one point and he plays optimally, what is the probability that he fails?",1/2^2012,468,78,3,2,2,0,1,0,3
MATHNET-0041,MathNet,Argentina 2006,,Argentina,Geometry,Plane Geometry,,unknown,"Circles > Tangents | Advanced Configurations > Polar triangles, harmonic conjugates",,,,True,,,,proof and answer,Español,real,"Sean $AM$ y $AN$ las rectas tangentes a una circunferencia $\Gamma$ trazadas desde un punto $A$ ($M$ y $N$ pertenecen a la circunferencia). Una recta por $A$ corta a $\Gamma$ en $B$ y $C$ con $B$ entre $A$ y $C$, y $\frac{AB}{BC} = \frac{2}{3}$.
Si $P$ es el punto de intersección de $AB$ y $MN$, calcular $\frac{AP}{PC}$.",4/3,0,0,0,0,0,0,0,0,0
MATHNET-0f6k,MathNet,19th ASU,,Soviet Union,Algebra | Number Theory,Equations and Inequalities | Other | Prealgebra / Basic Algebra,,unknown,Cauchy-Schwarz | Integers,,,,True,,,,proof only,,real,"Problem:

Is there an integer $n$ such that the sum of the (decimal) digits of $n$ is $1000$ and the sum of the squares of the digits is $1000^2$?",,0,0,0,0,0,0,0,0,0
MATHNET-0eak,MathNet,National Math Olympiad in Slovenia,,Slovenia,Discrete Mathematics | Geometry,Combinatorics | Plane Geometry,,unknown,"Combinatorial Geometry > Convex hulls | Pigeonhole principle | Coloring schemes, extremal arguments",,,,True,,,,proof and answer,,real,"Consider a regular $n$-gon where $n > 1$ is an odd integer. At most how many vertices can be coloured red so that the centre of the $n$-gon does not lie inside a polygon, determined by the red vertices?",(n+1)/2,1447,256,3,32,1,3,2,0,3
MATHNET-0bw4,MathNet,SHORTLISTED PROBLEMS FOR THE 68th NMO,,Romania,Algebra,Equations and Inequalities,,unknown,Jensen / smoothing | QM-AM-GM-HM / Power Mean | Linear and quadratic inequalities,,,,True,,,,proof only,English,real,"If $a$, $b$, $c$ are positive real numbers such that $a^2 + b^2 + c^2 = 1$, show that
$$
\frac{bc}{2 - a^2} + \frac{ca}{2 - b^2} + \frac{ab}{2 - c^2} \le \frac{3}{5}.
$$",,0,0,0,0,0,0,0,0,0
MATHNET-0cmw,MathNet,Russian mathematical olympiad,,Russia,Discrete Mathematics,Combinatorics | Graph Theory,,unknown,"Coloring schemes, extremal arguments",,,,True,,,,proof only,English; Russian,real,"In a country, some pairs of cities are connected by the roads, which do not intersect outside the cities. At each city, there is a sign showing the least length of the route beginning at this city and passing through all other cities (a route can pass through some cities several times; it should not necessarily return to the original city). Prove that the ratio of any two numbers on the signs does not exceed $3/2$. (M. Murashkin)",,774,129,2,21,0,0,0,0,2
MATHNET-0j0k,MathNet,13th Annual Harvard-MIT Mathematics Tournament,,United States,Discrete Mathematics,Combinatorics | Graph Theory,,unknown,Counting two ways,,,,True,,,,proof and answer,,real,"Problem:

In the country of Francisca, there are $2010$ cities, some of which are connected by roads. Between any two cities, there is a unique path which runs along the roads and which does not pass through any city twice. What is the maximum possible number of cities in Francisca which have at least $3$ roads running out of them?",1004,507,89,6,11,1,1,0,1,6
MATHNET-0c1k,MathNet,69th Romanian Mathematical Olympiad,,Romania,Number Theory,Divisibility / Factorization | Modular Arithmetic,,unknown,,,,,True,,,,proof and answer,,real,"Find all the positive integers $\overline{abcd}$ knowing that the following conditions hold:
a) $a^2 + b^2 + c^2 + d^2$ is divisible by $4$;
b) the remainder of $\overline{abcd}$ when divided by $c$ is $7$.","All four-digit numbers with c = 9, and a, b, d ∈ {1,3,5,7,9}, such that a + b + d ≡ 7 (mod 9). There are no solutions with c = 8.",0,0,0,0,0,0,0,0,0
MATHNET-0l20,MathNet,HMMT November 2024,,United States,Discrete Mathematics,Combinatorics,,unknown,Enumeration with symmetry | Inclusion-exclusion,,,,False,,,,final answer only,,real,"Problem:

Compute the number of ways to shade exactly 4 distinct cells of a $4 \times 4$ grid such that no two shaded cells share one or more vertices.",79,1740,328,8,42,6,3,3,0,8
MATHNET-000t,MathNet,XIX Olimpíada Matemática Argentina,,Argentina,Algebra,Prealgebra / Basic Algebra,,unknown,Integers,,,,True,,,,proof and answer,español,real,"En cada casilla del tablero de $4 \times 4$ debe haber un número natural de $1$ a $16$ inclusive, sin repetir, de modo que la suma de los cuatro números de cada una de las cuatro filas, la suma de los cuatro números de cada una de las cuatro columnas y la suma de los cuatro números de cada una de las dos diagonales sean diez números enteros consecutivos, en algún orden. Ya se han escrito nueve de los números. Escribir los siete números que faltan.

| 4  | 5  | 7  |    |
|----|----|----|----|
| 6  |    | 3  |    |
| 11 | 12 | 9  |    |
| 10 |    |    |    |","Completed grid:
4  5  7  14
6  13 3  15
11 12 9  1
10 2  16 8",0,0,0,0,0,0,0,0,0
MATHNET-0jdx,MathNet,HMMT November 2013,,United States,Algebra | Number Theory,Diophantine Equations | Divisibility / Factorization | Prealgebra / Basic Algebra,,unknown,"Techniques: modulo, size analysis, order analysis, inequalities | Factorization techniques | Integers",,,,True,,,,proof and answer,,real,"Problem:

Find all triples of positive integers $(x, y, z)$ such that $x^{2} + y - z = 100$ and $x + y^{2} - z = 124$.","(12, 13, 57)",384,103,3,12,0,0,0,0,3
MATHNET-0j4z,MathNet,Harvard-MIT Mathematics Tournament,,United States,Geometry,Plane Geometry,,unknown,"Quadrilaterals > Cyclic quadrilaterals | Triangles > Triangle centers: centroid, incenter, circumcenter, orthocenter, Euler line, nine-point circle | Triangles > Triangle trigonometry | Circles > Tangents | Geometric Inequalities > Optimization in geometry | Miscellaneous > Angle chasing",,,,True,,,,proof and answer,,real,"Problem:

Let $ABCD$ be a cyclic quadrilateral, and suppose that $BC = CD = 2$. Let $I$ be the incenter of triangle $ABD$. If $AI = 2$ as well, find the minimum value of the length of diagonal $BD$.",2√3,1172,196,5,28,3,0,0,0,5
MATHNET-0iy8,MathNet,12th Annual Harvard-MIT Mathematics Tournament,,United States,Number Theory,Divisibility / Factorization | Number-Theoretic Functions,,unknown,Factorization techniques | τ (number of divisors),,,,False,,,,final answer only,,real,"Problem:

How many perfect squares divide $2^{3} \cdot 3^{5} \cdot 5^{7} \cdot 7^{9}$?",120,175,32,2,1,0,0,0,0,2
MATHNET-05zy,MathNet,PRÉPARATION OLYMPIQUE FRANÇAISE DE MATHÉMATIQUES,,France,Discrete Mathematics | Geometry,Combinatorics | Plane Geometry,,unknown,"Geometric Inequalities > Optimization in geometry | Miscellaneous > Distance chasing | Coloring schemes, extremal arguments",,,,True,,,,proof and answer,,real,"Problem:

On considère un $2022$-gone régulier de côté $1$. Les points sont numérotés $A_{1}, \ldots, A_{2022}$ dans un certain ordre. Au départ, Elie part du point $A_{1}$, puis saute de point en point vers le point $A_{2}$, puis de $A_{2}$ vers $A_{3}$ etc... chaque fois en prenant l'arc le plus court. Lorsqu'il atteint $A_{2022}$, il rejoint finalement $A_{1}$. Déterminer la valeur maximale de la somme des longueurs des arcs qu'a parcouru Elie, parmi toutes les numérotations de points possibles.",2042222,3765,416,11,54,0,0,0,0,11
MATHNET-01db,MathNet,Baltic Way 2016,,Baltic Way,Geometry,Plane Geometry,,unknown,Circles > Radical axis theorem | Transformations > Rotation | Miscellaneous > Constructions and loci | Miscellaneous > Angle chasing | Miscellaneous > Distance chasing,,,,True,,,,proof only,,real,"Let $M$ and $N$ be the midpoints of the sides $AC$ and $AB$, respectively, of an acute triangle $ABC$. Let $\omega_B$ be the circle centered at $M$ passing through $B$, and let $\omega_C$ be the circle centered at $N$ passing through $C$. Let the point $D$ be such that $ABCD$ is an isosceles trapezoid with $AD$ parallel to $BC$. Assume that $\omega_B$ and $\omega_C$ intersect in two distinct points $P$ and $Q$. Show that $D$ lies on $PQ$.",,1875,334,2,76,3,0,0,0,2
MATHNET-0lbg,MathNet,Kì thi chọn học sinh vào Đội tuyển Quốc gia Dự thi IMO,,Vietnam,Algebra | Discrete Mathematics | Number Theory,Algebraic Expressions | Combinatorics | Modular Arithmetic,,unknown,"Inverses mod n | Coloring schemes, extremal arguments | Sequences and Series > Floors and ceilings",,,,True,,,,proof and answer,Vietnamese,real,"Cho trước một số nguyên tố $p$ không nhỏ hơn $17$. Chứng minh rằng $t=3$ là số nguyên dương lớn nhất có tính chất: Với mọi bộ số nguyên $a, b, c, d$ sao cho $abc$ không chia hết cho $p$, nhưng $a+b+c$ chia hết cho $p$ thì luôn tồn tại $x, y, z \in \{0, 1, ..., \lfloor \frac{p}{t} \rfloor - 1\}$ để $ax+by+cz+d$ chia hết cho $p$. ($\lfloor \frac{p}{t} \rfloor$ kí hiệu số nguyên lớn nhất không vượt quá $\frac{p}{t}$).",3,0,0,0,0,0,0,0,0,0
MATHNET-02ca,MathNet,Desafios,,Brazil,Discrete Mathematics,Combinatorics,,unknown,Counting two ways | Invariants / monovariants,,,,True,,,,proof and answer,,real,"Problem:

Cinco bolas iguais estão se movendo na mesma direção ao longo de uma reta fixa, mantendo uma certa distância de uma para outra. Na mesma direção, mas no sentido oposto, outras cinco bolas se movem de encontro às primeiras. As velocidades de todas as bolas são iguais. Quando duas bolas colidem, voltam na mesma velocidade de antes, ao longo da mesma direção. Quantas colisões entre bolas vão ocorrer?",25,623,108,2,1,0,0,0,0,2
MATHNET-0kpf,MathNet,Berkeley Math Circle: Monthly Contest 5,,United States,Discrete Mathematics,Combinatorics,,unknown,Invariants / monovariants,,,,True,,,,proof and answer,,real,"Problem:

Aerith has 5 coins, all with heads facing up. She wants to flip them so that they all have tails facing up.

a) If she must flip exactly three coins at a time (from heads to tails or vice versa), is this possible?

b) What if she must flip exactly two coins at a time?

For each part, either show a way it can be done or prove that it is impossible.",a) Possible. b) Impossible.,392,67,3,1,1,0,0,0,3
MATHNET-05qn,MathNet,Préparation Olympique Française de Mathématiques,,France,Discrete Mathematics | Number Theory,Combinatorics | Modular Arithmetic | Residues and Primitive Roots,,unknown,Chinese remainder theorem | Fermat / Euler / Wilson theorems | Primitive roots mod p / p^n | Multiplicative order | Quadratic residues | Quadratic reciprocity | Pigeonhole principle,,,,True,,,,proof only,,real,"Problem:

On dit qu'un entier $k$ est olympique s'il existe quatre entiers $a, b, c$ et $d$, tous premiers avec $k$, tels que $k$ divise $a^{4}+b^{4}+c^{4}+d^{4}$. Soit $n$ un entier quelconque.

Montrer que $n^{2}-2$ est olympique.",,4068,648,14,92,0,0,0,0,14
MATHNET-0dtj,MathNet,Singapore Mathematical Olympiad (SMO),,Singapore,Discrete Mathematics | Geometry,Combinatorics | Plane Geometry,,unknown,"Inclusion-exclusion | Coloring schemes, extremal arguments | Geometric Inequalities > Optimization in geometry",,,,True,,,,proof only,,real,Seven triangles of area $7$ lie inside a square of area $27$. Prove that among the $7$ triangles there are $2$ that intersect in a region of area not less than $1$.,,842,185,2,11,0,2,1,0,2
MATHNET-0bis,MathNet,65th NMO Selection Tests for BMO and IMO,,Romania,Algebra | Discrete Mathematics,Combinatorics | Equations and Inequalities,,unknown,"Combinatorial optimization | Induction / smoothing | Coloring schemes, extremal arguments",,,,True,,,,proof and answer,,real,"Given a positive integer $n$ and an increasing real-valued function $f$ on the closed unit interval $[0, 1]$, determine the maximum value the sum
$$
\sum_{k=1}^{n} f\left(\left|x_k - \frac{2k-1}{2n}\right|\right)
$$
may achieve subject to $0 \le x_1 \le \dots \le x_n \le 1$.",\sum_{k=1}^{n} f\left(\frac{2k-1}{2n}\right),2210,385,7,58,1,0,4,1,7
MATHNET-0ena,MathNet,South-Afrika 2011-2013,,South Africa,Algebra | Discrete Mathematics,Algebraic Expressions | Combinatorics | Intermediate Algebra,,unknown,"Coloring schemes, extremal arguments | Quadratic functions | Sequences and Series > Sums and products",,,,True,,,,proof and answer,,real,"Let $n$ be a positive integer. A train stops at $2n$ stations, including the first and last ones, numbered in order from the first to the $2n^{th}$. It is known that on a certain car, for each pair of integers $i, j$ such that $1 \le i < j \le 2n$, exactly one seat has been reserved for the trip from the $i^{th}$ station to the $j^{th}$. Find the minimum number of seats that must be available in that car.",n^2,736,140,2,19,1,0,0,0,2
MATHNET-0528,MathNet,Final Round of National Olympiad,,Estonia,Algebra | Discrete Mathematics | Number Theory,Algebraic Expressions | Combinatorics | Other,,unknown,Sequences and Series > Recurrence relations | Pigeonhole principle,,,,True,,,,proof only,English,real,"Let a finite decimal fraction be given. Juku starts appending digits to this fraction in such a way that each new digit equals the remainder of the sum of all digits existing so far in division by $10$. (For instance, if the initial fraction is $27.35$ then the digits added to the end are $7$, $4$, $8$ etc.)
Prove that the infinite decimal fraction obtained this way represents a rational number.",,691,124,1,6,1,0,0,0,1
MATHNET-0biz,MathNet,65th Romanian Mathematical Olympiad,,Romania,Algebra,Equations and Inequalities,,unknown,Linear and quadratic inequalities,,,,True,,,,proof only,,real,"Let $a, b, c$ be real numbers such that:
$$
|a - b| \ge |c|, \quad |b - c| \ge |a|, \quad |c - a| \ge |b|.
$$

Prove that one of the numbers $a, b, c$ equals the sum of the other two.",,244,38,1,4,3,0,0,1,1
MATHNET-05yi,MathNet,PRÉPARATION OLYMPIQUE FRANÇAISE DE MATHÉMATIQUES,,France,Discrete Mathematics,Combinatorics,,unknown,"Games / greedy algorithms | Coloring schemes, extremal arguments",,,,True,,,,proof only,,real,"Problem:

Nimatha et Thanima jouent à un jeu sur un échiquier $8 \times 8$. Tour par tour en commençant par Nimatha, chaque joueur choisit une case qui n'a pas encore été choisie et la colorie dans sa couleur (rouge pour Nimatha, bleu pour Thanima). Montrez que Thanima peut toujours faire que Nimatha ne puisse colorier aucun carré $2 \times 2$ entièrement en rouge.",,774,219,4,4,0,0,0,0,4
MATHNET-020y,MathNet,13th Benelux Mathematical Olympiad,,Benelux Mathematical Olympiad,Discrete Mathematics,Combinatorics,,unknown,"Counting two ways | Coloring schemes, extremal arguments",,,,True,,,,proof and answer,,real,"Problem:

Pebbles are placed on a $2021 \times 2021$ board in such a way that each square contains at most one pebble. The pebble set of a square of the board is the collection of all pebbles which are in the same row or column as this square. Determine the least number of pebbles that can be placed on the board in such a way that no two squares have the same pebble set.",3031,1938,329,7,19,2,3,1,0,7
MATHNET-01ef,MathNet,Baltic Way shortlist,,Baltic Way,Geometry,Plane Geometry,,unknown,Quadrilaterals > Cyclic quadrilaterals | Miscellaneous > Angle chasing | Advanced Configurations > Miquel point,,,,True,,,,proof only,English,real,"Let $ABCD$ be a trapezoid with $AD \parallel BC$ and $\angle ADC = \angle BAD$, and let $\ell$ be a line not intersecting the linesegments $AC$ or $BD$. Assume that $\ell$ intersects the lines $AC, AD, BC, BD$ and $CD$ in the points $P, Q, R, S$ and $T$ respectively. Show that the three circles $\odot(DQT), \odot(BRQ)$ and $\odot(BPS)$ intersect in a common point, where $\odot(XYZ)$ denotes the circumcircle of $XYZ$.",,884,166,2,15,3,0,0,0,2
MATHNET-04e7,MathNet,Mathematica competitions in Croatia,,Croatia,Discrete Mathematics | Geometry,Combinatorics | Plane Geometry,,unknown,Analytic / Coordinate Methods > Vectors | Analytic / Coordinate Methods > Cartesian coordinates | Enumeration with symmetry,,,,True,,,,proof and answer,,real,"All points $(x, y)$ with integer coordinates where $1 \le x \le 200$ and $1 \le y \le 100$ are marked in the coordinate system, 20000 points in total. How many lines of length $\sqrt{5}$ whose ends are marked points are there? (Mea Bombardelli)",78208,1496,307,18,43,2,0,0,2,18
MATHNET-0huk,MathNet,Berkeley Math Circle Monthly Contest 1,,United States,Algebra | Discrete Mathematics,Algebraic Expressions | Combinatorics,,unknown,Functional Equations | Functional Equations > Injectivity / surjectivity | Induction / smoothing,,,,True,,,,proof and answer,,real,"Problem:

Find all functions $f: \mathbb{Z} \rightarrow \mathbb{Z}$ such that $f(f(x)+y+1)=x+f(y)+1$ for every two integers $x$ and $y$.",f(n) = n for all integers n; and f(n) = -n - 2 for all integers n,764,103,9,20,1,1,4,0,9
MATHNET-0eff,MathNet,17. tekmovanje dijakov srednjih tehniških in strokovnih šol v znanju matematike,,Slovenia,Statistics,Probability,,unknown,Counting Methods > Permutations,,,,False,,,,MCQ,,real,"Problem:

Na koliko različnih načinov lahko sedejo v vrsto z 8 sedeži v gledališču 4 pari, če želi vsak posamezen par sedeti skupaj?

(A) $4!$
(B) $2 \cdot 4!$
(C) $24$
(D) $384$
(E) $256$",D,167,30,2,2,0,0,0,0,2
MATHNET-0ia7,MathNet,Harvard-MIT Mathematics Tournament,,United States,Algebra,Algebraic Expressions,,unknown,Sequences and Series > Sums and products,,,,False,,,,final answer only,,real,"Problem:
You have infinitely many boxes, and you randomly put 3 balls into them. The boxes are labeled $1,2, \ldots$. Each ball has probability $1 / 2^{n}$ of being put into box $n$. The balls are placed independently of each other. What is the probability that some box will contain at least 2 balls?",5/7,562,71,1,8,1,0,0,1,1
MATHNET-0kqa,MathNet,HMMT November 2022,,United States,Geometry,Plane Geometry,,unknown,Miscellaneous > Distance chasing | Miscellaneous > Angle chasing | Transformations > Homothety,,,,True,,,,proof and answer,,real,"Problem:
Let $ABC$ be a triangle with $AB=13$, $BC=14$, and $CA=15$. Pick points $Q$ and $R$ on $AC$ and $AB$ such that $\angle CBQ=\angle BCR=90^{\circ}$. There exist two points $P_{1} \neq P_{2}$ in the plane of $ABC$ such that $\triangle P_{1}QR$, $\triangle P_{2}QR$, and $\triangle ABC$ are similar (with vertices in order). Compute the sum of the distances from $P_{1}$ to $BC$ and $P_{2}$ to $BC$.

Proposed by: Ankit Bisain
Answer: 48",48,1365,215,3,47,3,0,0,0,3
MATHNET-0idn,MathNet,Harvard-MIT Mathematics Tournament,,United States,Geometry,Plane Geometry,,unknown,Analytic / Coordinate Methods > Cartesian coordinates | Geometric Inequalities > Optimization in geometry | Miscellaneous > Distance chasing,,,,True,,,,proof and answer,,real,"Problem:
Farmer John is grazing his cows at the origin. There is a river that runs east to west 50 feet north of the origin. The barn is 100 feet to the south and 80 feet to the east of the origin. Farmer John leads his cows to the river to take a swim, then the cows leave the river from the same place they entered and Farmer John leads them to the barn. He does this using the shortest path possible, and the total distance he travels is $d$ feet. Find the value of $d$.",40*sqrt(29),606,107,2,2,0,1,0,0,2
MATHNET-08zz,MathNet,Japan Mathematical Olympiad,,Japan,Number Theory,Divisibility / Factorization | Modular Arithmetic | Number-Theoretic Functions,,unknown,Chinese remainder theorem | φ (Euler's totient) | Möbius inversion | Greatest common divisors (gcd),,,,True,,,,proof and answer,English,real,"Find the number of tuples $(a_1, a_2, \dots, a_{2100})$ of integers between $0$ and $2099$ inclusive that satisfy the following condition:
There exists a tuple of integers $(b_1, b_2, \dots, b_{2100})$ such that for every integer $i$ from $1$ to $2100$,
$$
a_i \equiv \sum_{\substack{\gcd(j-i, 2100)=1 \\ 1 \le j \le 2100}} b_j \pmod{2100}
$$
holds.",2100^{210}/(2^{164}*3^{30}),13698,2291,18,338,36,13,12,2,18
MATHNET-0l31,MathNet,HMMT November,,United States,Geometry,Plane Geometry,,unknown,Circles > Tangents | Miscellaneous > Constructions and loci,,,,True,,,,proof and answer,,real,"Problem:

Let $ABCD$ be a convex quadrilateral with area $202$, $AB=4$, and $\angle A=\angle B=90^{\circ}$ such that there is exactly one point $E$ on line $CD$ satisfying $\angle AEB=90^{\circ}$. Compute the perimeter of $ABCD$.",206,646,93,9,20,4,0,1,0,9
MATHNET-0752,MathNet,Indija mo 2011,,India,Algebra | Number Theory,Algebraic Expressions | Divisibility / Factorization,,unknown,Polynomials > Polynomial operations | Prime numbers | Greatest common divisors (gcd),,,,True,,,,proof only,English,real,"Consider two polynomials $P(x) = a_n x^n + a_{n-1} x^{n-1} + \dots + a_1 x + a_0$ and $Q(x) = b_n x^n + b_{n-1} x^{n-1} + \dots + b_1 x + b_0$ with integer coefficients such that $a_n - b_n$ is a prime, $a_{n-1} = b_{n-1}$ and $a_n b_0 - a_{n-1} b_n \neq 0$. Suppose there exists a rational number $r$ such that $P(r) = Q(r) = 0$. Prove that $r$ is an integer.",,1295,269,7,33,4,1,2,0,7
MATHNET-0gk7,MathNet,Thai Mathematical Olympiad,,Thailand,Algebra,Algebraic Expressions,,unknown,Functional Equations > Existential quantifiers,,,,True,,,,proof and answer,English,real,"Does there exist a function $f: \mathbb{Z} \to \mathbb{Z}$ such that
$$
f(f(n) - 2n) = 2f(n) + n
$$
for all integers $n$?","Yes. For example, f(n) = n for n >= 0 and f(n) = -3n for n < 0.",445,103,4,12,0,0,2,0,4
MATHNET-0kzt,MathNet,AMC 12 A,,United States,Algebra | Number Theory,Diophantine Equations | Prealgebra / Basic Algebra,,unknown,"Techniques: modulo, size analysis, order analysis, inequalities | Integers",,,,False,,,,final answer only,,real,"Integers $a$, $b$, and $c$ satisfy $ab + c = 100$, $bc + a = 87$, and $ca + b = 60$. What is $ab + bc + ca$?",276,974,248,3,32,2,0,6,1,3
MATHNET-09m6,MathNet,Mongolian Mathematical Olympiad,,Mongolia,Number Theory,Divisibility / Factorization | Modular Arithmetic,,unknown,Fermat / Euler / Wilson theorems | Prime numbers,,,,True,,,,proof and answer,English,real,"Let $m \ge 2$ be a positive integer and $p \ge 5$ be a prime number. Consider the sequence $a_n$ defined by $a_n = (p-2)^n + p^n - m$ for $n \ge 1$, and let $q$ be the smallest prime that divides a member of the sequence. Determine all pairs $(m, p)$ such that $q \ge m$.
(Bayarmagnai Gombodorj)","(m, p) = (2, p) or (3, p) for any prime p at least five",1070,237,8,41,6,0,8,0,8
MATHNET-0c1d,MathNet,69th NMO Selection Tests for JBMO,,Romania,Geometry,Plane Geometry,,unknown,Advanced Configurations > Miquel point | Transformations > Spiral similarity | Transformations > Homothety | Miscellaneous > Angle chasing | Quadrilaterals > Cyclic quadrilaterals,,,,True,,,,proof only,,real,"Let $ABC$ be a triangle, and let $E$ and $F$ be two arbitrary points on the sides $AB$ and $AC$, respectively. The circumcircle of triangle $AEF$ meets the circumcircle of triangle $ABC$ again at point $M$. Let $D$ be the reflection of point $M$ across the line $EF$ and let $O$ be the circumcenter of triangle $ABC$. Prove that $D$ is on $BC$ if and only if $O$ belongs to the circumcircle of triangle $AEF$.",,2980,527,2,80,11,2,4,0,2
MATHNET-0agp,MathNet,Mediterranean Mathematics Competition,,North Macedonia,Discrete Mathematics,Combinatorics,,unknown,Inclusion-exclusion | Counting two ways,,,,True,,,,proof and answer,English,real,"Let $p$ be a positive integer, $p > 1$. Find the number of $m \times n$ matrices with entries in the set $\{1,2,3,..., p\}$ and such that the sum of elements on each row and each column is not divisible by $p$.",p^{mn-m-n} ((p-1)^{m+n} + (-1)^{m+n} (p-1)),2149,331,2,24,0,0,2,2,2
MATHNET-0j12,MathNet,Harvard-MIT Mathematics Tournament,,United States,Algebra,Algebraic Expressions,,unknown,Polynomials > Polynomial operations,,,,True,,,,proof and answer,,real,"Problem:

Let $p$ be a monic cubic polynomial such that $p(0)=1$ and such that all the zeros of $p'(x)$ are also zeros of $p(x)$. Find $p$. Note: monic means that the leading coefficient is 1.",(x+1)^3,502,110,3,24,1,1,2,0,3
MATHNET-07yr,MathNet,,,Italy,Algebra,Equations and Inequalities,,unknown,QM-AM-GM-HM / Power Mean | Jensen / smoothing,,,,True,,,,proof and answer,,real,"Problem:

Per ogni intero $n \geq 2$, determinare:

a. il più grande numero reale $c_{n}$ tale che
$$
\frac{1}{1+a_{1}}+\frac{1}{1+a_{2}}+\ldots+\frac{1}{1+a_{n}} \geq c_{n}
$$
per ogni scelta dei numeri reali positivi $a_{1}, a_{2}, \ldots, a_{n}$ tali che $a_{1} \cdot a_{2} \cdot \ldots \cdot a_{n}=1$;

b. il più grande numero reale $d_{n}$ tale che
$$
\frac{1}{1+2 a_{1}}+\frac{1}{1+2 a_{2}}+\ldots+\frac{1}{1+2 a_{n}} \geq d_{n}
$$
per ogni scelta dei numeri reali positivi $a_{1}, a_{2}, \ldots, a_{n}$ tali che $a_{1} \cdot a_{2} \cdot \ldots \cdot a_{n}=1$.",c_n = 1 for all n >= 2; d_2 = 2/3 and d_n = 1 for all n >= 3,3418,416,3,65,0,1,0,0,3
MATHNET-0hjb,MathNet,Berkeley Math Circle Monthly Contest 2,,United States,Discrete Mathematics | Number Theory,Other,,unknown,,,,,True,,,,proof and answer,,real,"Problem:

Find the number of multiples of $3$ which have six digits, none of which is greater than $5$.",12960,612,118,4,15,2,0,1,0,4
MATHNET-04hy,MathNet,Croatia Mathematical Competitions,,Croatia,Discrete Mathematics,Combinatorics,,unknown,Inclusion-exclusion,,,,True,,,,proof and answer,,real,"The area of the intersection of a smaller and larger square equals two thirds of the area of the smaller square, as well as one fifth of the area of their union. Determine the ratio of the sides of the smaller and larger square.
(Andrea Aglić-Aljinović)",sqrt(3),0,0,0,0,0,0,0,0,0
MATHNET-0hj7,MathNet,Berkeley Math Circle Monthly Contest 7,,United States,Number Theory,Divisibility / Factorization | Modular Arithmetic,,unknown,Greatest common divisors (gcd) | Inverses mod n,,,,True,,,,proof only,,real,"Problem:

Let $x$ and $y$ be integers such that $\frac{3x + 4y}{5}$ is an integer. Prove that $\frac{4x - 3y}{5}$ is an integer.",,335,65,2,5,0,0,0,0,2
MATHNET-0iyz,MathNet,Bay Area Mathematical Olympiad,,United States,Discrete Mathematics | Number Theory,Combinatorics | Divisibility / Factorization,,unknown,"Prime numbers | Coloring schemes, extremal arguments",,,,True,,,,proof and answer,,real,"Problem:

We write $\{a, b, c\}$ for the set of three different positive integers $a, b$, and $c$. By choosing some or all of the numbers $a, b$ and $c$, we can form seven nonempty subsets of $\{a, b, c\}$. We can then calculate the sum of the elements of each subset. For example, for the set $\{4,7,42\}$ we will find sums of $4,7,42,11,46,49$, and $53$ for its seven subsets. Since $7$, $11$, and $53$ are prime, the set $\{4,7,42\}$ has exactly three subsets whose sums are prime. (Recall that prime numbers are numbers with exactly two different factors, $1$ and themselves. In particular, the number $1$ is not prime.)
What is the largest possible number of subsets with prime sums that a set of three different positive integers can have? Give an example of a set $\{a, b, c\}$ that has that number of subsets with prime sums, and explain why no other three-element set could have more.","5; for example {2,3,11}",1345,259,2,25,4,0,6,1,2
MATHNET-0jag,MathNet,15th Annual Harvard-MIT Mathematics Tournament,,United States,Algebra | Geometry,Algebraic Expressions | Plane Geometry,,unknown,Analytic / Coordinate Methods > Complex numbers in geometry | Transformations > Inversion | Sequences and Series > Sums and products,,,,False,,,,final answer only,,real,"Problem:

Alice is sitting in a teacup ride with infinitely many layers of spinning disks. The largest disk has radius $5$. Each succeeding disk has its center attached to a point on the circumference of the previous disk and has a radius equal to $2/3$ of the previous disk. Each disk spins around its center (relative to the disk it is attached to) at a rate of $\pi/6$ radians per second. Initially, at $t=0$, the centers of the disks are aligned on a single line, going outward. Alice is sitting at the limit point of all these disks. After $12$ seconds, what is the length of the trajectory that Alice has traced out?",18π,1570,253,6,31,2,1,0,0,6
MATHNET-0cgq,MathNet,74th Romanian Mathematical Olympiad,,Romania,Algebra | Number Theory,Other | Prealgebra / Basic Algebra,,unknown,Integers,,,,True,,,,proof and answer,English,real,"Consider a positive integer $n$ and the set $A_n = \{1, 3, 5, \dots, 2n - 1\}$. For each pair $(a, b)$, where $a, b \in A_n$ we construct the concatenated number $m = \overline{ab}$, obtained by joining the numbers $a$ and $b$. For instance, for $19, 37 \in A_{30}$, the concatenated number is $m = 1937$.

a) What is the smallest number $n \in \mathbb{N}^*$ for which we get at least a perfect square?

b) Find the largest perfect square that can be obtained for $n = 50$.",a) n = 11; b) 7921,742,141,5,17,1,0,0,0,5
MATHNET-090m,MathNet,The 35th Japanese Mathematical Olympiad,,Japan,Geometry,Plane Geometry,,unknown,Circles > Circle of Apollonius | Transformations > Inversion | Concurrency and Collinearity > Menelaus' theorem | Miscellaneous > Angle chasing | Circles > Tangents | Quadrilaterals > Cyclic quadrilaterals,,,,True,,,,proof only,English,real,"In the interior of an acute triangle $ABC$ that is not isosceles, there are three distinct points $A_1, B_1, C_1$ such that $AB_1 : CB_1 = AB : CB$ and $AC_1 : BC_1 = AC : BC$. Let $A_2$ be the point symmetric to $A_1$ with respect to the line $BC$, let $B_2$ be the point symmetric to $B_1$ with respect to the line $AC$, and let $C_2$ be the point symmetric to $C_1$ with respect to the line $AB$. Then, all of the following conditions are satisfied.
$\bullet$ The four points $A, A_2, B, C_2$ are concyclic.
$\bullet$ The four points $A, A_2, B_2, C$ are concyclic.
$\bullet$ The four points $B, B_2, C, C_2$ are concyclic.
$\bullet$ None of the three points $A_2, B_2, C_2$ lie on the circumcircle of the triangle $ABC$.
Prove that the triangle $A_1B_1C_1$ and the triangle $A_2B_2C_2$ are similar.",,8923,1430,10,236,16,7,8,0,10
MATHNET-06mm,MathNet,HongKong 2022-23 IMO Selection Tests,,Hong Kong,Geometry,Plane Geometry,,unknown,Quadrilaterals > Cyclic quadrilaterals | Triangles > Triangle trigonometry,,,,True,,,,proof and answer,English,real,"Let $ABCD$ be a cyclic quadrilateral and $E$ be the intersection of $AC$ and $BD$. $P$ and $Q$ are two points on $AC$ such that the points $A$, $E$, $Q$, $P$, $C$ lie on the same straight line in this order, and that $BP$ bisects $\angle ABC$ whereas $DQ$ bisects $\angle ADC$. If $AE = 4$, $EQ = 2$ and $QP = 3$, find the length of $PC$.",15,729,112,2,14,1,0,0,0,2
MATHNET-0kd5,MathNet,HMMT February 2020,,United States,Geometry,Plane Geometry | Solid Geometry,,unknown,"Volume | Other 3D problems | Triangles > Triangle trigonometry | Triangles > Triangle centers: centroid, incenter, circumcenter, orthocenter, Euler line, nine-point circle",,,,True,,,,proof and answer,,real,"Problem:

Let $ABCD$ be a tetrahedron such that its circumscribed sphere of radius $R$ and its inscribed sphere of radius $r$ are concentric. Given that $AB = AC = 1 \leq BC$ and $R = 4r$, find $BC^2$.",1 + sqrt(7/15),1336,222,4,28,1,0,0,2,4
MATHNET-07ad,MathNet,Iranian Mathematical Olympiad,,Iran,Algebra | Discrete Mathematics,Algebraic Expressions | Combinatorics,,unknown,Polynomials > Intermediate Value Theorem | Polynomials > Polynomial operations | Sequences and Series > Recurrence relations | Induction / smoothing,,,,True,,,,proof only,English,real,"For nonnegative integers $m$ and $n$, the sequence $a(m, n)$ of real numbers is defined as follows: $a(0, 0)$ is equal to $2$, and for each natural number $n$, $a(0, n) = 1$ and $a(n, 0) = 2$. Also for $m, n \in \mathbb{N}$:
$$
a(m, n) = a(m - 1, n) + a(m, n - 1)
$$
Prove that for each natural number $k$, all roots of the polynomial $P_k(x) = \sum_{i=0}^{k} a(i, 2k + 1 - 2i)x^i$ are real numbers.",,2479,479,3,63,3,4,1,0,3
MATHNET-0bn3,MathNet,66th ROMANIAN MATHEMATICAL OLYMPIAD,,Romania,Geometry,Plane Geometry,,unknown,Triangles | Miscellaneous > Angle chasing | Transformations > Rotation,,,,True,,,,proof only,,real,"A triangle $ABC$ with $AB = AC$ is obtuse at $A$. Let $M$ be the mirror image of $A$ across $C$. The perpendicular bisector of the line segment $AM$ meet the line $AB$ at point $P$. Given that lines $PM$ and $BC$ are perpendicular, prove that $APM$ is an equilateral triangle.

Marcel Neferu",,477,87,2,14,2,0,0,0,2
MATHNET-0i5w,MathNet,Harvard-MIT Math Tournament,,United States,Number Theory,Diophantine Equations | Divisibility / Factorization,,unknown,"Greatest common divisors (gcd) | Techniques: modulo, size analysis, order analysis, inequalities",,,,True,,,,proof and answer,,real,"Problem:

given that $a, b, c$ are positive integers satisfying
$$
a+b+c=\operatorname{gcd}(a, b)+\operatorname{gcd}(b, c)+\operatorname{gcd}(c, a)+120
$$
determine the maximum possible value of $a$.",240,769,147,3,16,3,1,1,0,3
MATHNET-0b1j,MathNet,22nd Philippine Mathematical Olympiad,,Philippines,Algebra,Algebraic Expressions,,unknown,Polynomials > Polynomial operations,,,,False,,,,final answer only,,real,"Problem:
Find the sum of the squares of the real roots of the equation $2x^{4} - 3x^{3} + 7x^{2} - 9x + 3 = 0$.",5/4,363,66,1,7,1,0,0,1,1
MATHNET-0479,MathNet,The 65th IMO China National Team Selection Test,,China,Algebra | Discrete Mathematics,Algebraic Expressions | Combinatorics | Intermediate Algebra,,unknown,Polynomials > Roots of unity | Polynomials > Symmetric functions | Polynomials > Intermediate Value Theorem | Complex numbers | Pigeonhole principle,,,,True,,,,proof only,English,real,"Given an integer $n > 1$, let the real number $x > 1$ satisfy
$$
x^{101} - n x^{100} + n x - 1 = 0.
$$
Prove that for any real numbers $0 < a < b < 1$, there exists a positive integer $m$ such that
$$
a < \{x^m\} < b.
$$
Here $\{t\} = t - \lfloor t \rfloor$ denotes the fractional part of the real number $t$.",,4173,702,11,66,15,3,6,2,11
MATHNET-017j,MathNet,BALTIC WAY,,Baltic Way,Geometry,Plane Geometry | Solid Geometry,,unknown,Other 3D problems | Triangles > Triangle trigonometry | Miscellaneous > Angle chasing | Geometric Inequalities > Optimization in geometry,,,,True,,,,proof only,,real,"A lizard wants to walk from one corner to the diametrically opposite corner of a regular dodecahedron with edge length $1$. Prove that the lizard has to walk a distance of at least $4$.

(A regular dodecahedron is a Platonic solid consisting of twelve regular pentagons.)",,1017,219,1,26,1,1,2,0,1
MATHNET-08kn,MathNet,OJBM,,JBMO,Number Theory,Divisibility / Factorization | Modular Arithmetic | Residues and Primitive Roots,,unknown,Inverses mod n | Quadratic residues | Factorization techniques,,,,True,,,,proof only,,real,"Problem:
Let $p$ be a prime number and let $a$ be an integer. Show that if $n^{2}-5$ is not divisible by $p$ for any integer $n$, there exist infinitely many integers $m$ so that $p$ divides $m^{5}+a$.",,1454,285,4,35,2,5,3,0,4
MATHNET-0c8t,MathNet,Romanian Master of Mathematics,,Romania,Discrete Mathematics,Combinatorics | Graph Theory,,unknown,"Coloring schemes, extremal arguments",,,,True,,,,proof only,English,real,In a country there are $n$ airports and $n$ air companies operating return flights. Each company operates an odd number of flights forming a closed route. Prove that a traveller can complete a closed route consisting of an odd number of flights operated by pairwise distinct companies.,,1298,242,1,20,1,0,2,0,1
MATHNET-01oe,MathNet,62nd Belarusian Mathematical Olympiad,,Belarus,Discrete Mathematics,Combinatorics,,unknown,"Invariants / monovariants | Coloring schemes, extremal arguments",,,,True,,,,proof only,English,real,"$N$ boys ($N \ge 3$), no two of them having the same height, are arranged along a circle. A boy in the given arrangement is said to be *middle* if he is taller than one of his neighbors and shorter than the other one.
Prove that if $N$ is odd number then there exists at least one middle boy in any arrangement of the boys along the circle.",,721,136,1,0,1,2,5,0,1
MATHNET-00p6,MathNet,BMO 2010 Shortlist,,Balkan Mathematical Olympiad,Number Theory,Algebraic Number Theory | Diophantine Equations,,unknown,"Unique factorization | Quadratic fields | Techniques: modulo, size analysis, order analysis, inequalities",,,,True,,,,proof and answer,English,real,"Find all pairs of integers $(x, y)$, such that $x^3 = 2y^2 + 1$.","(1, 0)",574,101,1,16,2,0,0,0,1
MATHNET-077k,MathNet,INMO,,India,Algebra,Algebraic Expressions,,unknown,Functional Equations > Injectivity / surjectivity | Polynomials > Polynomial operations | Polynomials > Intermediate Value Theorem,,,,True,,,,proof and answer,,real,"Problem:
Let $\mathbb{R}[x]$ be the set of all polynomials with real coefficients, and let $\operatorname{deg} P$ denote the degree of a nonzero polynomial $P$. Find all functions $f: \mathbb{R}[x] \rightarrow \mathbb{R}[x]$ satisfying the following conditions:
- $f$ maps the zero polynomial to itself,
- for any non-zero polynomial $P \in \mathbb{R}[x]$, $\operatorname{deg} f(P) \leq 1+\operatorname{deg} P$, and
- for any two polynomials $P, Q \in \mathbb{R}[x]$, the polynomials $P-f(Q)$ and $Q-f(P)$ have the same set of real roots.","f(p) = p for all polynomials p, or f(p) = -p for all polynomials p",5302,800,12,128,14,11,9,0,12
MATHNET-0f78,MathNet,20th ASU,,Soviet Union,Discrete Mathematics,Combinatorics | Graph Theory,,unknown,"Counting two ways | Coloring schemes, extremal arguments",,,,True,,,,proof and answer,,real,"Problem:

Given $n$ points can one build $n-1$ roads, so that each road joins two points, the shortest distance between any two points along the roads belongs to $\{1, 2, 3, \ldots, n(n-1)/2\}$, and given any element of $\{1, 2, 3, \ldots, n(n-1)/2\}$ one can find two points such that the shortest distance between them along the roads is that element?","Possible exactly for n = 2, 3, and 4 (e.g., a path with edge lengths 1; 1,2; and 1,3,2, respectively). Impossible for n ≥ 5.",0,0,0,0,0,0,0,0,0
MATHNET-076g,MathNet,IND_National,,India,Geometry,Plane Geometry,,unknown,"Triangles > Triangle centers: centroid, incenter, circumcenter, orthocenter, Euler line, nine-point circle | Triangles > Triangle trigonometry | Quadrilaterals > Cyclic quadrilaterals | Circles > Tangents",,,,True,,,,proof and answer,,real,Let $\triangle ABC$ be triangle in which $AB = AC$. Suppose the orthocentre of the triangle lies on the in-circle. Find the ratio $AB/BC$.,3/4,3537,671,6,116,18,0,0,1,6
MATHNET-0hak,MathNet,58th Ukrainian National Mathematical Olympiad,,Ukraine,Discrete Mathematics,Combinatorics,,unknown,Pigeonhole principle,,,,True,,,,proof and answer,English,real,"60 participants took part in the Olympiad. They were offered 8 tasks, evaluated from 0 to 7 points each. Prove, that in total there are 3 participants, whose results differ in not more than 1 point. Would the statement be true, if 58 took part in the Olympiad?

*Result of a participant at Olympiad is the total amount of the points he got.*",Yes for sixty participants; no for fifty-eight participants. A counterexample for fifty-eight is two participants at each even total from zero to fifty-six.,712,130,2,16,0,2,3,0,2
MATHNET-05f6,MathNet,ENVOi 3 : ARITHMÉTIQUE,,France,Number Theory,Divisibility / Factorization,,unknown,Greatest common divisors (gcd),,,,True,,,,proof and answer,,real,"Problem:
Déterminer tous les triplets d'entiers $(x, y, z)$ vérifiant la propriété suivante :
$$
\operatorname{pgcd}(x, y, z)<\operatorname{pgcd}(x+y, y+z, z+x)
$$","All triples that are positive integer multiples of a triple of odd integers; equivalently, those for which dividing each entry by their greatest common divisor yields three odd integers.",1294,207,3,30,0,0,0,0,3
MATHNET-00nm,MathNet,Austrian Mathematical Olympiad,,Austria,Number Theory,Diophantine Equations | Divisibility / Factorization,,unknown,"Prime numbers | Factorization techniques | Techniques: modulo, size analysis, order analysis, inequalities",,,,True,,,,proof only,English,real,"Let $p$ be a prime and let $m$ and $n$ be positive integers such that $p^2 + m^2 = n^2$.
Prove that $m > p$.",,485,114,3,19,3,1,0,0,3
MATHNET-01bj,MathNet,Baltic Way,,Baltic Way,Discrete Mathematics | Geometry,Combinatorics | Plane Geometry,,unknown,"Combinatorial Geometry | Coloring schemes, extremal arguments | Induction / smoothing",,,,True,,,,proof only,,real,"Is it possible to subdivide a convex $2014$-gon, by means of diagonals that do not intersect, into triangles, in such a way that each vertex be incident to an odd number of triangles?",,1886,344,6,28,1,4,4,0,6
MATHNET-01zv,MathNet,Benelux Mathematical Olympiad,,Benelux Mathematical Olympiad,Algebra,Algebraic Expressions,,unknown,Polynomials > Polynomial operations | Functional Equations,,,,True,,,,proof and answer,,real,"Problem:
Find all polynomials $p(x)$ with real coefficients such that
$$
p(a+b-2 c)+p(b+c-2 a)+p(c+a-2 b)=3 p(a-b)+3 p(b-c)+3 p(c-a)
$$
for all $a, b, c \in \mathbb{R}$.","All real polynomials of the form p(x) = ax^2 + bx with real a, b.",3254,539,6,93,6,4,2,0,6
MATHNET-08yd,MathNet,2019 Japan Mathematical Olympiad First Stage,,Japan,Algebra | Number Theory,Modular Arithmetic | Prealgebra / Basic Algebra,,unknown,Integers,,,,True,,,,proof and answer,,real,Call a positive integer a good number if its every digit is a prime number. Find all the good numbers having three digits and with the property that their squares are good numbers of five digits.,235,755,160,3,19,6,0,2,0,3
MATHNET-0ecu,MathNet,National Math Olympiad 2015 – First Round,,Slovenia,Algebra,Prealgebra / Basic Algebra,,unknown,Simple Equations | Fractions,,,,False,,,,MCQ,,real,"During the first school hour the ratio of the number of boys and girls in the classroom was $3 : 4$. After 4 more girls entered the classroom and 4 boys left it before the second school hour, the ratio became $2 : 5$. How many more girls than boys were in the classroom during the second school hour?

(A) 5
(B) 6
(C) 7
(D) 8
(E) 12",E,638,117,2,12,2,0,0,0,2
MATHNET-004m,MathNet,XVI Olimpiada Matemática Rioplatense,,Argentina,Geometry,Plane Geometry,,unknown,Analytic / Coordinate Methods > Trigonometry,,,,True,,,,proof and answer,Spanish,real,"Un polígono de doce lados, cuyos vértices pertenecen a una circunferencia $C$, tiene seis lados de longitud $2$ y seis lados de longitud $\sqrt{3}$. Calcule el radio de la circunferencia $C$.",√13,0,0,0,0,0,0,0,0,0
MATHNET-0cu5,MathNet,Russian Mathematical Olympiad,,Russia,Geometry,Plane Geometry,,unknown,"Transformations > Homothety | Circles > Tangents | Triangles > Triangle centers: centroid, incenter, circumcenter, orthocenter, Euler line, nine-point circle",,,,True,,,,proof only,English; Russian,real,"Let $\omega$ be the incircle of a triangle $ABC$ (with $AB < AC$). Let the excircle $\omega_A$ touch the side $BC$ at $A'$. A variable point $X$ is chosen on the segment $AA'$ so that the segment $A'X$ has no common points with $\omega$. The tangents to $\omega$ passing through $X$ meet the side $BC$ at $Y$ and $Z$. Prove that the sum $XY + XZ$ does not depend on the choice of $X$. (I. Mitrofanov)

Окружность $\omega$ вписана в треугольник $ABC$, в котором $AB < AC$. Вневписанная окружность этого треугольника касается стороны $BC$ в точке $A'$. Точка $X$ выбирается на отрезке $A'A$ так, что отрезок $A'X$ не пересекает $\omega$. Касательные, проведённые из $X$ к $\omega$, пересекают отрезок $BC$ в точках $Y$ и $Z$. Докажите, что сумма $XY + XZ$ не зависит от выбора точки $X$.",,2344,383,7,95,1,1,0,0,7
MATHNET-04st,MathNet,Czech and Slovak Mathematical Olympiad,,Czech Republic,Algebra,Algebraic Expressions | Equations and Inequalities,,unknown,Polynomials > Vieta's formulas | Linear and quadratic inequalities,,,,True,,,,proof and answer,English,real,"Suppose that the real numbers $x, y, z$ satisfy equalities
$$
15(x + y + z) = 12(xy + yz + zx) = 10(x^2 + y^2 + z^2)
$$
and that at least one of them is different from zero.
a) Prove that $x + y + z = 4$.
b) Find the smallest interval $(a, b)$, which contains all three numbers from any triplet $(x, y, z)$ satisfying the given conditions.","x + y + z = 4; the smallest interval is [2/3, 2].",0,0,0,0,0,0,0,0,0
MATHNET-0ilv,MathNet,10th Annual Harvard-MIT Mathematics Tournament,,United States,Algebra,Algebraic Expressions,,unknown,Polynomials > Polynomial operations | Functional Equations > Existential quantifiers,,,,True,,,,proof and answer,,real,"Problem:
Find all nonconstant polynomials $P(x)$, with real coefficients and having only real zeros, such that $P(x+1) P\left(x^{2}-x+1\right)=P\left(x^{3}+1\right)$ for all real numbers $x$.",P(x) = x^k for any positive integer k,1787,238,3,36,0,0,3,1,3
MATHNET-0h27,MathNet,"51st Ukrainian National Mathematical Olympiad, 3rd Round",,Ukraine,Algebra | Number Theory,Other | Prealgebra / Basic Algebra,,unknown,Integers,,,,True,,,,proof and answer,English,real,"Find all natural numbers $N$, that have two digits and are equal to the sum of their digits added to the cube of this sum.",30,196,42,1,8,0,0,0,1,1
MATHNET-043v,MathNet,China Mathematical Competition,,China,Algebra,Equations and Inequalities | Intermediate Algebra,,unknown,Complex numbers | Linear and quadratic inequalities,,,,False,,,,final answer only,,real,"Let $m$ be a real number. If the real and imaginary parts of complex $z = 1 + i + \frac{m}{1+i}$, with $i$ being the imaginary unit, are greater than zero, then the range of $m$ is ______.",−2 < m < 2,214,39,2,4,1,0,0,0,2
MATHNET-0gfg,MathNet,"2022 數學奧林匹亞競賽第一階段培訓營, 獨立研究(三)",,Taiwan,Algebra,Algebraic Expressions | Equations and Inequalities,,unknown,Jensen / smoothing | Polynomials > Polynomial operations,,,,True,,,,proof only,Chinese; English,real,"證明：對任意正實數 $a, b$ 及任意正整數 $n$, 不等式
$$
(a+b)^n - a^n - b^n \ge \frac{2^n-2}{2^{n-2}} \cdot ab(a+b)^{n-2}.
$$",,0,0,0,0,0,0,0,0,0
MATHNET-09ad,MathNet,Mongolian Mathematical Olympiad 46,,Mongolia,Geometry,Plane Geometry,,unknown,"Quadrilaterals > Inscribed/circumscribed quadrilaterals | Circles > Tangents | Advanced Configurations > Polar triangles, harmonic conjugates | Miscellaneous > Angle chasing",,,,True,,,,proof only,Mongolian,real,"Let $ABCD$ be a tangential quadrilateral. Let $\omega$ be externally inscribed circle in $ABCD$, tangent to $AD$, $BC$ and $AB$. Denote by $X_{AB}$ the point of tangency of $\omega$ and the circle that passes through $A$ and $B$ and internally tangent to $\omega$. Let us define $X_{BC}$, $X_{CD}$ and $X_{DA}$, analogously. Prove that the bisectors of the angles $\angle AX_{AB}B$, $\angle BX_{BC}C$, $\angle CX_{CD}D$ and $\angle DX_{DA}A$ are concurrent.",,1064,177,4,45,3,0,2,0,4
MATHNET-01ii,MathNet,Baltic Way 2023 Shortlist,,Baltic Way,Algebra | Discrete Mathematics,Algebraic Expressions | Combinatorics,,unknown,Functional Equations | Functional Equations > Injectivity / surjectivity | Induction / smoothing,,,,True,,,,proof and answer,English,real,"Let $\mathbb{Z}^+$ be the set of positive integers. Find all strictly increasing functions $\mathbb{Z}^+ \to \mathbb{Z}^+$ with $f(1) = 1$ that satisfy the equation
$$
3 \cdot (f(1) + f(2) + \dots + f(n)) = f(n+1) + f(n+2) + \dots + f(2n)
$$
for all $n \in \mathbb{Z}^+$.",f(n) = 2n - 1,2500,431,2,60,9,1,0,1,2
MATHNET-03b4,MathNet,Selection test for 27. Balkan Mathematical Olympiad,,Bulgaria,Discrete Mathematics | Geometry,Combinatorics | Plane Geometry,,unknown,Invariants / monovariants | Miscellaneous > Angle chasing,,,,True,,,,proof only,English,real,Lame rook is chess piece that is allowed to make moves only in the neighboring by edge cell. For 100 moves lame rook visited all cells of a $10 \times 10$ chessboard exactly once and finally arriving in the initial cell. Prove that some two consecutive moves of the rook are left turns.,,0,0,0,0,0,0,0,0,0
MATHNET-05ys,MathNet,PRÉPARATION OLYMPIQUE FRANÇAISE DE MATHÉMATIQUES,,France,Algebra | Number Theory,Algebraic Expressions | Divisibility / Factorization | Intermediate Algebra | Modular Arithmetic | Residues and Primitive Roots,,unknown,Multiplicative order | Inverses mod n | Sequences and Series > Recurrence relations | Logarithmic functions,,,,True,,,,proof and answer,,real,"Problem:

Soit $a \geqslant 2$ et $d \geqslant 2$ deux entiers premiers entre eux. On pose $x_{1}=1$; puis, pour tout entier $k \geqslant 1$, on pose $x_{k+1}=x_{k} / a$ si $a$ divise $x_{k}$, et $x_{k+1}=x_{k}+d$ sinon.
Trouver, en fonction de $a$ et de $d$, l'entier $\ell$ maximal pour lequel $a^{\ell}$ divise l'un des termes $x_{1}, x_{2}, x_{3}, \ldots$","ℓ = ⌊log_a d⌋ + 1 (equivalently, ℓ is the unique integer satisfying d < a^ℓ < a d)",1611,232,6,39,0,0,0,0,6
MATHNET-0dau,MathNet,SAUDI ARABIAN MATHEMATICAL COMPETITIONS,,Saudi Arabia,Discrete Mathematics,Combinatorics,,unknown,"Coloring schemes, extremal arguments",,,,True,,,,proof and answer,English,real,Determine the maximal number of disjoint crosses (5 squares) which can be put inside $8 \times 8$ chessboard such that sides of a cross are parallel to sides of the chessboard.,8,486,91,1,2,0,2,0,0,1
MATHNET-09mt,MathNet,Mongolian Mathematical Olympiad,,Mongolia,Number Theory,Divisibility / Factorization | Residues and Primitive Roots,,unknown,Factorization techniques | Multiplicative order,,,,True,,,,proof and answer,English,real,"Let $A = \{a_1, a_2, \dots, a_n\}$ be a set of positive integers with $n \ge 1$ elements. The set $A$ is called good if, for any two distinct subsets $X$ and $Y$ of $A$ (i.e., $X \neq Y$), the difference $S(X) - S(Y)$ is not divisible by $2^n$. Here, $S(X) = \sum_{a \in X} a$ denotes the sum of the elements in the subset $X \subseteq A$, and $S(\emptyset) = 0$ by definition.
Determine the number of good sets $A$ such that all elements in $A$ are less than $2^n$.
(Bayarmagnai Gombodorj)",2^{n(n-1)/2},1685,321,1,46,8,4,4,0,1
MATHNET-0kig,MathNet,Fall 2021 AMC 10 B,,United States,Algebra,Prealgebra / Basic Algebra,,unknown,Decimals | Integers,,,,False,,,,MCQ,English,real,"Let $N$ be the positive integer $7777\ldots777$, a $313$-digit number where each digit is a $7$. Let $f(r)$ be the leading digit of the $r$th root of $N$. What is $f(2) + f(3) + f(4) + f(5) + f(6)$?

(A) 8 (B) 9 (C) 11 (D) 22 (E) 29",A,777,160,2,26,1,0,0,1,2
MATHNET-0il8,MathNet,Harvard-MIT Mathematics Tournament,,United States,Algebra,Algebraic Expressions,,unknown,Sequences and Series > Telescoping series | Sequences and Series > Sums and products | Polynomials > Polynomial operations,,,,True,,,,proof and answer,,real,"Problem:
Compute the value of the infinite series
$$
\sum_{n=2}^{\infty} \frac{n^{4}+3 n^{2}+10 n+10}{2^{n} \cdot\left(n^{4}+4\right)}
$$",11/10,870,68,1,5,0,0,0,0,1
MATHNET-0dfz,MathNet,Saudi Arabian IMO Booklet,,Saudi Arabia,Number Theory,Diophantine Equations | Divisibility / Factorization,,unknown,"Greatest common divisors (gcd) | Prime numbers | Techniques: modulo, size analysis, order analysis, inequalities",,,,True,,,,proof and answer,English,real,"Determine the smallest positive integer $a$ for which there exist a prime number $p$ and a positive integer $b \ge 2$ such that
$$
\frac{a^p - a}{p} = b^2.
$$",9,694,118,2,28,1,2,1,0,2
MATHNET-0dgr,MathNet,Saudi Arabian IMO Booklet,,Saudi Arabia,Geometry,Plane Geometry,,unknown,"Advanced Configurations > Polar triangles, harmonic conjugates",,,,True,,,,proof only,English,real,"Given $\triangle ABC$, $D$ is on $BC$ and $P$ is on $AD$. A line $\ell$ is passing through $D$ intersects $AB$, $PB$ at $M$, $E$ respectively, and intersects $AC$ extended and $PC$ extended at $F$, $N$ respectively. Let $DE = DF$. Prove that $DM = DN$.",,0,0,0,0,0,0,0,0,0
MATHNET-03o9,MathNet,Canadian Mathematical Olympiad,,Canada,Geometry,Plane Geometry,,unknown,"Triangles > Triangle centers: centroid, incenter, circumcenter, orthocenter, Euler line, nine-point circle | Circles > Tangents | Transformations > Spiral similarity | Miscellaneous > Angle chasing",,,,True,,,,proof only,,real,"Problem:
Let $ABC$ be a triangle with circumcircle $\Gamma$ and $AB \neq AC$. Let $D$ and $E$ lie on the arc $BC$ of $\Gamma$ not containing $A$ such that $\angle BAE = \angle DAC$. Let the incenters of $BAE$ and $CAD$ be $X$ and $Y$ respectively, and let the external tangents of the incircles of $BAE$ and $CAD$ intersect at $Z$. Prove that $Z$ lies on the common chord of $\Gamma$ and the circumcircle of $AXY$.",,725,128,3,31,3,0,0,0,3
MATHNET-08ic,MathNet,THE 47-th MATHEMATIAL OLYMPIAD OF REPUBLIC OF MOLDOVA,,JBMO,Geometry,Plane Geometry,,unknown,Geometric Inequalities > Optimization in geometry | Miscellaneous > Distance chasing | Analytic / Coordinate Methods > Cartesian coordinates,,,,True,,,,proof and answer,,real,"Problem:

Let $x$ be a real number. Find the smallest value of the expression
$$\sqrt{x^{2}+2x+4}+\sqrt{x^{2}-\sqrt{3}\,x+1}.$$",sqrt(5 + 2*sqrt(3)),0,0,0,0,0,0,0,0,0
MATHNET-07gg,MathNet,38th Iranian Mathematical Olympiad,,Iran,Algebra | Discrete Mathematics,Combinatorics | Linear Algebra,,unknown,Invariants / monovariants | Matrices,,,,True,,,,proof only,,real,"An $n \times n$ Latin square is given. We are allowed to do the following operation on an $n \times n$ table. We can choose a cell in the square and add the same integer to the number of all the cells in the union of the row and the column of the chosen cell. Prove that one can do a finite number of such operations to reach every Latin square. (Note that the square after some initial steps need not to be a Latin square, and we can do the operation on each cell more than once.)",,1386,289,2,39,0,0,2,2,2
MATHNET-022e,MathNet,Nível 3,,Brazil,Algebra,Prealgebra / Basic Algebra,,unknown,Simple Equations,,,,True,,,,proof and answer,,real,"Problem:

Enchendo uma piscina - Uma piscina vazia foi abastecida de água por duas torneiras $A$ e $B$, ambas com vazão constante. Durante 4 horas, as duas torneiras ficaram abertas e encheram $50\%$ da piscina. Em seguida, a torneira $B$ foi fechada e durante 2 horas a torneira $A$ encheu $15\%$ do volume da piscina. Após este período a torneira $A$ foi fechada e a torneira $B$ aberta. Durante quanto tempo esta torneira teve de ficar aberta para que ela sozinha terminasse de encher a piscina?",7 hours,924,160,6,17,0,0,0,0,6
MATHNET-0h46,MathNet,Ukrainian Mathematical Olympiad,,Ukraine,Algebra,Algebraic Expressions,,unknown,Polynomials > Polynomial operations | Polynomials > Symmetric functions,,,,True,,,,proof and answer,English,real,"$$
\begin{cases} (x+y)(1+xy) + (x-y)^2 = 2, \\ x^3 + y^3 = 1. \end{cases}
$$","(1, 0), (0, 1)",253,56,2,5,0,0,0,0,2
MATHNET-0bxp,MathNet,THE 68th ROMANIAN MATHEMATICAL OLYMPIAD,,Romania,Geometry,Plane Geometry,,unknown,Quadrilaterals > Cyclic quadrilaterals | Miscellaneous > Angle chasing | Miscellaneous > Distance chasing,,,,True,,,,proof only,English,real,"Let $ABCD$ be a square. We take the points $E \in (AB)$, $N \in (CD)$ and $F, M \in (BC)$, such that the triangles $AMN$ and $DEF$ are equilateral. Prove that $PQ = FM$, where $\{P\} = AN \cap DE$ and $\{Q\} = AM \cap EF$.

![](attached_image_1.png)",,1022,145,1,20,5,0,0,0,1
MATHNET-01ug,MathNet,Belarusian Mathematical Olympiad,,Belarus,Discrete Mathematics | Number Theory,Combinatorics | Other,,unknown,Invariants / monovariants,,,,True,,,,proof and answer,English,real,"a) Given the ten digits from $0$ to $9$, prove that three numbers $A$, $B$, and $C$ can be formed by combining these digits, provided that each digit is used exactly once and $A+B=C$. Notice that $0$ may not be the first digit of any of the numbers.

b) Find all possible values of the sum of the digits of $C$.",9 or 18,1122,236,5,33,4,0,3,6,5
MATHNET-050a,MathNet,Selected Problems from Open Contests,,Estonia,Geometry,Plane Geometry,,unknown,Miscellaneous > Angle chasing | Miscellaneous > Constructions and loci | Transformations > Rotation,,,,True,,,,proof and answer,English,real,"Consider the diagonals $A_1A_3$, $A_2A_4$, $A_3A_5$, $A_4A_6$, $A_5A_1$ and $A_6A_2$ of a convex hexagon $A_1A_2A_3A_4A_5A_6$. The hexagon whose vertices are the points of intersection of the diagonals is regular. Can we conclude that the hexagon $A_1A_2A_3A_4A_5A_6$ is also regular?","Yes, the original hexagon must be regular.",1212,198,4,1,4,0,0,0,4
MATHNET-0cvk,MathNet,Final round,,Russia,Discrete Mathematics,Combinatorics,,unknown,"Invariants / monovariants | Coloring schemes, extremal arguments",,,,True,,,,proof and answer,English; Russian,real,"24 students attend a mathematical circle. For any team consisting of 6 students, the teacher considers it to be either good or OK. For the tournament of mathematical battles, the teacher wants to partition all the students into 4 teams of 6 students each. May it happen that every such partition contains either exactly three good teams or exactly one good team, and both options are present? (I. Bogdanov)",Yes,812,117,3,0,0,0,0,0,3
MATHNET-0bwb,MathNet,Eleventh STARS OF MATHEMATICS Competition,,Romania,Algebra | Number Theory,Algebraic Expressions | Algebraic Number Theory | Equations and Inequalities | Intermediate Algebra,,unknown,Sequences and Series > Sums and products | Quadratic functions | Algebraic numbers | Linear and quadratic inequalities,,,,True,,,,proof only,,real,"Let $2^{-n_1} + 2^{-n_2} + \dots + 2^{-n_k} + \dots$, where $1 \le n_1 < n_2 < \dots < n_k < \dots$, be the binary expansion of $(\sqrt{5}-1)/2$. Prove that $n_k \le 2^{k-1}-2$ for all integers $k \ge 4$.
*Amer. Math. Monthly*",,1140,209,4,23,3,0,0,0,4
MATHNET-08io,MathNet,7th JBMO,,JBMO,Algebra,Equations and Inequalities,,unknown,QM-AM-GM-HM / Power Mean,,,,True,,,,proof only,,real,"Problem:
Let $a, b, c$ be positive numbers such that $a^{2} b^{2} + b^{2} c^{2} + c^{2} a^{2} = 3$. Prove that
$$
a + b + c \geq a b c + 2
$$

Problem:
Fie $a, b, c$ numere pozitive astfel ca $a^{2} b^{2} + b^{2} c^{2} + c^{2} a^{2} = 3$. Demonstrați că $a + b + c \geq a b c + 2$.",,905,201,2,19,1,0,1,0,2
MATHNET-04up,MathNet,Czech-Polish-Slovak Match,,Czech Republic,Discrete Mathematics,Combinatorics,,unknown,"Games / greedy algorithms | Coloring schemes, extremal arguments | Invariants / monovariants",,,,True,,,,proof and answer,English,real,"Let $k \le 2022$ be a positive integer. Alice and Bob play a game on a $2022 \times 2022$ board. Initially, all cells are white. Alice starts and the players alternate. In her turn, Alice can either color one white cell in red or pass her turn. In his turn, Bob can either color a $k \times k$ square of white cells in blue or pass his turn. Once both players pass, the game ends and the person who colored more cells wins (a draw can occur). For each $1 \le k \le 2022$, determine which player (if any) has a winning strategy. (David Hruška)","Let n = 2022 and q = floor(n/k). Under optimal play Bob colors exactly floor(q^2/2) blocks, i.e., floor(q^2/2)·k^2 cells. Hence Bob never gets more than half the board. The outcome is a draw if and only if 2k divides 2022 (equivalently k ∈ {1, 3, 337, 1011}); for all other k, Alice has a winning strategy. Bob has no winning strategy for any k.",0,0,0,0,0,0,0,0,0
MATHNET-05ia,MathNet,Olympiades Françaises de Mathématiques,,France,Algebra | Number Theory,Algebraic Expressions | Divisibility / Factorization | Prealgebra / Basic Algebra,,unknown,Sequences and Series > Telescoping series | Least common multiples (lcm) | Fractions,,,,True,,,,proof only,,real,"Problem:
Soient $x_{1}, x_{2}, \ldots, x_{5}$ des réels tels que
$$
\left|x_{2}-x_{1}\right|=2\left|x_{3}-x_{2}\right|=3\left|x_{4}-x_{3}\right|=4\left|x_{5}-x_{4}\right|=5\left|x_{1}-x_{5}\right| .
$$
Montrer que ces cinq réels sont égaux.",,1057,86,1,15,0,0,0,0,1
MATHNET-0fxv,MathNet,IMO Selektion,,Switzerland,Discrete Mathematics | Geometry,Combinatorics | Plane Geometry,,unknown,Combinatorial Geometry > Convex hulls | Counting two ways | Invariants / monovariants,,,,True,,,,proof only,,real,"Problem:

Betrachte eine Menge $A$ von 2009 Punkten in der Ebene, von denen keine drei auf einer Geraden liegen. Ein Dreieck, dessen Eckpunkte alle in $A$ liegen, heißt internes Dreieck. Beweise, dass jeder Punkt aus $A$ im Innern einer geraden Anzahl interner Dreiecke enthalten ist.",,3530,558,14,72,0,0,0,0,14
MATHNET-01n3,MathNet,Belorusija 2012,,Belarus,Algebra,Algebraic Expressions,,unknown,Polynomials > Vieta's formulas | Polynomials > Intermediate Value Theorem,,,,True,,,,proof and answer,English,real,"A cubic trinomial $x^3 + px + q$ with integer coefficients $p$ and $q$ is said to be *irrational* if it has three pairwise distinct real irrational roots $\alpha_1$, $\alpha_2$, $\alpha_3$.
Find all irrational cubic trinomials for which the value of $|\alpha_1| + |\alpha_2| + |\alpha_3|$ is the minimal possible.",x^3 - 3x - 1 and x^3 - 3x + 1,1840,363,6,47,4,1,4,0,6
MATHNET-03w8,MathNet,China Southeastern Mathematical Olympiad,,China,Algebra | Number Theory,Diophantine Equations | Intermediate Algebra,,unknown,"Techniques: modulo, size analysis, order analysis, inequalities | Quadratic functions",,,,True,,,,proof and answer,English,real,Find the integer solutions of the function $x^2 - 2xy + 126y^2 = 2009$.,"(1, 4), (7, 4), (-1, -4), (-7, -4)",608,134,1,20,0,1,1,0,1
MATHNET-0a32,MathNet,Dutch Mathematical Olympiad,,Netherlands,Algebra,Algebraic Expressions,,unknown,Sequences and Series > Sums and products,,,,True,,,,proof and answer,,real,"Charlie has a thick book of $n$ pages in which, after opening, the first page on the right shows the page number $1$. Then all the pages are numbered continuously so that if you open the book just anywhere, you see an even page number on the left and an odd page number on the right. The very last page before the back cover has an even number. Unfortunately, someone tore a whole sheet of paper out of the book. Charlie counts the total number of digits of the page numbers on the $n - 2$ remaining pages and arrives at a total of $2024$ digits. (*Note that this is not the sum of the page numbers.*)
What is $n$?",1230,0,0,0,0,0,0,0,0,0
MATHNET-07nh,MathNet,Ireland,,Ireland,Geometry,Plane Geometry,,unknown,Circles > Tangents | Transformations > Homothety | Miscellaneous > Angle chasing,,,,True,,,,proof only,English,real,$AB$ and $CD$ are two parallel line segments. $AD$ and $BC$ intersect at $P$. Prove that the circumcircles of the triangles $ABP$ and $CDP$ touch at $P$.,,1345,240,6,44,4,0,3,0,6
MATHNET-0bfx,MathNet,The Tenth IMAR Mathematical Competition,,Romania,Algebra | Discrete Mathematics | Number Theory,Algebraic Expressions | Combinatorics | Other,,unknown,Invariants / monovariants | Sequences and Series > Floors and ceilings,,,,True,,,,proof and answer,,real,"For every non-negative integer $n$, let $s_n$ be the sum of the digits in the decimal expansion of $2^n$. Is the sequence $(s_n)_{n \in \mathbb{N}}$ eventually increasing?","No, the sequence is not eventually increasing.",739,130,1,12,0,1,1,0,1
MATHNET-0b9w,MathNet,SHORTLISTED PROBLEMS FOR THE 62nd NMO,,Romania,Calculus | Precalculus,Differential Calculus | Differential Equations | Trigonometric functions,,unknown,ODEs | Derivatives,,,,True,,,,proof and answer,,real,"Find all the functions $f : [-\frac{\pi}{2}; \frac{\pi}{2}] \to \mathbb{R}$ such that:
a. $f$ is differentiable on $[-\frac{\pi}{2}, \frac{\pi}{2}]$;
b. there exists an antiderivative $F$ of $f$ such that $F(x) + f'(x) \le 0, \forall x \in [-\frac{\pi}{2}, \frac{\pi}{2}]$ and $F(-\frac{\pi}{2}) = F(\frac{\pi}{2}) = 0$.",All solutions are f(x) = C · sin x for an arbitrary real constant C.,0,0,0,0,0,0,0,0,0
MATHNET-0au5,MathNet,17th Philippine Mathematical Olympiad Area Stage,,Philippines,Algebra,Intermediate Algebra,,unknown,Exponential functions,,,,True,,,,proof and answer,,real,"Problem:

Suppose that the function $y = f(x)$ satisfies $1 - y = \frac{9 e^{x} + 2}{12 e^{x} + 3}$. If $m$ and $n$ are consecutive integers so that $m < \frac{1}{y} < n$ for all real $x$, find the value of $mn$.",12,0,0,0,0,0,0,0,0,0
MATHNET-0kt8,MathNet,HMMT November 2022,,United States,Discrete Mathematics,Combinatorics,,unknown,Enumeration with symmetry,,,,False,,,,final answer only,,real,"Problem:

Kimothy starts in the bottom-left square of a $4 \times 4$ chessboard. In one step, he can move up, down, left, or right to an adjacent square. Kimothy takes $16$ steps and ends up where he started, visiting each square exactly once (except for his starting/ending square). How many paths could he have taken?",12,484,83,2,4,1,0,0,0,2
MATHNET-07dr,MathNet,Iranian Mathematical Olympiad,,Iran,Algebra,Algebraic Expressions | Intermediate Algebra,,unknown,Polynomials > Polynomial operations | Complex numbers,,,,True,,,,proof only,,real,"Let $P(z) = a_d z^d + a_{d-1} z^{d-1} + \dots + a_1 z + a_0$ be a polynomial with complex coefficients, the **reverse** of this polynomial is defined as
$$
P^*(z) = \overline{a_0}z^d + \overline{a_1}z^{d-1} + \dots + \overline{a_d}
$$

a. Prove that
$$
P^*(z) = z^d \overline{P\left(\frac{1}{z}\right)}
$$

b. Let $m$ be a positive integer. Let $q(z)$ be a non-constant monic polynomial which all of its roots lie on the perimeter or the interior of the unit circle. Prove that all the roots of the polynomial
$$
Q(z) = z^m q(z) + q^*(z)
$$
lie on the **perimeter** of the unit circle.",,1970,371,7,39,5,3,2,0,7
MATHNET-02c0,MathNet,,,Brazil,Algebra,Prealgebra / Basic Algebra,,unknown,Simple Equations,,,,False,,,,MCQ,,real,"Problem:

Dois tipos de vela têm o mesmo comprimento mas são feitas de material diferente; uma queima completamente em 3 horas e a outra em 4 horas, ambas queimam com velocidade uniforme. A que horas as velas devem ser acesas de modo que às 16 horas o comprimento de uma seja o dobro do da outra?

(a) $1: 24$
(b) $1: 28$
(c) $1: 36$
(d) $1: 40$
(e) $1: 48$",c,0,0,0,0,0,0,0,0,0
MATHNET-01t8,MathNet,66th Belarusian Mathematical Olympiad,,Belarus,Geometry,Plane Geometry,,unknown,"Circles > Tangents | Miscellaneous > Angle chasing | Analytic / Coordinate Methods > Cartesian coordinates | Advanced Configurations > Polar triangles, harmonic conjugates | Circles > Radical axis theorem",,,,True,,,,proof only,English,real,"Let $ABC$ be a triangle with $\angle C = 90^\circ$, and let $H$ be the foot of the altitude from $C$. A point $D$ is chosen inside the triangle $CBH$ so that $CH$ bisects $AD$. Let $P$ be the intersection point of the lines $BD$ and $CH$. Let $\omega$ be the semicircle with diameter $BD$ that meets the segment $CB$ at an interior point. A line through $P$ is tangent to $\omega$ at $Q$.

Prove that the lines $CQ$ and $AD$ meet on $\omega$.

(IMO-2015 Shortlist, Problem G3)",,0,0,0,0,0,0,0,0,0
MATHNET-0inz,MathNet,Harvard-MIT Mathematics Tournament,,United States,Algebra,Algebraic Expressions,,unknown,Polynomials > Vieta's formulas | Polynomials > Polynomial operations,,,,True,,,,proof and answer,,real,"Problem:

Consider the polynomial $P(x) = x^{3} + x^{2} - x + 2$. Determine all real numbers $r$ for which there exists a complex number $z$ not in the reals such that $P(z) = r$.",All real r with r < 49/27 or r > 3,715,164,2,19,2,0,0,0,2
MATHNET-02qx,MathNet,Nível 2,,Brazil,Geometry,Plane Geometry,,unknown,Miscellaneous > Angle chasing | Miscellaneous > Constructions and loci,,,,True,,,,proof and answer,,real,"Problem:

Um polígono convexo é elegante quando ele pode ser decomposto em triângulos equiláteros, quadrados ou ambos, todos com lados de mesmo comprimento. Abaixo, mostramos alguns polígonos elegantes, indicando para cada um deles uma decomposição e o número de lados.
![](attached_image_1.png)
4 lados
![](attached_image_2.png)
5 lados
![](attached_image_3.png)
6 lados
![](attached_image_4.png)
7 lados
a) Desenhe um polígono elegante de 8 lados, indicando uma decomposição.
b) Quais são as possíveis medidas dos ângulos internos de um polígono elegante?
c) Mostre que um polígono elegante não pode ter mais que 12 lados.
d) Desenhe um polígono elegante de 12 lados, indicando uma decomposição.","Possible interior angles are 60, 90, 120, and 150 degrees; the number of sides is at most 12.",936,152,5,15,0,0,0,0,5
MATHNET-02nt,MathNet,Brazilian Mathematical Olympiad,,Brazil,Geometry,Plane Geometry,,unknown,Triangles,,,,True,,,,proof and answer,,real,"Problem:

Uma companhia de eletricidade instalou um poste num terreno plano. Para fixar bem o poste, foram presos cabos no poste, a uma altura de $1{,}4$ metros do solo e a $2$ metros de distância do poste, sendo que um dos cabos mede $2{,}5$ metros, conforme a figura.



Um professor de Matemática, após analisar estas medidas, afirmou que o poste não está perpendicular ao solo. Você acha que o professor está certo? Justifique sua resposta.",Yes; the pole is not perpendicular to the ground.,786,136,4,12,0,0,0,0,4
MATHNET-01b7,MathNet,Baltic Way,,Baltic Way,Geometry,Plane Geometry,,unknown,Triangles > Triangle trigonometry | Quadrilaterals > Cyclic quadrilaterals | Miscellaneous > Angle chasing | Analytic / Coordinate Methods > Trigonometry,,,,True,,,,proof and answer,,real,"Given positive real numbers $a, b, c, d$ that satisfy equalities
$$
a^2 + d^2 - ad = b^2 + c^2 + bc \quad \text{and} \quad a^2 + b^2 = c^2 + d^2,
$$
find all possible values of the expression $\frac{ab+cd}{ad+bc}$.",sqrt(3)/2,2170,383,5,48,5,2,0,1,5
MATHNET-0e0d,MathNet,Selection Examinations for the IMO,,Slovenia,Geometry,Plane Geometry,,unknown,"Triangles > Triangle centers: centroid, incenter, circumcenter, orthocenter, Euler line, nine-point circle | Quadrilaterals > Cyclic quadrilaterals | Miscellaneous > Angle chasing",,,,True,,,,proof and answer,English,real,Let $ABC$ be an acute triangle and let $I$ be the incentre of the triangle $ABC$. The lines $AI$ and $BI$ meet the circumcircle of the triangle $ABC$ again at $A_1$ and $B_1$. The segments $A_1B_1$ and $CI$ meet at $C_1$. Let $S$ be the circumcentre of the triangle $IA_1C_1$. The lines $SC_1$ and $BI$ meet the segment $AC$ at $D$ and $E$. Find the angles of the triangle $ABC$ if $|CD| = |DE|$ and $\angle CBA = 2\angle ACB$.,"∠BAC = 2π/5, ∠CBA = 2π/5, ∠ACB = π/5",1743,301,3,31,2,0,1,1,3
MATHNET-01f7,MathNet,Baltic Way 2019,,Baltic Way,Algebra,Algebraic Expressions,,unknown,Functional Equations > Existential quantifiers | Sequences and Series > Recurrence relations,,,,True,,,,proof and answer,English,real,"Find all functions $f: \mathbb{R} \to [-2019, 2019]$, for which
$$
2f(f(x)) + f(f(-x)) + 8f(x) + 4f(-x) + 4x = 0
$$
for all real numbers $x$.",No such function exists.,1834,357,2,43,3,1,2,0,2
MATHNET-01ud,MathNet,Belarusian Mathematical Olympiad,,Belarus,Discrete Mathematics,Combinatorics,,unknown,"Recursion, bijection | Counting two ways",,,,True,,,,proof and answer,English,real,"Every one of six pupils attends exactly two of four hobby groups. There are no pupils attending the same two hobby groups. Each hobby group is open every day. During some consecutive days, every one of these six pupils has attended one of her/his hobby group. It has been observed that each of these days each hobby group has been attended by either one or two of the pupils. Moreover, for any chosen two days, there has been a pupil who has attended different hobby groups during these two days.
Find the largest number of the days for which the situation described above is possible.",24,2218,405,4,39,1,2,0,0,4
MATHNET-0iaq,MathNet,Harvard-MIT Mathematics Tournament,,United States,Discrete Mathematics | Geometry,Combinatorics | Plane Geometry,,unknown,"Triangles > Triangle centers: centroid, incenter, circumcenter, Euler line, nine-point circle | Induction / smoothing",,,,True,,,,proof and answer,,real,"Problem:

Consider a $2003$-gon inscribed in a circle and a triangulation of it with diagonals intersecting only at vertices. What is the smallest possible number of obtuse triangles in the triangulation?",1999,508,92,2,5,1,0,0,0,2
MATHNET-05qs,MathNet,PRÉPARATION OLYMPIQUE FRANÇAISE DE MATHÉMATIQUES,,France,Algebra,Algebraic Expressions,,unknown,Sequences and Series > Sums and products | Sequences and Series > Telescoping series,,,,True,,,,proof and answer,,real,"Problem:

Soit $n \geqslant 1$ un entier. Pour tout sous-ensemble non vide $A$ de $\{1,2, \ldots, n\}$, on note $P(A)$ le produit de tous les éléments de $A$. Par exemple, pour $A=\{2,4,7\}$, on a $P(A)=56$. Déterminer la somme des $\frac{1}{P(A)}$ lorsque $A$ parcourt tous les sous-ensembles non vides de $\{1,2, \ldots, n\}$.",n,495,40,4,6,0,0,0,1,4
MATHNET-087s,MathNet,Cesenatico,,Italy,Number Theory,Diophantine Equations | Modular Arithmetic,,unknown,"Fermat / Euler / Wilson theorems | Techniques: modulo, size analysis, order analysis, inequalities",,,,True,,,,proof only,,real,"Problem:

Dimostrare che esistono infiniti numeri primi che dividono almeno un intero della forma $2^{n^{3}+1}-3^{n^{2}+1}+5^{n+1}$ con $n$ intero positivo.",,1526,237,3,36,0,0,0,0,3
MATHNET-02f2,MathNet,XIV OBM,,Brazil,Geometry,Solid Geometry,,unknown,3D Shapes,,,,True,,,,proof and answer,English,real,Find all $n > 5$ for which it is possible to find a convex polyhedron with all $n$ faces congruent such that each face has another face parallel to it.,All even integers greater than 5,485,87,1,8,0,0,0,0,1
MATHNET-03vm,MathNet,China Mathematical Olympiad,,China,Discrete Mathematics | Geometry,Combinatorics | Plane Geometry,,unknown,"Quadrilaterals > Cyclic quadrilaterals | Miscellaneous > Distance chasing | Coloring schemes, extremal arguments | Pigeonhole principle",,,,True,,,,proof and answer,English,real,"Find the least positive integer $n$ with the following property: Paint each vertex of a regular $n$-gon arbitrarily with one of three colors, say red, yellow and blue, there must exist four vertices of the same color that constitute the vertices of some isogonal trapezoid.",17,3573,654,12,69,1,6,1,0,12
MATHNET-05u0,MathNet,PRÉPARATION OLYMPIQUE FRANÇAISE DE MATHÉMATIQUES,,France,Number Theory,Diophantine Equations | Divisibility / Factorization | Residues and Primitive Roots,,unknown,"Techniques: modulo, size analysis, order analysis, inequalities | Quadratic residues | Prime numbers",,,,True,,,,proof and answer,,real,"Problem:

Trouver tous les quadruplets d'entiers relatifs $(a, b, c, p)$ tels que $p$ soit un nombre premier et pour lesquels
$$
73 p^{2}+6=9 a^{2}+17 b^{2}+17 c^{2}
$$","(±1, ±1, ±4, 2) and (±1, ±4, ±1, 2)",1301,223,5,24,0,2,0,0,5
MATHNET-00fc,MathNet,APMO,,Asia Pacific Mathematics Olympiad (APMO),Algebra | Geometry,Plane Geometry | Prealgebra / Basic Algebra,,unknown,Combinatorial Geometry | Integers,,,,True,,,,proof and answer,English,real,"Determine all pairs $(h, s)$ of positive integers with the following property: If one draws $h$ horizontal lines and another $s$ lines which satisfy
(i) they are not horizontal,
(ii) no two of them are parallel,
(iii) no three of the $h+s$ lines are concurrent,
then the number of regions formed by these $h+s$ lines is $1992$.

Answer: $(995,1),(176,10)$, and $(80,21)$.","(995, 1), (176, 10), (80, 21)",1303,196,7,34,2,0,2,0,7
MATHNET-0fvr,MathNet,SMO Finalrunde,,Switzerland,Geometry,Plane Geometry,,unknown,Miscellaneous > Angle chasing | Miscellaneous > Distance chasing,,,,True,,,,proof only,,real,"Problem:

Drei gleich grosse Kreise $k_{1}$, $k_{2}$, $k_{3}$ schneiden sich nichttangential in einem Punkt $P$. Seien $A$ und $B$ die Mittelpunkte der Kreise $k_{1}$ und $k_{2}$. Sei $D$ bzw. $C$ der von $P$ verschiedene Schnittpunkt von $k_{3}$ mit $k_{1}$ bzw. $k_{2}$. Zeige, dass $A B C D$ ein Parallelogramm ist.",,1198,192,3,31,0,0,0,0,3
MATHNET-06rf,MathNet,52nd International Mathematical Olympiad 2011 Shortlist,,IMO,Discrete Mathematics | Geometry,Combinatorics | Plane Geometry,,unknown,Invariants / monovariants | Analytic / Coordinate Methods > Cartesian coordinates,,,,True,,,,proof and answer,,real,"Let $m$ be a positive integer and consider a checkerboard consisting of $m$ by $m$ unit squares. At the midpoints of some of these unit squares there is an ant. At time 0, each ant starts moving with speed 1 parallel to some edge of the checkerboard. When two ants moving in opposite directions meet, they both turn $90^{\circ}$ clockwise and continue moving with speed 1. When more than two ants meet, or when two ants moving in perpendicular directions meet, the ants continue moving in the same direction as before they met. When an ant reaches one of the edges of the checkerboard, it falls off and will not re-appear.

Considering all possible starting positions, determine the latest possible moment at which the last ant falls off the checkerboard or prove that such a moment does not necessarily exist.",3m/2 - 1,3304,576,12,44,4,4,4,1,12
MATHNET-0dvb,MathNet,2. matematično tekmovanje dijakov srednjih tehniških in strokovnih šol,,Slovenia,Geometry,Plane Geometry,,unknown,Analytic / Coordinate Methods > Cartesian coordinates | Triangles,,,,True,,,,proof and answer,,real,"Problem:

Nariši graf funkcije s predpisom $f(x) = -\sqrt{x^{2} - 6x + 9}$ in izračunaj ploščino lika, ki ga oklepa graf dane funkcije s koordinatnima osema.",9/2,257,39,7,7,0,0,0,0,7
MATHNET-03x3,MathNet,China Mathematical Competition,,China,Algebra,Intermediate Algebra,,unknown,Logarithmic functions | Quadratic functions,,,,True,,,,proof and answer,English,real,Suppose that the equation $\lg kx = 2\lg(x+1)$ has exactly one real root. Then the range of $k$ is ____.,k < 0 or k = 4,799,180,4,25,1,0,0,0,4
MATHNET-0eex,MathNet,16. tekmovanje v znanju matematike za dijake srednjih tehniških in strokovnih šol Državno tekmovanje,,Slovenia,Discrete Mathematics,Combinatorics,,unknown,Inclusion-exclusion,,,,True,,,,proof and answer,,real,"Problem:

Izbrati si moramo sedemmestno geslo, ki vsebuje vsaj eno črko in vsaj eno števko. Izbiramo lahko med znaki $A, B, C, G, J, M, R, Z$ in $3$.

a) Koliko je vseh možnih izbir za geslo, če se znaki ne smejo ponavljati?

b) Koliko je vseh možnih izbir za geslo, če se znaki lahko ponavljajo?",a) 141120; b) 2685816,716,130,9,8,0,0,0,0,9
MATHNET-0cnh,MathNet,Russian mathematical olympiad,,Russia,Discrete Mathematics,Algorithms | Combinatorics,,unknown,Games / greedy algorithms,,,,True,,,,proof only,English; Russian,real,"A balance and $100$ coins are given. Several coins are false. The number of false coins is greater than $0$ but less than $99$. All genuine coins have equal weights, and all false coins also have equal weights. The weight of a genuine coin is greater than the weight of a false one. It is permitted to perform a weighing on the balance, paying a coin before it. Prove that one can determine a true coin for sure. (The coin to be determined should not be paid for some weighing!)",,2057,345,2,27,0,0,0,0,2
MATHNET-09pd,MathNet,MMO2025 Round 4,,Mongolia,Geometry,Plane Geometry,,unknown,Circles > Radical axis theorem | Quadrilaterals > Cyclic quadrilaterals | Miscellaneous > Angle chasing,,,,True,,,,proof only,English,real,"Let $ABC$ be an acute triangle with altitudes $AD$, $BE$, and $CF$. Let $\omega$ be the circle with diameter $BC$, and suppose it intersects the segment $AD$ at point $K$ inside triangle $ABC$. On ray $KD$, let $L$ be a point such that $KA = KL$. Let lines $BL$ and $CL$ intersect the circle $\omega$ again at points $P$ and $Q$, respectively. Prove that lines $AD$, $QE$, and $PF$ are concurrent.

(Bilegdemberel Bat-Amgalan)",,716,120,5,22,2,0,0,0,5
MATHNET-0b09,MathNet,Philippines Mathematical Olympiad,,Philippines,Number Theory,Modular Arithmetic | Residues and Primitive Roots,,unknown,Multiplicative order,,,,True,,,,proof and answer,,real,"Problem:

For a positive integer $x$, let $f(x)$ be the last two digits of $x$. Find
$$
\sum_{n=1}^{2019} f\left(7^{7^{n}}\right).
$$",50493,0,0,0,0,0,0,0,0,0
MATHNET-03xa,MathNet,China Mathematical Competition,,China,Algebra | Geometry,Algebraic Expressions | Equations and Inequalities | Plane Geometry,,unknown,Analytic / Coordinate Methods > Cartesian coordinates | Analytic / Coordinate Methods > Vectors | Polynomials > Vieta's formulas | Linear and quadratic inequalities,,,,True,,,,proof and answer,English,real,"Suppose that the line $l$: $y = kx + m$ ($k$, $m$ are integers) intercepts an ellipse $\frac{x^2}{16} + \frac{y^2}{12} = 1$ at two different points $A$, $B$, and intercepts the hyperbola $\frac{x^2}{4} - \frac{y^2}{12} = 1$ at two different points $C$, $D$. Can the line $l$ be such that $\vec{AC} + \vec{BD} = 0$? If yes, how many different possibilities are there for the line $l$? If no, explain the reason.",9,1276,244,1,35,3,0,0,0,1
MATHNET-0cha,MathNet,74th Romanian Mathematical Olympiad,,Romania,Calculus | Precalculus,Differential Calculus | Integral Calculus | Limits,,unknown,Techniques > Single-variable | Applications,,,,True,,,,proof and answer,English,real,"Consider a continuous function $f : [0, 1] \to \mathbb{R}$ with $f(1) = 0$. Prove that the following limit exists and calculate its value:
$$
\lim_{t \to 1^+} \left( \frac{1}{1-t} \cdot \int_{0}^{1} x(f(tx) - f(x)) \, dx \right).
$$","2\int_{0}^{1} x f(x) \, dx",1242,228,1,26,0,0,0,0,1
MATHNET-023f,MathNet,Desafios,,Brazil,Discrete Mathematics,Combinatorics,,unknown,"Invariants / monovariants | Coloring schemes, extremal arguments | Counting two ways",,,,True,,,,proof and answer,,real,"Problem:

Guilherme escreveu um número em cada casa de um tabuleiro $8 \times 8$ de modo que a soma dos números das casas vizinhas de cada casa do tabuleiro é igual a 1. Calcule a soma de todos os números escritos por Guilherme.

Observação: duas casas são vizinhas se possuem um lado em comum.",20,648,203,6,0,0,0,0,0,6
MATHNET-0aj0,MathNet,European Mathematical Cup,,North Macedonia,Algebra,Equations and Inequalities,,unknown,QM-AM-GM-HM / Power Mean | Muirhead / majorization,,,,True,,,,proof only,English,real,"Let $a, b, c$ be positive real numbers such that $abc = 1$. Prove that
$$
\frac{a+b+c+3}{4} \ge \frac{1}{a+b} + \frac{1}{b+c} + \frac{1}{c+a}.
$$",,2002,287,2,25,0,1,0,0,2
MATHNET-0ed9,MathNet,Slovenija 2016,,Slovenia,Geometry,Plane Geometry,,unknown,"Quadrilaterals > Cyclic quadrilaterals | Circles > Tangents | Concurrency and Collinearity > Ceva's theorem | Concurrency and Collinearity > Menelaus' theorem | Advanced Configurations > Brocard point, symmedians | Miscellaneous > Angle chasing",,,,True,,,,proof only,,real,"Let $ABCD$ be a cyclic quadrilateral and let $\mathcal{K}$ be its circumcircle. Denote the intersection of the lines $AB$ and $CD$ by $E$, so that $|AB| = |BE|$. Denote the intersection of the tangents to $\mathcal{K}$ from $B$ and $D$ by $F$, so that $AB$ and $DF$ are parallel. Show that the points $A, C$ and $F$ are collinear.",,2824,499,6,93,7,0,2,0,6
MATHNET-0hdo,MathNet,60th Ukrainian National Mathematical Olympiad,,Ukraine,Algebra | Discrete Mathematics,Algebraic Expressions | Combinatorics,,unknown,Enumeration with symmetry | Sequences and Series > Sums and products,,,,True,,,,proof only,,real,"A palindromic number is a number whose digits stand symmetrically with respect to the center of the number's decimal notation, for instance, $7$, $1221$ and $57575$ are palindromic, while $1212$ and $3330$ are not. Prove that for any number of pairwise distinct palindromic numbers the sum of their reciprocals is not greater than $11$.
(Arsenii Nikolaiev)",,1259,186,4,23,5,0,0,5,4
MATHNET-0bq8,MathNet,Olimpiada Națională de Matematică - Etapa Locală,,Romania,Algebra,Algebraic Expressions,,unknown,Functional Equations | Functional Equations > Injectivity / surjectivity,,,,True,,,,proof only,,real,"Problem:

Se consideră funcţia $f:(0, \infty) \rightarrow \mathbf{R}$ cu proprietatea că
$$
f(x y)=f(x)+f(y) \text{ pentru orice } x, y \in (0, \infty)
$$
a) Arătaţi că $f(1)=0$ şi $f\left(\frac{1}{x}\right)=-f(x)$ pentru orice $x \in (0, \infty)$;
b) Arătaţi că dacă 1 este singura soluţie a ecuaţiei $f(x)=0$, atunci funcţia $f$ este injectivă.",,893,157,7,25,3,0,0,0,7
MATHNET-0bui,MathNet,Olimpiada de Matematică,,Romania,Algebra,Prealgebra / Basic Algebra,,unknown,Simple Equations,,,,True,,,,proof and answer,,real,"Problem:

Produsul a două numere este 540. Dacă primul număr s-ar mări cu 5, atunci produsul lor ar fi 600. Aflați numerele.",45 and 12,576,129,5,15,0,0,0,0,5
MATHNET-0j9k,MathNet,Harvard-MIT Mathematics Tournament,,United States,Algebra | Discrete Mathematics,Combinatorics | Intermediate Algebra,,unknown,Algebraic properties of binomial coefficients | Complex numbers,,,,True,,,,proof and answer,,real,"Problem:

Jacob starts with some complex number $x_{0}$ other than $0$ or $1$. He repeatedly flips a fair coin. If the $n^{\text{th}}$ flip lands heads, he lets $x_{n} = 1 - x_{n-1}$, and if it lands tails he lets $x_{n} = \frac{1}{x_{n-1}}$. Over all possible choices of $x_{0}$, what are all possible values of the probability that $x_{2012} = x_{0}$?","1, (2^{2011}+1)/(3*2^{2011})",3370,569,12,60,4,1,1,0,12
MATHNET-0a2l,MathNet,BxMO/EGMO Team Selection Test,,Netherlands,Discrete Mathematics,Combinatorics,,unknown,"Invariants / monovariants | Coloring schemes, extremal arguments",,,,True,,,,proof and answer,English,real,"We have an $n \times n$-board with $n \ge 3$ of which each square can be coloured white or black separately. Each move we change the colour of five chosen squares in the possibly rotated version of the following pentomino pattern.
![](attached_image_1.png)
At the beginning, all the squares are white. Determine for which $n$ it is possible to make all squares black after a finite number of moves.","All n that are even, and all multiples of 3 except n = 3.",2068,377,5,52,2,2,3,0,5
MATHNET-0d0s,MathNet,Saudi Arabia Mathematical Competitions 2012,,Saudi Arabia,Algebra,Algebraic Expressions | Prealgebra / Basic Algebra,,unknown,Integers | Sequences and Series > Sums and products,,,,True,,,,proof only,English,real,"Prove that for every positive integer $n$ the number
$$
N = \underbrace{44\dots4}_{n} \underbrace{88\dots8}_{n} - 1 \underbrace{33\dots3}_{n-1} 2,
$$
is a perfect square.",,508,75,1,5,1,0,0,0,1
MATHNET-0d7c,MathNet,SAUDI ARABIAN MATHEMATICAL COMPETITIONS,,Saudi Arabia,Number Theory,Diophantine Equations | Divisibility / Factorization | Modular Arithmetic | Residues and Primitive Roots,,unknown,"Factorization techniques | Polynomials mod p | Multiplicative order | Techniques: modulo, size analysis, order analysis, inequalities",,,,True,,,,proof only,English,real,Let $u$ and $v$ be positive rational numbers with $u \neq v$. Assume that there are infinitely many positive integers $n$ with the property that $u^{n}-v^{n}$ are integers. Prove that $u$ and $v$ are integers.,,1347,280,5,36,0,1,4,1,5
MATHNET-04i0,MathNet,Croatia Mathematical Competitions,,Croatia,Algebra | Geometry,Algebraic Expressions | Plane Geometry,,unknown,Circles | Sequences and Series > Sums and products,,,,True,,,,proof and answer,,real,"There are $100$ circles in the plane, all having the same centre with radii $1$, $2$, $\ldots$, $100$. The smallest circle is coloured in red and each of the $99$ annuli bounded by two circles is coloured in red or green, such that adjacent regions are of different colour. Determine the total area of green regions.",5050π,0,0,0,0,0,0,0,0,0
MATHNET-04a3,MathNet,CroatianCompetitions2011,,Croatia,Discrete Mathematics,Combinatorics,,unknown,"Induction / smoothing | Recursion, bijection",,,,True,,,,proof only,,real,"Let $k$ be an arbitrary nonnegative integer. Prove that we can find $4 \cdot 2^k$ distinct positive integers not greater than $5 \cdot 3^k$, such that no three of them are consecutive terms of an arithmetic progression.",,1620,337,7,40,2,1,1,0,7
MATHNET-0d4o,MathNet,SAMC,,Saudi Arabia,Algebra | Discrete Mathematics,Algebraic Expressions | Combinatorics | Equations and Inequalities,,unknown,Cauchy-Schwarz | Induction / smoothing | Sequences and Series > Telescoping series,,,,True,,,,proof only,"English, Arabic",real,"Let $a_{1} \geq a_{2} \geq \cdots \geq a_{n}>0$ be real numbers. Prove that
$$
a_{1} a_{2}\left(a_{1}-a_{2}\right)+a_{2} a_{3}\left(a_{2}-a_{3}\right)+\cdots+a_{n-1} a_{n}\left(a_{n-1}-a_{n}\right) \geq a_{1} a_{n}\left(a_{1}-a_{n}\right) .
$$",,2789,257,2,30,3,3,1,1,2
MATHNET-0gqo,MathNet,Team Selection Test,,Turkey,Algebra,Equations and Inequalities,,unknown,QM-AM-GM-HM / Power Mean | Linear and quadratic inequalities,,,,True,,,,proof only,,real,"Show that for all positive real numbers $x$, $y$, $z$ satisfying $x^2 + y^2 + z^2 \le x + y + z$ the following inequality is held:
$$
\frac{x^2+3}{x^3+1} + \frac{y^2+3}{y^3+1} + \frac{z^2+3}{z^3+1} \ge 6
$$",,493,116,1,11,1,0,0,0,1
MATHNET-0fwn,MathNet,SMO Finalrunde,,Switzerland,Algebra,Equations and Inequalities,,unknown,QM-AM-GM-HM / Power Mean,,,,True,,,,proof and answer,,real,"Problem:
Finde alle Paare $(\alpha, \beta)$ von positiven reellen Zahlen mit folgenden Eigenschaften:

a. Für alle positiven reellen Zahlen $x, y, z, w$ gilt
$$
x + y^{2} + z^{3} + w^{6} \geq \alpha (x y z w)^{\beta}
$$

b. Es gibt ein Quadrupel $(x, y, z, w)$ von positiven reellen Zahlen, sodass in (a) Gleichheit gilt.","(alpha, beta) = (2^{4/3} * 3^{1/4}, 1/2)",1340,198,2,18,0,0,0,0,2
MATHNET-02h7,MathNet,Brazil,,Brazil,Geometry,Plane Geometry | Solid Geometry,,unknown,Other 3D problems | Analytic / Coordinate Methods > Cartesian coordinates | Transformations > Translation,,,,True,,,,proof and answer,English,real,A square is contained in a cube when all of its points are in the faces or in the interior of the cube. Determine the biggest $l$ such that there exists a square of side $l$ contained in a cube with edge $1$.,3√2/4,2485,427,5,31,1,3,3,0,5
MATHNET-0iqa,MathNet,Harvard-MIT Mathematics Tournament,,United States,Geometry,Plane Geometry,,unknown,Circles > Tangents | Miscellaneous > Angle chasing,,,,False,,,,final answer only,,real,"Problem:

Given right triangle $ABC$, with $AB = 4$, $BC = 3$, and $CA = 5$. Circle $\omega$ passes through $A$ and is tangent to $BC$ at $C$. What is the radius of $\omega$?",25/8,324,62,3,13,0,0,0,0,3
MATHNET-0cww,MathNet,LI Всероссийская математическая олимпиада школьников,,Russia,Discrete Mathematics,Combinatorics,,unknown,"Pigeonhole principle | Coloring schemes, extremal arguments",,,,True,,,,proof and answer,Russian,real,"The chess King was placed on a cell of the board $8 \times 8$, and then he made $64$ moves so that he visited all the cells and returned back to the initial cell. At each moment, we calculate the distance from the center of the cell occupied by the King to the center of the board. We call the move *pleasant* if after the move this distance became less than it was before the move. Find the greatest possible number of pleasant moves.

(By one move the chess King moves to a cell adjacent by a side or by a vertex.)",44,1378,252,7,19,3,0,2,0,7
MATHNET-072g,MathNet,INMO,,India,Algebra | Discrete Mathematics,Combinatorics | Prealgebra / Basic Algebra,,unknown,Integers | Invariants / monovariants,,,,True,,,,proof only,,real,"Problem:
Let $x_{1}$ be a given positive integer. A sequence $\langle x_{n}\rangle_{n=1}^{\infty} = \langle x_{1}, x_{2}, x_{3}, \cdots \rangle$ of positive integers is such that $x_{n}$, for $n \geq 2$, is obtained from $x_{n-1}$ by adding some nonzero digit of $x_{n-1}$. Prove that
(a) the sequence has an even number;
(b) the sequence has infinitely many even numbers.",,1475,280,2,33,3,2,1,0,2
MATHNET-0e5q,MathNet,National Math Olympiad 2012,,Slovenia,Algebra,Algebraic Expressions,,unknown,Functional Equations > Injectivity / surjectivity | Functional Equations > Existential quantifiers,,,,True,,,,proof only,,real,"Prove that there is no injective function $f: \mathbb{R} \to \mathbb{R}$ such that
$$
f(f(x) + y) = f(x + y) + f(2012) \quad \text{for all } x, y \in \mathbb{R}.
$$",,374,78,1,8,1,1,2,0,1
MATHNET-08a3,MathNet,Progetto Olimpiadi della Matematica,,Italy,Algebra,Algebraic Expressions,,unknown,Polynomials | Functional Equations,,,,False,,,,MCQ,,real,"Problem:

Sapendo che il polinomio $p$ è tale che, per ogni intero $n$, $p\left(5^{n}-1\right)=5^{5 n}-1$, quanto varrà $p(3)$?

(A) 1023
(B) 999
(C) 874
(D) 242
(E) 0",A,468,77,2,12,0,0,0,0,2
MATHNET-0103,MathNet,Baltic Way 1997,,Baltic Way,Algebra | Number Theory,Diophantine Equations | Equations and Inequalities,,unknown,"Techniques: modulo, size analysis, order analysis, inequalities | Linear and quadratic inequalities",,,,True,,,,proof and answer,,real,"Problem:
Find all triples $(a, b, c)$ of non-negative integers satisfying $a \geqslant b \geqslant c$ and $1 \cdot a^{3} + 9 \cdot b^{2} + 9 \cdot c + 7 = 1997$.","(10, 10, 10)",565,120,3,15,3,1,1,0,3
MATHNET-0jxp,MathNet,HMMT November,,United States,Geometry,Plane Geometry,,unknown,Circles > Radical axis theorem | Miscellaneous > Distance chasing,,,,True,,,,proof and answer,,real,"Problem:

Triangle $ABC$ has side lengths $AB = 15$, $BC = 18$, $CA = 20$. Extend $CA$ and $CB$ to points $D$ and $E$ respectively such that $DA = AB = BE$. Line $AB$ intersects the circumcircle of $CDE$ at $P$ and $Q$. Find the length of $PQ$.",37,697,191,2,18,1,1,0,0,2
MATHNET-0fre,MathNet,Spain,,Spain,Geometry,Plane Geometry,,unknown,Quadrilaterals | Triangles > Triangle trigonometry | Miscellaneous > Constructions and loci,,,,True,,,,proof only,,real,"Problem:

$ABCD$ es un cuadrilátero convexo verificando $AB > BC$, $CD = DA$ y $\angle ABD = \angle DBC$. Sea $E$ el punto de la recta $AB$ tal que $\angle DEB = 90^{\circ}$. Probar que $AE = \frac{AB - BC}{2}$.",,976,189,6,24,0,0,0,0,6
MATHNET-09hn,MathNet,Round 2,,Mongolia,Algebra | Number Theory,Other | Prealgebra / Basic Algebra,,unknown,Integers,,,,True,,,,proof and answer,,real,Is the sum $1^1 + 2^2 + 3^3 + \dots + 2021^{2021}$ a perfect square?,No,0,0,0,0,0,0,0,0,0
MATHNET-01x5,MathNet,69th Belarusian Mathematical Olympiad,,Belarus,Algebra,Algebraic Expressions | Equations and Inequalities | Intermediate Algebra,,unknown,Polynomials > Vieta's formulas | QM-AM-GM-HM / Power Mean | Quadratic functions,,,,True,,,,proof only,English,real,"Positive real numbers $a$ and $b$ satisfy the following conditions: the function $f(x) = x^3 + a x^2 + 2b x - 1$ has three different real roots, while the function $g(x) = 2x^2 + 2b x + a$ does not have real roots.
Prove that $a - b > 1$.",,1024,234,2,24,5,0,0,0,2
MATHNET-06jk,MathNet,CHKMO,,Hong Kong,Algebra | Discrete Mathematics,Algebraic Expressions | Combinatorics,,unknown,Generating functions | Enumeration with symmetry | Polynomials > Roots of unity,,,,True,,,,proof and answer,,real,"Let $k$ be a positive integer. Find the number of nonnegative integers $n$ less than or equal to $10^k$ satisfying the following conditions:
(i) $n$ is divisible by $3$;
(ii) Each decimal digit of $n$ is one of the digits $2$, $0$, $1$ or $7$.",If k is divisible by 3: (4^k + 2)/3; otherwise: (4^k - 1)/3.,1301,251,8,36,1,0,6,0,8
MATHNET-0j09,MathNet,Harvard-MIT November Tournament,,United States,Geometry,Plane Geometry,,unknown,Circles | Analytic / Coordinate Methods > Cartesian coordinates,,,,False,,,,final answer only,,real,"Problem:
A circle of radius $6$ is drawn centered at the origin. How many squares of side length $1$ and integer coordinate vertices intersect the interior of this circle?",132,933,158,5,27,0,0,0,0,5
MATHNET-0bl4,MathNet,SHORTLISTED PROBLEMS FOR THE 66th NMO,,Romania,Algebra,Equations and Inequalities,,unknown,Linear and quadratic inequalities,,,,True,,,,proof only,,real,"Prove that if $a, b, c \in [\frac{1}{\sqrt{6}}, 6]$, then
$$
\frac{4}{a+3b} + \frac{4}{b+3c} + \frac{4}{c+3a} \ge \frac{3}{a+2b} + \frac{3}{b+2c} + \frac{3}{c+2a}.
$$",,0,0,0,0,0,0,0,0,0
MATHNET-0efy,MathNet,"61. matematično tekmovanje srednješolcev Slovenije, Odbirno tekmovanje",,Slovenia,Statistics,Probability,,unknown,Counting Methods > Other,,,,True,,,,proof and answer,,real,"Problem:

Najmanj kolikokrat moramo hkrati vreči dve pošteni igralni kocki, da bo verjetnost, da bomo vsaj enkrat na obeh kockah hkrati vrgli enako število pik, večja od $\frac{1}{2}$ ?",4,996,154,3,16,0,0,0,0,3
MATHNET-0coi,MathNet,Final round,,Russia,Discrete Mathematics,Combinatorics,,unknown,"Invariants / monovariants | Coloring schemes, extremal arguments",,,,True,,,,proof only,English; Russian,real,"Given a square grid $n \times n$ ($n \ge 4$). Initially each of $n$ cells of one diagonal contains a sign “+” while each other cell contains a sign “-”. By one move it is allowed to choose a row or a column and replace each sign “-” by “+”, and vice versa. Prove that at any moment the number of signs “+” is not less than $n$. (R. Karasev)

В клетчатой таблице $n \times n$ ($n \ge 4$) поставлены $n$ знаков «+» в клетках одной диагонали и знаки «-» во всех остальных клетках. Разрешается в некоторой строке или в некотором столбце поменять все знаки на противоположные. Докажите, что после любого количества таких операций в таблице останется не менее $n$ плюсов. (Р. Карасёев)",,3388,535,4,39,0,0,0,0,4
MATHNET-01dv,MathNet,Baltic Way shortlist,,Baltic Way,Algebra,Algebraic Expressions,,unknown,Polynomials > Polynomial operations,,,,True,,,,proof and answer,English,real,"A polynomial $f(x)$ with real coefficients is called generating, if for each polynomial $\varphi(x)$ with real coefficients there exists positive integer $k$ and polynomials $g_1(x), \dots, g_k(x)$ such that
$$
\varphi(x) = f(g_1(x)) + \dots + f(g_k(x)).
$$

Find all generating polynomials.",All real-coefficient polynomials of odd degree.,1592,272,3,36,4,1,2,3,3
MATHNET-00ug,MathNet,BMO 2023 Short List,,Balkan Mathematical Olympiad,Discrete Mathematics,Combinatorics,,unknown,Games / greedy algorithms | Invariants / monovariants,,,,True,,,,proof and answer,,real,"Joe and Penny play a game. Initially there are 5000 stones in a pile, and the two players remove stones from the pile by making a sequence of moves. On the $k$th move, any number of stones between 1 and $k$ inclusive may be removed. Joe makes the odd-numbered moves and Penny makes the even-numbered moves. The player who removes the very last stone is the winner. Who wins if both players play perfectly?",Penny,792,166,3,18,2,0,2,0,3
MATHNET-0iew,MathNet,Harvard-MIT Mathematics Tournament,,United States,Discrete Mathematics,Combinatorics,,unknown,Expected values,,,,False,,,,final answer only,,real,"Problem:
If $a$, $b$, and $c$ are random real numbers from $0$ to $1$, independently and uniformly chosen, what is the average (expected) value of the smallest of $a$, $b$, and $c$?",1/4,602,113,1,19,1,0,1,0,1
MATHNET-0jet,MathNet,HMMT November 2013,,United States,Discrete Mathematics | Geometry,Combinatorics | Plane Geometry,,unknown,Analytic / Coordinate Methods > Cartesian coordinates | Inclusion-exclusion,,,,False,,,,final answer only,,real,"Problem:

Suppose $A$, $B$, $C$, and $D$ are four circles of radius $r>0$ centered about the points $(0, r)$, $(r, 0)$, $(0,-r)$, and $(-r, 0)$ in the plane. Let $O$ be a circle centered at $(0,0)$ with radius $2 r$. In terms of $r$, what is the area of the union of circles $A$, $B$, $C$, and $D$ subtracted by the area of circle $O$ that is not contained in the union of $A$, $B$, $C$, and $D$?

(The union of two or more regions in the plane is the set of points lying in at least one of the regions.)",8r^2,1131,213,6,22,0,0,0,0,6
MATHNET-03di,MathNet,Bulgaria 2022,,Bulgaria,Algebra | Number Theory,Algebraic Expressions | Divisibility / Factorization,,unknown,Polynomials > Polynomial operations | Greatest common divisors (gcd),,,,True,,,,proof and answer,,real,"Factorize the polynomial $P = (x^4 - 40x^2 + 144)(x^3 - 16x)$ and compute $\gcd(P(10), P(91))$.",315,517,111,2,16,2,0,0,0,2
MATHNET-0gda,MathNet,"二〇一九數學奧林匹亞競賽第二階段選訓營,模擬競賽(一)",,Taiwan,Discrete Mathematics,Combinatorics,,unknown,"Games / greedy algorithms | Coloring schemes, extremal arguments",,,,True,,,,proof and answer,,real,"Alice 和 Bob 組隊玩一場遊戲。在遊戲開始時,他們兩人會被丟到一台列車上的兩個位置,列車總長為 $1$ 公里。列車是封閉且全黑的,所以除非他們在車頭或車尾,否則他們不會知道自己的位置,他們也無從知道隊友的位置。遊戲配給兩人各一台儀器,儀器的左半邊會顯示:
- 持有人目前面向什麼方向(所以他/她可以選擇往車頭或車尾移動);
- 持有人目前已經移動的總距離;
- 持有人目前是否碰到車頭;
- 持有人目前是否碰到車尾。
儀器的右半邊,則顯示隊友的儀器左半邊所呈現的資訊。遊戲會在兩人遇到彼此(雙方位置重合)的瞬間結束。
假設 Alice 和 Bob 在遊戲開始前先被充分告知列車的狀態以及儀器的所有功能,且可以先共同討論他們的策略。試求最小的實數 $x$, 讓 Alice 和 Bob 存在一套策略,使得不論遊戲開始時兩人被放到什麼位置,他們都能夠保證在遊戲結束時,兩人的移動距離和不超過 $x$ 公里。",1.5,504,50,3,13,0,0,0,0,3
MATHNET-0jv5,MathNet,HMMT November 2016,,United States,Discrete Mathematics,Combinatorics,,unknown,Algebraic properties of binomial coefficients,,,,True,,,,proof and answer,,real,"Problem:

The numbers $1, 2, \cdots, 11$ are arranged in a line from left to right in a random order. It is observed that the middle number is larger than exactly one number to its left. Find the probability that it is larger than exactly one number to its right.",10/33,729,112,2,12,1,1,1,1,2
MATHNET-0fhe,MathNet,OME 27,,Spain,Geometry,Plane Geometry,,unknown,"Triangles > Triangle centers: centroid, incenter, circumcenter, orthocenter, Euler line, nine-point circle | Circles > Tangents | Quadrilaterals > Cyclic quadrilaterals | Miscellaneous > Angle chasing",,,,True,,,,proof and answer,,real,"Problem:

Sean $A'$, $B'$ y $C'$ los puntos de tangencia de los lados $BC$, $CA$ y $AB$ de un triángulo con su circunferencia inscrita. Sea $D$ el punto de intersección de $C'A'$ con la bisectriz del ángulo del vértice $A$. Calcular el valor del ángulo $\widehat{ADC}$.",90°,780,124,4,23,0,0,0,0,4
MATHNET-0iqf,MathNet,1st Annual Harvard-MIT November Tournament,,United States,Geometry,Plane Geometry,,unknown,Geometric Inequalities > Optimization in geometry | Miscellaneous > Distance chasing,,,,True,,,,proof and answer,,real,"Problem:

Let $ABC$ be a triangle, and let $M$ be the midpoint of side $AB$. If $AB$ is $17$ units long and $CM$ is $8$ units long, find the maximum possible value of the area of $ABC$.",68,218,41,3,6,1,0,0,0,3
MATHNET-0ay0,MathNet,Philippine Mathematical Olympiad,,Philippines,Algebra | Number Theory,Algebraic Expressions | Divisibility / Factorization,,unknown,Prime numbers | Factorization techniques | Sequences and Series > Floors and ceilings,,,,True,,,,proof and answer,,real,"Problem:

Find the largest positive integer $x$ such that $2017!$ is divisible by $19^{x}$.",111,330,49,4,9,1,0,0,0,4
MATHNET-02cu,MathNet,,,Brazil,Algebra,Prealgebra / Basic Algebra,,unknown,Fractions,,,,False,,,,MCQ,,real,"Problem:

Uma distração - Em vez de multiplicar certo número por $6$, Julia se distraiu e dividiu o número por $6$. O erro cometido por Julia foi de aproximadamente

(a) $100\%$
(b) $97\%$
(c) $83\%$
(d) $17\%$
(e) $3\%$",b,0,0,0,0,0,0,0,0,0
MATHNET-0ft3,MathNet,IMO - Selektion,,Switzerland,Algebra | Geometry,Equations and Inequalities | Plane Geometry,,unknown,Triangles > Triangle inequalities | Geometric Inequalities > Triangle inequalities | QM-AM-GM-HM / Power Mean | Jensen / smoothing,,,,True,,,,proof and answer,,real,"Problem:
Seien $a$, $b$ und $c$ die Seiten eines Dreiecks. Beweise die Ungleichung
$$
\sqrt{a+b-c} + \sqrt{c+a-b} + \sqrt{b+c-a} \leq \sqrt{a} + \sqrt{b} + \sqrt{c}
$$
Wann gilt das Gleichheitszeichen?",Equality holds if and only if the triangle is equilateral.,567,104,1,16,0,0,0,0,1
MATHNET-08gj,MathNet,Olimpiadi di Matematica,,Italy,Number Theory,Diophantine Equations | Divisibility / Factorization,,unknown,"Factorization techniques | Techniques: modulo, size analysis, order analysis, inequalities",,,,True,,,,proof and answer,,real,"Problem:

Diciamo che una coppia $(a, b)$ di interi positivi è bella se $a$ divide $b$ e $a+1$ divide $b+1$.

a. Dimostrare che, fissato un intero positivo $a$, esistono infiniti interi positivi $b$ tali che la coppia $(a, b)$ sia bella.

b. Fissato un intero positivo $a$, determinare il minimo intero $b>a$ tale che $(a, b)$ sia bella.

c. Preso ora $a=18$, determinare il minimo intero positivo $b>a$ tale che $(a, b)$ sia bella ed inoltre $a+2$ divida $b+2$.",a) Infinitely many such b exist. b) The minimal b is a^2 + 2a. c) 3438.,2429,415,7,79,0,0,0,0,7
MATHNET-03n2,MathNet,Kanada,,Canada,Geometry,Plane Geometry,,unknown,"Triangles > Triangle centers: centroid, incenter, circumcenter, orthocenter, Euler line, nine-point circle | Quadrilaterals > Cyclic quadrilaterals | Circles > Tangents | Concurrency and Collinearity | Miscellaneous > Angle chasing | Triangles > Triangle trigonometry",,,,True,,,,proof only,,real,"Let $\triangle ABC$ be an acute-angled triangle with altitudes $AD$ and $BE$ meeting at $H$. Let $M$ be the midpoint of segment $AB$, and suppose that the circumcircles of $\triangle DEM$ and $\triangle ABH$ meet at points $P$ and $Q$ with $P$ on the same side of $CH$ as $A$. Prove that the lines $ED$, $PH$, and $MQ$ all pass through a single point on the circumcircle of $\triangle ABC$.",,2475,461,2,67,9,2,0,0,2
MATHNET-0cx2,MathNet,SAMC,,Saudi Arabia,Algebra | Number Theory,Divisibility / Factorization | Prealgebra / Basic Algebra,,unknown,Prime numbers | Integers,,,,False,,,,final answer only,English,real,"Using each of the first eight primes exactly once and several algebraic operations, obtain the result $2010$.",2×3×5×(7+11+13+17+19) = 2010,0,0,0,0,0,0,0,0,0
MATHNET-02lc,MathNet,Brazilian Mathematical Olympiad,,Brazil,Algebra | Geometry,Plane Geometry | Prealgebra / Basic Algebra,,unknown,Quadrilaterals | Fractions,,,,False,,,,MCQ,,real,"Problem:

Um jardim retangular - O retângulo $ABCD$ representa um terreno retangular cuja largura é $3/5$ do comprimento. O retângulo $ABEF$ representa um jardim retangular cuja largura é também $3/5$ do comprimento. Qual a razão entre a área do jardim e a área total do terreno?

![](attached_image_1.png)

(a) $30\%$
(b) $36\%$
(c) $40\%$
(d) $45\%$
(e) $50\%$",b,428,75,2,8,0,0,0,0,2
MATHNET-0kje,MathNet,AMC 10 A,,United States,Geometry,Plane Geometry | Solid Geometry,,unknown,3D Shapes | Miscellaneous > Distance chasing,,,,False,,,,MCQ,,real,"Inside a right circular cone with base radius $5$ and height $12$ are three congruent spheres each with radius $r$. Each sphere is tangent to the other two spheres and also tangent to the base and side of the cone. What is $r$?

(A) $\frac{3}{2}$ (B) $\frac{90 - 40\sqrt{3}}{11}$ (C) $2$ (D) $\frac{144 - 25\sqrt{3}}{44}$ (E) $\frac{5}{2}$",B,1314,215,6,31,4,0,0,0,6
MATHNET-0i0w,MathNet,Berkeley Math Circle,,United States,Geometry,Plane Geometry,,unknown,Circles > Radical axis theorem | Quadrilaterals > Cyclic quadrilaterals,,,,True,,,,proof only,,real,"Problem:

Circles $k_{1}$, $k_{2}$, $k_{3}$ intersect as follows: $k_{1} \cap k_{2} = \{A, D\}$, $k_{1} \cap k_{3} = \{B, E\}$, $k_{2} \cap k_{3} = \{C, F\}$. Also, $A B C D E F$ is a non-self-intersecting hexagon. Prove that
$$
A B \cdot C D \cdot E F = B C \cdot D E \cdot F A.
$$
(Hint: first prove that $A D$, $B E$, $C F$ meet at some point $O$.)",,2202,426,3,54,2,3,1,0,3
MATHNET-05qu,MathNet,PRÉPARATION OLYMPIQUE FRANÇAISE DE MATHÉMATIQUES - ENVOI 5 : Pot-POURRI,,France,Geometry,Plane Geometry,,unknown,Analytic / Coordinate Methods > Cartesian coordinates | Circles > Tangents | Miscellaneous > Distance chasing,,,,True,,,,proof and answer,,real,"Problem:

Est-il possible de ranger 601 disques de rayon $1$ dans une boîte rectangulaire de taille $4 \times 600$ sans que deux disques ne se chevauchent (ils peuvent toutefois se toucher)?",Yes,1386,200,2,27,0,0,0,0,2
MATHNET-05n9,MathNet,OCympiades Françaises de Mathématiques - Envoi Numéro 4 - Combinatoire,,France,Discrete Mathematics,Combinatorics,,unknown,Invariants / monovariants | Games / greedy algorithms,,,,True,,,,proof and answer,,real,"Problem:

Sur chaque sommet d'un $n$-gone régulier on place un signe $+$ ou $-$. À chaque étape, on a le droit de changer les signes de trois sommets consécutifs du $n$-gone.

Quels sont les $n$ pour lesquels, quelle que soit la configuration de départ, on peut obtenir en un nombre fini d'étapes des $+$ sur tous les sommets ?",All positive integers n that are not divisible by 3,1832,335,6,54,0,0,0,0,6
MATHNET-0d92,MathNet,SAUDI ARABIAN MATHEMATICAL COMPETITIONS,,Saudi Arabia,Discrete Mathematics | Number Theory,Combinatorics | Divisibility / Factorization,,unknown,"Recursion, bijection",,,,True,,,,proof and answer,English,real,How many ways are there to insert plus signs $+$ between the digits of number $111111 \ldots 111$ which includes thirty digits $1$ so that the result will be a multiple of $30$?,"binom(30,10) + 1",951,156,1,21,2,1,0,1,1
MATHNET-04iq,MathNet,Croatia Mathematical Competitions,,Croatia,Discrete Mathematics,Combinatorics,,unknown,Counting two ways | Invariants / monovariants,,,,True,,,,proof and answer,,real,"Every team at a basketball tournament is playing with every other team exactly twice. Each victory is worth 2 points, defeat 0 points and there are no draws. Determine all positive integers $n$ such that there exists a basketball tournament with $n$ teams with the overall winner having 26 points and exactly two teams having the lowest number of points 20. (Ilko Brnetić)",12,0,0,0,0,0,0,0,0,0
MATHNET-0a4y,MathNet,New Zealand Mathematical Olympiad,,New Zealand,Number Theory,Divisibility / Factorization | Modular Arithmetic,,unknown,Chinese remainder theorem | Least common multiples (lcm),,,,False,,,,final answer only,,real,"Problem:
Find the smallest positive integer $N$ satisfying the following three properties.  
- $N$ leaves a remainder of $5$ when divided by $7$.  
- $N$ leaves a remainder of $6$ when divided by $8$.  
- $N$ leaves a remainder of $7$ when divided by $9$.",502,352,67,1,15,4,0,0,0,1
MATHNET-0kn4,MathNet,2021 AMC 10 B Fall,,United States,Algebra,Prealgebra / Basic Algebra,,unknown,Fractions,,,,False,,,,MCQ,,real,"The knights in a certain kingdom come in two colors: $\frac{2}{7}$ of them are red, and the rest are blue. Furthermore, $\frac{1}{6}$ of the knights are magical, and the fraction of red knights who are magical is 2 times the fraction of blue knights who are magical. What fraction of red knights are magical?
(A) $\frac{2}{9}$ (B) $\frac{3}{13}$ (C) $\frac{7}{27}$ (D) $\frac{2}{7}$ (E) $\frac{1}{3}$",C,0,0,0,0,0,0,0,0,0
MATHNET-06un,MathNet,International Mathematical Olympiad,,IMO,Number Theory,Diophantine Equations | Divisibility / Factorization | Modular Arithmetic | Residues and Primitive Roots,,unknown,"Fermat / Euler / Wilson theorems | Inverses mod n | Multiplicative order | Prime numbers | Greatest common divisors (gcd) | Factorization techniques | Techniques: modulo, size analysis, order analysis, inequalities",,,,True,,,,proof and answer,English,real,"Find all pairs $(p, q)$ of prime numbers with $p > q$ for which the number
$$
\frac{(p+q)^{p+q}(p-q)^{p-q}-1}{(p+q)^{p-q}(p-q)^{p+q}-1}
$$
is an integer.","(3, 2)",3184,512,4,74,7,0,13,1,4
MATHNET-0gx3,MathNet,Ukrajina 2008,,Ukraine,Discrete Mathematics | Number Theory,Combinatorics | Divisibility / Factorization,,unknown,Greatest common divisors (gcd) | Invariants / monovariants,,,,True,,,,proof and answer,English,real,"There are five piles made of $42$, $70$, $105$, $462$, and $2009$ stones respectively. You are allowed to do the following: instead of two piles consisting of $a$ and $b$ stones you can make
* two piles of $a$ and $(a+b)$ stones;
* two piles of $a$ and $|a-b|$ stones.
You can also choose $k$ different piles, in which the total number of stones equals $nk$ where $n$ is some natural number, and create
* $k$ piles of $n$ stones in each one instead.
Can we make five piles each of which will consist of
a) $2008$ stones;
b) $2009$ stones
in finite number of steps?",a) No; b) Yes,741,129,2,15,1,0,0,0,2
MATHNET-0a5l,MathNet,New Zealand Mathematical Olympiad,,New Zealand,Algebra | Number Theory,Other | Prealgebra / Basic Algebra,,unknown,Integers,,,,True,,,,proof only,,real,"Problem:
Is it possible to pair up the numbers $0, 1, 2, 3, \ldots , 61$ in such a way that when we sum each pair, the product of the 31 numbers we get is a perfect fifth power?",,876,160,2,23,1,0,0,1,2
MATHNET-09zj,MathNet,Junior Mathematical Olympiad,,Netherlands,Discrete Mathematics,Combinatorics,,unknown,"Coloring schemes, extremal arguments | Games / greedy algorithms",,,,False,,,,MCQ,English,real,"Ayman writes down the numbers $1$ through $10$ in a sequence in some order, writes down the nine (positive) differences between adjacent numbers and computes the sum of these differences. The result is called the *dynamic* of the sequence. For example, the dynamic of the sequence $1, 2, 3, 4, 5, 6, 7, 8, 9, 10$ is $9$, and the dynamic of $2, 1, 3, 10, 4, 5, 9, 6, 8, 7$ is $1 + 2 + 7 + 6 + 1 + 4 + 3 + 2 + 1 = 27$.
What is the greatest dynamic that such a sequence with the numbers $1$ through $10$ can have?
A) $41$   B) $43$   C) $45$   D) $47$   E) $49$",C,0,0,0,0,0,0,0,0,0
MATHNET-0ehs,MathNet,"63. matematično tekmovanje srednješolcev Slovenije, Državno tekmovanje",,Slovenia,Algebra,Prealgebra / Basic Algebra,,unknown,Fractions,,,,False,,,,MCQ,,real,"Problem:

Maja je v dva enaka kozarca nalila limonin sok, tako da je bil prvi kozarec napolnjen do $\frac{1}{3}$, drugi pa do $\frac{2}{5}$. Nato je v oba kozarca dolivala vodo, dokler nista bila polna. Nazadnje je oba kozarca izpraznila v večjo skledo, pri čemer se tekočina ni prelila čez rob sklede. Kolikšen del tekočine v skledi je limonin sok?

(A) $\frac{1}{8}$
(B) $\frac{3}{16}$
(C) $\frac{11}{30}$
(D) $\frac{11}{19}$
(E) $\frac{11}{15}$",C,270,40,2,4,0,0,0,0,2
MATHNET-09hf,MathNet,Mongolian National Mathematical Olympiad,,Mongolia,Geometry,Plane Geometry,,unknown,Miscellaneous > Angle chasing | Miscellaneous > Distance chasing,,,,True,,,,proof only,English,real,"Let $D$ and $E$ be points on sides $AB$ and $AC$ of triangle $ABC$, respectively, such that $BD = CE$. Let $M$ and $N$ be midpoints of $BC$ and $DE$, respectively. Prove that $MN$ is parallel to the bisector of $\angle BAC$.",,426,78,2,19,3,0,0,0,2
MATHNET-0khx,MathNet,AMC 12 A,,United States,Discrete Mathematics,Combinatorics | Graph Theory,,unknown,"Coloring schemes, extremal arguments",,,,False,,,,MCQ,,real,"An organization has 30 employees, 20 of whom have a brand A computer while the other 10 have a brand B computer. For security, the computers can only be connected to each other and only by cables. The cables can only connect a brand A computer to a brand B computer. Employees can communicate with each other if their computers are directly connected by a cable or by relaying messages through a series of connected computers. Initially, no computer is connected to any other. A technician arbitrarily selects one computer of each brand and installs a cable between them, provided there is not already a cable between that pair. The technician stops once every employee can communicate with every other. What is the maximum possible number of cables used?
(A) 190 (B) 191 (C) 192 (D) 195 (E) 196",B,0,0,0,0,0,0,0,0,0
MATHNET-0dz5,MathNet,Slovenija 2008,,Slovenia,Algebra,Intermediate Algebra,,unknown,Exponential functions | Logarithmic functions,,,,True,,,,proof and answer,English,real,"Find all positive real numbers $x$ and $y$ such that
$$
x^{x+y} = y^{x-y} \quad \text{and} \quad x^2y = 1
$$","Two solutions: (x, y) = (1, 1) and (x, y) = (3^{-1/3}, 3^{2/3}).",429,91,1,17,2,0,2,0,1
MATHNET-0542,MathNet,Estonian Math Competitions,,Estonia,Number Theory,Divisibility / Factorization | Other,,unknown,Factorization techniques,,,,True,,,,proof and answer,,real,"Is there a two-digit number $n$ that does not end with zero such that

a) all numbers that can be formed by adding one or more zeros between the two-digit number's digits are its multiples?

b) none of the numbers that can be formed by adding one or more zeros between the two-digit number's digits are its multiples?

c) some numbers that can be formed by adding one or more zeros between the two-digit number's digits are its multiples and some are not?",a) 15; b) 12; c) 11,356,71,3,10,1,0,0,0,3
MATHNET-09u9,MathNet,"Junior Mathematical Olympiad, September 2019",,Netherlands,Algebra,Prealgebra / Basic Algebra,,unknown,Integers | Simple Equations,,,,True,,,,proof and answer,English,real,"The numbers $abcd$ and $dcba$ consist of the same four digits $a$, $b$, $c$, and $d$, but in opposite orders. When we add the two numbers, we get $13552$.
Determine $a + b + c + d$.",26,0,0,0,0,0,0,0,0,0
MATHNET-0b2t,MathNet,23rd Philippine Mathematical Olympiad Qualifying Stage,,Philippines,Algebra | Discrete Mathematics,Algebraic Expressions | Combinatorics,,unknown,"Recursion, bijection | Sequences and Series > Recurrence relations",,,,True,,,,proof and answer,,real,"Problem:

How many subsets of the set $\{1,2,3, \ldots, 9\}$ do not contain consecutive odd integers?",208,1061,176,5,24,2,0,2,0,5
MATHNET-0fam,MathNet,1st CIS,,Soviet Union,Geometry,Plane Geometry,,unknown,Quadrilaterals > Cyclic quadrilaterals | Miscellaneous > Angle chasing,,,,True,,,,proof only,,real,"Problem:

Circles $C$ and $C'$ intersect at $O$ and $X$. A circle center $O$ meets $C$ at $Q$ and $R$ and meets $C'$ at $P$ and $S$. $PR$ and $QS$ meet at $Y$ distinct from $X$. Show that $\angle YXO = 90^{\circ}$.",,603,120,5,6,1,0,0,0,5
MATHNET-0g45,MathNet,IMO Selection,,Switzerland,Algebra,Algebraic Expressions | Equations and Inequalities,,unknown,Functional Equations | Polynomials > Polynomial operations | Linear and quadratic inequalities,,,,True,,,,proof and answer,,real,"Problem:

Let $n$ be a positive integer. Find all polynomials $P$ with real coefficients such that
$$
P\left(x^{2}+x-n^{2}\right)=P(x)^{2}+P(x)
$$
for all real numbers $x$.",P(x) ≡ 0,7215,901,6,162,9,4,6,0,6
MATHNET-0hn5,MathNet,Berkeley Math Circle Monthly Contest 4,,United States,Geometry,Plane Geometry,,unknown,Miscellaneous > Angle chasing | Miscellaneous > Distance chasing | Miscellaneous > Constructions and loci,,,,True,,,,proof only,,real,"Problem:
Let $ABC$ be an isosceles right triangle with $\angle C = 90^{\circ}$. Let $X$ be a point on the line segment $AC$, and let $Y$ and $Z$ be, respectively, the feet of the perpendiculars from $A$ and $C$ to the line $BX$. Prove that
$$
BZ = YZ + AY
$$",,440,83,3,14,1,0,0,0,3
MATHNET-0gxz,MathNet,49th Mathematical Olympiad in Ukraine,,Ukraine,Number Theory,Divisibility / Factorization,,unknown,Factorization techniques,,,,True,,,,proof and answer,English,real,Find the minimum positive integer number which has a product of its digits equals $5120$.,25888,521,100,1,26,1,0,0,0,1
MATHNET-09z8,MathNet,Final Round,,Netherlands,Geometry,Plane Geometry,,unknown,Miscellaneous > Angle chasing | Miscellaneous > Distance chasing,,,,True,,,,proof only,English,real,"In triangle $ABC$, the point $D$ lies on segment $AB$ such that $CD$ is the angle bisector of angle $C$. The perpendicular bisector of segment $CD$ intersects the line $AB$ in $E$. Suppose that $|BE| = 4$ and $|AB| = 5$.
![](attached_image_1.png)

a. Prove that $\angle BAC = \angle BCE$.

b. Prove that $2|AD| = |ED|$.",,1583,311,2,45,9,0,0,2,2
MATHNET-02zm,MathNet,Brazilian Mathematical Olympiad,,Brazil,Number Theory,Divisibility / Factorization,,unknown,Factorization techniques,,,,True,,,,proof and answer,,real,"Problem:
Seja $x$ o menor número inteiro positivo que satisfaz simultaneamente as seguintes condições: $2x$ é o quadrado de um número inteiro, $3x$ é o cubo de um número inteiro e $5x$ é a quinta potência de um número inteiro. Encontre a fatoração em primos de $x$.",2^15 3^20 5^24,1446,283,4,37,0,0,0,0,4
MATHNET-0az2,MathNet,20th Philippine Mathematical Olympiad,,Philippines,Discrete Mathematics,Combinatorics,,unknown,"Enumeration with symmetry | Counting two ways | Recursion, bijection",,,,True,,,,proof and answer,,real,"Problem:

In how many ways can the letters of the word $C H I E F$ be arranged such that $I$ appears at some position after $E$?",60,512,93,3,11,0,0,0,0,3
MATHNET-0002,MathNet,XI Olimpiada Matemática Rioplatense,,Argentina,Algebra,Algebraic Expressions,,unknown,Sequences and Series > Sums and products,,,,True,,,,proof only,español,real,"Tenemos un tablero cuadrado de $2002 \times 2002$ con casillas pintadas de negro y blanco, como un tablero de ajedrez. Las filas han sido numeradas del $1$ al $2002$ y las columnas del $1$ al $2002$ (la casilla en la fila $1$ y la columna $1$ es negra). En cada casilla escribimos el producto del número de la fila por el número de la columna a las que la casilla pertenece. Sean $A$ la suma de los números escritos en las casillas negras y $B$ la suma de los números en las casillas blancas.
Demuestra que $A - B$ es un cuadrado perfecto.",,0,0,0,0,0,0,0,0,0
MATHNET-09t7,MathNet,MO-selectietoets,,Netherlands,Algebra | Geometry,Algebraic Expressions | Plane Geometry | Prealgebra / Basic Algebra,,unknown,Miscellaneous > Angle chasing | Integers | Sequences and Series > Sums and products,,,,True,,,,proof and answer,,real,"Problem:

Zij $n \geq 4$ een geheel getal. Bekijk een regelmatige $2n$-hoek waarbij aan elk hoekpunt een geheel getal is toegekend, wat we de waarde van dat hoekpunt noemen. Als vier verschillende hoekpunten van deze $2n$-hoek een rechthoek vormen, dan noemen we de som van de waarden van deze hoekpunten een rechthoekssom.

Bepaal voor welke gehele (niet-noodzakelijk positieve) $m$ we de getallen $m+1, m+2, \ldots, m+2n$ als waarden kunnen toekennen aan de hoekpunten (in een of andere volgorde) zodat elke rechthoekssom een priemgetal is. (Priemgetallen zijn per definitie positief.)",m = -n,3709,710,9,92,0,0,0,0,9
MATHNET-0kkw,MathNet,HMMT November 2021,,United States,Statistics,Probability,,unknown,Counting Methods > Other,,,,False,,,,final answer only,,real,"Problem:
Suppose two distinct competitors of the HMMT 2021 November contest are chosen uniformly at random. Let $p$ be the probability that they can be labelled $A$ and $B$ so that $A$'s score on the General round is strictly greater than $B$'s, and $B$'s score on the Theme round is strictly greater than $A$'s. Estimate $P = \lfloor 10000 p \rfloor$.
An estimate of $E$ will earn $\left\lfloor 20 \min \left(\frac{A}{E}, \frac{E}{A}\right)^{6}\right\rfloor$ points.",2500,2055,331,4,18,0,4,4,0,4
MATHNET-017x,MathNet,BALTIC WAY,,Baltic Way,Geometry,Plane Geometry,,unknown,"Quadrilaterals > Cyclic quadrilaterals | Miscellaneous > Angle chasing | Miscellaneous > Constructions and loci | Triangles > Triangle centers: centroid, incenter, circumcenter, orthocenter, Euler line, nine-point circle",,,,True,,,,proof and answer,,real,"Given an acute-angled triangle, describe all interior points whose orthogonal projections on the sides form a triangle similar to the original one.","Exactly six interior points, one of which is the circumcenter; for each permutation of the triangle’s vertices there is a unique interior point whose perpendicular projections onto the sides form a triangle similar to the original.",2595,497,5,48,2,0,3,1,5
MATHNET-0cmp,MathNet,Russian mathematical olympiad,,Russia,Discrete Mathematics,Combinatorics | Other,,unknown,Induction / smoothing,,,,True,,,,proof only,English; Russian,real,"A Kingdom consists of $N$ cities, some pairs of cities are connected with pairwise non-intersecting roads (two cities connected by a road are called *neighboring* cities). One can start from each city and get to any other city passing through roads, but it is not possible to get back to the initial city using each road not more than once.
Once the King made a reform: each of $N$ Mayors became a Mayor of one of $N$ cities, perhaps not the city where he worked before the reform. It occurs that each two Mayors that worked in the neighboring cities before the reform work in the neighboring cities after the reform. Prove that either there exists a city having the same Mayor before and after the reform, or there exists a neighboring pair of cities which have interchanged their Mayors.",,1356,195,3,19,0,0,0,0,3
MATHNET-05m2,MathNet,Olympiades Françaises de Mathématiques,,France,Geometry,Plane Geometry,,unknown,Circles > Tangents | Circles > Radical axis theorem | Quadrilaterals > Cyclic quadrilaterals | Triangles > Triangle trigonometry,,,,True,,,,proof only,,real,"Problem:

Soit $P$ un point à l'extérieur d'un cercle $\mathcal{C}$. Les tangentes à $\mathcal{C}$ passant par $P$ touchent $\mathcal{C}$ en $A$ et $B$. Une droite passant par $P$ intersecte $\mathcal{C}$ aux points $Q$ et $R$. Soit $S$ un point de $\mathcal{C}$ tel que $(B S) \parallel (Q R)$. Montrer que $(S A)$ passe par le milieu de $[Q R]$.",,1760,356,5,41,0,0,0,0,5
MATHNET-02uo,MathNet,Brazilian Mathematical Olympiad,,Brazil,Algebra,Prealgebra / Basic Algebra,,unknown,Simple Equations,,,,True,,,,proof and answer,,real,"Problem:

O mágico Magimático chama três pessoas da plateia: Ana, Beto e Caio, para ajudarem em sua matemágica. Ele diz para cada um pensar em um número de 1 a 50, sem revelá-lo ao mágico, e contá-lo para cada um dos outros dois participantes. Em seguida, cada um deles deve simultaneamente trocar o seu número pela soma dos números dos outros dois. Por exemplo, Ana passa a ter a soma dos números de Beto e Caio. Magimático pede então que eles repitam esse processo mais uma vez. Após concluir a segunda troca, ele pede que falem os seus números. Ana responde 104, Beto 123 e Caio 137. Para a surpresa de todos, Magimático acerta os números iniciais escolhidos pelos três. Quais foram os números escolhidos incialmente?","Ana 13, Beto 32, Caio 46",579,101,2,16,0,0,0,0,2
MATHNET-0anq,MathNet,QUALIFYING STAGE,,Philippines,Algebra,Equations and Inequalities | Intermediate Algebra,,unknown,Linear and quadratic inequalities | Exponential functions,,,,True,,,,proof and answer,,real,"Problem:
Find the solution set of the inequality
$$\left(\frac{\pi}{2}\right)^{(x-1)^{2}} \leq \left(\frac{2}{\pi}\right)^{x^{2}-5x-5}.$$","[-1/2, 4]",0,0,0,0,0,0,0,0,0
MATHNET-0ai8,MathNet,Balkan Mathematical Olympiads,,North Macedonia,Number Theory,Diophantine Equations | Divisibility / Factorization | Modular Arithmetic,,unknown,Fermat / Euler / Wilson theorems | Infinite descent / root flipping | Prime numbers,,,,True,,,,proof only,English,real,"A special number is a positive integer $n$ for which there exist positive integer $a$, $b$, $c$ and $d$ with
$$
n = \frac{a^3 + 2b^3}{c^3 + 2d^3}
$$
Prove that
(a) There are infinitely many special numbers;
(b) 2014 is not a special number.",,1309,238,2,41,4,1,3,0,2
MATHNET-04x6,MathNet,Czech-Slovak-Polish Match,,Czech-Polish-Slovak Mathematical Match,Discrete Mathematics | Geometry | Number Theory,Combinatorics | Divisibility / Factorization | Plane Geometry,,unknown,"Coloring schemes, extremal arguments | Invariants / monovariants | Analytic / Coordinate Methods > Cartesian coordinates",,,,True,,,,proof and answer,,real,"Find all triples $(k, m, n)$ of positive integers with the following property: The square with the side length $m$ can be cut into some number of rectangles of dimensions $1 \times k$ and exactly one square of the side length $n$.","All triples of positive integers satisfy n ≤ m and either k divides m − n, or k divides m + n and r + n ≤ m, where r is the remainder when m is divided by k.",4813,945,3,119,4,5,8,3,3
MATHNET-07gw,MathNet,38th Iranian Mathematical Olympiad,,Iran,Algebra | Number Theory,Abstract Algebra | Algebraic Expressions | Diophantine Equations | Divisibility / Factorization,,unknown,"Polynomials > Polynomial operations | Ring Theory | Greatest common divisors (gcd) | Techniques: modulo, size analysis, order analysis, inequalities",,,,True,,,,proof only,,real,"Prove there are coprime polynomials $P(x)$ and $Q(x)$ with integer coefficients and a real number $u > 0$ such that if
$$
\left| \frac{a}{c} - 1 \right|^{2021} \leq \frac{u}{d c^{1010}}, \quad \left| \left( \frac{a}{c} \right)^{2020} - \frac{b}{d} \right| \leq \frac{u}{d c^{1010}},
$$
for some positive integers $a, b, c, d$, then we have $bP\left(\frac{a}{c}\right) = dQ\left(\frac{a}{c}\right)$.",,6232,905,5,122,14,11,6,2,5
MATHNET-0dad,MathNet,Team selection tests for IMO 2018,,Saudi Arabia,Algebra,Algebraic Expressions | Equations and Inequalities | Intermediate Algebra,,unknown,Sequences and Series > Recurrence relations | Exponential functions | Jensen / smoothing,,,,True,,,,proof only,English,real,"$$
f(x)=\left(x-F_{1}\right)\left(x-F_{2}\right) \ldots\left(x-F_{3030}\right)
$$
with $\left(F_{n}\right)$ is the Fibonacci sequence, which defined as $F_{1}=1, F_{2}=2, F_{n+2}= F_{n+1}+F_{n}, n \geq 1$. Suppose that on the range $\left(F_{1}, F_{3030}\right)$, the function $|f(x)|$ takes on the maximum value at $x=x_{0}$. Prove that $x_{0}>2^{2018}$.",,2038,190,5,26,1,1,4,0,5
MATHNET-00qi,MathNet,Balkan Mathematical Olympiad Shortlist,,Balkan Mathematical Olympiad,Geometry,Plane Geometry,,unknown,"Triangles > Triangle centers: centroid, incenter, circumcenter, orthocenter, Euler line, nine-point circle | Circles > Tangents | Miscellaneous > Distance chasing",,,,True,,,,proof only,English,real,"Let $I$ be the incenter of $\triangle ABC$ and let $H_a$, $H_b$, and $H_c$ be the orthocenters of $\triangle BIC$, $\triangle CIA$, and $\triangle AIB$, respectively. The line $H_aH_b$ meets $AB$ at $X$ and the line $H_aH_c$ meets $AC$ at $Y$. If the midpoint $T$ of the median $AM$ of $\triangle ABC$ lies on $XY$, prove that the line $H_aT$ is perpendicular to $BC$.",,1543,241,2,40,1,0,2,0,2
MATHNET-06fc,MathNet,CHKMO,,Hong Kong,Algebra | Number Theory,Algebraic Expressions | Divisibility / Factorization,,unknown,Polynomials > Polynomial operations | Sequences and Series > Recurrence relations | Sequences and Series > Telescoping series | Factorization techniques,,,,True,,,,proof only,,real,"Let $f(x) = c_m x^m + c_{m-1} x^{m-1} + \cdots + c_1 x + c_0$, where each $c_i$ is a nonzero integer. Define a sequence $\{a_n\}$ by $a_1 = 0$ and $a_{n+1} = f(a_n)$ for all positive integers $n$.

a. Let $i$ and $j$ be positive integers with $i < j$. Show that $a_{j+1} - a_j$ is a multiple of $a_{i+1} - a_i$.

b. Show that $a_{2008} \neq 0$.",,771,150,2,22,2,2,0,0,2
MATHNET-08x7,MathNet,Japan 2013 Initial Round,,Japan,Algebra,Algebraic Expressions,,unknown,Polynomials > Polynomial operations,,,,False,,,,final answer only,English,real,"Let for $k$, $0 \le k \le 9$, $a_k$ be the coefficient of the $x^k$-term in the polynomial $(x+1)^3(x+2)^3(x+3)^3$. Find the value of $a_2 + a_4 + a_6 + a_8$.",6696,645,146,1,13,1,0,0,0,1
MATHNET-0157,MathNet,Baltic Way 2008,,Baltic Way,Number Theory,Diophantine Equations | Divisibility / Factorization,,unknown,"Techniques: modulo, size analysis, order analysis, inequalities | Greatest common divisors (gcd)",,,,True,,,,proof and answer,,real,"Problem:
How many pairs $(m, n)$ of positive integers with $m < n$ fulfill the equation
$$
\frac{3}{2008} = \frac{1}{m} + \frac{1}{n} ?
$$",5,1096,215,3,34,5,0,0,0,4
MATHNET-01qk,MathNet,Selection and Training Session,,Belarus,Algebra,Algebraic Expressions | Equations and Inequalities,,unknown,Cauchy-Schwarz | Muirhead / majorization | Polynomials > Symmetric functions,,,,True,,,,proof only,English,real,"Given positive real numbers $a$, $b$, $c$, with $ab + bc + ca \ge a + b + c$, prove that

$$(a+b+c)(ab+bc+ca) + 3abc \ge 4(ab+bc+ca).$$

(I. Gorodnin)",,1356,180,5,22,2,0,0,0,5
MATHNET-0lad,MathNet,Vijetnam 2008,,Vietnam,Algebra,Equations and Inequalities,,unknown,Cauchy-Schwarz | Jensen / smoothing,,,,True,,,,proof and answer,,real,"Let $x$, $y$, $z$ be pairwise distinct non-negative real numbers. Prove that
$$
(xy + yz + zx) \left( \frac{1}{(x-y)^2} + \frac{1}{(y-z)^2} + \frac{1}{(z-x)^2} \right) \ge 4.
$$
When does equality hold?","Equality holds iff one of the numbers is zero and the other two are positive with their ratio equal to (3 + sqrt(5)) / 2 or its reciprocal (3 − sqrt(5)) / 2, up to permutation.",0,0,0,0,0,0,0,0,0
MATHNET-0fru,MathNet,LIX Olimpiada Matemática Española,,Spain,Geometry,Plane Geometry,,unknown,"Triangles > Triangle centers: centroid, incenter, circumcenter, orthocenter, Euler line, nine-point circle | Miscellaneous > Angle chasing | Miscellaneous > Constructions and loci",,,,True,,,,proof only,Spanish,real,Sea $ABC$ un triángulo acutángulo y escaleno con incentro $I$ y ortocentro $H$. Sea $M$ el punto medio de $AB$. Sobre la recta $AH$ se consideran puntos $D$ y $E$ tales que la recta $MD$ es paralela a $CI$ y $ME$ es perpendicular a $CI$. Prueba que $AE = DH$.,,714,129,4,20,0,0,0,0,4
MATHNET-08kv,MathNet,2007 Shortlist JBMO,,JBMO,Geometry,Plane Geometry,,unknown,"Triangles > Triangle centers: centroid, incenter, circumcenter, orthocenter, Euler line, nine-point circle | Miscellaneous > Angle chasing",,,,True,,,,proof only,,real,"Problem:

Let $M$ be an interior point of the triangle $A B C$ with angles $\varangle B A C = 70^{\circ}$ and $\varangle A B C = 80^{\circ}$. If $\varangle A C M = 10^{\circ}$ and $\varangle C B M = 20^{\circ}$, prove that $A B = M C$.",,546,115,3,14,2,0,0,0,3
MATHNET-00va,MathNet,41st Balkan Mathematical Olympiad,,Balkan Mathematical Olympiad,Algebra | Number Theory,Algebraic Expressions | Divisibility / Factorization,,unknown,Sequences and Series > Recurrence relations,,,,True,,,,proof and answer,English,real,"Let $k$ be a positive integer. Find all sequences $(a_n)_{n \ge 1}$ of positive integers such that
$$
a_{n+2}(a_{n+1} - k) = a_n(a_{n+1} + k)
$$
for all $n \ge 1$.",All arithmetic progressions with common difference k: a_n = a_1 + (n−1)k for any positive integer a_1.,1810,354,1,47,1,2,5,0,1
MATHNET-0axe,MathNet,Philippine Mathematical Olympiad,,Philippines,Algebra,Intermediate Algebra | Prealgebra / Basic Algebra,,unknown,Simple Equations | Quadratic functions,,,,False,,,,final answer only,,real,"Problem:
Evaluate: $6+\frac{16}{6+\frac{16}{6+\frac{16}{6+\cdots}}}$",8,217,34,1,6,0,0,0,0,1
MATHNET-0a95,MathNet,"Nordic Mathematical Contest, NMC 21",,Nordic Mathematical Olympiad,Discrete Mathematics | Number Theory,Combinatorics | Divisibility / Factorization,,unknown,Games / greedy algorithms | Invariants / monovariants | Factorization techniques,,,,True,,,,proof and answer,,real,"Problem:

The number $10^{2007}$ is written on a blackboard. Anne and Berit play a game where the player in turn makes one of two operations:

(i) Replace a number $x$ on the blackboard by two integer numbers $a$ and $b$ greater than $1$ such that $x = ab$;

(ii) Erase one or both of two equal numbers on the blackboard.

The player who is not able to make her turn loses the game. Who has a winning strategy?",Anne,919,141,2,15,2,0,2,0,2
MATHNET-0h1p,MathNet,"51st Ukrainian National Mathematical Olympiad, 3rd Round",,Ukraine,Discrete Mathematics | Number Theory,Combinatorics | Other,,unknown,Induction / smoothing,,,,True,,,,proof and answer,English,real,There are candies on the table. At each step Petro can take away some of them. At the first step he takes away one candy and on each next step he can take away either the same amount or twice the amount that he has taken at the previous step. What is the minimal number of steps does Petro need in order to take from the table away exactly $2011$ candies?,17,1357,268,5,23,4,1,2,0,5
MATHNET-035k,MathNet,Bulgarian Mathematical Competitions,,Bulgaria,Discrete Mathematics | Number Theory,Combinatorics | Other,,unknown,"Induction / smoothing | Coloring schemes, extremal arguments",,,,True,,,,proof only,,real,"Problem:

Does there exist a strictly increasing sequence of positive integers $\{a_{n}\}_{n=1}^{\infty}$ such that $a_{n} \leq n^{3}$ for every $n$ and every positive integer can be written in a unique way as a difference of two terms of the sequence?",,1254,226,4,27,1,1,0,0,4
MATHNET-0dv1,MathNet,2. matematično tekmovanje dijakov srednjih tehniških in strokovnih šol,,Slovenia,Number Theory,Modular Arithmetic,,unknown,,,,,True,,,,proof and answer,,real,"Problem:

Pri deljenju števila $a$ s $7$ dobimo ostanek $3$, pri deljenju števila $b$ s $7$ pa ostanek $4$. Kolikšen je ostanek pri deljenju kvadrata vsote števil $a$ in $b$ s $7$? Odgovor utemelji.",0,232,57,5,7,0,0,0,0,5
MATHNET-047k,MathNet,The 65th IMO China National Team Selection Test,,China,Algebra | Discrete Mathematics,Combinatorics | Equations and Inequalities,,unknown,Muirhead / majorization | Combinatorial optimization | Induction / smoothing,,,,True,,,,proof only,English,real,"Given positive integers $m, n$ and non-negative real numbers $a_0, a_1, \dots, a_m, b_0, b_1, \dots, b_n$. Define
$$
c_k = \max_{i+j=k} a_i b_j \quad (k = 0, 1, \dots, m+n).
$$
Prove that:
$$
\frac{c_0 + c_1 + \dots + c_{m+n}}{m+n+1} \ge \frac{a_0 + a_1 + \dots + a_m}{m+1} \cdot \frac{b_0 + b_1 + \dots + b_n}{n+1}.
$$",,6726,1046,4,140,3,13,4,0,4
MATHNET-0amu,MathNet,18th PMO Area Stage,,Philippines,Geometry,Plane Geometry,,unknown,Circles,,,,False,,,,final answer only,,real,"Problem:
A camera's aperture determines the size of the circular opening in the lens that allows light in. If we want to allow twice as much light in, what should be the ratio of the new radius to the current radius?",sqrt(2):1,0,0,0,0,0,0,0,0,0
MATHNET-0da8,MathNet,Team selection tests for IMO 2018,,Saudi Arabia,Geometry,Plane Geometry,,unknown,Quadrilaterals > Cyclic quadrilaterals | Miscellaneous > Angle chasing,,,,True,,,,proof only,English,real,Let $ABCD$ be a convex quadrilateral inscribed in circle $(O)$ such that $DB = DA + DC$. The point $P$ lies on the ray $AC$ such that $AP = BC$. The point $E$ is on $(O)$ such that $BE \perp AD$. Prove that $DP$ is parallel to the angle bisector of $\angle BEC$.,,669,125,5,16,4,0,0,0,5
MATHNET-0302,MathNet,Brazilian Mathematical Olympiad,,Brazil,Algebra | Number Theory,Divisibility / Factorization | Prealgebra / Basic Algebra,,unknown,Factorization techniques | Least common multiples (lcm) | Integers,,,,True,,,,proof and answer,,real,"Problem:

Seja $\overline{a b}$ um número inteiro de dois dígitos. Um inteiro positivo é um parente de $\overline{a b}$ se:
i) o dígito das unidades de $n$ também é $b$.
ii) os outros dígitos de $n$ são distintos de zero e somam $a$.
Por exemplo, os parentes de 31 são 31, 121, 211 e 1111. Encontre todos os números de dois dígitos que dividem todos os seus parentes.","30, 45, 90",1661,299,9,44,0,0,0,0,9
MATHNET-0ldf,MathNet,Vietnamese Team Selection Test for IMO,,Vietnam,Discrete Mathematics | Geometry,Combinatorics | Plane Geometry,,unknown,"Analytic / Coordinate Methods > Cartesian coordinates | Induction / smoothing | Coloring schemes, extremal arguments",,,,True,,,,proof only,,real,"There are $44$ distinct holes on a line and $2017$ ants. Each ant crawled up from a hole, then moved to another hole and crawled down. Denote $T$ as the set of time points that the ants crawled up or crawled down from some hole. Suppose that the speed of the ants are pairwise distinct and they did not change their own speed. Prove that if $|T| \le 45$ then there exist two ants did not meet.

Note that two ants met when there exists a time point such that they were at the same location on the line, including the holes.",,2363,452,10,33,3,3,9,0,10
MATHNET-0if1,MathNet,Harvard-MIT Mathematics Tournament,,United States,Algebra | Discrete Mathematics,Algebraic Expressions | Combinatorics,,unknown,Enumeration with symmetry | Sequences and Series > Sums and products,,,,True,,,,proof and answer,,real,"Problem:
How many nonempty subsets of $\{1,2,3, \ldots, 12\}$ have the property that the sum of the largest element and the smallest element is $13$?",1365,519,101,1,11,2,0,1,0,1
MATHNET-02ff,MathNet,XVII OBM,,Brazil,Algebra | Number Theory,Algebraic Expressions | Modular Arithmetic | Residues and Primitive Roots,,unknown,Functional Equations | Fermat / Euler / Wilson theorems | Primitive roots mod p / p^n | Quadratic residues,,,,True,,,,proof and answer,English,real,"Find all real-valued functions on the positive integers such that $f(x+1019) = f(x)$ for all integer $x$, and $f(xy) = f(x)f(y)$ for all integers $x, y$.","All solutions f: N -> R are exactly the following four functions (with p = 1019):
1) f(n) = 0 for all n.
2) f(n) = 1 for all n.
3) The principal character modulo p: f(n) = 0 if p divides n, and f(n) = 1 otherwise.
4) The quadratic character modulo p: f(n) = 0 if p divides n; if not, then f(n) = 1 when n is a quadratic residue modulo p and f(n) = -1 otherwise (equivalently, f(n) = (n/p), the Legendre symbol).",1147,191,4,37,1,1,7,0,4
MATHNET-02n7,MathNet,Brazilian Mathematical Olympiad,,Brazil,Number Theory,Divisibility / Factorization,,unknown,,,,,True,,,,proof and answer,,real,"Problem:

Idades múltiplas - Quando Isabel nasceu, sua mãe estava fazendo aniversário de 20 anos. Se Isabel e sua mãe viverem mais 100 anos, quantas vezes terão sido múltiplas as idades das duas?",6,598,133,4,17,1,0,0,0,4
MATHNET-02n9,MathNet,Brazilian Mathematical Olympiad,,Brazil,Discrete Mathematics | Number Theory,Combinatorics | Divisibility / Factorization,,unknown,Enumeration with symmetry | Factorization techniques,,,,True,,,,proof and answer,,real,"Problem:

Ana tem um cubo de $10~\mathrm{cm}$ de lado. Ela cortou o cubo em cubinhos de $1~\mathrm{cm}$ de lado e, com esses cubinhos, ela brinca de formar outros blocos retangulares, mas sem que sobrem cubinhos. Por exemplo, ela formou um bloco de $10 \times 20 \times 5$. No total, quantos blocos diferentes ela pode construir com esses cubinhos, sem que sobre nenhum?

![](attached_image_1.png)",19,0,0,0,0,0,0,0,0,0
MATHNET-0jxw,MathNet,HMMT November,,United States,Discrete Mathematics,Combinatorics,,unknown,Inclusion-exclusion,,,,True,,,,proof and answer,,real,"Problem:

On a $3 \times 3$ chessboard, each square contains a Chinese knight with $\frac{1}{2}$ probability. What is the probability that there are two Chinese knights that can attack each other? (In Chinese chess, a Chinese knight can attack any piece which is two squares away from it in a particular direction and one square away in a perpendicular direction, under the condition that there is no other piece immediately adjacent to it in the first direction.)",79/256,1765,356,9,51,1,1,0,0,9
MATHNET-0gfd,MathNet,"2022 數學奧林匹亞競賽第一階段培訓營, 獨立研究(一)",,Taiwan,Algebra,Equations and Inequalities,,unknown,Muirhead / majorization | QM-AM-GM-HM / Power Mean,,,,True,,,,proof only,Chinese; English,real,"證明不等式
$$
2(a^3 + b^3 + c^3) + abc + ab + bc + ca \ge 2(a^2b + b^2c + c^2a) + a^2 + b^2 + c^2 + a + b + c
$$
對任意非負實數 $a$, $b$, $c$ 恆成立。",,0,0,0,0,0,0,0,0,0
MATHNET-0bg5,MathNet,The Danube Mathematical Competition,,Romania,Geometry,Plane Geometry,,unknown,"Triangles > Triangle centers: centroid, incenter, circumcenter, orthocenter, Euler line, nine-point circle | Miscellaneous > Angle chasing",,,,True,,,,proof only,,real,Consider $ABCD$ a rectangle of center $O$ with $AB \ne BC$. The perpendicular dropped from $O$ to $BD$ intersects lines $AB$ and $BC$ in $E$ and $F$. Let $M$ and $N$ be the midpoints of segments $[CD]$ and $[AD]$. Prove that $FM \perp EN$.,,412,75,1,17,1,0,0,0,1
MATHNET-0jx0,MathNet,February 2017,,United States,Algebra,Algebraic Expressions | Intermediate Algebra,,unknown,Complex numbers | Polynomials > Roots of unity,,,,True,,,,proof and answer,,real,"Problem:
Let $a$ and $b$ be complex numbers satisfying the two equations
$$
\begin{aligned}
a^{3}-3 a b^{2} & =36 \\
b^{3}-3 b a^{2} & =28 i
\end{aligned}
$$
Let $M$ be the maximum possible magnitude of $a$. Find all $a$ such that $|a|=M$.","a ∈ {3, -3/2 + (3√3/2)i, -3/2 - (3√3/2)i}",899,125,1,16,4,0,0,0,1
MATHNET-0jar,MathNet,Harvard-MIT Mathematics Tournament,,United States,Discrete Mathematics,Combinatorics,,unknown,"Games / greedy algorithms | Coloring schemes, extremal arguments",,,,True,,,,proof only,,real,"Problem:

Alice and Bob are playing a game of Token Tag, played on an $8 \times 8$ chessboard. At the beginning of the game, Bob places a token for each player on the board. After this, in every round, Alice moves her token, then Bob moves his token. If at any point in a round the two tokens are on the same square, Alice immediately wins. If Alice has not won by the end of 2012 rounds, then Bob wins.

a. Suppose that a token can legally move to any horizontally or vertically adjacent square. Show that Bob has a winning strategy for this game.

b. Suppose instead that a token can legally move to any horizontally, vertically, or diagonally adjacent square. Show that Alice has a winning strategy for this game.",,781,149,3,2,1,0,0,0,3
MATHNET-00mi,MathNet,"49th Austrian Mathematical Olympiad, National Competition (Final Round, part 1)",,Austria,Algebra,Algebraic Expressions | Equations and Inequalities,,unknown,QM-AM-GM-HM / Power Mean | Polynomials > Polynomial operations | Polynomials > Symmetric functions,,,,True,,,,proof and answer,English,real,"Let $\alpha$ be an arbitrary positive real number. Determine for this number $\alpha$ the greatest real number $C$ such that the inequality
$$
\left(1 + \frac{\alpha}{x^2}\right) \left(1 + \frac{\alpha}{y^2}\right) \left(1 + \frac{\alpha}{z^2}\right) \geq C \cdot \left(\frac{x}{z} + \frac{z}{x} + 2\right)
$$
is valid for all positive real numbers $x, y$ and $z$ satisfying $xy + yz + zx = \alpha$. When does equality occur?",C = 16; equality when x = y = z = sqrt(alpha/3).,721,145,1,11,1,0,0,0,1
MATHNET-0dbf,MathNet,SAUDI ARABIAN MATHEMATICAL COMPETITIONS,,Saudi Arabia,Algebra,Algebraic Expressions,,unknown,Polynomials > Vieta's formulas | Polynomials > Symmetric functions,,,,True,,,,proof only,English,real,Let $P(x)$ be a polynomial of degree $n \geq 2$ with rational coefficients such that $P(x)$ has $n$ pairwise different real roots forming an arithmetic progression. Prove that among the roots of $P(x)$ there are two that are also the roots of some polynomial of degree 2 with rational coefficients.,,1245,192,1,18,3,0,0,0,1
MATHNET-06fe,MathNet,Year 2008,,Hong Kong,Algebra | Number Theory,Algebraic Expressions | Divisibility / Factorization | Prealgebra / Basic Algebra,,unknown,Integers | Polynomials > Polynomial operations,,,,True,,,,proof only,,real,Show that the product of three consecutive integers is the sum of four integer cubes.,,229,46,1,5,0,1,0,2,1
MATHNET-03qe,MathNet,China Mathematical Olympiad,,China,Geometry,Plane Geometry,,unknown,Concurrency and Collinearity > Menelaus' theorem | Quadrilaterals,,,,True,,,,proof and answer,English,real,"Let $EFGH$, $ADC$ and $E_1F_1G_1H_1$ be three convex quadrilaterals, satisfying:
(a) Points $E$, $F$, $G$ and $H$ lie on sides $AB$, $BC$, $CD$ and $DA$, respectively, and $\frac{AE}{EB} \cdot \frac{BF}{FC} \cdot \frac{CG}{GD} \cdot \frac{DH}{HA} = 1$;
(b) points $A$, $B$, $C$ and $D$ lie on sides $H_1E_1$, $E_1F_1$, $F_1G_1$ and $G_1H_1$, respectively, and $E_1F_1 \parallel EF$, $F_1G_1 \parallel FG$, $G_1H_1 \parallel GH$, $H_1E_1 \parallel HE$.
Suppose $\frac{E_1A}{AH_1} = \lambda$, find the expression of $\frac{F_1C}{CG_1}$ in terms of $\lambda$. (posed by Xiong Bin)",lambda,1448,200,2,33,0,1,2,0,2
MATHNET-0kw5,MathNet,HMMT February 2023,,United States,Geometry,Plane Geometry,,unknown,"Transformations > Spiral similarity | Advanced Configurations > Isogonal/isotomic conjugates, barycentric coordinates | Miscellaneous > Angle chasing | Miscellaneous > Distance chasing",,,,True,,,,proof and answer,,real,"Problem:

Let $ABC$ be a triangle with $\angle BAC > 90^{\circ}$. Let $D$ be the foot of the perpendicular from $A$ to side $BC$. Let $M$ and $N$ be the midpoints of segments $BC$ and $BD$, respectively. Suppose that $AC = 2$, $\angle BAN = \angle MAC$, and $AB \cdot BC = AM$. Compute the distance from $B$ to line $AM$.",sqrt(285) / 38,855,138,5,23,4,0,1,0,5
MATHNET-06nj,MathNet,IMO Preliminary Selection Contest — Hong Kong,,Hong Kong,Discrete Mathematics,Combinatorics,,unknown,"Coloring schemes, extremal arguments",,,,True,,,,proof and answer,,real,"There are 20 students in a class, numbered $1$ to $20$. They have taken a test with $n$ questions. After the test, the teacher tried to pick some students to draft the solutions, and as such it is necessary that the picked students together can solve all questions. The teacher found that this can be only done by choosing all students whose class numbers are even, or all students whose class numbers are multiples of $5$, or any combination that includes all students from one of the two groups mentioned above. Find the smallest possible value of $n$.",18,2932,536,11,70,3,2,1,0,11
MATHNET-0l0n,MathNet,HMMT February 2024 Guts Round,,United States,Algebra | Number Theory,Algebraic Expressions | Diophantine Equations | Divisibility / Factorization,,unknown,"Techniques: modulo, size analysis, order analysis, inequalities | Factorization techniques | Polynomials > Polynomial operations",,,,True,,,,proof and answer,,real,"Problem:
Compute $\sqrt[4]{5508^{3}+5625^{3}+5742^{3}}$, given that it is an integer.",855,677,106,1,18,1,0,0,0,1
MATHNET-0gm2,MathNet,The 14th Thailand Mathematical Olympiad,,Thailand,Algebra,Algebraic Expressions,,unknown,Functional Equations > Injectivity / surjectivity | Functional Equations > Existential quantifiers,,,,True,,,,proof and answer,English,real,"Find all functions $f : \mathbb{Q}^+ \to \mathbb{Q}^+$ such that
$$
f(xf(x) + f(y)) = (f(x))^2 + y
$$
for all positive rationals $x, y$.",f(x) = x for all positive rationals x,0,0,0,0,0,0,0,0,0
MATHNET-0aae,MathNet,The 35th Nordic Mathematical Contest,,Nordic Mathematical Olympiad,Geometry,Plane Geometry,,unknown,Quadrilaterals > Cyclic quadrilaterals | Miscellaneous > Angle chasing | Miscellaneous > Constructions and loci,,,,True,,,,proof only,,real,"Problem:

Let $A$, $B$, $C$ and $D$ be points on the circle $\omega$ such that $ABCD$ is a convex quadrilateral. Suppose that $AB$ and $CD$ intersect at a point $E$ such that $A$ is between $B$ and $E$ and that $BD$ and $AC$ intersect at a point $F$. Let $X \neq D$ be the point on $\omega$ such that $DX$ and $EF$ are parallel. Let $Y$ be the reflection of $D$ through $EF$ and suppose that $Y$ is inside the circle $\omega$.
Show that $A$, $X$, and $Y$ are collinear.",,1128,212,4,19,2,1,2,0,4
MATHNET-0c9v,MathNet,Al treilea test de selecţie pentru OBMJ Bucureşti,,Romania,Geometry,Plane Geometry,,unknown,"Triangles > Triangle centers: centroid, incenter, circumcenter, orthocenter, Euler line, nine-point circle | Circles > Tangents | Analytic / Coordinate Methods > Cartesian coordinates | Miscellaneous > Angle chasing",,,,True,,,,proof only,,real,"Problem:

În triunghiul ascuţitunghic $ABC$ se notează cu $O$ centrul cercului circumscris şi cu $D$ piciorul înălţimii din $A$.
Fie $M, N, P, Q$ mijloacele segmentelor $AB, AC, BD$, respectiv $CD$. Arătaţi că unul dintre punctele de intersectie ale cercurilor circumscrise triunghiurilor $AMN$ şi $POQ$ este situat pe înălţimea $AD$.",,0,0,0,0,0,0,0,0,0
MATHNET-0b7n,MathNet,NMO Selection Tests for the Balkan and International Mathematical Olympiads,,Romania,Geometry,Plane Geometry,,unknown,"Combinatorial Geometry | Triangles > Triangle centers: centroid, incenter, circumcenter, orthocenter, Euler line, nine-point circle | Geometric Inequalities > Optimization in geometry",,,,True,,,,proof and answer,English,real,"Let $\mathcal{L}$ be a finite collection of lines in the plane in general position (no two lines in $\mathcal{L}$ are parallel and no three are concurrent). Consider the open circular discs inscribed in the triangles enclosed by each triple of lines in $\mathcal{L}$. Determine the number of such discs intersected by no line in $\mathcal{L}$, in terms of $|\mathcal{L}|$.","C(|L|-1, 2)",2796,480,3,70,2,5,2,0,3
MATHNET-0hgo,MathNet,"62nd Ukrainian National Mathematical Olympiad, Third Round, First Tour",,Ukraine,Algebra | Number Theory,Algebraic Expressions | Divisibility / Factorization | Other,,unknown,Factorization techniques | Polynomials > Polynomial operations,,,,True,,,,proof only,English,real,"Does there exist a trinomial $f(x) = ax^2 + bx + c$ with integer coefficients such that $a$ isn't divisible by $2022$ and all numbers $f(1), f(2), \ldots, f(2022)$ give different remainders under the division by $2022$?",,176,32,1,5,0,1,0,0,1
MATHNET-08rj,MathNet,The 4th Japanese Junior Mathematical Olympiad,,Japan,Geometry,Solid Geometry,,unknown,Volume,,,,True,,,,proof and answer,English,real,We can make a cube by connecting every two centroids on neighboring faces of a regular octahedron. How many times is the cube as large as the octahedron?,2/9,1392,240,3,35,1,0,0,1,3
MATHNET-0500,MathNet,Selected Problems from Open Contests,,Estonia,Discrete Mathematics,Combinatorics,,unknown,"Counting two ways | Coloring schemes, extremal arguments",,,,True,,,,proof and answer,English,real,"Find all pairs $(m, n)$ of positive integers for which the $m \times n$ grid contains exactly $225$ rectangles whose side lengths are odd and whose edges lie on the lines of the grid.","(1,29), (29,1), (5,9), (9,5)",1174,208,3,29,2,3,2,0,3
MATHNET-0652,MathNet,Selection Examination for Juniors,,Greece,Geometry,Plane Geometry,,unknown,Circles > Tangents | Miscellaneous > Distance chasing,,,,True,,,,proof and answer,English,real,"Circles $(K_1, r_1)$ and $(K_2, r_2)$ are tangent and also they are tangent to the sides of the rectangular $AB\Gamma\Delta$, with $AB = a$ and $B\Gamma = b$.
(i) Express the sides $a$ and $b$ with respect to the radius $r_1$ and $r_2$.
(ii) If the common internal tangent of the two circles passes through $\Delta$ compute the ratio $\frac{r_1}{r_2}$ and find the length of $\Delta K$.","(i) a = (sqrt(r1) + sqrt(r2))^2, b = 2*r2. (ii) r1/r2 = (3 - sqrt(5))/2 and ΔK = ((1 + sqrt(5))/2)*r2.",1291,202,3,21,2,0,0,0,3
MATHNET-08wo,MathNet,Japan Mathematical Olympiad,,Japan,Number Theory,Divisibility / Factorization | Number-Theoretic Functions,,unknown,τ (number of divisors) | Factorization techniques,,,,True,,,,proof and answer,English,real,Determine all the positive integers $n$ for which the product of all positive factors equals $24^{240}$.,n = 2^15 · 3^5,1802,322,3,42,8,1,3,5,3
MATHNET-06c9,MathNet,HKG TST,,Hong Kong,Geometry,Plane Geometry,,unknown,"Triangles > Triangle centers: centroid, incenter, circumcenter, orthocenter, Euler line, nine-point circle | Miscellaneous > Angle chasing | Quadrilaterals > Cyclic quadrilaterals",,,,True,,,,proof only,,real,"$I$ is the incentre of $\triangle ABC$. $P, Q, R$ are the circumcentres of the triangles $IBC, ICA$ and $IAB$ respectively. Prove that the points $A, R, B, P, C, Q$ are concyclic.",,368,63,2,13,0,0,0,0,2
MATHNET-02xf,MathNet,Brazilian Mathematical Olympiad,,Brazil,Algebra | Number Theory,Other | Prealgebra / Basic Algebra,,unknown,Integers,,,,False,,,,final answer only,,real,"Problem:

Os 2.019 armários dos 2.019 alunos de uma escola são numerados com os quadrados dos 2.019 primeiros naturais positivos, ou seja, o primeiro armário tem o número $1^{2}=1$, o segundo armário tem o número $2^{2}=4$, o terceiro armário tem o número $3^{2}=9$, e assim até o último armário que tem o número $2.019^{2}=4.076.361$.
![](attached_image_1.png)

a) Quantos algarismos foram utilizados para pintar os cem primeiros armários?

b) Somando todos os números dos armários, qual o algarismo das unidades deste resultado?",a) 358; b) 0,958,142,3,16,0,0,0,0,3
MATHNET-0g1b,MathNet,IMO-Selektion,,Switzerland,Geometry,Plane Geometry,,unknown,Miscellaneous > Angle chasing | Geometric Inequalities > Optimization in geometry | Analytic / Coordinate Methods > Cartesian coordinates,,,,True,,,,proof and answer,,real,"Problem:

Sei $n \geq 3$ eine natürliche Zahl. Wie viele Diagonalen eines regulären $n$-Ecks kann man maximal einzeichnen, sodass falls sich zwei Diagonalen im Innern schneiden, sie senkrecht aufeinander stehen?","If n is odd, the maximum is n−3; if n is even, the maximum is n−2.",5677,803,15,44,0,0,0,0,15
MATHNET-0anv,MathNet,QUALIFYING STAGE,,Philippines,Algebra,Algebraic Expressions,,unknown,"Polynomials > Polynomial interpolation: Newton, Lagrange",,,,False,,,,MCQ,,real,"Problem:
Find the range of
$$
f(x) = \frac{(x-a)(x-b)}{(c-a)(c-b)} + \frac{(x-b)(x-c)}{(a-b)(a-c)} + \frac{(x-c)(x-a)}{(b-c)(b-a)}
$$
where $a$, $b$, $c$ are distinct real numbers.
(a) all real numbers
(b) $\{1\}$
(c) $[-a-b-c, +\infty)$
(d) $\{a+b+c\}$",b,0,0,0,0,0,0,0,0,0
MATHNET-0ggv,MathNet,"2022 數學奧林匹亞競賽第二階段選訓營, 獨立研究 (二)",,Taiwan,Algebra | Discrete Mathematics | Geometry,Combinatorics | Equations and Inequalities | Plane Geometry,,unknown,Analytic / Coordinate Methods > Cartesian coordinates | QM-AM-GM-HM / Power Mean | Counting two ways,,,,True,,,,proof and answer,Chinese; English,real,"平面上有 2022 個相異格子點。令 $I$ 為這些點中，有幾對點之間的距離恰為 1 的點對數量。求 $I$ 的最大可能值。

註：格子點為 $x$ 座標與 $y$ 座標皆為整數的點。",3954,537,112,4,23,0,0,0,0,4
MATHNET-0gj4,MathNet,"IMO 3J, Independent Study 1",,Taiwan,Discrete Mathematics,Combinatorics,,unknown,"Invariants / monovariants | Coloring schemes, extremal arguments",,,,True,,,,proof only,Chinese; English,real,"設 $a_1, a_2, \dots, a_{123}$ 為滿足下列條件的正整數：
• $a_1, a_2, \dots, a_{123}$ 是 $1, 2, \dots, 123$ 的一種排列
• $|a_1 - a_2|, |a_2 - a_3|, \dots, |a_{122} - a_{123}|$ 是 $1, 2, \dots, 122$ 的一種排列
證明 $\max(a_1, a_{123}) \ge 32$。

Let $a_1, a_2, \dots, a_{123}$ be positive integers such that
* $a_1, a_2, \dots, a_{123}$ is a permutation of $1, 2, \dots, 123$, and
* $|a_1 - a_2|, |a_2 - a_3|, \dots, |a_{122} - a_{123}|$ is a permutation of $1, 2, \dots, 122$.
Prove that $\max(a_1, a_{123}) \ge 32$.",,1139,213,4,27,0,0,0,0,4
MATHNET-03xn,MathNet,China National Team Selection Test,,China,Algebra,Algebraic Expressions,,unknown,Polynomials > Symmetric functions | Polynomials > Vieta's formulas | Polynomials > Polynomial operations,,,,True,,,,proof only,English,real,"Let $A = \{a_1, a_2, \ldots, a_{2010}\}$ and $B = \{b_1, b_2, \ldots, b_{2010}\}$ be two sets of complex numbers, such that the equality
$$
\sum_{1 \le i < j \le 2010} (a_i + a_j)^n = \sum_{1 \le i < j \le 2010} (b_i + b_j)^n
$$
holds for every $n = 1, 2, \ldots, 2010$. Prove that $A = B$.",,2565,445,7,39,2,3,0,0,7
MATHNET-0e84,MathNet,Državno tekmovanje,,Slovenia,Algebra,Algebraic Expressions,,unknown,Polynomials > Polynomial operations,,,,False,,,,final answer only,,real,"Problem:

V splošni obliki zapiši predpise za vse polinome četrte stopnje, ki imajo ničle $-2, 0, 1$ (ena izmed njih je dvojna) in njihovi grafi potekajo skozi točko $M(-1, 5)$.","The three polynomials are:
1) -(5/2)x^4 -(5/2)x^3 + 5x^2
2) (5/2)x^4 + (15/2)x^3 - 10x
3) -(5/4)x^4 + (15/4)x^2 - (5/2)x",0,0,0,0,0,0,0,0,0
MATHNET-0f3d,MathNet,ASU,,Soviet Union,Algebra,Linear Algebra,,unknown,Vectors,,,,True,,,,proof only,,real,"Problem:

Given $1980$ vectors in the plane. The sum of every $1979$ vectors is a multiple of the other vector. Not all the vectors are multiples of each other. Show that the sum of all the vectors is zero.",,409,67,2,8,4,0,1,1,2
MATHNET-00md,MathNet,"48th Austrian Mathematical Olympiad National Competition (Final Round, part 1)",,Austria,Algebra,Algebraic Expressions,,unknown,Functional Equations | Polynomials,,,,True,,,,proof and answer,English,real,"Determine all polynomials $P(x) \in \mathbb{R}[x]$ satisfying the following two conditions:
(a) $P(2017) = 2016$ and
(b) $(P(x)+1)^2 = P(x^2+1)$ for all real numbers $x$.",P(x) = x - 1,630,117,3,17,2,0,0,0,3
MATHNET-0alz,MathNet,Area Stage,,Philippines,Algebra,Intermediate Algebra,,unknown,Quadratic functions | Other,,,,True,,,,proof and answer,,real,"Problem:

Find all ordered pairs $(x, y)$ satisfying the system
$$
\begin{aligned}
x^{2} + 4y^{2} - x y &= 10 \\
2x - 4y + 3x y &= 11
\end{aligned}
$$","(3, 1), (-2, -3/2)",0,0,0,0,0,0,0,0,0
MATHNET-08pg,MathNet,Junior Balkan Mathematics Olympiad,,JBMO,Number Theory,Divisibility / Factorization | Modular Arithmetic,,unknown,Factorization techniques | Fermat / Euler / Wilson theorems,,,,True,,,,proof and answer,,real,"Problem:
Find all positive integers $n$ such that the number $A_{n} = \frac{2^{4n+2} + 1}{65}$ is

a) an integer;

b) a prime.","a) A_n is an integer if and only if n ≡ 1 (mod 3).
b) There is no n for which A_n is prime.",1437,286,5,36,3,1,4,0,5
MATHNET-03yl,MathNet,China Southeastern Mathematical Olympiad,,China,Algebra,Equations and Inequalities,,unknown,QM-AM-GM-HM / Power Mean,,,,True,,,,proof and answer,English,real,"If $\min_{x \in \mathbb{R}} \frac{a x^2 + b}{\sqrt{x^2 + 1}} = 3$, find
(1) the range of $b$;","[3, +infinity)",2026,405,8,61,2,0,12,0,8
MATHNET-0ag7,MathNet,,,North Macedonia,Number Theory,Divisibility / Factorization | Modular Arithmetic,,unknown,Fermat / Euler / Wilson theorems | Prime numbers,,,,True,,,,proof only,English,real,Let $n$ be a natural number. Prove that $13|7^n + n^5$ if and only if $13|n^7 \cdot 7^n + 1$.,,609,118,3,19,0,1,0,0,3
MATHNET-07du,MathNet,Iranian Mathematical Olympiad,,Iran,Algebra | Discrete Mathematics,Abstract Algebra | Combinatorics,,unknown,Invariants / monovariants | Permutations / basic group theory,,,,True,,,,proof only,,real,"100 points lie on the perimeter of a circle and they are arbitrary labeled by $1, 2, \ldots, 100$. We call a triangle **clockwise** if the increasing order of its vertices is in a clockwise fashion. Prove that it is not possible to have exactly $2017$ clockwise triangles.",,1490,258,3,20,3,0,2,0,3
MATHNET-03qo,MathNet,China Mathematical Competition (Hainan),,China,Geometry,Plane Geometry,,unknown,Analytic / Coordinate Methods > Cartesian coordinates,,,,False,,,,MCQ,English,real,"Assume that $M = \{(x, y) \mid x^2 + 2y^2 = 3\}$, and $N = \{(x, y) \mid y = mx + b\}$. If $M \cap N \neq \emptyset$ for all $m \in \mathbb{R}$, then $b$ takes values from ( ).
(A) $\left[-\frac{\sqrt{6}}{2}, \frac{\sqrt{6}}{2}\right]$
(B) $\left(-\frac{\sqrt{6}}{2}, \frac{\sqrt{6}}{2}\right)$
(C) $\left(-\frac{\sqrt{6}}{2}, \frac{\sqrt{6}}{2}\right]$
(D) $\left[-\frac{2\sqrt{3}}{3}, \frac{2\sqrt{3}}{3}\right]$",A,263,44,1,6,1,0,0,0,1
MATHNET-0bvn,MathNet,Eleventh STARS OF MATHEMATICS Competition,,Romania,Number Theory,Divisibility / Factorization | Modular Arithmetic,,unknown,Inverses mod n | Greatest common divisors (gcd),,,,True,,,,proof and answer,,real,"Let $P_1P_2\dots P_n$ be a regular $n$-gon. A frog situated at a vertex $P_k$ ($1 \le k \le n$) can jump to one of the vertices $P_{k+2}$ or $P_{k-3}$, the indexes being considered modulo $n$. Determine the set of positive integers $n \ge 3$ for which the frog can make $n$ jumps such that it visits all the vertices of the $n$-gon and returns to its starting vertex.
Andrei Eckstein","All integers n at least 3 for which either n is not divisible by 6 or n is divisible by 5; equivalently, all n except multiples of 6 that are not multiples of 5.",1099,232,4,31,0,2,9,0,4
MATHNET-0j8y,MathNet,Harvard-MIT Mathematics Tournament,,United States,Geometry,Plane Geometry,,unknown,Triangles > Triangle trigonometry,,,,True,,,,proof and answer,,real,"Problem:

Let $ABCDEF$ be a regular hexagon of area $1$. Let $M$ be the midpoint of $DE$. Let $X$ be the intersection of $AC$ and $BM$, let $Y$ be the intersection of $BF$ and $AM$, and let $Z$ be the intersection of $AC$ and $BF$. If $[P]$ denotes the area of polygon $P$ for any polygon $P$ in the plane, evaluate $[BXC] + [AYF] + [ABZ] - [MXZY]$.",0,420,79,2,7,1,0,0,0,2
MATHNET-0fj3,MathNet,Viernes 19 de enero de 2001,,Spain,Algebra | Discrete Mathematics,Algebraic Expressions | Combinatorics,,unknown,Functional Equations > Injectivity / surjectivity | Induction / smoothing,,,,True,,,,proof and answer,,real,"Problem:
Consideramos el conjunto $N=\{1,2,3, \ldots\}$ de los números naturales y la aplicación $f$ : $N \rightarrow N$ que cumple las dos siguientes condiciones:
a) $f(f(n))=n$ para todo $n \in N$.
b) $f(f(n)+1)=\left\{\begin{array}{cc}n-1, & \text{ si } n \text{ es par;} \\ n+3, & \text{ si } n \text{ es impar. }\end{array}\right.$
Determina el valor de $f(n)$ para cada $n \in N$ observando previamente que $f$ es biyectiva y que, al no ser nunca $f(f(n)+1)=2$, tiene que $f(1)=2$.",f(n) = { n+1 if n is odd; n-1 if n is even },1098,198,1,17,0,0,0,0,1
MATHNET-0j20,MathNet,Harvard-MIT November Tournament,,United States,Statistics,Probability,,unknown,Counting Methods > Other,,,,True,,,,proof and answer,,real,"Problem:

An ant starts at the point $(1,0)$. Each minute, it walks from its current position to one of the four adjacent lattice points until it reaches a point $(x, y)$ with $|x|+|y| \geq 2$. What is the probability that the ant ends at the point $(1,1)$?",7/24,1297,189,5,39,3,0,1,2,5
MATHNET-0dps,MathNet,XIX Silk Road Mathematical Competition,,Silk Road Mathematics Competition,Discrete Mathematics | Geometry,Combinatorics | Plane Geometry,,unknown,Combinatorial Geometry > Helly's theorem | Combinatorial Geometry > Convex hulls | Pigeonhole principle,,,,True,,,,proof only,English,real,"Prove that for any positive integer $m$ there exists a positive integer $n$, such that any $n$ different points on a plane can be partitioned into $m$ non-empty sets, *convex hulls* of which would share a common point.

*Convex hull* of a finite set $X$ of points on a plane is a set of points that lie inside or on the border of at least one convex polygon with vertices in $X$, including degenerate ones, i.e. a segment and a point are considered to be convex polygons. No three vertices of a convex polygon are collinear. A polygon contains its border.",,5148,942,13,109,5,4,9,0,13
MATHNET-09xk,MathNet,Dutch Mathematical Olympiad,,Netherlands,Algebra | Discrete Mathematics,Algebraic Expressions | Combinatorics,,unknown,Invariants / monovariants | Induction / smoothing | Sequences and Series > Sums and products,,,,True,,,,proof and answer,English,real,"A frog jumps around on the grid points in the plane, from one grid point to another. The frog starts at the point $(0,0)$. Then it makes, successively, a jump of one step horizontally, a jump of $2$ steps vertically, a jump of $3$ steps horizontally, a jump of $4$ steps vertically, et cetera. Determine all $n > 0$ such that the frog can be back in $(0,0)$ after $n$ jumps.",All n with n ≡ 0 or 7 modulo 8,3550,719,3,64,7,3,2,0,3
MATHNET-09jj,MathNet,Mongolian Mathematical Olympiad Round 2,,Mongolia,Number Theory,Diophantine Equations | Divisibility / Factorization,,unknown,"Factorization techniques | Techniques: modulo, size analysis, order analysis, inequalities",,,,True,,,,proof and answer,,real,"Find all positive integer pairs $(n, a)$ such that the quotient
$$
\frac{a^{n+1} + 3^{n+1} + 1}{a^n + 3^n + 1}
$$
is an integer.","(n, a) = (1, 9) and (1, 22)",0,0,0,0,0,0,0,0,0
MATHNET-072u,MathNet,Indija TS 2006,,India,Geometry,Plane Geometry,,unknown,Triangles | Miscellaneous > Angle chasing,,,,True,,,,proof only,,real,"Let $ABC$ be an equilateral triangle, and $D, E, F$ be points on $BC, CA, AB$ respectively. Let $\angle BAD = \alpha$, $\angle CBE = \beta$, $\angle ACF = \gamma$. Suppose $\alpha + \beta + \gamma \ge 120^\circ$. Prove that the union $\Sigma$ of triangular regions $BAD, CBE, ACF$ covers the triangle $ABC$.",,1045,200,3,26,7,2,3,0,3
MATHNET-0ej1,MathNet,21. tekmovanje v znanju matematike za dijake srednjih tehniških in strokovnih šol Državno tekmovanje,,Slovenia,Geometry,Solid Geometry,,unknown,Surface Area | 3D Shapes | Other 3D problems,,,,False,,,,MCQ,,real,"Problem:

Pravilna, pokončna, štiristrana prizma ima površino $128~\mathrm{m}^2$ in višino $6~\mathrm{m}$. Koliko meri njena telesna diagonala?

(A) $D \doteq 8,23~\mathrm{m}$
(B) $D \doteq 8,24~\mathrm{m}$
(C) $D \doteq 7,22~\mathrm{m}$
(D) $D \doteq 8,25~\mathrm{m}$
(E) $D \doteq 7,21~\mathrm{m}$",D,404,53,2,9,0,0,0,0,2
MATHNET-017c,MathNet,BALTIC WAY,,Baltic Way,Discrete Mathematics | Number Theory,Combinatorics | Modular Arithmetic,,unknown,Fermat / Euler / Wilson theorems | Pigeonhole principle,,,,True,,,,proof only,,real,Prove that there exists an integer which is divisible by $2010$ and whose decimal notation contains exactly two different digits.,,1191,208,4,29,2,2,1,0,4
MATHNET-0k1e,MathNet,HMMT November 2018,,United States,Statistics,Probability,,unknown,Counting Methods > Other,,,,True,,,,proof and answer,,real,"Problem:

Consider an unusual biased coin, with probability $p$ of landing heads, probability $q \leq p$ of landing tails, and probability $\frac{1}{6}$ of landing on its side (i.e. on neither face). It is known that if this coin is flipped twice, the likelihood that both flips will have the same result is $\frac{1}{2}$. Find $p$.

Proposed by: Brian Reinhart",2/3,355,59,2,8,0,0,0,0,2
MATHNET-0bh8,MathNet,Shortlisted problems for the 65th Romanian NMO,,Romania,Algebra | Geometry,Algebraic Expressions | Plane Geometry,,unknown,Sequences and Series > Sums and products | Analytic / Coordinate Methods > Trigonometry,,,,True,,,,proof and answer,,real,"Find the infimum and the supremum of the set
$$
\{\sin 1 + \sin 3 + \dots + \sin(2n + 1) \mid n \in \mathbb{N}\}.
$$","infimum = 0, supremum = 1/sin(1)",0,0,0,0,0,0,0,0,0
MATHNET-0jnd,MathNet,HMMT November 2015,,United States,Number Theory,Divisibility / Factorization | Modular Arithmetic,,unknown,Chinese remainder theorem | Fermat / Euler / Wilson theorems | Greatest common divisors (gcd) | Inverses mod n | Prime numbers,,,,True,,,,proof and answer,,real,"Problem:
A number $n$ is bad if there exists some integer $c$ for which $x^{x} \equiv c \pmod{n}$ has no integer solutions for $x$. Find the number of bad integers between $2$ and $42$ inclusive.",25,1735,310,6,39,5,1,3,0,6
MATHNET-0ab4,MathNet,Macedonian Mathematical Competitions,,North Macedonia,Algebra,Prealgebra / Basic Algebra,,unknown,Integers,,,,False,,,,final answer only,,real,"In a school there are $32$ classes. Six of them have $29$ students each, eight of them have $30$ students each, two of them have $31$ students each and the rest have $32$ students each. How many students are there in the school?",988,187,49,2,3,0,0,0,0,2
MATHNET-07cj,MathNet,Iranian Mathematical Olympiad,,Iran,Algebra,Algebraic Expressions | Equations and Inequalities,,unknown,QM-AM-GM-HM / Power Mean | Cauchy-Schwarz | Polynomials > Symmetric functions,,,,True,,,,proof only,,real,"Let $a$, $b$ and $c$ be positive real numbers with $c \ge b \ge a$. Prove that
$$
\frac{(c-a)^2}{6c} \le \frac{a+b+c}{3} - \frac{3}{\frac{1}{a} + \frac{1}{b} + \frac{1}{c}}
$$",,2487,433,2,39,9,0,1,20,2
MATHNET-09qh,MathNet,Dutch TST,,Netherlands,Discrete Mathematics | Number Theory,Combinatorics | Other,,unknown,"Coloring schemes, extremal arguments | Induction / smoothing",,,,True,,,,proof and answer,,real,"Problem:

Alle positieve gehele getallen worden rood of groen gekleurd, zodat aan de volgende voorwaarden wordt voldaan:
- Er zijn zowel rode als groene getallen.
- De som van drie (niet noodzakelijk verschillende) rode getallen is rood.
- De som van drie (niet noodzakelijk verschillende) groene getallen is groen.
Vind alle mogelijke kleuringen die hieraan voldoen.","Exactly two colorings: either all odd integers are red and all even integers are green, or all odd integers are green and all even integers are red.",1565,279,5,18,0,0,0,0,5
MATHNET-01b8,MathNet,Baltic Way,,Baltic Way,Algebra,Algebraic Expressions,,unknown,"Polynomials > Polynomial operations | Polynomials > Irreducibility: Rational Root Theorem, Gauss's Lemma, Eisenstein",,,,True,,,,proof only,,real,Does there exist a positive integer $m$ and a polynomial $P(x)$ with real coefficients for which $x^m + x + 2 = P(P(x))$ for all real $x$?,,2511,500,9,67,5,7,5,0,9
MATHNET-0ii2,MathNet,"Harvard-MIT Mathematics Tournament, Team Round B",,United States,Number Theory,Divisibility / Factorization | Residues and Primitive Roots,,unknown,Quadratic residues | Factorization techniques,,,,True,,,,proof and answer,,real,"Problem:

Find the largest positive integer $n$ such that $1! + 2! + 3! + \cdots + n!$ is a perfect square. Prove that your answer is correct.",3,198,48,2,6,0,0,0,0,2
MATHNET-0bnb,MathNet,66th NMO SELECTION TESTS FOR THE JUNIOR BALKAN MATHEMATICAL OLYMPIAD,,Romania,Algebra,Equations and Inequalities,,unknown,Cauchy-Schwarz | Linear and quadratic inequalities,,,,True,,,,proof only,,real,"Let $a$, $b$, $c > 0$ be real numbers so that $a + b + c = 1$. Prove that
$$
\frac{bc + a + 1}{a^2 + 1} + \frac{ca + b + 1}{b^2 + 1} + \frac{ab + c + 1}{c^2 + 1} \le \frac{39}{10}.
$$",,1116,234,1,21,0,0,0,0,1
MATHNET-09jr,MathNet,Mongolian Mathematical Olympiad,,Mongolia,Geometry,Plane Geometry,,unknown,Quadrilaterals | Analytic / Coordinate Methods > Cartesian coordinates | Transformations > Homothety,,,,True,,,,proof only,English,real,"Let $M$ be the midpoint of the side $CD$ of the trapezoid $ABCD$. Let segment $BM$ intersect diagonal $AC$ at point $E$. On the segment $AE$, a point $L$ (distinct from $C$) is chosen such that $EC = EL$. Line $BL$ intersects the base $AD$ at point $K$. Prove that $AK = KD$.",,0,0,0,0,0,0,0,0,0
MATHNET-0jpj,MathNet,HMMT February,,United States,Number Theory,Other,,unknown,,,,,False,,,,final answer only,,real,"Problem:
Let $N$ denote the sum of the decimal digits of $\binom{1000}{100}$. Estimate the value of $N$. If your answer is a positive integer $A$ written fully in decimal notation (for example, 521495223), your score will be the greatest integer not exceeding $25 \cdot (0.99)^{|A-N|}$. Otherwise, your score will be zero.",621,379,61,1,2,0,0,0,1,1
MATHNET-05i6,MathNet,Olympiades Françaises de Mathématiques - Épreuve en temps limité de Janvier,,France,Algebra,Algebraic Expressions,,unknown,Functional Equations,,,,True,,,,proof and answer,,real,"Problem:
Trouver toutes les fonctions $f$ de $\mathbb{R}$ dans $\mathbb{R}$ telles que $f(a b)=f(a+b)$ pour tous nombres irrationnels $a$ et $b$.",All constant functions,748,121,2,16,0,0,0,0,2
MATHNET-00f0,MathNet,APMO 1989,,Asia Pacific Mathematics Olympiad (APMO),Algebra | Discrete Mathematics,Combinatorics | Equations and Inequalities,,unknown,"Counting two ways | Coloring schemes, extremal arguments | Cauchy-Schwarz",,,,True,,,,proof only,English,real,"Let $S$ be a set consisting of $m$ pairs $(a, b)$ of positive integers with the property that $1 \leq a < b \leq n$. Show that there are at least
$$
4m \frac{\left(m-\frac{n^{2}}{4}\right)}{3n}
$$
triples $(a, b, c)$ such that $(a, b), (a, c)$, and $(b, c)$ belong to $S$.",,1683,309,1,49,2,1,2,1,1
MATHNET-0dyz,MathNet,Slovenija 2008,,Slovenia,Geometry,Plane Geometry,,unknown,Concurrency and Collinearity > Menelaus' theorem | Miscellaneous > Angle chasing | Miscellaneous > Constructions and loci,,,,True,,,,proof only,English,real,In an acute triangle $ABC$ we have $|AC| > |AB|$. Let $D$ and $E$ be two points on the sides $AC$ and $AB$ such that $|CD| = |BE|$. Denote the intersection of the segments $BD$ and $CE$ by $F$ and let $G$ be a point on the segment $AC$ such that the line $GF$ is parallel to the bisector of the angle $\angle BAC$. Prove that $|CG| = |AB|$.,,1700,296,3,36,2,0,0,0,3
MATHNET-0k65,MathNet,HMMT November 2019,,United States,Geometry,Plane Geometry,,unknown,Combinatorial Geometry | Miscellaneous > Constructions and loci,,,,True,,,,proof and answer,,real,"Problem:
A convex 2019-gon $A_{1} A_{2} \ldots A_{2019}$ is cut into smaller pieces along its 2019 diagonals of the form $A_{i} A_{i+3}$ for $1 \leq i \leq 2019$, where $A_{2020}=A_{1}$, $A_{2021}=A_{2}$, and $A_{2022}=A_{3}$. What is the least possible number of resulting pieces?",5049,1701,234,1,23,2,0,0,0,1
MATHNET-0l68,MathNet,HMMT February,,United States,Geometry,Plane Geometry,,unknown,Transformations > Inversion | Analytic / Coordinate Methods > Cartesian coordinates | Circles > Tangents,,,,False,,,,final answer only,,real,"Problem:
There exists a unique circle that is both tangent to the parabola $y = x^{2}$ at two points and tangent to the curve $x = \sqrt{\frac{y^{3}}{1 - y}}$. Compute the radius of this circle.

Proposed by: Karthik Venkata Vedula",sqrt(5)/2,1268,227,6,22,4,0,0,0,6
MATHNET-0dvk,MathNet,47. matematično tekmovanje srednješolcev Slovenije,,Slovenia,Geometry,Plane Geometry,,unknown,"Triangles > Triangle centers: centroid, incenter, circumcenter, orthocenter, Euler line, nine-point circle | Circles > Tangents | Miscellaneous > Angle chasing",,,,True,,,,proof only,,real,"Problem:

Naj bo $X$ presečišče diagonal konveksnega štirikotnika $ABCD$. Dokaži, da se trikotnikoma $ABX$ in $CDX$ očrtani krožnici dotikata natanko tedaj, ko je $AB \parallel CD$.",,675,112,4,19,0,0,0,0,4
MATHNET-0ig6,MathNet,Harvard-MIT Mathematics Tournament,,United States,Discrete Mathematics,Combinatorics,,unknown,"Enumeration with symmetry | Recursion, bijection",,,,True,,,,proof and answer,,real,"Problem:

In how many ways can $8$ people be arranged in a line if Alice and Bob must be next to each other, and Carol must be somewhere behind Dan?",5040,285,53,2,3,0,0,0,0,2
MATHNET-08l3,MathNet,2008 Shortlist JBMO,,JBMO,Algebra,Algebraic Expressions,,unknown,Polynomials > Symmetric functions,,,,True,,,,proof and answer,,real,"Problem:
Find all triples $(x, y, z)$ of real numbers that satisfy the system
$$
\left\{\begin{array}{l}
x + y + z = 2008 \\
x^{2} + y^{2} + z^{2} = 6024^{2} \\
\frac{1}{x} + \frac{1}{y} + \frac{1}{z} = \frac{1}{2008}
\end{array}\right.
$$","All permutations of (2008, 4016, -4016)",487,109,1,11,5,0,0,0,1
MATHNET-01el,MathNet,Baltic Way shortlist,,Baltic Way,Geometry,Plane Geometry,,unknown,"Triangles > Triangle centers: centroid, incenter, circumcenter, orthocenter, Euler line, nine-point circle | Miscellaneous > Angle chasing | Miscellaneous > Distance chasing",,,,True,,,,proof only,English,real,Heights $BB_1$ and $CC_1$ of acute triangle $ABC$ intersect in point $H$. $B_2$ and $C_2$ are points on segments $BH$ and $CH$ respectively such that $BB_2 = B_1H$ and $CC_2 = C_1H$. Circumcircle of the triangle $B_2HC_2$ intersects circumcircle of triangle $ABC$ in points $D$ and $E$. Prove that triangle $DEH$ is right.,,998,164,2,30,7,0,0,0,2
MATHNET-0g1n,MathNet,IMO-Selektion,,Switzerland,Geometry,Plane Geometry,,unknown,"Triangles > Triangle centers: centroid, incenter, circumcenter, orthocenter, Euler line, nine-point circle | Circles > Tangents | Quadrilaterals > Cyclic quadrilaterals | Miscellaneous > Angle chasing",,,,True,,,,proof only,,real,"Problem:

Soit $ABC$ un triangle avec $AB = AC \neq BC$ et $I$ le centre de son cercle inscrit. La droite $BI$ coupe $AC$ en $D$, et la perpendiculaire à $AC$ passant par $D$ coupe $AI$ en $E$. Montrer que la réflexion de $I$ par rapport à la droite $AC$ est sur le cercle circonscrit au triangle $BDE$.",,1419,272,4,52,0,0,0,0,4
MATHNET-0g57,MathNet,二〇一一數學奧林匹亞競賽第一階段選訓營,,Taiwan,Algebra,Intermediate Algebra,,unknown,Other,,,,True,,,,proof and answer,,real,"已知 $a, b, c, d$ 為非負實數, 試求滿足下列方程組的解 $(a, b, c, d)$:
$$
a^2(b+c)(b+c+d) = \sqrt{b+c}\sqrt[3]{b+c+d}
$$
$$
b^2(c+d)(c+d+a) = \sqrt{c+d}\sqrt[3]{c+d+a}
$$
$$
c^2(d+a)(d+a+b) = \sqrt{d+a}\sqrt[3]{d+a+b}
$$
$$
d^2(a+b)(a+b+c) = \sqrt{a+b}\sqrt[3]{a+b+c}
$$","Solutions are (0, 0, 0, 0) and (648^{-1/19}, 648^{-1/19}, 648^{-1/19}, 648^{-1/19}).",809,131,3,28,0,0,0,0,3
MATHNET-0dk0,MathNet,Saudi Arabia booklet 2024,,Saudi Arabia,Algebra | Geometry,Equations and Inequalities | Plane Geometry,,unknown,Triangles > Triangle inequalities | Geometric Inequalities > Triangle inequalities | Geometric Inequalities > Optimization in geometry | Linear and quadratic inequalities,,,,True,,,,proof and answer,English,real,"Find the maximum value of $k$ such that: for all $a, b, c$ are sidelengths of some triangle, then
$$
k \cdot \frac{3(a^2 + b^2 + c^2)}{(a + b + c)^2} + \sqrt{\frac{ab + bc + ca}{a^2 + b^2 + c^2}} \leq k + 1.
$$",2 - sqrt(2),1489,339,1,29,2,0,0,0,1
MATHNET-0f7p,MathNet,21st ASU,,Soviet Union,Algebra | Number Theory,Other | Prealgebra / Basic Algebra,,unknown,Integers,,,,True,,,,proof and answer,,real,"Problem:
Find all sets of 6 weights such that for each of $n = 1, 2, 3, \ldots, 63$, there is a subset of weights weighing $n$.","1, 2, 4, 8, 16, 32",0,0,0,0,0,0,0,0,0
MATHNET-0bot,MathNet,66th ROMANIAN MATHEMATICAL OLYMPIAD,,Romania,Algebra,Algebraic Expressions | Equations and Inequalities | Prealgebra / Basic Algebra,,unknown,Sequences and Series > Sums and products | Linear and quadratic inequalities | Fractions,,,,True,,,,proof and answer,,real,"a) Find all positive integers $a$ for which
$$
\frac{1}{4} < \frac{1}{a+1} + \frac{1}{a+2} + \frac{1}{a+3} < \frac{1}{3}.
$$

b) Prove that for any integer $p \ge 2$ there exist $p$ consecutive positive integers $a_1, a_2, \dots, a_p$ such that
$$
\frac{1}{p+1} < \frac{1}{a_1} + \frac{1}{a_2} + \dots + \frac{1}{a_p} < \frac{1}{p}.
$$","a ∈ {8, 9, 10}; for part (b), one valid choice is a_i = p^2 + i for i = 1, 2, ..., p",712,125,2,16,4,0,0,0,2
MATHNET-05yo,MathNet,Préparation Olympique Française de Mathématiques,,France,Geometry,Plane Geometry,,unknown,Circles > Tangents | Quadrilaterals > Cyclic quadrilaterals | Transformations > Homothety | Transformations > Rotation | Analytic / Coordinate Methods > Cartesian coordinates | Analytic / Coordinate Methods > Vectors | Miscellaneous > Angle chasing,,,,True,,,,proof only,,real,"Problem:

Soit $A, B, C, D$ quatre points situés dans cet ordre sur un cercle $\omega$. Soit $P$ et $Q$ deux points situés sur la droite $(A B)$, de sorte que les points $Q, A, B, P$ soient alignés dans cet ordre, que le cercle circonscrit à $A D Q$ soit tangent à la droite $(A C)$, et que le cercle circonscrit à $B C P$ soit tangent à la droite $(B D)$. Soit $M$ et $N$ les milieux respectifs des segments $[B C]$ et $[A D]$.

Démontrer que la tangente en $A$ au cercle circonscrit à $A N Q$, la tangente en $B$ au cercle circonscrit à $B M P$ et la droite $(C D)$ sont concourantes.",,3184,681,9,69,0,0,0,0,9
MATHNET-0jxx,MathNet,February 2017,,United States,Algebra,Algebraic Expressions,,unknown,Sequences and Series > Recurrence relations,,,,False,,,,final answer only,,real,"Problem:

Let $\ldots, a_{-1}, a_{0}, a_{1}, a_{2}, \ldots$ be a sequence of positive integers satisfying the following relations: $a_{n}=0$ for $n<0$, $a_{0}=1$, and for $n \geq 1$,
$$
a_{n}=a_{n-1}+2(n-1) a_{n-2}+9(n-1)(n-2) a_{n-3}+8(n-1)(n-2)(n-3) a_{n-4} .
$$
Compute
$$
\sum_{n \geq 0} \frac{10^{n} a_{n}}{n!}
$$",e^{23110},236,32,2,6,0,0,0,0,2
MATHNET-0krr,MathNet,2022 AIME I,,United States,Algebra | Geometry,Plane Geometry | Prealgebra / Basic Algebra,,unknown,Analytic / Coordinate Methods > Vectors | Simple Equations,,,,True,,,,proof and answer,,real,"A straight river that is 264 meters wide flows from west to east at a rate of 14 meters per minute. Melanie and Sherry sit on the south bank of the river with Melanie a distance of $D$ meters downstream from Sherry. Relative to the water, Melanie swims at 80 meters per minute, and Sherry swims at 60 meters per minute. At the same time, Melanie and Sherry begin swimming in straight lines to a point on the north bank of the river that is equidistant from their starting positions. The two women arrive at this point simultaneously. Find $D$.",550,1004,189,1,15,1,0,0,0,1
MATHNET-0b2w,MathNet,23rd Philippine Mathematical Olympiad Qualifying Stage,,Philippines,Geometry,Plane Geometry,,unknown,"Triangles > Triangle centers: centroid, incenter, circumcenter, orthocenter, Euler line, nine-point circle | Miscellaneous > Angle chasing | Analytic / Coordinate Methods > Trigonometry",,,,True,,,,proof and answer,,real,"Problem:

Let $\triangle ABC$ be an isosceles triangle with a right angle at $A$, and suppose that the diameter of its circumcircle $\Omega$ is $40$. Let $D$ and $E$ be points on the arc $BC$ not containing $A$ such that $D$ lies between $B$ and $E$, and $AD$ and $AE$ trisect $\angle BAC$. Let $I_{1}$ and $I_{2}$ be the incenters of $\triangle ABE$ and $\triangle ACD$ respectively. The length of $I_{1}I_{2}$ can be expressed in the form $a+b \sqrt{2}+c \sqrt{3}+d \sqrt{6}$, where $a, b, c$, and $d$ are integers. Find $a+b+c+d$.",20,823,150,5,19,2,0,0,0,5
MATHNET-0dts,MathNet,Singapore Mathematical Olympiad (SMO),,Singapore,Geometry,Plane Geometry,,unknown,Miscellaneous > Angle chasing | Miscellaneous > Distance chasing,,,,True,,,,proof only,,real,"Two rhombi *ABCD* and *AXYZ* are external to each other with a common vertex *A*. The vertices of the rhombi are labelled clockwise. If $\angle DAX = \angle BAZ$, prove that the centres of the rhombi and the midpoint of the segment *BZ* form an isosceles triangle.",,348,63,2,14,2,0,0,0,2
MATHNET-0jjl,MathNet,HMMT November 2014,,United States,Geometry,Plane Geometry,,unknown,Triangles > Triangle trigonometry,,,,False,,,,final answer only,,real,"Problem:

Find the area of a triangle with side lengths $14$, $48$, and $50$.",336,133,23,2,5,1,0,0,0,2
MATHNET-08o1,MathNet,17th Junior Balkan Mathematical Olympiad,,JBMO,Geometry,Plane Geometry,,unknown,Quadrilaterals > Cyclic quadrilaterals | Concurrency and Collinearity | Miscellaneous > Angle chasing,,,,True,,,,proof only,,real,"Problem:
Let $P$ and $Q$ be the midpoints of the sides $BC$ and $CD$, respectively, of a rectangle $ABCD$. Let $K$ and $M$ be the points of intersection of the line $PD$ with $QB$ and $QA$, respectively, and let $N$ be the point of intersection of the lines $PA$ and $QB$.
Let $X, Y, Z$ be the midpoints of the line segments $AN, KN, AM$, respectively. Let $\ell_{1}$ be the line passing through $X$ and perpendicular to $MK$, $\ell_{2}$ be the line passing through $Y$ and perpendicular to $AM$, $\ell_{3}$ be the line passing through $Z$ and perpendicular to $KN$. Show that $\ell_{1}, \ell_{2}, \ell_{3}$ are concurrent.",,1323,218,5,43,4,0,0,0,5
MATHNET-0htx,MathNet,Berkeley Math Circle,,United States,Geometry,Plane Geometry,,unknown,"Triangles > Triangle centers: centroid, incenter, circumcenter, orthocenter, Euler line, nine-point circle | Miscellaneous > Angle chasing",,,,True,,,,proof only,,real,"Problem:

Given a triangle $ABC$, we draw three circles with respective diameters $AB$, $BC$, and $CA$. Prove that there exists a point that is inside all three circles.",,607,119,2,15,3,0,1,0,2
MATHNET-0cus,MathNet,XLIII Russian mathematical olympiad,,Russia,Discrete Mathematics,Combinatorics,,unknown,"Coloring schemes, extremal arguments",,,,True,,,,proof and answer,English; Russian,real,"Some cells of a $200 \times 200$ checkered square contain red or blue tokens — one per cell; the other cells are empty. We say that a token *sees* another token if they are situated either in one row or in one column. Assume that each red token sees exactly five blue tokens (and, perhaps, some red tokens), and each blue token sees exactly five red tokens (and, perhaps, some blue tokens). Determine the maximal possible total number of tokens on the board.

В некоторых клетках квадрата $200 \times 200$ стоят красные или синие фишки — по одной в клетке; остальные клетки пусты. Будем говорить, что фишка *видит* другую фишку, если они расположены либо в одной строке, либо в одном столбце. Известно, что каждая красная фишка видит ровно пять синих фишек (и, возможно, какие-то красные), а каждая синяя фишка видит ровно пять красных фишек (и, возможно, какие-то синие). Каково наибольшее возможное общее число фишек на доске?",3800,2274,381,8,25,0,0,3,0,8
MATHNET-0j3m,MathNet,Harvard-MIT Mathematics Tournament,,United States,Geometry,Plane Geometry,,unknown,"Triangles > Triangle centers: centroid, incenter, circumcenter, orthocenter, Euler line, nine-point circle | Transformations > Rotation | Geometric Inequalities > Optimization in geometry | Miscellaneous > Angle chasing",,,,True,,,,proof and answer,,real,"Problem:
Let $O$ be the point $(0,0)$. Let $A$, $B$, $C$ be three points in the plane such that $A O = 15$, $B O = 15$, and $C O = 7$, and such that the area of triangle $A B C$ is maximal. What is the length of the shortest side of $A B C$?",20,1080,219,4,35,3,1,2,0,4
MATHNET-0bo4,MathNet,66th ROMANIAN MATHEMATICAL OLYMPIAD,,Romania,Algebra | Number Theory,Modular Arithmetic | Prealgebra / Basic Algebra,,unknown,Integers,,,,True,,,,proof only,,real,"a) Show that the last two digits of $1038^2$ are 4.

b) Show that there are infinitely many perfect squares whose last three digits are 4.

c) Prove that there is no perfect square whose last four digits are 4.",,1552,354,4,26,4,0,1,1,4
MATHNET-05g5,MathNet,"Olympiades Françaises de Mathématiques, Envoi No. 6",,France,Geometry,Plane Geometry,,unknown,Quadrilaterals > Quadrilaterals with perpendicular diagonals | Quadrilaterals > Cyclic quadrilaterals | Miscellaneous > Angle chasing,,,,True,,,,proof only,,real,"Problem:

Les diagonales du quadrilatère convexe $ABCD$ sont perpendiculaires et se rencontrent en $O$. La perpendiculaire à $(AB)$ passant par $O$ rencontre $(AB)$ en $M$ et $(CD)$ en $M'$. La perpendiculaire à $(BC)$ passant par $O$ rencontre $(BC)$ en $N$ et $(DA)$ en $N'$. La perpendiculaire à $(CD)$ passant par $O$ rencontre $(CD)$ en $P$ et $(AB)$ en $P'$. La perpendiculaire à $(DA)$ passant par $O$ rencontre $(DA)$ en $Q$ et $(BC)$ en $Q'$. 

Prouver que les points $M, N, P, Q, M', N', P', Q'$ sont cocycliques.",,1933,267,9,38,0,0,0,0,9
MATHNET-078n,MathNet,INMO,,India,Discrete Mathematics,Combinatorics,,unknown,"Coloring schemes, extremal arguments | Invariants / monovariants",,,,True,,,,proof and answer,,real,"All the squares of a $2024 \times 2024$ board are coloured white. In one move, Mohit can select one row or column whose every square is white, choose exactly $1000$ squares in this row or column, and colour all of them red. Find the maximum number of squares that Mohit can colour red in a finite number of moves.",3048000,946,181,4,18,2,0,2,0,4
MATHNET-03n8,MathNet,Canadian Mathematical Olympiad,,Canada,Algebra | Discrete Mathematics,Combinatorics | Linear Algebra,,unknown,Invariants / monovariants | Vectors,,,,True,,,,proof only,,real,"Problem:

Consider an arrangement of tokens in the plane, not necessarily at distinct points. We are allowed to apply a sequence of moves of the following kind: Select a pair of tokens at points $A$ and $B$ and move both of them to the midpoint of $A$ and $B$.

We say that an arrangement of $n$ tokens is collapsible if it is possible to end up with all $n$ tokens at the same point after a finite number of moves. Prove that every arrangement of $n$ tokens is collapsible if and only if $n$ is a power of 2.",,3564,600,13,72,3,5,7,0,13
MATHNET-0hai,MathNet,The Problems of Ukrainian Authors,,Ukraine,Algebra,Equations and Inequalities,,unknown,QM-AM-GM-HM / Power Mean | Linear and quadratic inequalities,,,,True,,,,proof only,English,real,"Let $a, b, x, y$ be non-negative numbers, $k > 0$ and for these numbers the following inequalities are true:
$$
a + kx \le 1; \quad a + ky \le 1; \quad b + \frac{x}{k} \le 1; \quad b + \frac{y}{k} \le 1.
$$

Prove that the following equation is true:
$$
(a + x)^2 + (b + y)^2 \le 2.
$$",,712,131,4,15,0,0,0,0,4
MATHNET-01k3,MathNet,60th Belarusian Mathematical Olympiad,,Belarus,Discrete Mathematics,Combinatorics,,unknown,Games / greedy algorithms | Induction / smoothing,,,,True,,,,proof and answer,English,real,"Integers from $1$ to $80$ are written on a blackboard. Tom and Jerry play the following game. They, in turn (Tom is the first), erase these numbers. Per move it is allowed to erase exactly $1$, or exactly $5$, or exactly $8$ numbers. The player wins if he erases the last number.
Who wins if both of the players play to win?",Jerry,1555,322,5,16,2,0,4,0,5
MATHNET-0839,MathNet,XIX GARA NAZIONALE DI MATEMATICA,,Italy,Discrete Mathematics,Combinatorics,,unknown,"Coloring schemes, extremal arguments | Invariants / monovariants",,,,True,,,,proof and answer,,real,"Problem:
Un museo ha la pianta quadrata ed è suddiviso in $n^{2}$ stanze quadrate tutte uguali (con $n>1$ ). Ogni coppia di stanze adiacenti (cioè con un muro in comune) comunica mediante una porta (come mostrato nell'esempio a fianco per $n=4$ ). Il guardiano notturno vuole organizzare il suo giro di ispezione in modo da rispettare le seguenti regole: il guardiano parte da una certa stanza, dove rimane per un minuto, terminato il quale si sposta in una stanza adiacente, dove rimane per un altro minuto; il percorso
![](attached_image_1.png)
prosegue collegando stanze adiacenti, in ognuna delle quali il guardiano rimane sempre esattamente un minuto prima di spostarsi.
È consentito ripassare più volte dalla stessa stanza, ma al termine del percorso (che non si trova necessariamente nella stanza d'inizio) il guardiano deve essere stato in ognuna delle $n^{2}$ stanze per esattamente $k$ minuti.
Determinare per quali interi positivi $n$ e $k$ è possibile organizzare il percorso rispettando queste regole.","If the grid side length is even, it is possible for every positive required per-room count. If the grid side length is odd, it is possible only when the required per-room count equals one.",1791,313,1,13,0,0,0,0,1
MATHNET-0f9k,MathNet,24th ASU,,Soviet Union,Geometry,Plane Geometry,,unknown,Quadrilaterals | Miscellaneous > Angle chasing,,,,True,,,,proof only,,real,"Problem:

The line joining the midpoints of two opposite sides of a convex quadrilateral makes equal angles with the diagonals. Show that the diagonals are equal.",,238,44,2,12,1,1,0,0,2
MATHNET-00cv,MathNet,Nacional OMA,,Argentina,Algebra | Discrete Mathematics,Algebraic Expressions | Combinatorics | Prealgebra / Basic Algebra,,unknown,"Sequences and Series > Sums and products | Coloring schemes, extremal arguments | Integers",,,,True,,,,proof and answer,Spanish,real,"Fede debe elegir 50 números enteros distintos, desde $1$ hasta $100$ inclusive de modo que su suma sea igual a $2900$. Determinar cuál es la menor cantidad de números pares que puede haber entre los 50 números que elija Fede.",6,849,132,1,27,0,0,0,0,1
MATHNET-0h39,MathNet,Ukrainian Mathematical Olympiad,,Ukraine,Algebra | Discrete Mathematics | Number Theory,Combinatorics | Other | Prealgebra / Basic Algebra,,unknown,Invariants / monovariants | Integers,,,,True,,,,proof and answer,English,real,"Let $S(a)$ denote the sum of decimal digits of a positive integer $a$. Positive integer $n$ is such that $S(n) = 406$, $S(2012n) = 2012$. Find all possible values of $S(2011n)$.","1609, 1615, 1624",1304,214,4,35,0,0,0,0,4
MATHNET-0ig4,MathNet,Harvard-MIT Mathematics Tournament,,United States,Calculus,Differential Calculus | Differential Equations,,unknown,ODEs | Derivatives,,,,True,,,,proof and answer,,real,"Problem:
Let $f: \mathbf{R} \rightarrow \mathbf{R}$ be a smooth function such that $f'(x)^2 = f(x) f''(x)$ for all $x$. Suppose $f(0) = 1$ and $f^{(4)}(0) = 9$. Find all possible values of $f'(0)$.",± sqrt(3),843,144,2,22,1,0,0,0,2
MATHNET-03gy,MathNet,Canadian Mathematical Olympiad,,Canada,Geometry,Plane Geometry,,unknown,Analytic / Coordinate Methods > Cartesian coordinates | Miscellaneous > Constructions and loci | Miscellaneous > Distance chasing,,,,True,,,,proof and answer,,real,"Problem:
Consider all line segments of length $4$ with one end-point on the line $y = x$ and the other end-point on the line $y = 2x$. Find the equation of the locus of the midpoints of these line segments.",25x^2 + 13y^2 - 36xy = 4,2098,554,6,68,2,0,0,5,6
MATHNET-0jtz,MathNet,HMMT February,,United States,Number Theory,Diophantine Equations | Modular Arithmetic,,unknown,"Techniques: modulo, size analysis, order analysis, inequalities",,,,True,,,,proof and answer,,real,"Problem:
Determine the number of triples $0 \leq k, m, n \leq 100$ of integers such that
$$
2^{m} n - 2^{n} m = 2^{k}
$$",22,1981,419,8,54,3,2,2,0,8
MATHNET-0ebi,MathNet,59. matematično tekmovanje srednješolcev Slovenije,,Slovenia,Number Theory,Divisibility / Factorization | Modular Arithmetic,,unknown,Greatest common divisors (gcd) | Prime numbers | Inverses mod n,,,,True,,,,proof and answer,,real,"Problem:

Za koliko naravnih števil $n$, $n \leq 2015$, ulomek $\frac{3 n-1}{2 n^{2}+1}$ ni okrajšan?",183,827,147,2,29,0,0,0,0,2
MATHNET-09iq,MathNet,Mongolian Mathematical Olympiad Round 3,,Mongolia,Geometry,Plane Geometry,,unknown,Quadrilaterals > Cyclic quadrilaterals | Circles > Radical axis theorem | Miscellaneous > Angle chasing,,,,True,,,,proof only,,real,"Let $ABC$ be a triangle. Let $D$ be a point on $AB$ and let $E$ be a point on $AC$ such that $BCED$ is cyclic. Let $F$ be the intersection of the segment $BE$ and the circumcircle of $ADC$ and let $G$ be the intersection of $CD$ and the circumcircle of $ABE$. Suppose that the segments $BG$ and $CF$ meets at $S$. Show that $\angle FAS = \angle GAS$.

(Proposed by Khulan Tumenbayar)",,489,94,1,16,4,0,0,0,1
MATHNET-0doe,MathNet,14. СРПСКА МАТЕМАТИЧКА ОЛИМПИЈАДА УЧЕНИКА СРЕДЊИХ ШКОЛА,,Serbia,Geometry,Plane Geometry,,unknown,Circles > Radical axis theorem | Quadrilaterals > Cyclic quadrilaterals | Concurrency and Collinearity > Pappus theorem,,,,True,,,,proof only,,real,"Problem:

У трапезу $ABCD$ чији унутрашњи углови нису прави, дијагонале $AC$ и $BD$ секу се у тачки $E$. Нека су $P$ и $Q$ редом подножја нормала из темена $A$ и $B$ на праве $BC$ и $AD$. Описане кружнице троуглова $CEQ$ и $DEP$ секу се у тачки $F \neq E$. Доказати да се праве $AP$, $BQ$ и $EF$ секу у једној тачки или су паралелне.",,976,188,6,38,0,0,0,0,6
MATHNET-0590,MathNet,Estonian Math Competitions,,Estonia,Discrete Mathematics,Combinatorics,,unknown,"Pigeonhole principle | Coloring schemes, extremal arguments",,,,True,,,,proof only,English,real,"A fly farm contains $100001$ fruit flies. A research group wishes to buy some flies from the farm to perform (once) either experiment A or experiment B (but not both).

For experiment A, the research group needs a set of flies in which no fly is a descendant of any other. For such a set, the research group would pay the farm $505$ euros plus $5$ euros per fly bought.

For experiment B, the research group needs a set of flies in which among every two flies, one is a descendant of the other. For such a set, the research group would pay the farm $1000$ euros plus $10$ euros per fly bought.

Prove that there exists a set of flies in the farm for which the research group would pay at least $3010$ euros.",,974,189,4,13,1,0,2,0,4
MATHNET-05tl,MathNet,Envoi 5: Pot Pourri,,France,Number Theory,Diophantine Equations | Divisibility / Factorization | Modular Arithmetic,,unknown,"Techniques: modulo, size analysis, order analysis, inequalities | Factorization techniques",,,,True,,,,proof and answer,,real,"Problem:

Déterminer tous les triplets $(x, y, z)$ d'entiers naturels satisfaisant l'équation:
$$
2^{x} + 3^{y} = z^{2}
$$","[[0, 1, 2], [3, 0, 3], [4, 2, 5]]",4929,1025,14,158,0,1,0,0,14
MATHNET-00et,MathNet,,,Asia Pacific Mathematics Olympiad (APMO),Algebra | Number Theory,Algebraic Number Theory | Other | Prealgebra / Basic Algebra,,unknown,Algebraic numbers | Integers,,,,True,,,,proof only,English,real,"Prove that every positive integer can be written as a finite sum of distinct integral powers of the golden mean $\tau=\frac{1+\sqrt{5}}{2}$. Here, an integral power of $\tau$ is of the form $\tau^{i}$, where $i$ is an integer (not necessarily positive).",,2013,337,1,39,2,6,6,1,1
MATHNET-0j86,MathNet,Harvard-MIT Mathematics Tournament,,United States,Number Theory,Divisibility / Factorization | Number-Theoretic Functions,,unknown,φ (Euler's totient) | Greatest common divisors (gcd),,,,True,,,,proof only,,real,"Problem:

Let $n$ be a positive integer such that $n > 2$. Prove that $\varphi(n)$ is even.",,567,96,2,19,1,0,2,1,2
MATHNET-03bp,MathNet,Team selection test for the 54th IMO,,Bulgaria,Discrete Mathematics,Combinatorics,,unknown,"Pigeonhole principle | Coloring schemes, extremal arguments",,,,True,,,,proof and answer,English,real,"Let $m$, $n$ and $r$ be positive integers with $n \ge 2$ and $1 \le r \le n-1$. Consider a square table of size $(mn+r) \times (mn+r)$. The table is covered by squares of size $n \times n$ with sides parallel to the sides of the table. Each unit square is covered at least once and some unit squares are covered multiple times. Find the minimum possible number of unit squares covered at least two times.",(mn+mr+2r)(n-r),1823,322,4,34,3,0,1,0,4
MATHNET-0law,MathNet,Vijetnam 2011,,Vietnam,Algebra,Algebraic Expressions | Equations and Inequalities,,unknown,Sequences and Series > Recurrence relations | Sequences and Series > Telescoping series | QM-AM-GM-HM / Power Mean,,,,True,,,,proof only,English,real,"Given a sequence of real numbers ($x_n$):
$$
x_1 = 1 \quad \text{and} \quad x_n = \frac{2n}{(n-1)^2} \sum_{i=1}^{n-1} x_i \quad \text{for all } n \ge 2.
$$
For each positive integer $n$, let $y_n = x_{n+1} - x_n$.
Show that the sequence ($y_n$) has finite limit as $n \to +\infty$.",,1567,242,2,23,9,0,0,0,2
MATHNET-029k,MathNet,,,Brazil,Discrete Mathematics | Geometry,Combinatorics | Plane Geometry,,unknown,Miscellaneous > Constructions and loci | Counting two ways,,,,True,,,,proof and answer,,real,"Problem:

Jorge ganhou 15 roseiras para seu jardim, com a condição de plantá-las em 6 filas de 5 roseiras cada uma. Isso é possível? Em caso afirmativo faça um desenho indicando para Jorge como plantar as roseiras.",Yes. Take six straight lines with no two parallel and no three concurrent; plant at the fifteen pairwise intersection points so that each of the six lines forms a row containing five plants.,139,21,3,0,0,0,0,0,3
MATHNET-0feu,MathNet,TANDA II,,Spain,Discrete Mathematics,Combinatorics,,unknown,"Coloring schemes, extremal arguments",,,,True,,,,proof only,,real,"Problem:
En el sótano del castillo, 7 gnomos guardan su tesoro. El tesoro está detrás de 12 puertas, cada una de ellas con 12 cerraduras. Todas las cerraduras son distintas. Cada gnomo tiene llaves para algunas de las cerraduras. Tres gnomos cualesquiera tienen conjuntamente llaves para todas las cerraduras. Probar que entre todos los gnomos tienen por lo menos 336 llaves.",,495,92,1,2,0,0,0,0,1
MATHNET-0cie,MathNet,75th NMO,,Romania,Geometry,Plane Geometry,,unknown,Miscellaneous > Angle chasing | Miscellaneous > Constructions and loci,,,,True,,,,proof only,English,real,"Let $ABC$ be a triangle with $AB = 2AC$. Let $D$ be the midpoint of side $AB$. A point $E$ is chosen on side $BC$ such that $\angle BDE = \angle ACB$.

a) Show that the ray ($EA$ bisects angle $\angle CED$.

b) Let $O$ be the intersection of lines $CD$ and $AE$. Show that $\angle COA = \angle ACB$.",,0,0,0,0,0,0,0,0,0
MATHNET-071o,MathNet,INMO,,India,Discrete Mathematics | Geometry,Combinatorics | Plane Geometry,,unknown,"Triangles > Triangle inequalities | Recursion, bijection",,,,True,,,,proof only,,real,"Problem:

For any natural number $n$ ($n \geq 3$), let $f(n)$ denote the number of non-congruent integer-sided triangles with perimeter $n$ (e.g., $f(3)=1$, $f(4)=0$, $f(7)=2$). Show that

a. $f(1999) > f(1996)$

b. $f(2000) = f(1997)$.",,1421,346,3,33,8,0,3,0,3
MATHNET-084e,MathNet,Progetto Olimpiadi di Matematica,,Italy,Discrete Mathematics | Number Theory,Combinatorics | Divisibility / Factorization,,unknown,Inclusion-exclusion | Least common multiples (lcm),,,,True,,,,proof and answer,,real,"Problem:

Su una scacchiera $75 \times 75$ le righe e le colonne sono numerate da 1 a 75. Chiara vuole mettere una pedina in tutte e sole le caselle che abbiano una coordinata pari e l'altra multipla di 3. Quante pedine disporrà in tutto sulla scacchiera?",1706,1306,225,6,21,0,0,0,0,6
MATHNET-01u9,MathNet,Belarusian Mathematical Olympiad,,Belarus,Geometry,Plane Geometry,,unknown,"Miscellaneous > Angle chasing | Circles > Tangents | Triangles > Triangle centers: centroid, incenter, circumcenter, orthocenter, Euler line, nine-point circle",,,,True,,,,proof only,English,real,"Point $D$ is marked on the side $AB$ of triangle $ABC$. The bisectors of the angles $ABC$ and $ADC$ meet at point $U$, and the bisectors of the angles $BAC$ and $BDC$ meet at point $V$. Let $S$ be the midpoint of the segment $UV$.

Prove that the lines $SD$ and $AB$ are perpendicular if and only if the inscribed circles of the triangles $ADC$ and $BDC$ are tangent.",,1360,241,2,39,1,0,0,0,2
MATHNET-00kp,MathNet,Austrian Mathematical Olympiad,,Austria,Algebra,Equations and Inequalities,,unknown,QM-AM-GM-HM / Power Mean,,,,True,,,,proof and answer,,real,"Let $x, y$ be positive real numbers with $xy = 4$.
Prove that
$$
\frac{1}{x+3} + \frac{1}{y+3} \le \frac{2}{5}
$$
For which $x$ and $y$ does equality hold?",x = y = 2,286,56,1,6,0,0,0,0,1
MATHNET-03z3,MathNet,China Girls' Mathematical Olympiad,,China,Algebra,Equations and Inequalities,,unknown,QM-AM-GM-HM / Power Mean | Jensen / smoothing,,,,True,,,,proof only,English,real,"Suppose positive real numbers $a, b, c, d$ satisfy $abcd = 1$. Prove
$$
\frac{1}{a} + \frac{1}{b} + \frac{1}{c} + \frac{1}{d} + \frac{9}{a+b+c+d} \ge \frac{25}{4}.
$$",,3795,617,5,43,3,6,2,0,5
MATHNET-03tp,MathNet,China Mathematical Competition,,China,Algebra,Equations and Inequalities,,unknown,Linear and quadratic inequalities,,,,False,,,,MCQ,English,real,"Suppose real number $a$ satisfies $|2x - a| + |3x - 2a| \ge a^2$ for any $x \in \mathbb{R}$. Then $a$ lies exactly in ( ).

(A) $\left[ -\frac{1}{3}, \frac{1}{3} \right]$
(B) $\left[ -\frac{1}{2}, \frac{1}{2} \right]$
(C) $\left[ -\frac{1}{4}, \frac{1}{3} \right]$
(D) $[-3, 3]$",A,820,138,2,13,1,0,0,0,2
MATHNET-0e73,MathNet,National Math Olympiad 2012,,Slovenia,Discrete Mathematics,Combinatorics,,unknown,Games / greedy algorithms | Invariants / monovariants,,,,True,,,,proof and answer,,real,"Lara and Sara will draw $n$ straight lines on a rectangular sheet of paper, one after the other, in turn, and one line each time. Every line will be parallel to one of the edges of the sheet and will go from edge to edge. No line will coincide with an edge or an already drawn line. At the end, the sheet of paper will be divided into several rectangles. If the number of these rectangles will be odd, the winner will be Laura, and if it will be even, the winner will be Sara. Determine the winner depending on $n$ and the person who starts drawing a line.","If the number of lines is odd, Sara wins regardless of who starts. If the number of lines is even, the player who does not start (the second player) wins.",1175,229,2,25,2,3,3,0,2
MATHNET-0698,MathNet,23rd Junior Balkan Mathematical Olympiad,,Greece,Number Theory,Diophantine Equations | Divisibility / Factorization | Modular Arithmetic,,unknown,"Prime numbers | Fermat / Euler / Wilson theorems | Techniques: modulo, size analysis, order analysis, inequalities",,,,True,,,,proof and answer,English,real,"Find all prime numbers $p$ for which there exist non-negative integers $x$, $y$ and $z$ such that the number
$$
x^p + y^p + z^p - x - y - z
$$
is a product of exactly three distinct prime numbers.",p = 2 or p = 5,0,0,0,0,0,0,0,0,0
MATHNET-0g0v,MathNet,IMO-Selektion,,Switzerland,Algebra | Number Theory,Algebraic Expressions | Divisibility / Factorization,,unknown,Factorization techniques | Polynomials > Polynomial operations,,,,True,,,,proof only,,real,"Problem:

Sei $n$ eine natürliche Zahl. Zeige, dass $7^{7^{n}}+1$ mindestens $2 n+3$ nicht notwendigerweise verschiedene Primteiler hat.",,1282,148,6,14,0,0,0,0,6
MATHNET-0ef5,MathNet,"17. tekmovanje v znanju matematike za dijake srednjih tehniških in strokovnih šol, Odbirno tekmovanje",,Slovenia,Algebra,Prealgebra / Basic Algebra,,unknown,Simple Equations,,,,True,,,,proof and answer,,real,"Problem:

Marko in France imata vsak svoj sadovnjak z jablanami in hruškami. France ima $20 \%$ manj jablan, a 7 hrušk več kot Marko. Skupaj imata 218 dreves. Naslednje leto namerava France na novo posaditi še 22 jablan in 24 hrušk, da bo imel jablan 1,5-krat toliko kot hrušk. Koliko ima letos vsak od njiju jablan in koliko hrušk?

(10 točk)",Marko: 85 apples and 29 pears; France: 68 apples and 36 pears.,539,93,2,14,0,0,0,0,2
MATHNET-0gbv,MathNet,"2018 數學奧林匹亞競賽第二階段選訓營, 獨立研究(三)",,Taiwan,Algebra | Number Theory,Algebraic Expressions | Divisibility / Factorization | Modular Arithmetic,,unknown,Greatest common divisors (gcd) | Polynomials > Polynomial operations,,,,True,,,,proof only,,real,"已知正整數 $n$ 的所有因數除了 1 以外都不是完全平方數。
試證: 不存在任何互質的正整數 $x$ 和 $y$, 使得 $x^n + y^n$ 是 $(x + y)^3$ 的倍數。",,742,133,3,34,0,0,0,0,3
MATHNET-09cc,MathNet,Mongolian Mathematical Olympiad 46,,Mongolia,Algebra | Discrete Mathematics,Algebraic Expressions | Combinatorics,,unknown,Generating functions | Polynomials > Polynomial operations | Sequences and Series > Sums and products,,,,True,,,,proof only,Mongolian,real,"$$
\sum_{j=0}^{n} \left\{ \binom{3n+2-j}{j} 2^j - \binom{3n+1-j}{j-1} 2^{j-1} \right\} = 2^{3n}
$$
гэж батал.
$$
\text{Энд } \binom{n}{k} = C_n^k \text{ ба } j = 0 \text{ үед } \binom{3n+1-j}{j-1} 2^{j-1} = 0 \text{ гэж үзнэ.}
$$",,942,135,1,13,0,0,0,0,1
MATHNET-06h1,MathNet,CHKMO,,Hong Kong,Geometry,Plane Geometry,,unknown,"Triangles > Triangle centers: centroid, incenter, circumcenter, orthocenter, Euler line, nine-point circle | Quadrilaterals > Cyclic quadrilaterals | Miscellaneous > Angle chasing",,,,True,,,,proof only,,real,"Given $\triangle ABC$ with $CA > BC > AB$, let $O$ and $H$ be the circumcentre and orthocentre of $\triangle ABC$ respectively. Denote by $D$ and $E$ the midpoints of arcs $\widehat{AB}$ and $\widehat{AC}$ of the circumcircle of $\triangle ABC$ not containing the opposite vertices. Let $D'$ be the reflection of $D$ in side $AB$ and $E'$ be the reflection of $E$ in side $AC$. Prove that $O, H, D', E'$ are concyclic if and only if $A, D', E'$ are collinear.",,1355,236,5,26,4,0,0,0,5
MATHNET-0ij0,MathNet,Harvard-MIT Mathematics Tournament,,United States,Algebra,Algebraic Expressions,,unknown,Polynomials > Vieta's formulas | Polynomials > Symmetric functions | Polynomials > Intermediate Value Theorem | Sequences and Series > Recurrence relations,,,,True,,,,proof and answer,,real,"Problem:
Let $a \geq b \geq c$ be real numbers such that
$$
\begin{aligned}
a^{2} b c + a b^{2} c + a b c^{2} + 8 &= a + b + c \\
a^{2} b + a^{2} c + b^{2} c + b^{2} a + c^{2} a + c^{2} b + 3 a b c &= -4 \\
a^{2} b^{2} c + a b^{2} c^{2} + a^{2} b c^{2} &= 2 + a b + b c + c a
\end{aligned}
$$
If $a + b + c > 0$, then compute the integer nearest to $a^{5}$.",1279,1569,404,2,39,6,0,0,2,2
MATHNET-02jz,MathNet,Brazilian Mathematical Olympiad,,Brazil,Geometry,Plane Geometry,,unknown,Circles,,,,False,,,,MCQ,,real,"Problem:

André treina para a maratona dando voltas em torno de uma pista circular de raio $100~\mathrm{m}$. Para percorrer aproximadamente $42~\mathrm{km}$, o número de voltas que André precisa dar está entre:
A) $1$ e $10$
B) $10$ e $50$
C) $50$ e $100$
D) $100$ e $500$
E) $500$ e $1000$",C,888,137,5,20,0,0,0,0,5
MATHNET-09hc,MathNet,Mongolian National Mathematical Olympiad,,Mongolia,Number Theory,Divisibility / Factorization | Modular Arithmetic | Residues and Primitive Roots,,unknown,Prime numbers | Factorization techniques | Fermat / Euler / Wilson theorems | Multiplicative order,,,,True,,,,proof and answer,English,real,"Do there exist positive integers $a_1, a_2, \dots, a_{2017}$ such that the product
$$
(a_1^{2017} + a_2)(a_2^{2017} + a_3) \dots (a_{2016}^{2017} + a_{2017})(a_{2017}^{2017} + a_1)
$$
is a power of a prime with exponent
a) $2017 \cdot 2018,$
b) $2017 \cdot 2023.$",a) No; b) No,1589,300,2,49,10,3,1,4,2
MATHNET-002s,MathNet,XIV Olimpiada Matemática Rioplatense,,Argentina,Number Theory,Divisibility / Factorization,,unknown,Greatest common divisors (gcd) | Factorization techniques,,,,True,,,,proof only,Español,real,"Sea $n$ un entero positivo tal que hay $k$ divisores positivos de $n$, $k > 1$, cuya suma es un número primo. Demostrar que el producto de esos $k$ divisores es menor o igual que $n^{k-1}$.",,0,0,0,0,0,0,0,0,0
MATHNET-0a4r,MathNet,New Zealand Mathematical Olympiad,,New Zealand,Discrete Mathematics | Geometry,Combinatorics | Plane Geometry,,unknown,"Miscellaneous > Angle chasing | Coloring schemes, extremal arguments | Pigeonhole principle",,,,True,,,,proof only,,real,"Problem:

An equilateral triangle is partitioned into smaller equilateral triangular pieces. Prove that two of the pieces are the same size.",,2024,349,8,24,4,1,3,0,8
MATHNET-0djq,MathNet,SAUDI ARABIAN IMO Booklet 2023,,Saudi Arabia,Discrete Mathematics,Combinatorics,,unknown,"Pigeonhole principle | Coloring schemes, extremal arguments",,,,True,,,,proof and answer,English,real,Each cell of a $4 \times 4$ table contains one of the numbers $1$ or $2$. For every row we calculate the sum of its entries and for every column we calculate the product of its entries. Can the eight obtained results be all different?,No,175,31,1,5,0,1,0,0,1
MATHNET-049x,MathNet,Hrvatska 2011,,Croatia,Geometry,Plane Geometry,,unknown,Triangles,,,,True,,,,proof and answer,English,real,Bisector of an acute angle in the right triangle divides the opposite side into parts of lengths $4$ and $5$. What is the area of that triangle?,54,0,0,0,0,0,0,0,0,0
MATHNET-00cu,MathNet,Nacional OMA,,Argentina,Number Theory,Modular Arithmetic,,unknown,Inverses mod n,,,,True,,,,proof and answer,Spanish,real,"Para todo número entero positivo $n$, sea $S(n)$ la suma de los dígitos de $n$. Hallar, si existe, un número entero positivo $n$ de 171 dígitos tal que 7 divide a $S(n)$ y 7 divide a $S(n+1)$.",A valid example is the 171-digit number consisting of 90 ones followed by 81 nines.,818,133,2,31,0,0,0,0,2
MATHNET-05zn,MathNet,PRÉPARATION OLYMPIQUE FRANÇAISE DE MATHÉMATIQUES - ENVOI 2 : AlgèBre,,France,Algebra | Discrete Mathematics,Algebraic Expressions | Combinatorics,,unknown,Sequences and Series > Recurrence relations | Sequences and Series > Sums and products | Induction / smoothing,,,,True,,,,proof only,,real,"Problem:

La suite $(a_{n})$ est définie par $a_{1}=1$ et
$$
a_{n} = \frac{1}{n} + \frac{1}{a_{1} \cdot \ldots \cdot a_{n-1}}
$$
Montrer que pour tout entier $m \geqslant 3$, on a $a_{m} \leqslant 1$.",,1863,300,5,39,0,0,0,3,5
MATHNET-039t,MathNet,Fall Mathematical Competition,,Bulgaria,Geometry,Plane Geometry,,unknown,"Triangles > Triangle centers: centroid, incenter, circumcenter, orthocenter, Euler line, nine-point circle | Quadrilaterals > Cyclic quadrilaterals | Circles > Tangents | Miscellaneous > Angle chasing",,,,True,,,,proof and answer,English,real,"Let $M$ and $N$ be the midpoints of the sides $AC$ and $BC$ of $\triangle ABC$ ($AC > BC$) and let the bisector of $\angle B$ intersect the segment $MN$ at a point $P$. The incircle of $\triangle ABC$ has center $I$ and is tangent to $BC$ at a point $Q$. Denote by $R$ the intersection point of the perpendiculars from $P$ and $Q$ to $MN$ and $BC$, respectively, and by $S$ the intersection point of the lines $AB$ and $RN$.

a) Prove that the quadrilateral *PCQI* is cyclic.
b) Express the length of the segment *BS* by the lengths *a*, *b*, *c* of the sides of $\triangle ABC$.",BS = (b+c)/2,252,41,3,6,1,0,0,0,3
MATHNET-07cc,MathNet,Iranian Mathematical Olympiad,,Iran,Geometry | Number Theory,Divisibility / Factorization | Plane Geometry,,unknown,Miscellaneous > Constructions and loci | Circles > Circle of Apollonius | Concurrency and Collinearity > Ceva's theorem | Analytic / Coordinate Methods > Cartesian coordinates | Factorization techniques,,,,True,,,,proof and answer,,real,"For two points $A = (x_1, y_1)$ and $B = (x_2, y_2)$ in $\mathbb{R}^2$, their distance can be defined as,
$$
d(A, B) = |x_1 - x_2| + |y_1 - y_2|.
$$

a) The perpendicular bisector of two points in the plane is the locus of points equally spaced from those two points. Determine the perpendicular bisector of two arbitrary points according to the new definition.
b) The Apollonius circle of two points in the plane is the locus of points for which the ratio of their distances to those two points is equal to a constant value $m$ ($m \neq 1$). Determine the Apollonius circle of two arbitrary points according to the new definition.
c) The distance from point $A$ to line $l$ is defined as
$$
\min\{d(A, P) | P \in l\}.
$$
In Euclidean Geometry, a parabola in the plane is the locus of points equally distanced from a point and a line. Determine how a parabola will look like according to the new definition.
d) Let $ABC$ be a triangle in the plane, and $X_a$ a point on side $BC$ such that,
$$
d(A, B) + d(B, X_a) = d(A, C) + d(C, X_a).
$$
$X_b$ and $X_c$ are defined similarly. Are $AX_a$, $BX_b$ and $CX_c$ concurrent?
e) Is it possible to have an infinite number of points in the plane such that their mutual distances are squares of natural numbers?
","a) The perpendicular bisector is the locus |x − x_b| + |y − y_b| = |x − x_a| + |y − y_a|; geometrically it is a piecewise linear union of segments whose configuration depends on the slope of AB (when slope is ±1 it includes the mid-segment of the axis-parallel rectangle formed from A and B; otherwise it is a different union of segments as depicted).
b) The Apollonius circle for ratio m ≠ 1 is the boundary of the convex quadrilateral OMLN obtained as the intersection of two pairs of L1 circles (axis-aligned squares) centered at A and B with radii chosen via the unique points C and D on line AB satisfying AC/CB = AD/DB = m; the segment LN has slope (m − 1)/(m + 1), and every point on the boundary satisfies d(A, Z) = m d(B, Z).
c) With focus at F = (0, 0) and directrix y = m x + c (m ≥ 1, c > 0), the parabola is the union of four line segments lying below the line:
   - y = c/(m + 1) for x > 0, y > 0
   - y = c/(1 − m) for x > 0, y < 0
   - 2 m x − (m + 1) y + c = 0 for x < 0, y > 0
   - 2 m x + (m − 1) y + c = 0 for x < 0, y < 0.
d) Yes, AX_a, BX_b, and CX_c are concurrent.
e) No, it is impossible to have an infinite set of points with all pairwise Manhattan distances equal to squares of natural numbers.",7335,1353,11,144,9,11,1,0,11
MATHNET-04ra,MathNet,62nd Czech and Slovak Mathematical Olympiad,,Czech Republic,Discrete Mathematics,Combinatorics,,unknown,Invariants / monovariants,,,,True,,,,proof only,English,real,"The number $0$ is written on each of the $n+1$ faces of an $n$-sided pyramid. In a step we choose a vertex and we increase by $1$ each number on the faces, which contain the vertex. Show, that in such way, we cannot get number $1$ written on each face.

(Peter Novotný)",,570,113,1,18,2,0,1,1,1
MATHNET-0apd,MathNet,Tenth Philippine Mathematical Olympiad,,Philippines,Algebra,Prealgebra / Basic Algebra,,unknown,Simple Equations,,,,False,,,,final answer only,,real,"Problem:
If
$$
\left\{\begin{array}{l}
w x y=10 \\
w y z=5 \\
w x z=45 \\
x y z=12
\end{array}\right.
$$
what is $w + y$?",19/6,399,87,1,3,0,0,0,0,1
MATHNET-056g,MathNet,Estonian Mathematical Olympiad,,Estonia,Geometry,Plane Geometry,,unknown,Miscellaneous > Angle chasing,,,,True,,,,proof and answer,English,real,"Teacher drew a pentagon on the blackboard. The following conditions hold for the pentagon.

a) Two of the pentagon's interior angles are equal.

b) There exist three interior angles such that the first one equals the sum of the other two.

c) There exist four interior angles such that one of them equals the sum of the other three.

d) There exists an interior angle that equals the sum of the other four.

Find the interior angles of the pentagon.","270°, 135°, 67.5°, 33.75°, 33.75°",1052,171,5,14,3,0,0,4,5
MATHNET-0alb,MathNet,QUALIFYING STAGE,,Philippines,Geometry,Plane Geometry,,unknown,Quadrilaterals | Analytic / Coordinate Methods > Cartesian coordinates,,,,False,,,,MCQ,,real,"Problem:

$ABCD$ is a trapezoid with $AB \parallel CD$, $AB = 6$ and $CD = 15$. If the area of $\triangle AED = 30$, what is the area of $\triangle AEB$?

![](attached_image_1.png)

(a) 20
(b) $40/7$
(c) 12
(d) $8/3$",c,0,0,0,0,0,0,0,0,0
MATHNET-076c,MathNet,INMO,,India,Algebra,Algebraic Expressions,,unknown,Functional Equations > Injectivity / surjectivity,,,,True,,,,proof and answer,,real,"Problem:
Find all real functions $f$ from $\mathbb{R} \rightarrow \mathbb{R}$ satisfying the relation
$$
f\left(x^{2}+y f(x)\right)=x f(x+y)
$$","f(x) = 0 for all real x, or f(x) = x for all real x",1034,167,3,31,7,2,2,0,3
MATHNET-0joq,MathNet,HMMT November 2015,,United States,Geometry,Plane Geometry,,unknown,"Transformations > Rotation | Circles > Tangents | Triangles > Triangle centers: centroid, incenter, circumcenter, orthocenter, Euler line, nine-point circle | Triangles > Triangle trigonometry",,,,True,,,,proof and answer,,real,"Problem:

Let $ABC$ be a triangle that satisfies $AB = 13$, $BC = 14$, $AC = 15$. Given a point $P$ in the plane, let $P_A$, $P_B$, $P_C$ be the reflections of $A$, $B$, $C$ across $P$. Call $P$ good if the circumcircle of $P_A P_B P_C$ intersects the circumcircle of $ABC$ at exactly 1 point. The locus of good points $P$ encloses a region $\mathcal{S}$. Find the area of $\mathcal{S}$.",4225/64 * pi,566,96,3,12,1,0,0,0,3
MATHNET-081q,MathNet,Progetto Olimpiadi di Matematica,,Italy,Algebra | Number Theory,Diophantine Equations | Intermediate Algebra,,unknown,"Exponential functions | Techniques: modulo, size analysis, order analysis, inequalities",,,,True,,,,proof and answer,,real,"Problem:

Quante sono le terne di interi $(a, b, c)$ tutti maggiori di $1$ tali che $a^{b^{c}} < 2002$?",7,564,80,4,26,0,0,0,0,4
MATHNET-02er,MathNet,XIII OBM,,Brazil,Discrete Mathematics,Combinatorics,,unknown,"Coloring schemes, extremal arguments",,,,True,,,,proof only,English,real,"At a party every woman dances with at least one man, and no man dances with every woman. Show that there are men $M$ and $M'$ and women $W$ and $W'$ such that $M$ dances with $W$, $M'$ dances with $W'$, but $M$ does not dance with $W'$, and $M'$ does not dance with $W$.",,384,77,1,10,0,0,1,0,1
MATHNET-06x6,MathNet,International Mathematical Olympiad,,IMO,Geometry,Plane Geometry,,unknown,"Triangles > Triangle centers: centroid, incenter, circumcenter, orthocenter, Euler line, nine-point circle | Quadrilaterals > Cyclic quadrilaterals | Circles > Tangents | Transformations > Spiral similarity | Advanced Configurations > Miquel point | Miscellaneous > Angle chasing",,,,True,,,,proof only,English,real,"Let $ABC$ be an acute-angled triangle with $AC > AB$, let $O$ be its circumcentre, and let $D$ be a point on the segment $BC$. The line through $D$ perpendicular to $BC$ intersects the lines $AO$, $AC$ and $AB$ at $W$, $X$ and $Y$, respectively. The circumcircles of triangles $AXY$ and $ABC$ intersect again at $Z \neq A$.
Prove that if $OW = OD$, then $DZ$ is tangent to the circle $AXY$.",,1721,313,9,57,5,0,0,0,9
MATHNET-03f4,MathNet,Bulgarian Spring Tournament,,Bulgaria,Algebra,Equations and Inequalities | Intermediate Algebra,,unknown,Linear and quadratic inequalities | Quadratic functions | Logarithmic functions,,,,True,,,,proof and answer,English,real,"a) Find all values of $a$ for which the inequality
$$
x \log_{\frac{1}{2}} a^4 - x^2 > 3 + 2 \log_2 a^2
$$
has a solution.

b) Calculate the limit
$$
\lim_{a \to -\infty} \left( \sqrt{a^2 - a + 1} + a \right).
$$","a ∈ (-∞, -2√2) ∪ (-√2/2, 0) ∪ (0, √2/2) ∪ (2√2, ∞); limit = 1/2",862,163,2,17,1,0,0,0,2
MATHNET-0eao,MathNet,"14. tekmovanje v znanju matematike za dijake srednjih tehniških in strokovnih šol, Državno tekmovanje",,Slovenia,Algebra,Prealgebra / Basic Algebra,,unknown,Simple Equations,,,,False,,,,final answer only,,real,"Problem:

Cena vstopnice za ogled nogometne tekme je bila $9$ evrov. Zaradi nezanimanja za nakup vstopnic so ceno znižali. Število kupcev se je povečalo za $50\%$, izkupiček od prodanih vstopnic pa za $25\%$. Koliko je bila cena vstopnice po znižanju? Za koliko odstotkov je bila nova cena vstopnice nižja od prvotne cene?",7.5 euros; decreased by 16 2/3%,0,0,0,0,0,0,0,0,0
MATHNET-06ak,MathNet,40th Hellenic Mathematical Olympiad,,Greece,Algebra,Equations and Inequalities | Intermediate Algebra,,unknown,QM-AM-GM-HM / Power Mean | Quadratic functions,,,,True,,,,proof and answer,English,real,"Solve in the positive real numbers the system:
$$
\begin{cases} \frac{xyz+1}{x+1} = \frac{yzw+1}{y+1} = \frac{zwx+1}{z+1} = \frac{wxy+1}{w+1} \\ x+y+z+w=48 \end{cases} .$$","(12, 12, 12, 12); (12 + sqrt(143), 12 - sqrt(143), 12 + sqrt(143), 12 - sqrt(143)); (12 - sqrt(143), 12 + sqrt(143), 12 - sqrt(143), 12 + sqrt(143))",1526,340,2,30,0,1,2,0,3
MATHNET-0b84,MathNet,Romanian Mathematical Olympiad,,Romania,Geometry,Plane Geometry,,unknown,Triangles | Transformations > Homothety | Miscellaneous > Distance chasing,,,,True,,,,proof only,English,real,Prove that there is a similarity between a triangle $ABC$ and the triangle having as sides the medians of the triangle $ABC$ if and only if the squares of the lengths of the sides of triangle $ABC$ form an arithmetical sequence.,,739,120,3,15,1,2,0,0,3
MATHNET-0g60,MathNet,二〇一一數學奧林匹亞競賽第三階段選訓營,,Taiwan,Algebra | Number Theory,Algebraic Expressions | Diophantine Equations,,unknown,"Techniques: modulo, size analysis, order analysis, inequalities | Infinite descent / root flipping | Polynomials > Polynomial operations",,,,True,,,,proof and answer,,real,"試求最小的正整數 $n$, 使得存在有理係數多項式 $f_1, f_2, \dots, f_n$, 滿足
$$
x^2 + 7 = f_1(x)^2 + f_2(x)^2 + \dots + f_n(x)^2.
$$",5,959,157,3,31,0,0,0,0,3
MATHNET-0juf,MathNet,HMMT November 2016,,United States,Geometry | Number Theory,Divisibility / Factorization | Plane Geometry,,unknown,Analytic / Coordinate Methods > Cartesian coordinates | Transformations > Translation | Least common multiples (lcm),,,,True,,,,proof and answer,,real,"Problem:

A rectangular pool table has vertices at $(0,0)$, $(12,0)$, $(0,10)$, and $(12,10)$. There are pockets only in the four corners. A ball is hit from $(0,0)$ along the line $y=x$ and bounces off several walls before eventually entering a pocket. Find the number of walls that the ball bounces off of before entering a pocket.",9,543,96,3,8,1,0,0,0,3
MATHNET-0bm7,MathNet,66th NMO SELECTION TESTS FOR THE BALKAN AND INTERNATIONAL MATHEMATICAL OLYMPIADS,,Romania,Geometry,Plane Geometry,,unknown,"Transformations > Inversion | Triangles > Triangle centers: centroid, incenter, circumcenter, orthocenter, Euler line, nine-point circle | Circles > Tangents",,,,True,,,,proof only,,real,"Two circles $\gamma$ and $\gamma'$ cross one another at points $A$ and $B$. The tangent to $\gamma'$ at $A$ meets $\gamma$ again at $C$, the tangent to $\gamma$ at $A$ meets $\gamma'$ again at $C'$, and the line $CC'$ separates the points $A$ and $B$. Let $\Gamma$ be the circle externally tangent to $\gamma$, externally tangent to $\gamma'$, tangent to the line $CC'$, and lying on the same side of $CC'$ as $B$. Show that the circles $\gamma$ and $\gamma'$ intercept equal segments on one of the tangents to $\Gamma$ through $A$.",,1135,183,1,40,0,0,0,0,1
MATHNET-0aut,MathNet,19th Philippine Mathematical Olympiad,,Philippines,Algebra | Geometry,Intermediate Algebra | Plane Geometry,,unknown,Analytic / Coordinate Methods > Cartesian coordinates | Geometric Inequalities > Optimization in geometry | Quadratic functions,,,,True,,,,proof and answer,,real,"Problem:

The vertices of a triangle are at the points $(0,0)$, $(a, b)$, and $(2016-2a, 0)$, where $a>0$. If $(a, b)$ is on the line $y=4x$, find the value(s) of $a$ that maximizes the triangle's area.",a = 504,0,0,0,0,0,0,0,0,0
MATHNET-09vr,MathNet,"IMO Team Selection Test 2, June 2020",,Netherlands,Algebra,Algebraic Expressions,,unknown,Polynomials > Polynomial operations | Polynomials > Intermediate Value Theorem,,,,True,,,,proof only,English,real,"Let $a_1, a_2, \dots, a_{2020}$ be real numbers, not necessarily distinct. For all $n \ge 2020$, let $a_{n+1}$ be the minimal real root of the polynomial
$$
P_n(x) = x^{2n} + a_1 x^{2n-2} + a_2 x^{2n-4} + \dots + a_{n-1} x^2 + a_n,
$$
if it exists. Assume that $a_{n+1}$ exists for all $n \ge 2020$. Prove that $a_{n+1} \le a_n$ for all $n \ge 2021$.",,1286,249,3,34,5,0,1,0,3
MATHNET-0925,MathNet,MEMO,,Middle European Mathematical Olympiad (MEMO),Geometry,Plane Geometry,,unknown,Circles > Tangents | Circles > Radical axis theorem | Quadrilaterals > Cyclic quadrilaterals | Miscellaneous > Angle chasing,,,,True,,,,proof only,,real,"Problem:

Let $K$ be a point inside an acute triangle $A B C$, such that $B C$ is a common tangent of the circumcircles of $A K B$ and $A K C$. Let $D$ be the intersection of the lines $C K$ and $A B$, and let $E$ be the intersection of the lines $B K$ and $A C$. Let $F$ be the intersection of the line $B C$ and the perpendicular bisector of the segment $D E$. The circumcircle of $A B C$ and the circle $k$ with centre $F$ and radius $F D$ intersect at points $P$ and $Q$.
Prove that the segment $P Q$ is a diameter of $k$.",,1414,343,4,40,6,0,0,0,4
MATHNET-0ibi,MathNet,Bay Area Mathematical Olympiad,,United States,Geometry,Plane Geometry,,unknown,"Triangles > Triangle centers: centroid, incenter, circumcenter, orthocenter, Euler line, nine-point circle | Miscellaneous > Constructions and loci | Miscellaneous > Angle chasing",,,,True,,,,proof only,,real,"Problem:

A given line passes through the center $O$ of a circle. The line intersects the circle at points $A$ and $B$. Point $P$ lies in the exterior of the circle and does not lie on the line $A B$. Using only an unmarked straightedge, construct a line through $P$, perpendicular to the line $A B$. Give complete instructions for the construction and prove that it works.",,593,120,3,18,2,0,0,0,4
MATHNET-0am1,MathNet,Area Stage,,Philippines,Precalculus,Trigonometric functions,,unknown,,,,,False,,,,final answer only,,real,"Problem:

Find the exact value of $\frac{\sqrt{3}}{\sin 20^{\circ}}-\frac{1}{\cos 20^{\circ}}$.",4,1301,201,20,26,2,0,0,1,20
MATHNET-0677,MathNet,31st Hellenic Mathematical Olympiad,,Greece,Number Theory,Diophantine Equations | Divisibility / Factorization,,unknown,"Factorization techniques | Techniques: modulo, size analysis, order analysis, inequalities",,,,True,,,,proof and answer,English,real,"Find all values of the integer $n$ for which the number $A = \frac{8n-25}{n+5}$ is equal with the cube of a rational number.
(A. Fellouris)",n = 3,2338,445,2,56,6,0,3,0,2
MATHNET-0fev,MathNet,TANDA II,,Spain,Algebra,Equations and Inequalities | Intermediate Algebra | Prealgebra / Basic Algebra,,unknown,Integers | Other | Linear and quadratic inequalities,,,,True,,,,proof and answer,,real,"Problem:
Determinar todos los enteros $n$ tales que
$$
\sqrt{\frac{25}{2}+\sqrt{\frac{625}{4}-n}}+\sqrt{\frac{25}{2}-\sqrt{\frac{625}{4}-n}}
$$
es entero.","0, 144",512,75,1,12,0,0,0,0,1
MATHNET-0901,MathNet,Japan Mathematical Olympiad,,Japan,Algebra | Number Theory,Algebraic Expressions | Divisibility / Factorization,,unknown,Functional Equations > Injectivity / surjectivity | Greatest common divisors (gcd),,,,True,,,,proof and answer,English,real,"Let $N$ denote the set of positive integers. Find all functions $f : N \to N$ such that the equation
$$
\operatorname{lcm}(m, f(m + f(n))) = \operatorname{lcm}(f(m), f(m) + n)
$$
holds for any positive integers $m$ and $n$. Here, for positive integers $x$ and $y$, $\operatorname{lcm}(x, y)$ denotes their least common multiple.",f(n) = n for all positive integers n,1576,303,3,45,10,5,0,0,3
MATHNET-05jg,MathNet,Olympiades Françaises de Mathématiques,,France,Geometry,Plane Geometry,,unknown,Triangles > Triangle trigonometry | Transformations > Homothety | Miscellaneous > Angle chasing,,,,True,,,,proof only,,real,"Problem:

Le point $D$ appartient au côté $[A C]$ du triangle équilatéral $A B C$. On note $F$ le projeté orthogonal de $D$ sur $(B C)$, puis $K$ le projeté orthogonal de $F$ sur $(A B)$, et enfin $E$ le projeté orthogonal de $K$ sur $(C A)$. Soit $L$ le milieu de $[BC]$, et $P$ l'intersection des droites $(K E)$ et $(F D)$.

Prouver que la droite $(BP)$ passe par le milieu de $[AL]$.",,3184,627,8,98,0,0,0,0,8
MATHNET-04ru,MathNet,63rd Czech and Slovak Mathematical Olympiad,,Czech Republic,Geometry,Plane Geometry,,unknown,Circles > Circle of Apollonius | Transformations > Homothety | Triangles > Triangle trigonometry | Miscellaneous > Constructions and loci | Miscellaneous > Angle chasing,,,,True,,,,proof and answer,English,real,"We are given a triangle $ABC$. Find the locus of points $X$ in the plane $ABC$ whose reflections through the lines $AB$, $BC$, $CA$ are vertices of an equilateral triangle.","The locus consists of the common intersection points of the three Apollonius circles
k_a: |XB|/|XC| = |AB|/|AC|,
k_b: |XA|/|XC| = |AB|/|BC|,
k_c: |XA|/|XB| = |AC|/|BC|,
which equivalently are the points X satisfying 2|XA|sin α = 2|XB|sin β = 2|XC|sin γ > 0. The number of solutions depends on the triangle: one solution (the incenter) if the triangle is equilateral; two solutions if the triangle is isosceles but not equilateral; and two solutions if the triangle is scalene.",4250,740,8,100,12,2,7,0,8
MATHNET-0d6i,MathNet,SAUDI ARABIAN MATHEMATICAL COMPETITIONS,,Saudi Arabia,Geometry,Plane Geometry,,unknown,"Triangles > Triangle centers: centroid, incenter, circumcenter, orthocenter, Euler line, nine-point circle | Quadrilaterals > Cyclic quadrilaterals | Miscellaneous > Angle chasing",,,,True,,,,proof only,English,real,"Let $ABC$ be a triangle whose incircle $(I)$ touches $BC$, $CA$, $AB$ at $D$, $E$, $F$, respectively. The line passing through $A$ and parallel to $BC$ cuts $DE$, $DF$ at $M$, $N$, respectively. The circumcircle of triangle $DMN$ cuts $(I)$ again at $L$.

1. Let $K$ be the intersection of $NE$ and $MF$. Prove that $K$ is the orthocenter of the triangle $DMN$.

2. Prove that $A$, $K$, $L$ are collinear.",,724,136,4,37,2,0,0,0,4
MATHNET-0jfs,MathNet,HMMT 2013,,United States,Geometry,Plane Geometry,,unknown,"Analytic / Coordinate Methods > Complex numbers in geometry | Triangles > Triangle centers: centroid, incenter, circumcenter, orthocenter, Euler line, nine-point circle",,,,False,,,,final answer only,,real,"Problem:

Let $ABCD$ be a quadrilateral inscribed in a unit circle with center $O$. Suppose that $\angle AOB = \angle COD = 135^{\circ}$, $BC = 1$. Let $B'$ and $C'$ be the reflections of $A$ across $BO$ and $CO$ respectively. Let $H_1$ and $H_2$ be the orthocenters of $AB'C'$ and $BCD$, respectively. If $M$ is the midpoint of $OH_1$, and $O'$ is the reflection of $O$ about the midpoint of $MH_2$, compute $OO'$.",(8 - sqrt(6) - 3*sqrt(2)) / 4,711,134,4,23,1,0,0,1,4
MATHNET-0i9x,MathNet,USA IMO 2003,,United States,Discrete Mathematics,Combinatorics,,unknown,Invariants / monovariants | Games / greedy algorithms,,,,True,,,,proof only,English,real,"At the vertices of a regular hexagon are written six nonnegative integers whose sum is $2003$. Bert is allowed to make moves of the following form: he may pick a vertex and replace the number written there by the absolute value of the difference between the numbers written at the two neighboring vertices. Prove that Bert can make a sequence of moves, after which the number $0$ appears at all six vertices.",,11769,2043,12,139,11,10,11,18,12
MATHNET-0bhj,MathNet,Shortlisted problems for the 65th Romanian NMO,,Romania,Algebra,Equations and Inequalities | Prealgebra / Basic Algebra,,unknown,Linear and quadratic inequalities | Simple Equations,,,,True,,,,proof and answer,,real,"Find all real solutions of the system
$$
\begin{cases}
|x + y + z| = 1 \\
|x| + |y| + |z| = 1 \\
|x - y| + |y - z| + |z - x| = 2.
\end{cases}
$$","All permutations of (1, 0, 0) and (-1, 0, 0).",2069,542,28,65,7,3,2,1,20
MATHNET-0bmd,MathNet,66th NMO SELECTION TESTS FOR THE JUNIOR BALKAN MATHEMATICAL OLYMPIAD,,Romania,Algebra | Number Theory,Divisibility / Factorization | Modular Arithmetic | Prealgebra / Basic Algebra,,unknown,Prime numbers | Integers,,,,True,,,,proof and answer,,real,"Let $n \in \mathbb{N}$, $n \ge 4$. Determine the sets $A = \{a_1, a_2, \dots, a_n\} \subset \mathbb{N}$ that contain $2015$ and for which $|a_i - a_j|$ is a prime, for all distinct $i, j \in \{1, 2, \dots, n\}$.","{2008, 2010, 2013, 2015}; {2010, 2012, 2015, 2017}; {2013, 2015, 2018, 2020}; {2015, 2017, 2020, 2022}",1055,193,4,22,2,0,0,0,4
MATHNET-0gfz,MathNet,"2022 數學奧林匹亞競賽第一階段培訓營, 國際競賽實作(一)",,Taiwan,Algebra | Discrete Mathematics,Algorithms | Linear Algebra,,unknown,Matrices,,,,True,,,,proof only,Chinese; English,real,設 $k$ 為非負整數。有一堆硬幣共有 $2^{2^k}$ 枚，其中恰有一枚是偽幣。我們有無止盡的警犬，其中有一隻生病了，但我們不知道是哪一隻。檢測硬幣的測試包含以下三個步驟：從全部的硬幣中選一些出來；挑一隻警犬；讓這隻警犬同時嗅所選出來的硬幣。當選出的硬幣中有偽幣的話，健康的警犬嗅過之後一定會叫；反之一定不叫。而生病的警犬叫或不叫是隨機的。請設計一個最多進行 $2^k + k + 2$ 個測試的程序以選出該偽幣，並證明該程序可行。,,0,0,0,0,0,0,0,0,0
MATHNET-06pl,MathNet,48th International Mathematical Olympiad Vietnam 2007 Shortlisted Problems with Solutions,,IMO,Geometry,Plane Geometry,,unknown,Concurrency and Collinearity | Analytic / Coordinate Methods > Trigonometry | Miscellaneous > Distance chasing | Miscellaneous > Constructions and loci,,,,True,,,,proof only,English,real,"Let $ABC$ be a fixed triangle, and let $A_{1}, B_{1}, C_{1}$ be the midpoints of sides $BC, CA, AB$, respectively. Let $P$ be a variable point on the circumcircle. Let lines $PA_{1}, PB_{1}, PC_{1}$ meet the circumcircle again at $A', B', C'$ respectively. Assume that the points $A, B, C, A', B', C'$ are distinct, and lines $AA', BB', CC'$ form a triangle. Prove that the area of this triangle does not depend on $P$.",,3750,515,9,88,7,2,0,0,9
MATHNET-07j1,MathNet,41th Iranian Mathematical Olympiad,,Iran,Discrete Mathematics,Combinatorics,,unknown,"Counting two ways | Pigeonhole principle | Coloring schemes, extremal arguments",,,,True,,,,proof and answer,,real,"Given an odd positive integer $n$. Determine the smallest positive integer $k$ such that it would be possible to fill all the cells of a $3 \times k$ table with non-negative integers such that

i. The sum of the entries of each column be $n$;

ii. Each of numbers $0, 1, \dots, n$ must appear at least once in each row.",3(n+1)/2,1253,299,5,8,3,2,1,3,5
MATHNET-0azg,MathNet,20th Philippine Mathematical Olympiad,,Philippines,Algebra,Algebraic Expressions,,unknown,"Polynomials > Polynomial interpolation: Newton, Lagrange | Polynomials > Polynomial operations",,,,True,,,,proof and answer,,real,"Problem:

Let $P(x)$ be the polynomial of minimal degree such that $P(k) = \dfrac{720 k}{k^{2} - 1}$ for $k \in \{2, 3, 4, 5\}$. Find the value of $P(6)$.",48,726,174,3,23,3,0,0,0,3
MATHNET-0d0r,MathNet,Saudi Arabia Mathematical Competitions 2012,,Saudi Arabia,Algebra,Equations and Inequalities,,unknown,QM-AM-GM-HM / Power Mean | Muirhead / majorization,,,,True,,,,proof only,English,real,"Prove that for every positive real numbers $a$, $b$, $c$,
$$
\frac{1+a^2}{1+b} + \frac{1+b^2}{1+c} + \frac{1+c^2}{1+a} \ge 6(\sqrt{2}-1).
$$",,1091,159,2,17,2,1,2,1,2
MATHNET-0j2y,MathNet,Harvard-MIT November Tournament,,United States,Algebra,Algebraic Expressions,,unknown,Polynomials > Polynomial operations | Polynomials > Roots of unity,,,,False,,,,final answer only,,real,"Problem:
What is the remainder when $(1+x)^{2010}$ is divided by $1+x+x^{2}$?",1,482,69,1,6,1,0,0,0,1
MATHNET-0b2x,MathNet,23rd Philippine Mathematical Olympiad Qualifying Stage,,Philippines,Algebra | Discrete Mathematics | Number Theory,Abstract Algebra | Combinatorics | Divisibility / Factorization | Modular Arithmetic,,unknown,Chinese remainder theorem | Greatest common divisors (gcd) | Inclusion-exclusion | Group Theory,,,,True,,,,proof and answer,,real,"Problem:
Find the number of functions $f$ from the set $S=\{0,1,2, \ldots, 2020\}$ to itself such that, for all $a, b, c \in S$, all three of the following conditions are satisfied:
(i) If $f(a)=a$, then $a=0$;
(ii) If $f(a)=f(b)$, then $a=b$; and
(iii) If $c \equiv a+b(\bmod 2021)$, then $f(c) \equiv f(a)+f(b)(\bmod 2021)$.",1845,2100,341,3,41,7,1,7,0,3
MATHNET-020t,MathNet,Benelux Mathematical Olympiad,,Benelux Mathematical Olympiad,Algebra | Number Theory,Algebraic Expressions | Divisibility / Factorization,,unknown,"Polynomials | Polynomials > Polynomial interpolation: Newton, Lagrange | Factorization techniques",,,,True,,,,proof and answer,,real,"Problem:
Find all positive integers $d$ with the following property: there exists a polynomial $P$ of degree $d$ with integer coefficients such that $|P(m)|=1$ for at least $d+1$ different integers $m$.","[1, 2, 3]",1850,281,10,57,3,6,3,0,10
MATHNET-0k94,MathNet,Berkeley Math Circle: Monthly Contest 4,,United States,Discrete Mathematics,Combinatorics,,unknown,Invariants / monovariants,,,,True,,,,proof and answer,,real,"Problem:

A computer screen shows a $98 \times 98$ chessboard, colored in the usual way. One can select with a mouse any rectangle with sides on the lines of the chessboard and click the mouse button: as a result, the colors in the selected rectangle switch (black becomes white and white becomes black). Determine the minimum number of mouse-clicks needed to make the chessboard all one color.",98,784,147,3,9,3,0,0,0,3
MATHNET-0f8b,MathNet,22nd ASU,,Soviet Union,Geometry,Plane Geometry,,unknown,Transformations > Homothety | Miscellaneous > Constructions and loci,,,,True,,,,proof only,,real,"Problem:

$ABCD$ is a convex quadrilateral. The midpoints of the diagonals and the midpoints of $AB$ and $CD$ form another convex quadrilateral $Q$. The midpoints of the diagonals and the midpoints of $BC$ and $CA$ form a third convex quadrilateral $Q'$. The areas of $Q$ and $Q'$ are equal. Show that either $AC$ or $BD$ divides $ABCD$ into two parts of equal area.",,1135,212,3,38,3,4,2,0,3
MATHNET-0eug,MathNet,22nd Korean Mathematical Olympiad Final Round,,South Korea,Algebra | Geometry,Equations and Inequalities | Plane Geometry,,unknown,Cauchy-Schwarz | QM-AM-GM-HM / Power Mean | Triangles > Triangle inequalities,,,,True,,,,proof only,English,real,"Let $a$, $b$ and $c$ be the sides of a triangle, and we set
$$
A = \frac{a^2 + bc}{b+c} + \frac{b^2 + ca}{c+a} + \frac{c^2 + ab}{a+b}
$$
$$
B = \frac{1}{\sqrt{(a+b-c)(b+c-a)}} + \frac{1}{\sqrt{(b+c-a)(c+a-b)}} + \frac{1}{\sqrt{(c+a-b)(a+b-c)}}
$$
Prove that $AB \ge 9$.",,320,59,1,6,1,1,0,0,1
MATHNET-0gqz,MathNet,Team Selection Test,,Turkey,Discrete Mathematics,Combinatorics,,unknown,Games / greedy algorithms | Invariants / monovariants | Induction / smoothing,,,,True,,,,proof and answer,,real,"Alice and Bob play a game on a complete graph $G$ with 2014 vertices. They take moves in turn with Alice beginning. At each move Alice directs one undirected edge of $G$. At each move Bob chooses a positive integer number $m$, $1 \le m \le 1000$ and after that directs $m$ undirected edges of $G$. The game ends when all edges are directed. If there is some directed cycle in $G$ Alice wins. Determine whether Alice has a winning strategy.",Alice has a winning strategy.,1782,311,2,35,2,4,5,0,2
MATHNET-02jw,MathNet,Brazilian Mathematical Olympiad,,Brazil,Algebra,Algebraic Expressions | Prealgebra / Basic Algebra,,unknown,Polynomials > Polynomial operations | Simple Equations,,,,False,,,,MCQ,,real,"Problem:

Se $x + y = 8$ e $x y = 15$, qual é o valor de $x^{2} + 6 x y + y^{2}$?

A) 64
B) 109
C) 120
D) 124
E) 154",D,195,51,3,2,0,0,0,0,3
MATHNET-0fx2,MathNet,SMO Finalrunde,,Switzerland,Number Theory,Diophantine Equations | Divisibility / Factorization,,unknown,"Greatest common divisors (gcd) | Prime numbers | Techniques: modulo, size analysis, order analysis, inequalities",,,,True,,,,proof and answer,,real,"Problem:

Bestimme alle ungeraden natürlichen Zahlen der Form
$$
\frac{p+q}{p-q}
$$
wobei $p>q$ Primzahlen sind.",5,1221,185,6,36,0,0,0,0,6
MATHNET-06y4,MathNet,IMO2024 Shortlisted Problems,,IMO,Algebra,Algebraic Expressions,,unknown,Functional Equations | Functional Equations > Injectivity / surjectivity,,,,True,,,,proof and answer,English,real,"Let $\mathbb{Q}$ be the set of rational numbers. Let $f: \mathbb{Q} \rightarrow \mathbb{Q}$ be a function such that the following property holds: for all $x, y \in \mathbb{Q}$,
$$
f(x+f(y))=f(x)+y \quad \text{or} \quad f(f(x)+y)=x+f(y).
$$

Determine the maximum possible number of elements of $\{f(x)+f(-x) \mid x \in \mathbb{Q}\}$.",2,10258,1536,4,267,14,22,14,0,4
MATHNET-00jk,MathNet,Austrian Mathematical Olympiad,,Austria,Algebra,Algebraic Expressions,,unknown,Sequences and Series > Recurrence relations | Functional Equations > Existential quantifiers,,,,True,,,,proof only,,real,"We are given a sequence $\langle a_1, a_2, a_3, \dots \rangle$ of real numbers. For every positive integer $n$ we define $m_n$ as the arithmetic mean of the numbers from $a_1$ through $a_n$. We assume that a real number $C$ exists, such that
$$
(i-j) \cdot m_k + (j-k) \cdot m_i + (k-i) \cdot m_j = C
$$
holds for all triples $(i, j, k)$ of pairwise different positive integers. Prove that $\langle a_1, a_2, a_3, \dots \rangle$ is an arithmetic sequence.",,1294,236,1,16,1,5,0,0,1
MATHNET-0jgr,MathNet,HMMT 2013,,United States,Discrete Mathematics | Number Theory,Combinatorics | Modular Arithmetic,,unknown,Invariants / monovariants,,,,True,,,,proof and answer,,real,"Problem:

Thaddeus is given a $2013 \times 2013$ array of integers each between $1$ and $2013$, inclusive. He is allowed two operations:
- Choose a row, and subtract $1$ from each entry.
- Choose a column, and add $1$ to each entry.

He would like to get an array where all integers are divisible by $2013$. On how many arrays is this possible?",2013^4025,1588,285,7,27,2,1,1,0,7
MATHNET-0acz,MathNet,Balkan Mathematical Olympiad,,North Macedonia,Algebra | Number Theory,Algebraic Expressions | Diophantine Equations | Divisibility / Factorization,,unknown,"Sequences and Series > Recurrence relations | Greatest common divisors (gcd) | Factorization techniques | Techniques: modulo, size analysis, order analysis, inequalities",,,,True,,,,proof and answer,,real,"Let $c$ be a positive integer. The sequence $a_1, a_2, \dots, a_n, \dots$ is defined by $a_1 = c$, and $a_{n+1} = a_n^2 + a_n + c^3$, for every positive integer $n$. Find all values of $c$ for which there exist some integers $k \ge 1$ and $m \ge 2$, such that $a_k^2 + c^3$ is the $m$th power of some positive integer.","All positive integers c such that c+1 is a perfect square; equivalently, c = s^2 − 1 for some integer s ≥ 2.",1326,301,1,41,3,5,2,0,1
MATHNET-0fg6,MathNet,International Mathematical Olympiad,,Spain,Geometry,Plane Geometry,,unknown,"Circles > Radical axis theorem | Transformations > Inversion | Advanced Configurations > Polar triangles, harmonic conjugates | Miscellaneous > Angle chasing",,,,True,,,,proof only,,real,"Problem:

Una circunferencia de centro $O$ pasa por los vértices $A$ y $C$ de un triángulo $A B C$ y corta otra vez los segmentos $A B$ y $B C$ en los puntos distintos $K$ y $N$, respectivamente. Las circunferencias circunscritas a los triángulos $A B C$ y $K B N$ se cortan exactamente en dos puntos distintos $B$ y $M$. Demostrar que el ángulo $\widehat{O M B}$ es un ángulo recto.",,0,0,0,0,0,0,0,0,0
MATHNET-0bml,MathNet,66th NMO SELECTION TESTS FOR THE JUNIOR BALKAN MATHEMATICAL OLYMPIAD,,Romania,Algebra,Prealgebra / Basic Algebra,,unknown,Decimals,,,,True,,,,proof and answer,,real,"Prove that the number $1$ can be represented as the sum of a finite number $n$ of real positive numbers, not necessarily distinct, that only use the digits $0$ and/or $7$ in their decimal representation. What is the smallest possible value of $n$?",8,788,132,1,15,0,0,0,1,1
MATHNET-01nc,MathNet,Belorusija 2012,,Belarus,Geometry,Plane Geometry,,unknown,Circles > Tangents | Analytic / Coordinate Methods > Cartesian coordinates,,,,True,,,,proof only,English,real,"Let $A_1A_2A_3A_4$ be a non-cyclic quadrilateral. Let $O_1$ and $r_1$ be the circumcenter and the circumradius of the triangle $A_2A_3A_4$. Define $O_2$, $O_3$, $O_4$ and $r_2$, $r_3$, $r_4$ in a similar way.
Prove that
$$
\frac{1}{O_1A_1^2 - r_1^2} + \frac{1}{O_2A_2^2 - r_2^2} + \frac{1}{O_3A_3^2 - r_3^2} + \frac{1}{O_4A_4^2 - r_4^2} = 0.
$$",,0,0,0,0,0,0,0,0,0
MATHNET-01l8,MathNet,Belarusian Mathematical Olympiad,,Belarus,Geometry,Plane Geometry,,unknown,Quadrilaterals > Cyclic quadrilaterals | Circles | Miscellaneous > Angle chasing | Miscellaneous > Distance chasing,,,,True,,,,proof only,English,real,"Let $P$ be the intersection point of the diagonals of inscribed quadrilateral $ABCD$. Points $K$ and $L$ are marked on the bisectors of $\angle APD$ and $\angle BPC$, respectively, so that $AP = PK$ and $BP = PL$. Let $M$ be the intersection point of the lines $AK$ and $BL$, and $N$ be the intersection point of the lines $KD$ and $LC$.
Prove that the lines $KL$ and $MN$ are perpendicular.
(D. Pirshtuk)",,694,122,3,19,6,0,0,0,3
MATHNET-0f8j,MathNet,22nd ASU,,Soviet Union,Discrete Mathematics | Number Theory,Combinatorics | Divisibility / Factorization,,unknown,Invariants / monovariants | Factorization techniques,,,,True,,,,proof and answer,,real,"Problem:

The numbers $1$ and $2$ are written on an empty blackboard. Whenever the numbers $m$ and $n$ appear on the blackboard the number $m + n + mn$ may be written. Can we obtain

(1) $13121$, (2) $12131$?","(1) Yes, (2) No",494,134,3,20,1,0,1,0,3
MATHNET-0k6m,MathNet,HMMT February 2019,,United States,Statistics,Probability,,unknown,Counting Methods > Other,,,,True,,,,proof and answer,,real,"Problem:

2019 points are chosen independently and uniformly at random on the interval $[0,1]$. Tairitsu picks 1000 of them randomly and colors them black, leaving the remaining ones white. Hikari then computes the sum of the positions of the leftmost white point and the rightmost black point. What is the probability that this sum is at most 1?",1019/2019,729,120,2,7,0,1,0,1,2
MATHNET-07la,MathNet,Irska,,Ireland,Number Theory,Divisibility / Factorization,,unknown,Factorization techniques,,,,True,,,,proof only,English,real,"Prove that, for every positive integer $n$ which ends in the digit 5,
$$
20^n + 15^n + 8^n + 6^n
$$
is divisible by 2009.",,496,108,1,13,1,0,0,0,1
MATHNET-02ya,MathNet,Brazilian Mathematical Olympiad,,Brazil,Geometry,Plane Geometry,,unknown,Triangles > Triangle trigonometry | Miscellaneous > Angle chasing | Miscellaneous > Constructions and loci,,,,True,,,,proof and answer,,real,"Problem:

Na figura a seguir, $ABC$ é um triângulo equilátero de papel com lado $1\ \mathrm{m}$ que foi dobrado ao longo do segmento $EF$ de modo que o vértice $A$ caísse sobre o lado $BC$, onde está o ponto $D$ na figura. Suponha que $DF$ é perpendicular a $BC$.
![](attached_image_1.png)

a) Determine o ângulo $\angle AED$.
b) Determine o comprimento do segmento $CD$.
c) Determine a razão entre as áreas dos triângulos $AEF$ e $ABC$.",a) 90 degrees; b) 2 − √3 m; c) (9√3 − 15)/2,1306,218,4,25,0,0,0,0,4
MATHNET-0ckb,MathNet,75th Romanian Mathematical Olympiad,,Romania,Algebra,Equations and Inequalities | Prealgebra / Basic Algebra,,unknown,Linear and quadratic inequalities | Simple Equations,,,,True,,,,proof only,English,real,"Consider positive real numbers $m, n, a, b, c$, such that $m > n$ and $|ma - nb| \le c(m - n)$, $|mb - nc| \le a(m - n)$, $|mc - na| \le b(m - n)$. Prove that $a = b = c$.

Lucian Petrescu",,411,94,1,12,4,0,2,0,1
MATHNET-02eg,MathNet,X OBM,,Brazil,Discrete Mathematics,Combinatorics,,unknown,"Invariants / monovariants | Coloring schemes, extremal arguments",,,,True,,,,proof and answer,English,real,"A figure on a computer screen shows $n$ points on a sphere, no four coplanar. Some pairs of points are joined by segments. Each segment is colored red or blue. For each point there is a key that switches the colors of all segments with that point as endpoint. For every three points there is a sequence of key presses that makes the three segments between them red. Show that it is possible to make all the segments on the screen red. Find the smallest number of key presses that can turn all the segments red, starting from the worst case.",floor(n/2),1776,322,4,39,4,2,2,0,4
MATHNET-05lp,MathNet,Olympiades Françaises de Mathématiques - Test de Janvier,,France,Discrete Mathematics,Combinatorics,,unknown,Counting two ways,,,,True,,,,proof only,,real,"Problem:

On répartit des poids de respectivement $1~\mathrm{g}, 2~\mathrm{g}, \ldots, 200~\mathrm{g}$ sur les deux plateaux d'une balance de sorte que chaque plateau contienne 100 poids.
Prouver que l'on peut échanger 50 poids d'un plateau avec 50 poids de l'autre plateau pour que la balance devienne équilibrée.",,2150,355,10,22,0,0,0,0,10
MATHNET-04t3,MathNet,15th Czech-Polish-Slovak Mathematics Competition,,Czech Republic,Discrete Mathematics,Combinatorics,,unknown,Induction / smoothing | Games / greedy algorithms,,,,True,,,,proof only,English,real,"Let $n$ be an even positive integer. There are $n$ real numbers written on the blackboard. In every step, we choose two numbers, erase them, and replace each of them by their product. Show that for any initial $n$-tuple it is possible to obtain $n$ equal numbers on the blackboard after a finite number of steps.",,3220,532,6,68,8,2,0,0,6
MATHNET-0dyh,MathNet,Slovenija 2008,,Slovenia,Geometry,Plane Geometry,,unknown,Miscellaneous > Angle chasing | Miscellaneous > Distance chasing | Triangles > Triangle trigonometry,,,,True,,,,proof only,English,real,"Let $ABC$ be an isosceles triangle with the apex at $C$ and let $A'$ be the foot of the altitude from $A$. Assuming that $|CA'| = \frac{1}{2}|AB|$, prove that the triangle $ABC$ is equilateral.",,1568,294,4,46,5,0,0,1,4
MATHNET-0jgz,MathNet,TSTST,,United States,Algebra | Number Theory,Algebraic Expressions | Divisibility / Factorization | Modular Arithmetic,,unknown,Fermat / Euler / Wilson theorems | Factorization techniques | Sequences and Series > Recurrence relations,,,,True,,,,proof only,,real,"A rational number $x$ is given. Prove that there exists a sequence $x_0, x_1, x_2, \dots$ of rational numbers with the following properties:

a. $x_0 = x$;

b. for every $n \ge 1$, either $x_n = 2x_{n-1}$ or $x_n = 2x_{n-1} + \frac{1}{n}$;

c. $x_n$ is an integer for some $n$.

(This problem was suggested by Gabriel Carroll.)",,4838,916,15,141,4,5,6,0,15
MATHNET-0dsa,MathNet,Singapore Mathematical Olympiad (SMO),,Singapore,Discrete Mathematics,Combinatorics,,unknown,"Invariants / monovariants | Coloring schemes, extremal arguments",,,,True,,,,proof and answer,,real,"Consider a polygon with $m+n$ sides where $m, n$ are positive integers. Colour $m$ of its vertices red and the remaining $n$ vertices blue. A side is given the number $2$ if both its end vertices are red, the number $\frac{1}{2}$ if both its end vertices are blue and the number $1$ otherwise. Let the product of these numbers be $P$. Find the largest possible value of $P$.",2^(m-n),597,102,4,14,1,0,1,0,4
MATHNET-0f42,MathNet,15th ASU,,Soviet Union,Algebra,Algebraic Expressions | Equations and Inequalities,,unknown,Polynomials > Polynomial operations | Linear and quadratic inequalities,,,,True,,,,proof only,,real,"Problem:
The positive reals $x$, $y$ satisfy $x^{3} + y^{3} = x - y$. Show that $x^{2} + y^{2} < 1$.",,192,44,1,7,2,0,0,0,1
MATHNET-0er4,MathNet,South African Mathematics Olympiad First Round,,South Africa,Math Word Problems,,,unknown,,,,,False,,,,MCQ,English,real,"A certain pen can draw a line $0.4$ mm wide and $1$ km long before it runs out of ink. The largest square you can colour in with this pen has an area, in square metres, of
(A) $4\,000$   (B) $400$   (C) $40$   (D) $4$   (E) $0.4$",E,229,46,1,3,1,0,0,0,1
MATHNET-00h0,MathNet,APMO,,Asia Pacific Mathematics Olympiad (APMO),Discrete Mathematics,Combinatorics | Graph Theory,,unknown,"Coloring schemes, extremal arguments | Algebraic properties of binomial coefficients",,,,True,,,,proof and answer,English,real,"Let $n$ be a positive integer. $n$ people take part in a certain party. For any pair of the participants, either the two are acquainted with each other or they are not. What is the maximum possible number of the pairs for which the two are not acquainted but have a common acquaintance among the participants?",(n^2 - 3n + 2)/2,6099,1038,17,80,11,8,8,0,17
