problem_id,competition_raw,competition,year,problem_number,section,title,source,metadata_status,match_score,metadata_match_margin,source_url,external_problem_id,match_reason,word_score,char_score,sequence_score
MATHNET-009s,NATIONAL XXX OMA,NATIONAL XXX OMA,,,,NATIONAL XXX OMA,MathNet,COMPETITION_ONLY,,,,,,,,
MATHNET-00hy,APMO,APMO,,,,APMO,MathNet,COMPETITION_ONLY,,,,,,,,
MATHNET-00k4,AustriaMO2013,AustriaMO,2013.0,,,AustriaMO 2013,MathNet,YEAR_ONLY,,,,,,,,
MATHNET-00rl,BMO 2016 Short List Final,BMO Short List Final,2016.0,,,BMO Short List Final 2016,MathNet,YEAR_ONLY,,,,,,,,
MATHNET-00xp,Baltic Way 1993,Baltic Way,1993.0,,,Baltic Way 1993,MathNet,YEAR_ONLY,,,,,,,,
MATHNET-01l1,60th Belarusian Mathematical Olympiad,60th Belarusian Mathematical Olympiad,,,,60th Belarusian Mathematical Olympiad,MathNet,COMPETITION_ONLY,,,,,,,,
MATHNET-0217,15th Benelux Mathematical Olympiad,15th Benelux Mathematical Olympiad,,,,15th Benelux Mathematical Olympiad,MathNet,COMPETITION_ONLY,,,,,,,,
MATHNET-021o,,,,,,,MathNet,COMPETITION_ONLY,,,,,,,,
MATHNET-03e9,Autumn tournament,Autumn tournament,,,,Autumn tournament,MathNet,COMPETITION_ONLY,,,,,,,,
MATHNET-03nj,Canadian Mathematical Olympiad,Canadian Mathematical Olympiad,,,,Canadian Mathematical Olympiad,MathNet,COMPETITION_ONLY,,,,,,,,
MATHNET-03qq,International Mathematical Olympiad,International Mathematical Olympiad,,,,International Mathematical Olympiad,MathNet,COMPETITION_ONLY,,,,,,,,
MATHNET-04aq,CroatianCompetitions2011,CroatianCompetitions,2011.0,,,CroatianCompetitions 2011,MathNet,YEAR_ONLY,,,,,,,,
MATHNET-04u6,Czech-Polish-Slovak Match,Czech Polish Slovak Match,,,,Czech Polish Slovak Match,MathNet,COMPETITION_ONLY,,,,,,,,
MATHNET-04xa,Cesko-Slovacko-Poljsko,Cesko Slovacko Poljsko,,,,Cesko Slovacko Poljsko,MathNet,COMPETITION_ONLY,,,,,,,,
MATHNET-051m,Final Round of National Olympiad,Final Round of National Olympiad,,,,Final Round of National Olympiad,MathNet,COMPETITION_ONLY,,,,,,,,
MATHNET-05dg,EGMO,EGMO,,,,EGMO,MathNet,COMPETITION_ONLY,,,,,,,,
MATHNET-05rp,Préparation Olympique Française de Mathématiques,Préparation Olympique Française de Mathématiques,,,,Préparation Olympique Française de Mathématiques,MathNet,COMPETITION_ONLY,,,,,,,,
MATHNET-064l,Auswahlwettbewerb zur Internationalen Mathematik-Olympiade 2022,Auswahlwettbewerb zur Internationalen Mathematik Olympiade,2022.0,,,Auswahlwettbewerb zur Internationalen Mathematik Olympiade 2022,MathNet,YEAR_ONLY,,,,,,,,
MATHNET-06au,40th Hellenic Mathematical Olympiad,40th Hellenic Mathematical Olympiad,,,,40th Hellenic Mathematical Olympiad,MathNet,COMPETITION_ONLY,,,,,,,,
MATHNET-06j5,1997-2023 IMO HK TST,IMO HK TST,2023.0,,,IMO HK TST 2023,MathNet,UNMATCHED,0.191,0.0336,,,NO_SAFE_MATCH,0.101,0.1791,0.2772
MATHNET-06op,IMO 2006 Shortlisted Problems,IMO Shortlisted Problems,2006.0,,,IMO Shortlisted Problems 2006,MathNet,UNMATCHED,0.1935,0.0029,,,NO_SAFE_MATCH,0.1639,0.3958,0.093
MATHNET-0710,Iberoamerican Mathematical Olympiad,Iberoamerican Mathematical Olympiad,,,,Iberoamerican Mathematical Olympiad,MathNet,COMPETITION_ONLY,,,,,,,,
MATHNET-077h,INMO,INMO,,,,INMO,MathNet,COMPETITION_ONLY,,,,,,,,
MATHNET-07d3,Iranian Mathematical Olympiad,Iranian Mathematical Olympiad,,,,Iranian Mathematical Olympiad,MathNet,COMPETITION_ONLY,,,,,,,,
MATHNET-07nk,Ireland,Ireland,,,,Ireland,MathNet,COMPETITION_ONLY,,,,,,,,
MATHNET-0855,XXII OLIMPIADE ITALIANA DI MATEMATICA,XXII OLIMPIADE ITALIANA DI MATEMATICA,,,,XXII OLIMPIADE ITALIANA DI MATEMATICA,MathNet,COMPETITION_ONLY,,,,,,,,
MATHNET-08m2,2009 Shortlist JBMO,Shortlist JBMO,2009.0,,,Shortlist JBMO 2009,MathNet,YEAR_ONLY,,,,,,,,
MATHNET-08yo,Japan Mathematical Olympiad,Japan Mathematical Olympiad,,,,Japan Mathematical Olympiad,MathNet,COMPETITION_ONLY,,,,,,,,
MATHNET-090w,LVI Olimpiada Matemática Española (Concurso Final),LVI Olimpiada Matemática Española (Concurso Final),,,,LVI Olimpiada Matemática Española (Concurso Final),MathNet,COMPETITION_ONLY,,,,,,,,
MATHNET-090z,MEMO Mathematical Olympiad,MEMO Mathematical Olympiad,,,,MEMO Mathematical Olympiad,MathNet,COMPETITION_ONLY,,,,,,,,
MATHNET-095q,A 62 - A OLIMPIADĂ DE MATEMATICĂ A REPUBLICII MOLDOVA,A 62 A OLIMPIADĂ DE MATEMATICĂ A REPUBLICII MOLDOVA,,,,A 62 A OLIMPIADĂ DE MATEMATICĂ A REPUBLICII MOLDOVA,MathNet,COMPETITION_ONLY,,,,,,,,
MATHNET-09et,Mongolian Mathematical Olympiad,Mongolian Mathematical Olympiad,,,,Mongolian Mathematical Olympiad,MathNet,COMPETITION_ONLY,,,,,,,,
MATHNET-09tk,IMO-selectietoets,IMO selectietoets,,,,IMO selectietoets,MathNet,UNMATCHED,0.1424,0.0067,,,NO_SAFE_MATCH,0.0045,0.0189,0.3403
MATHNET-0a6c,NZMO Round One,NZMO Round One,,,,NZMO Round One,MathNet,COMPETITION_ONLY,,,,,,,,
MATHNET-0a7r,"Nordic Mathematical Contest, NMC 9","Nordic Mathematical Contest, NMC 9",,,,"Nordic Mathematical Contest, NMC 9",MathNet,COMPETITION_ONLY,,,,,,,,
MATHNET-0akr,Macedonian Mathematical Olympiad,Macedonian Mathematical Olympiad,,,,Macedonian Mathematical Olympiad,MathNet,COMPETITION_ONLY,,,,,,,,
MATHNET-0b1l,"$22^{	ext {nd }}$ Philippine Mathematical Olympiad National Stage, Written Phase","$22^{ ext {nd }}$ Philippine Mathematical Olympiad National Stage, Written Phase",,,,"$22^{ ext {nd }}$ Philippine Mathematical Olympiad National Stage, Written Phase",MathNet,COMPETITION_ONLY,,,,,,,,
MATHNET-0bzc,THE Tenth ROMANIAN MASTER OF MATHEMATICS,THE Tenth ROMANIAN MASTER OF MATHEMATICS,,,,THE Tenth ROMANIAN MASTER OF MATHEMATICS,MathNet,COMPETITION_ONLY,,,,,,,,
MATHNET-0cm5,Romanian Master of Mathematics Competition Day 1,Romanian Master of Mathematics Competition Day 1,,,,Romanian Master of Mathematics Competition Day 1,MathNet,COMPETITION_ONLY,,,,,,,,
MATHNET-0cnn,Russian mathematical olympiad,Russian mathematical olympiad,,,,Russian mathematical olympiad,MathNet,COMPETITION_ONLY,,,,,,,,
MATHNET-0d1o,Selection tests for the Balkan Mathematical Olympiad 2013,Selection tests for the Balkan Mathematical Olympiad,2013.0,,,Selection tests for the Balkan Mathematical Olympiad 2013,MathNet,YEAR_ONLY,,,,,,,,
MATHNET-0dnv,11. СРПСКА МАТЕМАТИЧКА ОЛИМПИЈАДА УЧЕНИКА СРЕДЊИХ ШКОЛА,11. СРПСКА МАТЕМАТИЧКА ОЛИМПИЈАДА УЧЕНИКА СРЕДЊИХ ШКОЛА,,,,11. СРПСКА МАТЕМАТИЧКА ОЛИМПИЈАДА УЧЕНИКА СРЕДЊИХ ШКОЛА,MathNet,COMPETITION_ONLY,,,,,,,,
MATHNET-0dq2,SILK ROAD MATHEMATICAL COMPETITION,SILK ROAD MATHEMATICAL COMPETITION,,,,SILK ROAD MATHEMATICAL COMPETITION,MathNet,COMPETITION_ONLY,,,,,,,,
MATHNET-0dri,Singapur 2015,Singapur,2015.0,,,Singapur 2015,MathNet,YEAR_ONLY,,,,,,,,
MATHNET-0dxz,Slovenija 2008,Slovenija,2008.0,,,Slovenija 2008,MathNet,YEAR_ONLY,,,,,,,,
MATHNET-0et0,"The South African Mathematical Olympiad, Third Round","The South African Mathematical Olympiad, Third Round",,,,"The South African Mathematical Olympiad, Third Round",MathNet,COMPETITION_ONLY,,,,,,,,
MATHNET-0eu5,20th Korean Mathematical Olympiad Final Round,20th Korean Mathematical Olympiad Final Round,,,,20th Korean Mathematical Olympiad Final Round,MathNet,COMPETITION_ONLY,,,,,,,,
MATHNET-0f3f,ASU,ASU,,,,ASU,MathNet,COMPETITION_ONLY,,,,,,,,
MATHNET-0fg1,OME 21,OME 21,,,,OME 21,MathNet,COMPETITION_ONLY,,,,,,,,
MATHNET-0fv5,SMO Finalrunde,SMO Finalrunde,,,,SMO Finalrunde,MathNet,COMPETITION_ONLY,,,,,,,,
MATHNET-0g7r,二0一三數學奧林匹亞競賽第一階段選訓營,二0一三數學奧林匹亞競賽第一階段選訓營,,,,二0一三數學奧林匹亞競賽第一階段選訓營,MathNet,COMPETITION_ONLY,,,,,,,,
MATHNET-0glc,The first T3MO,The first T3MO,,,,The first T3MO,MathNet,COMPETITION_ONLY,,,,,,,,
MATHNET-0gn8,Team Selection Test for IMO 2007,Team Selection Test for IMO,2007.0,,,Team Selection Test for IMO 2007,MathNet,UNMATCHED,0.2036,0.0005,,,NO_SAFE_MATCH,0.0762,0.0937,0.3839
MATHNET-0h10,"51st Ukrainian National Mathematical Olympiad, 4th Round","51st Ukrainian National Mathematical Olympiad, 4th Round",,,,"51st Ukrainian National Mathematical Olympiad, 4th Round",MathNet,COMPETITION_ONLY,,,,,,,,
MATHNET-0hsp,,,,,,,MathNet,COMPETITION_ONLY,,,,,,,,
MATHNET-0l9s,Vijetnam 2006,Vijetnam,2006.0,,,Vijetnam 2006,MathNet,YEAR_ONLY,,,,,,,,
MATHNET-0lgk,Zhautykov Olympiad,Zhautykov Olympiad,,,,Zhautykov Olympiad,MathNet,COMPETITION_ONLY,,,,,,,,
MATHNET-00ac,Argentine National Olympiad 2015,Argentine National Olympiad,2015.0,,,Argentine National Olympiad 2015,MathNet,YEAR_ONLY,,,,,,,,
MATHNET-00f5,APMO,APMO,,,,APMO,MathNet,COMPETITION_ONLY,,,,,,,,
MATHNET-00ny,AUT_ABooklet_2023,AUT ABooklet,2023.0,,,AUT ABooklet 2023,MathNet,YEAR_ONLY,,,,,,,,
MATHNET-00s2,BMO 2017,BMO,2017.0,,,BMO 2017,MathNet,YEAR_ONLY,,,,,,,,
MATHNET-0115,Baltic Way,Baltic Way,,,,Baltic Way,MathNet,COMPETITION_ONLY,,,,,,,,
MATHNET-01u2,66th Belarusian Mathematical Olympiad,66th Belarusian Mathematical Olympiad,,,,66th Belarusian Mathematical Olympiad,MathNet,COMPETITION_ONLY,,,,,,,,
MATHNET-020e,BxMO,BxMO,,,,BxMO,MathNet,COMPETITION_ONLY,,,,,,,,
MATHNET-023i,,,,,,,MathNet,COMPETITION_ONLY,,,,,,,,
MATHNET-03bq,Bulgarian National Mathematical Olympiad,Bulgarian National Mathematical Olympiad,,,,Bulgarian National Mathematical Olympiad,MathNet,COMPETITION_ONLY,,,,,,,,
MATHNET-03nf,Canadian Mathematical Olympiad,Canadian Mathematical Olympiad,,,,Canadian Mathematical Olympiad,MathNet,COMPETITION_ONLY,,,,,,,,
MATHNET-0455,China National Team Selection Test,China National Team Selection Test,,,,China National Team Selection Test,MathNet,COMPETITION_ONLY,,,,,,,,
MATHNET-048d,CroatianCompetitions2011,CroatianCompetitions,2011.0,,,CroatianCompetitions 2011,MathNet,YEAR_ONLY,,,,,,,,
MATHNET-04v9,72nd Czech and Slovak Mathematical Olympiad,72nd Czech and Slovak Mathematical Olympiad,,,,72nd Czech and Slovak Mathematical Olympiad,MathNet,COMPETITION_ONLY,,,,,,,,
MATHNET-04xs,12th Czech-Polish-Slovak Mathematics Competition,12th Czech Polish Slovak Mathematics Competition,,,,12th Czech Polish Slovak Mathematics Competition,MathNet,COMPETITION_ONLY,,,,,,,,
MATHNET-056b,Estonian Mathematical Olympiad,Estonian Mathematical Olympiad,,,,Estonian Mathematical Olympiad,MathNet,COMPETITION_ONLY,,,,,,,,
MATHNET-05dk,EGMO,EGMO,,,,EGMO,MathNet,COMPETITION_ONLY,,,,,,,,
MATHNET-05uf,Préparation Olympique Française de Mathématiques - Test du 14 et du 21 Février 2021,Préparation Olympique Française de Mathématiques Test du 14 et du 21 Février,2021.0,,,Préparation Olympique Française de Mathématiques Test du 14 et du 21 Février 2021,MathNet,YEAR_ONLY,,,,,,,,
MATHNET-062m,2. IMO-Auswahlklausur,2. IMO Auswahlklausur,,,,2. IMO Auswahlklausur,MathNet,UNMATCHED,0.1016,0.0155,,,NO_SAFE_MATCH,0.0203,0.1286,0.1559
MATHNET-065e,26th Hellenic Mathematical Olympiad,26th Hellenic Mathematical Olympiad,,,,26th Hellenic Mathematical Olympiad,MathNet,COMPETITION_ONLY,,,,,,,,
MATHNET-06ke,CHKMO,CHKMO,,,,CHKMO,MathNet,COMPETITION_ONLY,,,,,,,,
MATHNET-06si,International Mathematical Olympiad Shortlisted Problems,International Mathematical Olympiad Shortlisted Problems,,,,International Mathematical Olympiad Shortlisted Problems,MathNet,COMPETITION_ONLY,,,,,,,,
MATHNET-06ze,Iberoamerican Mathematical Olympiad,Iberoamerican Mathematical Olympiad,,,,Iberoamerican Mathematical Olympiad,MathNet,COMPETITION_ONLY,,,,,,,,
MATHNET-0759,INMO,INMO,,,,INMO,MathNet,COMPETITION_ONLY,,,,,,,,
MATHNET-07cz,Iranian Mathematical Olympiad,Iranian Mathematical Olympiad,,,,Iranian Mathematical Olympiad,MathNet,COMPETITION_ONLY,,,,,,,,
MATHNET-07uh,IRL_ABooklet,IRL ABooklet,,,,IRL ABooklet,MathNet,COMPETITION_ONLY,,,,,,,,
MATHNET-081p,Progetto Olimpiadi di Matematica,Progetto Olimpiadi di Matematica,,,,Progetto Olimpiadi di Matematica,MathNet,COMPETITION_ONLY,,,,,,,,
MATHNET-08n2,Junior Balkan Mathematical Olympiad Shortlist,Junior Balkan Mathematical Olympiad Shortlist,,,,Junior Balkan Mathematical Olympiad Shortlist,MathNet,COMPETITION_ONLY,,,,,,,,
MATHNET-08tg,Japan Mathematical Olympiad First Round,Japan Mathematical Olympiad First Round,,,,Japan Mathematical Olympiad First Round,MathNet,COMPETITION_ONLY,,,,,,,,
MATHNET-0932,Middle European Mathematical Olympiad,Middle European Mathematical Olympiad,,,,Middle European Mathematical Olympiad,MathNet,COMPETITION_ONLY,,,,,,,,
MATHNET-0955,A 61-a OLIMPIADA DE MATEMATICA A REPUBLICII MOLDOVA,A 61 a OLIMPIADA DE MATEMATICA A REPUBLICII MOLDOVA,,,,A 61 a OLIMPIADA DE MATEMATICA A REPUBLICII MOLDOVA,MathNet,COMPETITION_ONLY,,,,,,,,
MATHNET-099l,45th Mongolian Mathematical Olympiad,45th Mongolian Mathematical Olympiad,,,,45th Mongolian Mathematical Olympiad,MathNet,COMPETITION_ONLY,,,,,,,,
MATHNET-09wj,Second Round,Second Round,,,,Second Round,MathNet,COMPETITION_ONLY,,,,,,,,
MATHNET-0a53,New Zealand Mathematical Olympiad,New Zealand Mathematical Olympiad,,,,New Zealand Mathematical Olympiad,MathNet,COMPETITION_ONLY,,,,,,,,
MATHNET-0a9f,"Nordic Mathematical Contest, NMC 24","Nordic Mathematical Contest, NMC 24",,,,"Nordic Mathematical Contest, NMC 24",MathNet,COMPETITION_ONLY,,,,,,,,
MATHNET-0agx,XV-th Junior Balkan Mathematical Olympiad,XV th Junior Balkan Mathematical Olympiad,,,,XV th Junior Balkan Mathematical Olympiad,MathNet,COMPETITION_ONLY,,,,,,,,
MATHNET-0avj,19th Philippine Mathematical Olympiad,19th Philippine Mathematical Olympiad,,,,19th Philippine Mathematical Olympiad,MathNet,COMPETITION_ONLY,,,,,,,,
MATHNET-0bow,66th NMO SELECTION TESTS FOR THE BALKAN AND INTERNATIONAL MATHEMATICAL OLYMPIADS,66th NMO SELECTION TESTS FOR THE BALKAN AND INTERNATIONAL MATHEMATICAL OLYMPIADS,,,,66th NMO SELECTION TESTS FOR THE BALKAN AND INTERNATIONAL MATHEMATICAL OLYMPIADS,MathNet,COMPETITION_ONLY,,,,,,,,
MATHNET-0clz,The 6th Romanian Master of Mathematics Competition,The 6th Romanian Master of Mathematics Competition,,,,The 6th Romanian Master of Mathematics Competition,MathNet,COMPETITION_ONLY,,,,,,,,
MATHNET-0cr9,XL Russian mathematical olympiad,XL Russian mathematical olympiad,,,,XL Russian mathematical olympiad,MathNet,COMPETITION_ONLY,,,,,,,,
MATHNET-0d4q,SAMC,SAMC,,,,SAMC,MathNet,COMPETITION_ONLY,,,,,,,,
MATHNET-0dmc,СРПСКА МАТЕМАТИЧКА ОЛИМПИЈАДА,СРПСКА МАТЕМАТИЧКА ОЛИМПИЈАДА,,,,СРПСКА МАТЕМАТИЧКА ОЛИМПИЈАДА,MathNet,COMPETITION_ONLY,,,,,,,,
MATHNET-0dpx,XXI SILK ROAD MATHEMATICAL COMPETITION,XXI SILK ROAD MATHEMATICAL COMPETITION,,,,XXI SILK ROAD MATHEMATICAL COMPETITION,MathNet,COMPETITION_ONLY,,,,,,,,
MATHNET-0dst,Singapore Mathematical Olympiad,Singapore Mathematical Olympiad,,,,Singapore Mathematical Olympiad,MathNet,COMPETITION_ONLY,,,,,,,,
MATHNET-0dzm,Slovenija 2008,Slovenija,2008.0,,,Slovenija 2008,MathNet,YEAR_ONLY,,,,,,,,
MATHNET-0etj,The South African Mathematical Olympiad Third Round,The South African Mathematical Olympiad Third Round,,,,The South African Mathematical Olympiad Third Round,MathNet,COMPETITION_ONLY,,,,,,,,
MATHNET-0fad,25th ASU,25th ASU,,,,25th ASU,MathNet,COMPETITION_ONLY,,,,,,,,
MATHNET-0fjo,Olimpiada Matemática Española,Olimpiada Matemática Española,,,,Olimpiada Matemática Española,MathNet,COMPETITION_ONLY,,,,,,,,
MATHNET-0fvm,Vorrundenprüfung,Vorrundenprüfung,,,,Vorrundenprüfung,MathNet,COMPETITION_ONLY,,,,,,,,
MATHNET-0g9d,二〇一五數學奧林匹亞競賽第三階段選訓營,二〇一五數學奧林匹亞競賽第三階段選訓營,,,,二〇一五數學奧林匹亞競賽第三階段選訓營,MathNet,COMPETITION_ONLY,,,,,,,,
MATHNET-0gle,The first T3MO,The first T3MO,,,,The first T3MO,MathNet,COMPETITION_ONLY,,,,,,,,
MATHNET-0gq8,21st Turkish Mathematical Olympiad,21st Turkish Mathematical Olympiad,,,,21st Turkish Mathematical Olympiad,MathNet,COMPETITION_ONLY,,,,,,,,
MATHNET-0h61,55rd Ukrainian National Mathematical Olympiad - Fourth Round,55rd Ukrainian National Mathematical Olympiad Fourth Round,,,,55rd Ukrainian National Mathematical Olympiad Fourth Round,MathNet,COMPETITION_ONLY,,,,,,,,
MATHNET-0k0l,19th Bay Area Mathematical Olympiad,19th Bay Area Mathematical Olympiad,,,,19th Bay Area Mathematical Olympiad,MathNet,COMPETITION_ONLY,,,,,,,,
MATHNET-0lco,Vietnamese Mathematical Competitions,Vietnamese Mathematical Competitions,,,,Vietnamese Mathematical Competitions,MathNet,COMPETITION_ONLY,,,,,,,,
MATHNET-0lfz,XI International Zhautykov Olympiad in Sciences,XI International Zhautykov Olympiad in Sciences,,,,XI International Zhautykov Olympiad in Sciences,MathNet,COMPETITION_ONLY,,,,,,,,
MATHNET-00ba,XXVII Olimpiada Matemática Rioplatense,XXVII Olimpiada Matemática Rioplatense,,,,XXVII Olimpiada Matemática Rioplatense,MathNet,COMPETITION_ONLY,,,,,,,,
MATHNET-00hu,APMO,APMO,,,,APMO,MathNet,COMPETITION_ONLY,,,,,,,,
MATHNET-00lt,48. Österreichische Mathematik-Olympiade Landeswettbewerb für Anfängerinnen und Anfänger,48. Österreichische Mathematik Olympiade Landeswettbewerb für Anfängerinnen und Anfänger,,,,48. Österreichische Mathematik Olympiade Landeswettbewerb für Anfängerinnen und Anfänger,MathNet,COMPETITION_ONLY,,,,,,,,
MATHNET-00vm,Balkan Mathematical Olympiad Shortlisted Problems,Balkan Mathematical Olympiad Shortlisted Problems,,,,Balkan Mathematical Olympiad Shortlisted Problems,MathNet,COMPETITION_ONLY,,,,,,,,
MATHNET-010r,Baltic Way,Baltic Way,,,,Baltic Way,MathNet,COMPETITION_ONLY,,,,,,,,
MATHNET-01u3,66th Belarusian Mathematical Olympiad,66th Belarusian Mathematical Olympiad,,,,66th Belarusian Mathematical Olympiad,MathNet,COMPETITION_ONLY,,,,,,,,
MATHNET-0212,Benelux Mathematical Olympiad,Benelux Mathematical Olympiad,,,,Benelux Mathematical Olympiad,MathNet,COMPETITION_ONLY,,,,,,,,
MATHNET-024e,Nível 2,Nível 2,,,,Nível 2,MathNet,COMPETITION_ONLY,,,,,,,,
MATHNET-0caz,SHORTLISTED PROBLEMS FOR THE 73rd NMO,SHORTLISTED PROBLEMS FOR THE 73rd NMO,,,,SHORTLISTED PROBLEMS FOR THE 73rd NMO,MathNet,COMPETITION_ONLY,,,,,,,,
MATHNET-07vc,IRL_ABooklet,IRL ABooklet,,,,IRL ABooklet,MathNet,COMPETITION_ONLY,,,,,,,,
MATHNET-0awa,18th PMO National Stage Oral Phase,18th PMO National Stage Oral Phase,,,,18th PMO National Stage Oral Phase,MathNet,COMPETITION_ONLY,,,,,,,,
MATHNET-0609,PRÉPARATION OLYMPIQUE FRANÇAISE DE MATHÉMATIQUES,PRÉPARATION OLYMPIQUE FRANÇAISE DE MATHÉMATIQUES,,,,PRÉPARATION OLYMPIQUE FRANÇAISE DE MATHÉMATIQUES,MathNet,COMPETITION_ONLY,,,,,,,,
MATHNET-05gq,Préparation Olympique Française de Mathématiques,Préparation Olympique Française de Mathématiques,,,,Préparation Olympique Française de Mathématiques,MathNet,COMPETITION_ONLY,,,,,,,,
MATHNET-0kq5,HMMT November 2022,HMMT November,2022.0,,,HMMT November 2022,MathNet,YEAR_ONLY,,,,,,,,
MATHNET-074g,Indija TS 2009,Indija TS,2009.0,,,Indija TS 2009,MathNet,YEAR_ONLY,,,,,,,,
MATHNET-0413,China Mathematical Competition (Complementary Test),China Mathematical Competition (Complementary Test),,,,China Mathematical Competition (Complementary Test),MathNet,COMPETITION_ONLY,,,,,,,,
MATHNET-0dgx,Saudi Arabian IMO Booklet,IMO,1984.0,4.0,,IMO 1984 P4,AoPS,UNMATCHED,0.5646,0.1848,https://artofproblemsolving.com/wiki/index.php/1984_IMO_Problems/Problem_4,IMO-1984-4,NO_SAFE_MATCH,0.7204,0.9465,0.1896
MATHNET-0hpb,Berkeley Math Circle Monthly Contest 4,Berkeley Math Circle Monthly Contest 4,,,,Berkeley Math Circle Monthly Contest 4,MathNet,COMPETITION_ONLY,,,,,,,,
MATHNET-0beo,Matematika tantárgyverseny Megyei szakasz,Matematika tantárgyverseny Megyei szakasz,,,,Matematika tantárgyverseny Megyei szakasz,MathNet,COMPETITION_ONLY,,,,,,,,
MATHNET-0cih,75th NMO,75th NMO,,,,75th NMO,MathNet,COMPETITION_ONLY,,,,,,,,
MATHNET-0bmx,66th ROMANIAN MATHEMATICAL OLYMPIAD,66th ROMANIAN MATHEMATICAL OLYMPIAD,,,,66th ROMANIAN MATHEMATICAL OLYMPIAD,MathNet,COMPETITION_ONLY,,,,,,,,
MATHNET-067b,31st Hellenic Mathematical Olympiad,31st Hellenic Mathematical Olympiad,,,,31st Hellenic Mathematical Olympiad,MathNet,COMPETITION_ONLY,,,,,,,,
MATHNET-00g4,XV APMO,XV APMO,,,,XV APMO,MathNet,COMPETITION_ONLY,,,,,,,,
MATHNET-0f88,22nd ASU,22nd ASU,,,,22nd ASU,MathNet,COMPETITION_ONLY,,,,,,,,
MATHNET-0akb,Balkan Mathematical Olympiad,Balkan Mathematical Olympiad,,,,Balkan Mathematical Olympiad,MathNet,COMPETITION_ONLY,,,,,,,,
MATHNET-0ijk,USAMO,USAMO,,,,USAMO,MathNet,COMPETITION_ONLY,,,,,,,,
MATHNET-0cvb,Final round,Final round,,,,Final round,MathNet,COMPETITION_ONLY,,,,,,,,
MATHNET-0lf7,Team selection tests,Team selection tests,,,,Team selection tests,MathNet,COMPETITION_ONLY,,,,,,,,
MATHNET-00nu,AUT_ABooklet_2023,AUT ABooklet,2023.0,,,AUT ABooklet 2023,MathNet,YEAR_ONLY,,,,,,,,
MATHNET-084f,Progetto Olimpiadi di Matematica 2005 GARA di SECONDO LIVELLO,Progetto Olimpiadi di Matematica GARA di SECONDO LIVELLO,2005.0,,,Progetto Olimpiadi di Matematica GARA di SECONDO LIVELLO 2005,MathNet,YEAR_ONLY,,,,,,,,
MATHNET-0325,Bulgarian Mathematical Competitions,Bulgarian Mathematical Competitions,,,,Bulgarian Mathematical Competitions,MathNet,COMPETITION_ONLY,,,,,,,,
MATHNET-0cu8,XLIII Russian mathematical olympiad,XLIII Russian mathematical olympiad,,,,XLIII Russian mathematical olympiad,MathNet,COMPETITION_ONLY,,,,,,,,
MATHNET-0gan,二〇一七數學奧林匹亞競賽第二階段選訓營,二〇一七數學奧林匹亞競賽第二階段選訓營,,,,二〇一七數學奧林匹亞競賽第二階段選訓營,MathNet,COMPETITION_ONLY,,,,,,,,
MATHNET-0ekm,66. matematično tekmovanje srednješolcev Slovenije,66. matematično tekmovanje srednješolcev Slovenije,,,,66. matematično tekmovanje srednješolcev Slovenije,MathNet,COMPETITION_ONLY,,,,,,,,
MATHNET-058t,Estonian Math Competitions,Estonian Math Competitions,,,,Estonian Math Competitions,MathNet,COMPETITION_ONLY,,,,,,,,
MATHNET-08of,Junior Balkan Mathematical Olympiad,Junior Balkan Mathematical Olympiad,,,,Junior Balkan Mathematical Olympiad,MathNet,COMPETITION_ONLY,,,,,,,,
MATHNET-05ta,PRÉPARATION OLYMPIQUE FRANÇAISE DE MATHÉMATIQUES,PRÉPARATION OLYMPIQUE FRANÇAISE DE MATHÉMATIQUES,,,,PRÉPARATION OLYMPIQUE FRANÇAISE DE MATHÉMATIQUES,MathNet,COMPETITION_ONLY,,,,,,,,
MATHNET-00yo,Baltic Way,Baltic Way,,,,Baltic Way,MathNet,COMPETITION_ONLY,,,,,,,,
MATHNET-0g3p,Zweite Runde 2021,Zweite Runde,2021.0,,,Zweite Runde 2021,MathNet,YEAR_ONLY,,,,,,,,
MATHNET-0ias,Bay Area Mathematical Olympiad,Bay Area Mathematical Olympiad,,,,Bay Area Mathematical Olympiad,MathNet,COMPETITION_ONLY,,,,,,,,
MATHNET-05tc,Envoi 5: Pot Pourri,Envoi 5: Pot Pourri,,,,Envoi 5: Pot Pourri,MathNet,COMPETITION_ONLY,,,,,,,,
MATHNET-0i4x,Harvard-MIT Math Tournament,Harvard MIT Math Tournament,,,,Harvard MIT Math Tournament,MathNet,COMPETITION_ONLY,,,,,,,,
MATHNET-0h3p,Ukrainian Mathematical Olympiad,Ukrainian Mathematical Olympiad,,,,Ukrainian Mathematical Olympiad,MathNet,COMPETITION_ONLY,,,,,,,,
MATHNET-0ar9,13th Philippine Mathematical Olympiad,13th Philippine Mathematical Olympiad,,,,13th Philippine Mathematical Olympiad,MathNet,COMPETITION_ONLY,,,,,,,,
MATHNET-038c,Spring Mathematical Competition,Spring Mathematical Competition,,,,Spring Mathematical Competition,MathNet,COMPETITION_ONLY,,,,,,,,
MATHNET-0c9x,Olimpiada Naţională GAZETA MATEMATICĂ,Olimpiada Naţională GAZETA MATEMATICĂ,,,,Olimpiada Naţională GAZETA MATEMATICĂ,MathNet,COMPETITION_ONLY,,,,,,,,
MATHNET-0adb,Macedonian Mathematical Competitions,Macedonian Mathematical Competitions,,,,Macedonian Mathematical Competitions,MathNet,COMPETITION_ONLY,,,,,,,,
MATHNET-0c6i,2019 ROMANIAN MATHEMATICAL OLYMPIAD,ROMANIAN MATHEMATICAL OLYMPIAD,2019.0,,,ROMANIAN MATHEMATICAL OLYMPIAD 2019,MathNet,YEAR_ONLY,,,,,,,,
MATHNET-06nw,IMO Preliminary Selection Contest — Hong Kong,IMO Preliminary Selection Contest — Hong Kong,,,,IMO Preliminary Selection Contest — Hong Kong,MathNet,UNMATCHED,0.197,0.0383,,,NO_SAFE_MATCH,0.0752,0.2119,0.2943
MATHNET-02kg,Brazilian Mathematical Olympiad,Brazilian Mathematical Olympiad,,,,Brazilian Mathematical Olympiad,MathNet,COMPETITION_ONLY,,,,,,,,
MATHNET-09q7,Dutch TST,Dutch TST,,,,Dutch TST,MathNet,COMPETITION_ONLY,,,,,,,,
MATHNET-0d6e,SAUDI ARABIAN MATHEMATICAL COMPETITIONS,SAUDI ARABIAN MATHEMATICAL COMPETITIONS,,,,SAUDI ARABIAN MATHEMATICAL COMPETITIONS,MathNet,COMPETITION_ONLY,,,,,,,,
MATHNET-05e9,EGMO 2024,EGMO,2024.0,,,EGMO 2024,MathNet,YEAR_ONLY,,,,,,,,
MATHNET-0cy2,SAMC,SAMC,,,,SAMC,MathNet,COMPETITION_ONLY,,,,,,,,
MATHNET-00up,BMO 2023 Short List,BMO Short List,2023.0,,,BMO Short List 2023,MathNet,YEAR_ONLY,,,,,,,,
MATHNET-0edn,Slovenija 2016,Slovenija,2016.0,,,Slovenija 2016,MathNet,YEAR_ONLY,,,,,,,,
MATHNET-0gfv,"2022 數學奧林匹亞競賽第二階段培訓營, 獨立研究 (二)","數學奧林匹亞競賽第二階段培訓營, 獨立研究 (二)",2022.0,,,"數學奧林匹亞競賽第二階段培訓營, 獨立研究 (二) 2022",MathNet,YEAR_ONLY,,,,,,,,
MATHNET-0e06,National Math Olympiad,National Math Olympiad,,,,National Math Olympiad,MathNet,COMPETITION_ONLY,,,,,,,,
MATHNET-05j5,OFM,OFM,,,,OFM,MathNet,COMPETITION_ONLY,,,,,,,,
MATHNET-0f0z,ASU,ASU,,,,ASU,MathNet,COMPETITION_ONLY,,,,,,,,
MATHNET-034j,Bulgarian Mathematical Competitions,Bulgarian Mathematical Competitions,,,,Bulgarian Mathematical Competitions,MathNet,COMPETITION_ONLY,,,,,,,,
MATHNET-0d0v,Saudi Arabia Mathematical Competitions 2012,Saudi Arabia Mathematical Competitions,2012.0,,,Saudi Arabia Mathematical Competitions 2012,MathNet,YEAR_ONLY,,,,,,,,
MATHNET-0ec2,"15. tekmovanje v znanju matematike za dijake srednjih tehniških in strokovnih šol, Državno tekmovanje","15. tekmovanje v znanju matematike za dijake srednjih tehniških in strokovnih šol, Državno tekmovanje",,,,"15. tekmovanje v znanju matematike za dijake srednjih tehniških in strokovnih šol, Državno tekmovanje",MathNet,COMPETITION_ONLY,,,,,,,,
MATHNET-0kfj,HMMT February 2020,HMMT February,2020.0,,,HMMT February 2020,MathNet,YEAR_ONLY,,,,,,,,
MATHNET-0kqz,HMMT February,HMMT February,,,,HMMT February,MathNet,COMPETITION_ONLY,,,,,,,,
MATHNET-03ma,Kanada 2011,Kanada,2011.0,,,Kanada 2011,MathNet,YEAR_ONLY,,,,,,,,
MATHNET-01b9,Baltic Way,Baltic Way,,,,Baltic Way,MathNet,COMPETITION_ONLY,,,,,,,,
MATHNET-0f27,ASU,ASU,,,,ASU,MathNet,COMPETITION_ONLY,,,,,,,,
MATHNET-0fk5,Spanish Mathematical Olympiad - Local Stage,Spanish Mathematical Olympiad Local Stage,,,,Spanish Mathematical Olympiad Local Stage,MathNet,COMPETITION_ONLY,,,,,,,,
MATHNET-0bgs,Olimpiada Naţională de Matematică,Olimpiada Naţională de Matematică,,,,Olimpiada Naţională de Matematică,MathNet,COMPETITION_ONLY,,,,,,,,
MATHNET-0l56,HMMT February,HMMT February,,,,HMMT February,MathNet,COMPETITION_ONLY,,,,,,,,
MATHNET-0l8o,VIETNAMESE MATHEMATICAL OLYMPIAD,VIETNAMESE MATHEMATICAL OLYMPIAD,,,,VIETNAMESE MATHEMATICAL OLYMPIAD,MathNet,COMPETITION_ONLY,,,,,,,,
MATHNET-05ra,PRÉPARATION OLYMPIQUE FRANÇAISE DE MATHÉMATIQUES,PRÉPARATION OLYMPIQUE FRANÇAISE DE MATHÉMATIQUES,,,,PRÉPARATION OLYMPIQUE FRANÇAISE DE MATHÉMATIQUES,MathNet,COMPETITION_ONLY,,,,,,,,
MATHNET-00ok,Austrian Mathematical Olympiad,Austrian Mathematical Olympiad,,,,Austrian Mathematical Olympiad,MathNet,COMPETITION_ONLY,,,,,,,,
MATHNET-0fid,Olimpiada Matemática Española,Olimpiada Matemática Española,,,,Olimpiada Matemática Española,MathNet,COMPETITION_ONLY,,,,,,,,
MATHNET-0jt8,HMMT February,HMMT February,,,,HMMT February,MathNet,COMPETITION_ONLY,,,,,,,,
MATHNET-0fmk,Olimpiada Internacional de Matemáticas,Olimpiada Internacional de Matemáticas,,,,Olimpiada Internacional de Matemáticas,MathNet,COMPETITION_ONLY,,,,,,,,
MATHNET-007d,National Olympiad of Argentina,National Olympiad of Argentina,,,,National Olympiad of Argentina,MathNet,COMPETITION_ONLY,,,,,,,,
MATHNET-0inh,IMO,IMO,2007.0,5,,IMO 2007 P5,AoPS,MATCHED,1.0,0.4762,https://artofproblemsolving.com/wiki/index.php/2007_IMO_Problems/Problem_5,IMO-2007-5,HIGH_CONFIDENCE_TEXT_MATCH,1.0,1.0,1.0
MATHNET-05k2,Olympiades Françaises de Mathématiques,Olympiades Françaises de Mathématiques,,,,Olympiades Françaises de Mathématiques,MathNet,COMPETITION_ONLY,,,,,,,,
MATHNET-09vi,IMO-selectietoets II,IMO selectietoets II,,,,IMO selectietoets II,MathNet,UNMATCHED,0.1251,0.0124,,,NO_SAFE_MATCH,0.0236,0.0205,0.2792
MATHNET-0f03,ASU,ASU,,,,ASU,MathNet,COMPETITION_ONLY,,,,,,,,
MATHNET-023c,Nível 3,Nível 3,,,,Nível 3,MathNet,COMPETITION_ONLY,,,,,,,,
MATHNET-0jcv,Harvard-MIT Mathematics Tournament,Harvard MIT Mathematics Tournament,,,,Harvard MIT Mathematics Tournament,MathNet,COMPETITION_ONLY,,,,,,,,
MATHNET-0bth,2016 European Girls' Mathematical Olympiad,European Girls' Mathematical Olympiad,2016.0,,,European Girls' Mathematical Olympiad 2016,MathNet,YEAR_ONLY,,,,,,,,
MATHNET-08bm,Gara di Febbraio,Gara di Febbraio,,,,Gara di Febbraio,MathNet,COMPETITION_ONLY,,,,,,,,
MATHNET-0jqi,HMMT February 2015,HMMT February,2015.0,,,HMMT February 2015,MathNet,YEAR_ONLY,,,,,,,,
MATHNET-0l1k,HMMT November 2024,HMMT November,2024.0,,,HMMT November 2024,MathNet,YEAR_ONLY,,,,,,,,
MATHNET-0ing,Team Selection Test,Team Selection Test,,,,Team Selection Test,MathNet,COMPETITION_ONLY,,,,,,,,
MATHNET-0kzn,AMC 10 B,AMC 10 B,,,,AMC 10 B,MathNet,COMPETITION_ONLY,,,,,,,,
MATHNET-0ek6,22. tekmovanje v znanju matematike za dijake srednjih tehniških in strokovnih šol,22. tekmovanje v znanju matematike za dijake srednjih tehniških in strokovnih šol,,,,22. tekmovanje v znanju matematike za dijake srednjih tehniških in strokovnih šol,MathNet,COMPETITION_ONLY,,,,,,,,
MATHNET-0g2s,SMO 2019,SMO,2019.0,,,SMO 2019,MathNet,YEAR_ONLY,,,,,,,,
MATHNET-05jo,Olympiades Françaises de Mathématiques,Olympiades Françaises de Mathématiques,,,,Olympiades Françaises de Mathématiques,MathNet,COMPETITION_ONLY,,,,,,,,
MATHNET-0fk4,Spanish Mathematical Olympiad - Local Stage,Spanish Mathematical Olympiad Local Stage,,,,Spanish Mathematical Olympiad Local Stage,MathNet,COMPETITION_ONLY,,,,,,,,
MATHNET-08ew,XXXVII Olimpiade Italiana di Matematica,XXXVII Olimpiade Italiana di Matematica,,,,XXXVII Olimpiade Italiana di Matematica,MathNet,COMPETITION_ONLY,,,,,,,,
MATHNET-05qv,Préparation Olympique Française de Mathématiques,Préparation Olympique Française de Mathématiques,,,,Préparation Olympique Française de Mathématiques,MathNet,COMPETITION_ONLY,,,,,,,,
MATHNET-0b1m,22nd Philippine Mathematical Olympiad,22nd Philippine Mathematical Olympiad,,,,22nd Philippine Mathematical Olympiad,MathNet,COMPETITION_ONLY,,,,,,,,
MATHNET-0ksl,Berkeley Math Circle: Monthly Contest 5,Berkeley Math Circle: Monthly Contest 5,,,,Berkeley Math Circle: Monthly Contest 5,MathNet,COMPETITION_ONLY,,,,,,,,
MATHNET-0eud,Korean Mathematical Olympiad Final Round,Korean Mathematical Olympiad Final Round,,,,Korean Mathematical Olympiad Final Round,MathNet,COMPETITION_ONLY,,,,,,,,
MATHNET-0397,Winter Mathematical Competition,Winter Mathematical Competition,,,,Winter Mathematical Competition,MathNet,COMPETITION_ONLY,,,,,,,,
MATHNET-02pg,"Brazilian Mathematical Olympiad, Nível 2","Brazilian Mathematical Olympiad, Nível 2",,,,"Brazilian Mathematical Olympiad, Nível 2",MathNet,COMPETITION_ONLY,,,,,,,,
MATHNET-0blq,66th ROMANIAN MATHEMATICAL OLYMPIAD,66th ROMANIAN MATHEMATICAL OLYMPIAD,,,,66th ROMANIAN MATHEMATICAL OLYMPIAD,MathNet,COMPETITION_ONLY,,,,,,,,
MATHNET-064u,24th Hellenic Mathematical Olympiad,24th Hellenic Mathematical Olympiad,,,,24th Hellenic Mathematical Olympiad,MathNet,COMPETITION_ONLY,,,,,,,,
MATHNET-0930,Middle European Mathematical Olympiad,Middle European Mathematical Olympiad,,,,Middle European Mathematical Olympiad,MathNet,COMPETITION_ONLY,,,,,,,,
MATHNET-0ie4,Harvard-MIT Mathematics Tournament,Harvard MIT Mathematics Tournament,,,,Harvard MIT Mathematics Tournament,MathNet,COMPETITION_ONLY,,,,,,,,
MATHNET-0kf4,HMMT February 2020,HMMT February,2020.0,,,HMMT February 2020,MathNet,YEAR_ONLY,,,,,,,,
MATHNET-0d5z,SAMC 2015,SAMC,2015.0,,,SAMC 2015,MathNet,YEAR_ONLY,,,,,,,,
MATHNET-0c4k,SHORTLISTED PROBLEMS FOR THE 2019 ROMANIAN NMO,SHORTLISTED PROBLEMS FOR THE ROMANIAN NMO,2019.0,,,SHORTLISTED PROBLEMS FOR THE ROMANIAN NMO 2019,MathNet,YEAR_ONLY,,,,,,,,
MATHNET-07l2,Irska,Irska,,,,Irska,MathNet,COMPETITION_ONLY,,,,,,,,
MATHNET-0i9p,USA IMO 2003,USA IMO,2003.0,,,USA IMO 2003,MathNet,UNMATCHED,0.4251,0.0094,,,NO_SAFE_MATCH,0.1753,0.4296,0.6409
MATHNET-0bq4,OLIMPIADA DE MATEMATICĂ - ETAPA LOCALĂ,OLIMPIADA DE MATEMATICĂ ETAPA LOCALĂ,,,,OLIMPIADA DE MATEMATICĂ ETAPA LOCALĂ,MathNet,COMPETITION_ONLY,,,,,,,,
MATHNET-04a8,CroatianCompetitions2011,CroatianCompetitions,2011.0,,,CroatianCompetitions 2011,MathNet,YEAR_ONLY,,,,,,,,
MATHNET-05x1,PRÉPARATION OLYMPIQUE FRANÇAISE DE MATHÉMATIQUES,PRÉPARATION OLYMPIQUE FRANÇAISE DE MATHÉMATIQUES,,,,PRÉPARATION OLYMPIQUE FRANÇAISE DE MATHÉMATIQUES,MathNet,COMPETITION_ONLY,,,,,,,,
MATHNET-02dy,VI OBM,VI OBM,,,,VI OBM,MathNet,COMPETITION_ONLY,,,,,,,,
MATHNET-0dla,Saudi Booklet,Saudi Booklet,,,,Saudi Booklet,MathNet,COMPETITION_ONLY,,,,,,,,
MATHNET-0bnh,66th ROMANIAN MATHEMATICAL OLYMPIAD,66th ROMANIAN MATHEMATICAL OLYMPIAD,,,,66th ROMANIAN MATHEMATICAL OLYMPIAD,MathNet,COMPETITION_ONLY,,,,,,,,
MATHNET-0dqf,Singapore Mathematical Olympiad (SMO),Singapore Mathematical Olympiad (SMO),,,,Singapore Mathematical Olympiad (SMO),MathNet,COMPETITION_ONLY,,,,,,,,
MATHNET-0jqw,HMMT November 2015,HMMT November,2015.0,,,HMMT November 2015,MathNet,YEAR_ONLY,,,,,,,,
MATHNET-0j6t,Harvard-MIT Mathematics Tournament,Harvard MIT Mathematics Tournament,,,,Harvard MIT Mathematics Tournament,MathNet,COMPETITION_ONLY,,,,,,,,
MATHNET-0k97,HMMT November 2019,HMMT November,2019.0,,,HMMT November 2019,MathNet,YEAR_ONLY,,,,,,,,
MATHNET-05ai,Estonian Mathematical Olympiad,Estonian Mathematical Olympiad,,,,Estonian Mathematical Olympiad,MathNet,COMPETITION_ONLY,,,,,,,,
MATHNET-0gdx,2020 Taiwan IMO 1J,Taiwan IMO 1J,2020.0,,,Taiwan IMO 1J 2020,MathNet,UNMATCHED,0.2809,0.0117,,,NO_SAFE_MATCH,0.0985,0.2642,0.451
MATHNET-0jp5,HMMT February 2015,HMMT February,2015.0,,,HMMT February 2015,MathNet,YEAR_ONLY,,,,,,,,
MATHNET-0dmg,СРПСКА МАТЕМАТИЧКА ОЛИМПИЈАДА,СРПСКА МАТЕМАТИЧКА ОЛИМПИЈАДА,,,,СРПСКА МАТЕМАТИЧКА ОЛИМПИЈАДА,MathNet,COMPETITION_ONLY,,,,,,,,
MATHNET-03zv,China Southeastern Mathematical Olympiad,China Southeastern Mathematical Olympiad,,,,China Southeastern Mathematical Olympiad,MathNet,COMPETITION_ONLY,,,,,,,,
MATHNET-07c0,Iranian Mathematical Olympiad,Iranian Mathematical Olympiad,,,,Iranian Mathematical Olympiad,MathNet,COMPETITION_ONLY,,,,,,,,
MATHNET-0cg1,74th Romanian Mathematical Olympiad,74th Romanian Mathematical Olympiad,,,,74th Romanian Mathematical Olympiad,MathNet,COMPETITION_ONLY,,,,,,,,
MATHNET-0kbi,HMMT February 2020,HMMT February,2020.0,,,HMMT February 2020,MathNet,YEAR_ONLY,,,,,,,,
MATHNET-0dvx,48. matematično tekmovanje srednješolcev Slovenije,48. matematično tekmovanje srednješolcev Slovenije,,,,48. matematično tekmovanje srednješolcev Slovenije,MathNet,COMPETITION_ONLY,,,,,,,,
MATHNET-09do,ММО-48,ММО 48,,,,ММО 48,MathNet,COMPETITION_ONLY,,,,,,,,
MATHNET-0hz2,Harvard-MIT Math Tournament,Harvard MIT Math Tournament,,,,Harvard MIT Math Tournament,MathNet,COMPETITION_ONLY,,,,,,,,
MATHNET-0aus,18th PMO National Stage Oral Phase,18th PMO National Stage Oral Phase,,,,18th PMO National Stage Oral Phase,MathNet,COMPETITION_ONLY,,,,,,,,
MATHNET-0hc1,59th Ukrainian National Mathematical Olympiad,59th Ukrainian National Mathematical Olympiad,,,,59th Ukrainian National Mathematical Olympiad,MathNet,COMPETITION_ONLY,,,,,,,,
MATHNET-0l47,AMC 10 A,AMC 10 A,,,,AMC 10 A,MathNet,COMPETITION_ONLY,,,,,,,,
MATHNET-001e,XVIII Olimpiada Iberoamericana de Matemática,XVIII Olimpiada Iberoamericana de Matemática,,,,XVIII Olimpiada Iberoamericana de Matemática,MathNet,COMPETITION_ONLY,,,,,,,,
MATHNET-07ko,Irish Mathematical Olympiad,Irish Mathematical Olympiad,,,,Irish Mathematical Olympiad,MathNet,COMPETITION_ONLY,,,,,,,,
MATHNET-0h8g,58th Ukrainian National Mathematical Olympiad,58th Ukrainian National Mathematical Olympiad,,,,58th Ukrainian National Mathematical Olympiad,MathNet,COMPETITION_ONLY,,,,,,,,
MATHNET-0hs4,Berkeley Math Circle,Berkeley Math Circle,,,,Berkeley Math Circle,MathNet,COMPETITION_ONLY,,,,,,,,
MATHNET-04uw,Final Round,Final Round,,,,Final Round,MathNet,COMPETITION_ONLY,,,,,,,,
MATHNET-0gp4,Team Selection Test,Team Selection Test,,,,Team Selection Test,MathNet,COMPETITION_ONLY,,,,,,,,
MATHNET-0ax4,Philippine Mathematical Olympiad Area Stage,Philippine Mathematical Olympiad Area Stage,,,,Philippine Mathematical Olympiad Area Stage,MathNet,COMPETITION_ONLY,,,,,,,,
MATHNET-09c4,Mongolian Mathematical Olympiad 46,Mongolian Mathematical Olympiad 46,,,,Mongolian Mathematical Olympiad 46,MathNet,COMPETITION_ONLY,,,,,,,,
MATHNET-0gps,Team Selection Test for JBMO,Team Selection Test for JBMO,,,,Team Selection Test for JBMO,MathNet,COMPETITION_ONLY,,,,,,,,
MATHNET-08nc,JBMO Shortlist,JBMO Shortlist,,,,JBMO Shortlist,MathNet,COMPETITION_ONLY,,,,,,,,
MATHNET-07mb,Irish Mathematical Olympiad,Irish Mathematical Olympiad,,,,Irish Mathematical Olympiad,MathNet,COMPETITION_ONLY,,,,,,,,
MATHNET-08y6,Japan 2015,Japan,2015.0,,,Japan 2015,MathNet,YEAR_ONLY,,,,,,,,
MATHNET-00ul,BMO 2023 Short List,BMO Short List,2023.0,,,BMO Short List 2023,MathNet,YEAR_ONLY,,,,,,,,
MATHNET-071d,Iberoamerican Mathematical Olympiad,Iberoamerican Mathematical Olympiad,,,,Iberoamerican Mathematical Olympiad,MathNet,COMPETITION_ONLY,,,,,,,,
MATHNET-0lbc,Vietnam Mathematical Olympiad,Vietnam Mathematical Olympiad,,,,Vietnam Mathematical Olympiad,MathNet,COMPETITION_ONLY,,,,,,,,
MATHNET-0490,CroatianCompetitions2011,CroatianCompetitions,2011.0,,,CroatianCompetitions 2011,MathNet,YEAR_ONLY,,,,,,,,
MATHNET-0cz9,Saudi Arabia Mathematical Competitions,Saudi Arabia Mathematical Competitions,,,,Saudi Arabia Mathematical Competitions,MathNet,COMPETITION_ONLY,,,,,,,,
MATHNET-05lk,Envoi de combinatoire,Envoi de combinatoire,,,,Envoi de combinatoire,MathNet,COMPETITION_ONLY,,,,,,,,
MATHNET-0cmk,Russian mathematical olympiad,Russian mathematical olympiad,,,,Russian mathematical olympiad,MathNet,COMPETITION_ONLY,,,,,,,,
MATHNET-0cy4,SAMC,SAMC,,,,SAMC,MathNet,COMPETITION_ONLY,,,,,,,,
MATHNET-024k,,,,,,,MathNet,COMPETITION_ONLY,,,,,,,,
MATHNET-0atn,Philippine Mathematical Olympiad,Philippine Mathematical Olympiad,,,,Philippine Mathematical Olympiad,MathNet,COMPETITION_ONLY,,,,,,,,
MATHNET-0906,Japan Mathematical Olympiad,Japan Mathematical Olympiad,,,,Japan Mathematical Olympiad,MathNet,COMPETITION_ONLY,,,,,,,,
MATHNET-0044,XV Olimpiada Matemática Rioplatense,XV Olimpiada Matemática Rioplatense,,,,XV Olimpiada Matemática Rioplatense,MathNet,COMPETITION_ONLY,,,,,,,,
MATHNET-02ex,XIV OBM,XIV OBM,,,,XIV OBM,MathNet,COMPETITION_ONLY,,,,,,,,
MATHNET-0eyx,3rd ASU,3rd ASU,,,,3rd ASU,MathNet,COMPETITION_ONLY,,,,,,,,
MATHNET-04e2,Mathematica competitions in Croatia,Mathematica competitions in Croatia,,,,Mathematica competitions in Croatia,MathNet,COMPETITION_ONLY,,,,,,,,
MATHNET-0atv,Philippine Mathematical Olympiad,Philippine Mathematical Olympiad,,,,Philippine Mathematical Olympiad,MathNet,COMPETITION_ONLY,,,,,,,,
MATHNET-0c1x,2018 Romanian Mathematical Olympiad,Romanian Mathematical Olympiad,2018.0,,,Romanian Mathematical Olympiad 2018,MathNet,YEAR_ONLY,,,,,,,,
MATHNET-0aj5,Junior Balkan Mathematical Olympiad,Junior Balkan Mathematical Olympiad,,,,Junior Balkan Mathematical Olympiad,MathNet,COMPETITION_ONLY,,,,,,,,
MATHNET-09sr,IMO-selectietoets II,IMO selectietoets II,,,,IMO selectietoets II,MathNet,UNMATCHED,0.1647,0.0093,,,NO_SAFE_MATCH,0.0187,0.0631,0.356
MATHNET-06xr,International Mathematical Olympiad Shortlist,International Mathematical Olympiad Shortlist,,,,International Mathematical Olympiad Shortlist,MathNet,COMPETITION_ONLY,,,,,,,,
MATHNET-08q8,Junior Balkan Mathematical Olympiad Shortlist,Junior Balkan Mathematical Olympiad Shortlist,,,,Junior Balkan Mathematical Olympiad Shortlist,MathNet,COMPETITION_ONLY,,,,,,,,
MATHNET-06zj,Iberoamerican Mathematical Olympiad,Iberoamerican Mathematical Olympiad,,,,Iberoamerican Mathematical Olympiad,MathNet,COMPETITION_ONLY,,,,,,,,
MATHNET-09af,46th Mongolian Mathematical Olympiad,46th Mongolian Mathematical Olympiad,,,,46th Mongolian Mathematical Olympiad,MathNet,COMPETITION_ONLY,,,,,,,,
MATHNET-0huv,Berkeley Math Circle Monthly Contest 7,Berkeley Math Circle Monthly Contest 7,,,,Berkeley Math Circle Monthly Contest 7,MathNet,COMPETITION_ONLY,,,,,,,,
MATHNET-028y,Nível 3,Nível 3,,,,Nível 3,MathNet,COMPETITION_ONLY,,,,,,,,
MATHNET-0f6y,20th ASU,20th ASU,,,,20th ASU,MathNet,COMPETITION_ONLY,,,,,,,,
MATHNET-06y2,IMO2024 Shortlisted Problems,IMO Shortlisted Problems,2024.0,,,IMO Shortlisted Problems 2024,MathNet,UNMATCHED,0.4886,0.0774,,,NO_SAFE_MATCH,0.3106,0.6338,0.5535
MATHNET-0cjq,75th NMO Selection Tests,75th NMO Selection Tests,,,,75th NMO Selection Tests,MathNet,COMPETITION_ONLY,,,,,,,,
MATHNET-0e4b,National Math Olympiad,National Math Olympiad,,,,National Math Olympiad,MathNet,COMPETITION_ONLY,,,,,,,,
MATHNET-0ka4,HMMT November 2019,HMMT November,2019.0,,,HMMT November 2019,MathNet,YEAR_ONLY,,,,,,,,
MATHNET-0cgo,74th Romanian Mathematical Olympiad,74th Romanian Mathematical Olympiad,,,,74th Romanian Mathematical Olympiad,MathNet,COMPETITION_ONLY,,,,,,,,
MATHNET-0hxe,Berkeley Math Circle Monthly Contest 2,Berkeley Math Circle Monthly Contest 2,,,,Berkeley Math Circle Monthly Contest 2,MathNet,COMPETITION_ONLY,,,,,,,,
MATHNET-0h3f,Ukrainian Mathematical Olympiad,Ukrainian Mathematical Olympiad,,,,Ukrainian Mathematical Olympiad,MathNet,COMPETITION_ONLY,,,,,,,,
MATHNET-0hax,59th Ukrainian National Mathematical Olympiad,59th Ukrainian National Mathematical Olympiad,,,,59th Ukrainian National Mathematical Olympiad,MathNet,COMPETITION_ONLY,,,,,,,,
MATHNET-09jx,Mongolian Mathematical Olympiad,Mongolian Mathematical Olympiad,,,,Mongolian Mathematical Olympiad,MathNet,COMPETITION_ONLY,,,,,,,,
MATHNET-06ts,IMO 2016 Shortlisted Problems,IMO Shortlisted Problems,2016.0,,,IMO Shortlisted Problems 2016,MathNet,UNMATCHED,0.2329,0.0135,,,NO_SAFE_MATCH,0.0652,0.1836,0.4105
MATHNET-0h2a,"51st Ukrainian National Mathematical Olympiad, 3rd Round","51st Ukrainian National Mathematical Olympiad, 3rd Round",,,,"51st Ukrainian National Mathematical Olympiad, 3rd Round",MathNet,COMPETITION_ONLY,,,,,,,,
MATHNET-0kqf,AIME II,AIME II,,,,AIME II,MathNet,COMPETITION_ONLY,,,,,,,,
MATHNET-0j50,Harvard-MIT Mathematics Tournament,Harvard MIT Mathematics Tournament,,,,Harvard MIT Mathematics Tournament,MathNet,COMPETITION_ONLY,,,,,,,,
MATHNET-0jc8,Harvard-MIT Mathematics Tournament,Harvard MIT Mathematics Tournament,,,,Harvard MIT Mathematics Tournament,MathNet,COMPETITION_ONLY,,,,,,,,
MATHNET-0f1q,ASU,ASU,,,,ASU,MathNet,COMPETITION_ONLY,,,,,,,,
MATHNET-0acd,Macedonian Mathematical Competitions,Macedonian Mathematical Competitions,,,,Macedonian Mathematical Competitions,MathNet,COMPETITION_ONLY,,,,,,,,
MATHNET-0axv,Philippine Mathematical Olympiad,Philippine Mathematical Olympiad,,,,Philippine Mathematical Olympiad,MathNet,COMPETITION_ONLY,,,,,,,,
MATHNET-04bo,Mathematica competitions in Croatia,Mathematica competitions in Croatia,,,,Mathematica competitions in Croatia,MathNet,COMPETITION_ONLY,,,,,,,,
MATHNET-0784,IMO TST Day 2,IMO TST Day 2,,,,IMO TST Day 2,MathNet,UNMATCHED,0.3223,0.0269,,,NO_SAFE_MATCH,0.1643,0.2537,0.5034
MATHNET-0i5e,Harvard-MIT Math Tournament,Harvard MIT Math Tournament,,,,Harvard MIT Math Tournament,MathNet,COMPETITION_ONLY,,,,,,,,
MATHNET-0hog,Berkeley Math Circle: Monthly Contest 6,Berkeley Math Circle: Monthly Contest 6,,,,Berkeley Math Circle: Monthly Contest 6,MathNet,COMPETITION_ONLY,,,,,,,,
MATHNET-0fv2,SMO Finalrunde,SMO Finalrunde,,,,SMO Finalrunde,MathNet,COMPETITION_ONLY,,,,,,,,
MATHNET-09xc,BxMO Team Selection Test,BxMO Team Selection Test,,,,BxMO Team Selection Test,MathNet,COMPETITION_ONLY,,,,,,,,
MATHNET-0adi,Macedonian Mathematical Competitions,Macedonian Mathematical Competitions,,,,Macedonian Mathematical Competitions,MathNet,COMPETITION_ONLY,,,,,,,,
MATHNET-0fyx,IMO Selektion,IMO Selektion,,,,IMO Selektion,MathNet,UNMATCHED,0.1622,0.0094,,,NO_SAFE_MATCH,0.0,0.0279,0.3881
MATHNET-0akk,Junior Mathematical Olympiad,Junior Mathematical Olympiad,,,,Junior Mathematical Olympiad,MathNet,COMPETITION_ONLY,,,,,,,,
MATHNET-0est,The South African Mathematical Olympiad Third Round,The South African Mathematical Olympiad Third Round,,,,The South African Mathematical Olympiad Third Round,MathNet,COMPETITION_ONLY,,,,,,,,
MATHNET-0jsa,HMMT February,HMMT February,,,,HMMT February,MathNet,COMPETITION_ONLY,,,,,,,,
MATHNET-09r1,Toets 6 juni 2012,Toets 6 juni,2012.0,,,Toets 6 juni 2012,MathNet,YEAR_ONLY,,,,,,,,
MATHNET-0au7,17th Philippine Mathematical Olympiad Area Stage,17th Philippine Mathematical Olympiad Area Stage,,,,17th Philippine Mathematical Olympiad Area Stage,MathNet,COMPETITION_ONLY,,,,,,,,
MATHNET-0egg,"18. tekmovanje v znanju matematike za dijake srednjih tehniških in strokovnih šol, Odbirno tekmovanje","18. tekmovanje v znanju matematike za dijake srednjih tehniških in strokovnih šol, Odbirno tekmovanje",,,,"18. tekmovanje v znanju matematike za dijake srednjih tehniških in strokovnih šol, Odbirno tekmovanje",MathNet,COMPETITION_ONLY,,,,,,,,
MATHNET-049z,CroatianCompetitions2011,CroatianCompetitions,2011.0,,,CroatianCompetitions 2011,MathNet,YEAR_ONLY,,,,,,,,
MATHNET-0ads,Републички натпревар по математика за средно образование,Републички натпревар по математика за средно образование,,,,Републички натпревар по математика за средно образование,MathNet,COMPETITION_ONLY,,,,,,,,
MATHNET-07w7,IRL_ABooklet_2023,IRL ABooklet,2023.0,,,IRL ABooklet 2023,MathNet,YEAR_ONLY,,,,,,,,
MATHNET-00by,Argentina_2018,Argentina,2018.0,,,Argentina 2018,MathNet,YEAR_ONLY,,,,,,,,
MATHNET-03w7,China Mathematical Competition (Complementary Test),China Mathematical Competition (Complementary Test),,,,China Mathematical Competition (Complementary Test),MathNet,COMPETITION_ONLY,,,,,,,,
MATHNET-0e2b,National Math Olympiad,National Math Olympiad,,,,National Math Olympiad,MathNet,COMPETITION_ONLY,,,,,,,,
MATHNET-0aho,Team Selection Test for IMO,Team Selection Test for IMO,,,,Team Selection Test for IMO,MathNet,UNMATCHED,0.2497,0.0134,,,NO_SAFE_MATCH,0.1253,0.4148,0.2555
MATHNET-0f9f,24th ASU,24th ASU,,,,24th ASU,MathNet,COMPETITION_ONLY,,,,,,,,
MATHNET-0efx,Slovenian Mathematical Olympiad,Slovenian Mathematical Olympiad,,,,Slovenian Mathematical Olympiad,MathNet,COMPETITION_ONLY,,,,,,,,
MATHNET-072s,Indija TS 2006,Indija TS,2006.0,,,Indija TS 2006,MathNet,YEAR_ONLY,,,,,,,,
MATHNET-05aq,Estonian Mathematical Olympiad,Estonian Mathematical Olympiad,,,,Estonian Mathematical Olympiad,MathNet,COMPETITION_ONLY,,,,,,,,
MATHNET-0e8i,Državno tekmovanje,Državno tekmovanje,,,,Državno tekmovanje,MathNet,COMPETITION_ONLY,,,,,,,,
MATHNET-06vc,IMO 2019 Shortlisted Problems,IMO Shortlisted Problems,2019.0,,,IMO Shortlisted Problems 2019,MathNet,UNMATCHED,0.1628,0.0246,,,NO_SAFE_MATCH,0.0759,0.2406,0.1902
MATHNET-0hvc,Berkeley Math Circle: Monthly Contest 7,Berkeley Math Circle: Monthly Contest 7,,,,Berkeley Math Circle: Monthly Contest 7,MathNet,COMPETITION_ONLY,,,,,,,,
MATHNET-037b,55. Bulgarian Mathematical Olympiad,55. Bulgarian Mathematical Olympiad,,,,55. Bulgarian Mathematical Olympiad,MathNet,COMPETITION_ONLY,,,,,,,,
MATHNET-0ck8,75th Romanian Mathematical Olympiad,75th Romanian Mathematical Olympiad,,,,75th Romanian Mathematical Olympiad,MathNet,COMPETITION_ONLY,,,,,,,,
MATHNET-0br0,67th NMO Shortlisted Problems,67th NMO Shortlisted Problems,,,,67th NMO Shortlisted Problems,MathNet,COMPETITION_ONLY,,,,,,,,
MATHNET-0h9m,58th Ukrainian National Mathematical Olympiad,58th Ukrainian National Mathematical Olympiad,,,,58th Ukrainian National Mathematical Olympiad,MathNet,COMPETITION_ONLY,,,,,,,,
MATHNET-0iwd,Harvard-MIT November Tournament,Harvard MIT November Tournament,,,,Harvard MIT November Tournament,MathNet,COMPETITION_ONLY,,,,,,,,
MATHNET-00cj,Nacional OMA 2019,Nacional OMA,2019.0,,,Nacional OMA 2019,MathNet,YEAR_ONLY,,,,,,,,
MATHNET-0jzx,February 2017,February,2017.0,,,February 2017,MathNet,YEAR_ONLY,,,,,,,,
MATHNET-0g61,"二〇一一數學奧林匹亞競賽第一階段選訓營,模擬競賽(二)","二〇一一數學奧林匹亞競賽第一階段選訓營,模擬競賽(二)",,,,"二〇一一數學奧林匹亞競賽第一階段選訓營,模擬競賽(二)",MathNet,COMPETITION_ONLY,,,,,,,,
MATHNET-01qj,Selection and Training Session,Selection and Training Session,,,,Selection and Training Session,MathNet,COMPETITION_ONLY,,,,,,,,
MATHNET-0fdi,,,,,,,MathNet,COMPETITION_ONLY,,,,,,,,
MATHNET-045v,2022 China Team Selection Test for IMO,China Team Selection Test for IMO,2022.0,,,China Team Selection Test for IMO 2022,MathNet,UNMATCHED,0.2418,0.0058,,,NO_SAFE_MATCH,0.1287,0.2508,0.335
MATHNET-042z,China Mathematical Competition,China Mathematical Competition,,,,China Mathematical Competition,MathNet,COMPETITION_ONLY,,,,,,,,
MATHNET-0h6j,UkraineMO,UkraineMO,,,,UkraineMO,MathNet,COMPETITION_ONLY,,,,,,,,
MATHNET-00ps,Balkan Mathematical Olympiad,Balkan Mathematical Olympiad,,,,Balkan Mathematical Olympiad,MathNet,COMPETITION_ONLY,,,,,,,,
MATHNET-0gg9,"2022 數學奧林匹亞競賽第五階段培訓營, 國際競賽實作(二)","數學奧林匹亞競賽第五階段培訓營, 國際競賽實作(二)",2022.0,,,"數學奧林匹亞競賽第五階段培訓營, 國際競賽實作(二) 2022",MathNet,YEAR_ONLY,,,,,,,,
MATHNET-0l5r,HMMT February,HMMT February,,,,HMMT February,MathNet,COMPETITION_ONLY,,,,,,,,
MATHNET-04kx,Mathematical competitions in Croatia,Mathematical competitions in Croatia,,,,Mathematical competitions in Croatia,MathNet,COMPETITION_ONLY,,,,,,,,
MATHNET-0220,Nível 2,Nível 2,,,,Nível 2,MathNet,COMPETITION_ONLY,,,,,,,,
MATHNET-09rl,Selectietoets,Selectietoets,,,,Selectietoets,MathNet,COMPETITION_ONLY,,,,,,,,
MATHNET-04vh,72nd Czech and Slovak Mathematical Olympiad,72nd Czech and Slovak Mathematical Olympiad,,,,72nd Czech and Slovak Mathematical Olympiad,MathNet,COMPETITION_ONLY,,,,,,,,
MATHNET-007a,Mathematical Olympiad Rioplatense,Mathematical Olympiad Rioplatense,,,,Mathematical Olympiad Rioplatense,MathNet,COMPETITION_ONLY,,,,,,,,
MATHNET-07l8,Irska,Irska,,,,Irska,MathNet,COMPETITION_ONLY,,,,,,,,
MATHNET-0b48,25th Philippine Mathematical Olympiad,25th Philippine Mathematical Olympiad,,,,25th Philippine Mathematical Olympiad,MathNet,COMPETITION_ONLY,,,,,,,,
MATHNET-0jht,HMMT 2013,HMMT,2013.0,,,HMMT 2013,MathNet,YEAR_ONLY,,,,,,,,
MATHNET-0iic,"Harvard-MIT Mathematics Tournament, Team Round A","Harvard MIT Mathematics Tournament, Team Round A",,,,"Harvard MIT Mathematics Tournament, Team Round A",MathNet,COMPETITION_ONLY,,,,,,,,
MATHNET-0kfw,USA IMO TST,USA IMO TST,,,,USA IMO TST,MathNet,UNMATCHED,0.2797,0.0157,,,NO_SAFE_MATCH,0.0928,0.256,0.458
MATHNET-08pi,Junior Balkan Mathematical Olympiad,Junior Balkan Mathematical Olympiad,,,,Junior Balkan Mathematical Olympiad,MathNet,COMPETITION_ONLY,,,,,,,,
MATHNET-08y2,Japan 2015,Japan,2015.0,,,Japan 2015,MathNet,YEAR_ONLY,,,,,,,,
MATHNET-07r9,Ireland_2017,Ireland,2017.0,,,Ireland 2017,MathNet,YEAR_ONLY,,,,,,,,
MATHNET-0l5j,HMMT February 2025,HMMT February,2025.0,,,HMMT February 2025,MathNet,YEAR_ONLY,,,,,,,,
MATHNET-008t,XXIX Olimpíada Matemática Argentina National Round,XXIX Olimpíada Matemática Argentina National Round,,,,XXIX Olimpíada Matemática Argentina National Round,MathNet,COMPETITION_ONLY,,,,,,,,
MATHNET-0le9,VMO,VMO,,,,VMO,MathNet,COMPETITION_ONLY,,,,,,,,
MATHNET-0jye,February 2017,February,2017.0,,,February 2017,MathNet,YEAR_ONLY,,,,,,,,
MATHNET-0g28,SMO-Selektion,SMO Selektion,,,,SMO Selektion,MathNet,COMPETITION_ONLY,,,,,,,,
MATHNET-0cwp,LI Всероссийская математическая олимпиада школьников,LI Всероссийская математическая олимпиада школьников,,,,LI Всероссийская математическая олимпиада школьников,MathNet,COMPETITION_ONLY,,,,,,,,
MATHNET-0jw5,Berkeley Math Circle: Monthly Contest 5,Berkeley Math Circle: Monthly Contest 5,,,,Berkeley Math Circle: Monthly Contest 5,MathNet,COMPETITION_ONLY,,,,,,,,
MATHNET-0b87,NMO Selection Tests for the Junior Balkan Mathematical Olympiad,NMO Selection Tests for the Junior Balkan Mathematical Olympiad,,,,NMO Selection Tests for the Junior Balkan Mathematical Olympiad,MathNet,COMPETITION_ONLY,,,,,,,,
MATHNET-0jld,HMMT 2014,HMMT,2014.0,,,HMMT 2014,MathNet,YEAR_ONLY,,,,,,,,
MATHNET-0c66,SELECTION TESTS FOR THE 2019 BMO AND IMO,SELECTION TESTS FOR THE BMO AND IMO,2019.0,,,SELECTION TESTS FOR THE BMO AND IMO 2019,MathNet,UNMATCHED,0.1506,0.0168,,,NO_SAFE_MATCH,0.1527,0.345,0.0273
MATHNET-09pt,TOETS TRAININGSKAMP,TOETS TRAININGSKAMP,,,,TOETS TRAININGSKAMP,MathNet,COMPETITION_ONLY,,,,,,,,
MATHNET-0f3n,ASU,ASU,,,,ASU,MathNet,COMPETITION_ONLY,,,,,,,,
MATHNET-0299,NÍVEL 3,NÍVEL 3,,,,NÍVEL 3,MathNet,COMPETITION_ONLY,,,,,,,,
MATHNET-03zn,China Southeastern Mathematical Olympiad,China Southeastern Mathematical Olympiad,,,,China Southeastern Mathematical Olympiad,MathNet,COMPETITION_ONLY,,,,,,,,
MATHNET-0gtj,Team Selection Test,Team Selection Test,,,,Team Selection Test,MathNet,COMPETITION_ONLY,,,,,,,,
MATHNET-0bdr,Shortlisted Problems for the 64th NMO,Shortlisted Problems for the 64th NMO,,,,Shortlisted Problems for the 64th NMO,MathNet,COMPETITION_ONLY,,,,,,,,
MATHNET-02gm,XXIV OBM,XXIV OBM,,,,XXIV OBM,MathNet,COMPETITION_ONLY,,,,,,,,
MATHNET-039y,Fall Mathematical Competition,Fall Mathematical Competition,,,,Fall Mathematical Competition,MathNet,COMPETITION_ONLY,,,,,,,,
MATHNET-06xj,International Mathematical Olympiad Shortlist,International Mathematical Olympiad Shortlist,,,,International Mathematical Olympiad Shortlist,MathNet,COMPETITION_ONLY,,,,,,,,
MATHNET-0457,2022 CGMO,CGMO,2022.0,,,CGMO 2022,MathNet,YEAR_ONLY,,,,,,,,
MATHNET-04zy,Selected Problems from the Final Round of National Olympiad,Selected Problems from the Final Round of National Olympiad,,,,Selected Problems from the Final Round of National Olympiad,MathNet,COMPETITION_ONLY,,,,,,,,
MATHNET-085n,Olimpiadi di Matematica,Olimpiadi di Matematica,,,,Olimpiadi di Matematica,MathNet,COMPETITION_ONLY,,,,,,,,
MATHNET-085e,Progetto Olimpiadi di Matematica 2007 GARA di SECONDO LIVELLO,Progetto Olimpiadi di Matematica GARA di SECONDO LIVELLO,2007.0,,,Progetto Olimpiadi di Matematica GARA di SECONDO LIVELLO 2007,MathNet,YEAR_ONLY,,,,,,,,
MATHNET-07o3,Ireland,Ireland,,,,Ireland,MathNet,COMPETITION_ONLY,,,,,,,,
MATHNET-062q,1. IMO-Auswahlklausur,1. IMO Auswahlklausur,,,,1. IMO Auswahlklausur,MathNet,UNMATCHED,0.1772,0.0008,,,NO_SAFE_MATCH,0.0,0.0747,0.3963
MATHNET-06nq,The 26th Hong Kong (China) Mathematical Olympiad,The 26th Hong Kong (China) Mathematical Olympiad,,,,The 26th Hong Kong (China) Mathematical Olympiad,MathNet,COMPETITION_ONLY,,,,,,,,
MATHNET-0iat,USA IMO,USA IMO,,,,USA IMO,MathNet,UNMATCHED,0.3841,0.0001,,,NO_SAFE_MATCH,0.204,0.5425,0.4427
MATHNET-03wz,China Western Mathematical Olympiad,China Western Mathematical Olympiad,,,,China Western Mathematical Olympiad,MathNet,COMPETITION_ONLY,,,,,,,,
MATHNET-0icq,Harvard-MIT Mathematics Tournament,Harvard MIT Mathematics Tournament,,,,Harvard MIT Mathematics Tournament,MathNet,COMPETITION_ONLY,,,,,,,,
MATHNET-0idy,Harvard-MIT Mathematics Tournament,Harvard MIT Mathematics Tournament,,,,Harvard MIT Mathematics Tournament,MathNet,COMPETITION_ONLY,,,,,,,,
MATHNET-01tp,66th Belarusian Mathematical Olympiad,66th Belarusian Mathematical Olympiad,,,,66th Belarusian Mathematical Olympiad,MathNet,COMPETITION_ONLY,,,,,,,,
MATHNET-07rd,Ireland_2017,Ireland,2017.0,,,Ireland 2017,MathNet,YEAR_ONLY,,,,,,,,
MATHNET-0g0d,IMO-Selektion,IMO Selektion,,,,IMO Selektion,MathNet,UNMATCHED,0.0738,0.0038,,,NO_SAFE_MATCH,0.0014,0.0113,0.1762
MATHNET-014r,Baltic Way,Baltic Way,,,,Baltic Way,MathNet,COMPETITION_ONLY,,,,,,,,
MATHNET-08cg,Gara di Febbraio,Gara di Febbraio,,,,Gara di Febbraio,MathNet,COMPETITION_ONLY,,,,,,,,
MATHNET-0l66,HMMT February,HMMT February,,,,HMMT February,MathNet,COMPETITION_ONLY,,,,,,,,
MATHNET-0l80,USA TST Selection Test for 67th IMO and 15th EGMO,USA TST Selection Test for 67th IMO and 15th EGMO,,,,USA TST Selection Test for 67th IMO and 15th EGMO,MathNet,UNMATCHED,0.3042,0.0242,,,NO_SAFE_MATCH,0.1387,0.313,0.4434
MATHNET-06i3,CHKMO,CHKMO,,,,CHKMO,MathNet,COMPETITION_ONLY,,,,,,,,
MATHNET-01rg,Final Round,Final Round,,,,Final Round,MathNet,COMPETITION_ONLY,,,,,,,,
MATHNET-08im,7th JBMO,7th JBMO,,,,7th JBMO,MathNet,COMPETITION_ONLY,,,,,,,,
MATHNET-0jh7,HMMT 2013,HMMT,2013.0,,,HMMT 2013,MathNet,YEAR_ONLY,,,,,,,,
MATHNET-0hhz,62nd Ukrainian National Mathematical Olympiad,62nd Ukrainian National Mathematical Olympiad,,,,62nd Ukrainian National Mathematical Olympiad,MathNet,COMPETITION_ONLY,,,,,,,,
MATHNET-07n4,Ireland,Ireland,,,,Ireland,MathNet,COMPETITION_ONLY,,,,,,,,
MATHNET-0czk,Saudi Arabia Mathematical Competitions,Saudi Arabia Mathematical Competitions,,,,Saudi Arabia Mathematical Competitions,MathNet,COMPETITION_ONLY,,,,,,,,
MATHNET-04k6,Mathematical competitions in Croatia,Mathematical competitions in Croatia,,,,Mathematical competitions in Croatia,MathNet,COMPETITION_ONLY,,,,,,,,
MATHNET-0epr,South African Mathematics Olympiad,South African Mathematics Olympiad,,,,South African Mathematics Olympiad,MathNet,COMPETITION_ONLY,,,,,,,,
MATHNET-0bhh,Shortlisted problems for the 65th Romanian NMO,Shortlisted problems for the 65th Romanian NMO,,,,Shortlisted problems for the 65th Romanian NMO,MathNet,COMPETITION_ONLY,,,,,,,,
MATHNET-0k0z,HMIC 2018,HMIC,2018.0,,,HMIC 2018,MathNet,YEAR_ONLY,,,,,,,,
MATHNET-0afj,Регионален натпревар по математика за основно образование,Регионален натпревар по математика за основно образование,,,,Регионален натпревар по математика за основно образование,MathNet,COMPETITION_ONLY,,,,,,,,
MATHNET-0co7,Final round,Final round,,,,Final round,MathNet,COMPETITION_ONLY,,,,,,,,
MATHNET-0l0v,2024 AMC 12 B,AMC 12 B,2024.0,,,AMC 12 B 2024,MathNet,YEAR_ONLY,,,,,,,,
MATHNET-0kpx,HMMT November 2022,HMMT November,2022.0,,,HMMT November 2022,MathNet,YEAR_ONLY,,,,,,,,
MATHNET-01qs,Final Round,Final Round,,,,Final Round,MathNet,COMPETITION_ONLY,,,,,,,,
MATHNET-0387,Team selection test for 47. IMO,Team selection test for 47. IMO,,,,Team selection test for 47. IMO,MathNet,UNMATCHED,0.3053,0.0055,,,NO_SAFE_MATCH,0.2005,0.3656,0.3594
MATHNET-075n,Indija TS 2012,Indija TS,2012.0,,,Indija TS 2012,MathNet,YEAR_ONLY,,,,,,,,
MATHNET-0f2k,ASU,ASU,,,,ASU,MathNet,COMPETITION_ONLY,,,,,,,,
MATHNET-029t,Lista 2,Lista 2,,,,Lista 2,MathNet,COMPETITION_ONLY,,,,,,,,
MATHNET-0k4h,HMMT February,HMMT February,,,,HMMT February,MathNet,COMPETITION_ONLY,,,,,,,,
MATHNET-0l14,2024 AMC 12 B,AMC 12 B,2024.0,,,AMC 12 B 2024,MathNet,YEAR_ONLY,,,,,,,,
MATHNET-03t6,China Mathematical Olympiad,China Mathematical Olympiad,,,,China Mathematical Olympiad,MathNet,COMPETITION_ONLY,,,,,,,,
MATHNET-0d9u,Team selection tests for BMO 2018,Team selection tests for BMO,2018.0,,,Team selection tests for BMO 2018,MathNet,YEAR_ONLY,,,,,,,,
MATHNET-0ggp,"2022 數學奧林匹亞競賽第三階段選訓營, 獨立研究(一)","數學奧林匹亞競賽第三階段選訓營, 獨立研究(一)",2022.0,,,"數學奧林匹亞競賽第三階段選訓營, 獨立研究(一) 2022",MathNet,YEAR_ONLY,,,,,,,,
MATHNET-0djw,SAUDI ARABIAN IMO Booklet 2023,SAUDI ARABIAN IMO Booklet,2023.0,,,SAUDI ARABIAN IMO Booklet 2023,MathNet,UNMATCHED,0.1632,0.0009,,,NO_SAFE_MATCH,0.0159,0.0539,0.3603
MATHNET-01qi,SELECTION and TRAINING SESSION,SELECTION and TRAINING SESSION,,,,SELECTION and TRAINING SESSION,MathNet,COMPETITION_ONLY,,,,,,,,
MATHNET-0hls,Berkeley Math Circle,Berkeley Math Circle,,,,Berkeley Math Circle,MathNet,COMPETITION_ONLY,,,,,,,,
MATHNET-038o,Winter Mathematical Competition,Winter Mathematical Competition,,,,Winter Mathematical Competition,MathNet,COMPETITION_ONLY,,,,,,,,
MATHNET-05d6,,,,,,,MathNet,COMPETITION_ONLY,,,,,,,,
MATHNET-06do,CHKMO,CHKMO,,,,CHKMO,MathNet,COMPETITION_ONLY,,,,,,,,
MATHNET-01p2,BelarusMO 2013_s,BelarusMO s,2013.0,,,BelarusMO s 2013,MathNet,YEAR_ONLY,,,,,,,,
MATHNET-06bz,IMO HK TST,IMO HK TST,,,,IMO HK TST,MathNet,UNMATCHED,0.1824,0.015,,,NO_SAFE_MATCH,0.0775,0.1423,0.2993
MATHNET-04dz,Mathematica competitions in Croatia,Mathematica competitions in Croatia,,,,Mathematica competitions in Croatia,MathNet,COMPETITION_ONLY,,,,,,,,
MATHNET-0ibu,Harvard-MIT Mathematics Tournament,Harvard MIT Mathematics Tournament,,,,Harvard MIT Mathematics Tournament,MathNet,COMPETITION_ONLY,,,,,,,,
MATHNET-05bk,Estonian Mathematical Olympiad,Estonian Mathematical Olympiad,,,,Estonian Mathematical Olympiad,MathNet,COMPETITION_ONLY,,,,,,,,
MATHNET-01ub,Belarusian Mathematical Olympiad,Belarusian Mathematical Olympiad,,,,Belarusian Mathematical Olympiad,MathNet,COMPETITION_ONLY,,,,,,,,
MATHNET-08id,THE 47-th MATHEMATIAL OLYMPIAD OF REPUBLIC OF MOLDOVA,THE 47 th MATHEMATIAL OLYMPIAD OF REPUBLIC OF MOLDOVA,,,,THE 47 th MATHEMATIAL OLYMPIAD OF REPUBLIC OF MOLDOVA,MathNet,COMPETITION_ONLY,,,,,,,,
MATHNET-07oq,Irska 2014,Irska,2014.0,,,Irska 2014,MathNet,YEAR_ONLY,,,,,,,,
MATHNET-0a4k,New Zealand Mathematical Olympiad,New Zealand Mathematical Olympiad,,,,New Zealand Mathematical Olympiad,MathNet,COMPETITION_ONLY,,,,,,,,
MATHNET-0clu,Seventeenth ROMANIAN MASTER OF MATHEMATICS,Seventeenth ROMANIAN MASTER OF MATHEMATICS,,,,Seventeenth ROMANIAN MASTER OF MATHEMATICS,MathNet,COMPETITION_ONLY,,,,,,,,
MATHNET-0cwk,LI Всероссийская математическая олимпиада школьников,LI Всероссийская математическая олимпиада школьников,,,,LI Всероссийская математическая олимпиада школьников,MathNet,COMPETITION_ONLY,,,,,,,,
MATHNET-003j,Argentina 2006,Argentina,2006.0,,,Argentina 2006,MathNet,YEAR_ONLY,,,,,,,,
MATHNET-06dp,CHKMO,CHKMO,,,,CHKMO,MathNet,COMPETITION_ONLY,,,,,,,,
MATHNET-0bqa,OLIMPIADA DE MATEMATICĂ - ETAPA LOCALĂ,OLIMPIADA DE MATEMATICĂ ETAPA LOCALĂ,,,,OLIMPIADA DE MATEMATICĂ ETAPA LOCALĂ,MathNet,COMPETITION_ONLY,,,,,,,,
MATHNET-0kz9,2024 AMC 12 B,AMC 12 B,2024.0,,,AMC 12 B 2024,MathNet,YEAR_ONLY,,,,,,,,
MATHNET-05vy,PRÉPARATION OLYMPIQUE FRANÇAISE DE MATHÉMATIQUES,PRÉPARATION OLYMPIQUE FRANÇAISE DE MATHÉMATIQUES,,,,PRÉPARATION OLYMPIQUE FRANÇAISE DE MATHÉMATIQUES,MathNet,COMPETITION_ONLY,,,,,,,,
MATHNET-07yc,,,,,,,MathNet,COMPETITION_ONLY,,,,,,,,
MATHNET-01ei,Baltic Way shortlist,Baltic Way shortlist,,,,Baltic Way shortlist,MathNet,COMPETITION_ONLY,,,,,,,,
MATHNET-0fyo,SMO Finalrunde,SMO Finalrunde,,,,SMO Finalrunde,MathNet,COMPETITION_ONLY,,,,,,,,
MATHNET-0kto,HMMT February 2022,HMMT February,2022.0,,,HMMT February 2022,MathNet,YEAR_ONLY,,,,,,,,
MATHNET-04iz,Croatia Mathematical Competitions,Croatia Mathematical Competitions,,,,Croatia Mathematical Competitions,MathNet,COMPETITION_ONLY,,,,,,,,
MATHNET-08py,Junior Balkan Mathematical Olympiad Shortlist,Junior Balkan Mathematical Olympiad Shortlist,,,,Junior Balkan Mathematical Olympiad Shortlist,MathNet,COMPETITION_ONLY,,,,,,,,
MATHNET-0jwx,HMMT November,HMMT November,,,,HMMT November,MathNet,COMPETITION_ONLY,,,,,,,,
MATHNET-0gme,X. NATIONAL MATHEMATICAL OLYMPIAD,X. NATIONAL MATHEMATICAL OLYMPIAD,,,,X. NATIONAL MATHEMATICAL OLYMPIAD,MathNet,COMPETITION_ONLY,,,,,,,,
MATHNET-09ho,Round 3,Round 3,,,,Round 3,MathNet,COMPETITION_ONLY,,,,,,,,
MATHNET-0b7y,Romanian Mathematical Olympiad,Romanian Mathematical Olympiad,,,,Romanian Mathematical Olympiad,MathNet,COMPETITION_ONLY,,,,,,,,
MATHNET-02xm,Brazilian Mathematical Olympiad,Brazilian Mathematical Olympiad,,,,Brazilian Mathematical Olympiad,MathNet,COMPETITION_ONLY,,,,,,,,
MATHNET-039w,Fall Mathematical Competition,Fall Mathematical Competition,,,,Fall Mathematical Competition,MathNet,COMPETITION_ONLY,,,,,,,,
MATHNET-0h3e,Ukrainian Mathematical Olympiad,Ukrainian Mathematical Olympiad,,,,Ukrainian Mathematical Olympiad,MathNet,COMPETITION_ONLY,,,,,,,,
MATHNET-0bx8,THE 68th NMO SELECTION TESTS FOR THE BALKAN AND INTERNATIONAL MATHEMATICAL OLYMPIADS,THE 68th NMO SELECTION TESTS FOR THE BALKAN AND INTERNATIONAL MATHEMATICAL OLYMPIADS,,,,THE 68th NMO SELECTION TESTS FOR THE BALKAN AND INTERNATIONAL MATHEMATICAL OLYMPIADS,MathNet,COMPETITION_ONLY,,,,,,,,
MATHNET-0fnb,Olimpiada Internacional de Matemáticas,Olimpiada Internacional de Matemáticas,,,,Olimpiada Internacional de Matemáticas,MathNet,COMPETITION_ONLY,,,,,,,,
MATHNET-00a6,Argentine National Olympiad 2015,Argentine National Olympiad,2015.0,,,Argentine National Olympiad 2015,MathNet,YEAR_ONLY,,,,,,,,
MATHNET-0ag8,Junior Balkan Mathematical Olympiad,Junior Balkan Mathematical Olympiad,,,,Junior Balkan Mathematical Olympiad,MathNet,COMPETITION_ONLY,,,,,,,,
MATHNET-01os,BelarusMO 2013_s,BelarusMO s,2013.0,,,BelarusMO s 2013,MathNet,YEAR_ONLY,,,,,,,,
MATHNET-077p,INMO_2023,INMO,2023.0,,,INMO 2023,MathNet,YEAR_ONLY,,,,,,,,
MATHNET-02lp,XXXI Brazilian Math Olympiad,XXXI Brazilian Math Olympiad,,,,XXXI Brazilian Math Olympiad,MathNet,COMPETITION_ONLY,,,,,,,,
MATHNET-04ch,Mathematica competitions in Croatia,Mathematica competitions in Croatia,,,,Mathematica competitions in Croatia,MathNet,COMPETITION_ONLY,,,,,,,,
MATHNET-0j5i,Harvard-MIT November Tournament,Harvard MIT November Tournament,,,,Harvard MIT November Tournament,MathNet,COMPETITION_ONLY,,,,,,,,
MATHNET-09ka,Mongolian Mathematical Olympiad,Mongolian Mathematical Olympiad,,,,Mongolian Mathematical Olympiad,MathNet,COMPETITION_ONLY,,,,,,,,
MATHNET-023t,,,,,,,MathNet,COMPETITION_ONLY,,,,,,,,
MATHNET-0cc6,THE 73rd NMO SELECTION TESTS FOR THE JUNIOR BALKAN MATHEMATICAL OLYMPIAD - SECOND SELECTION TEST,THE 73rd NMO SELECTION TESTS FOR THE JUNIOR BALKAN MATHEMATICAL OLYMPIAD SECOND SELECTION TEST,,,,THE 73rd NMO SELECTION TESTS FOR THE JUNIOR BALKAN MATHEMATICAL OLYMPIAD SECOND SELECTION TEST,MathNet,COMPETITION_ONLY,,,,,,,,
MATHNET-0am0,18th PMO Area Stage,18th PMO Area Stage,,,,18th PMO Area Stage,MathNet,COMPETITION_ONLY,,,,,,,,
MATHNET-0dd1,SAUDI ARABIAN MATHEMATICAL COMPETITIONS,SAUDI ARABIAN MATHEMATICAL COMPETITIONS,,,,SAUDI ARABIAN MATHEMATICAL COMPETITIONS,MathNet,COMPETITION_ONLY,,,,,,,,
MATHNET-0aw2,18th PMO National Stage Oral Phase,18th PMO National Stage Oral Phase,,,,18th PMO National Stage Oral Phase,MathNet,COMPETITION_ONLY,,,,,,,,
MATHNET-0le8,VMO,VMO,,,,VMO,MathNet,COMPETITION_ONLY,,,,,,,,
MATHNET-06nl,Hong Kong Team Selection Test 1,Hong Kong Team Selection Test 1,,,,Hong Kong Team Selection Test 1,MathNet,COMPETITION_ONLY,,,,,,,,
MATHNET-02j5,Brazilian Mathematical Olympiad,Brazilian Mathematical Olympiad,,,,Brazilian Mathematical Olympiad,MathNet,COMPETITION_ONLY,,,,,,,,
MATHNET-0gii,APMO Taiwan Preliminary Round 1,APMO Taiwan Preliminary Round 1,,,,APMO Taiwan Preliminary Round 1,MathNet,COMPETITION_ONLY,,,,,,,,
MATHNET-02vo,Brazilian Mathematical Olympiad,Brazilian Mathematical Olympiad,,,,Brazilian Mathematical Olympiad,MathNet,COMPETITION_ONLY,,,,,,,,
MATHNET-0apq,Tenth Philippine Mathematical Olympiad,Tenth Philippine Mathematical Olympiad,,,,Tenth Philippine Mathematical Olympiad,MathNet,COMPETITION_ONLY,,,,,,,,
MATHNET-0gyd,49th Mathematical Olympiad in Ukraine,49th Mathematical Olympiad in Ukraine,,,,49th Mathematical Olympiad in Ukraine,MathNet,COMPETITION_ONLY,,,,,,,,
MATHNET-08kq,JBMO Shortlist,JBMO Shortlist,,,,JBMO Shortlist,MathNet,COMPETITION_ONLY,,,,,,,,
MATHNET-01kt,60th Belarusian Mathematical Olympiad,60th Belarusian Mathematical Olympiad,,,,60th Belarusian Mathematical Olympiad,MathNet,COMPETITION_ONLY,,,,,,,,
MATHNET-0je9,IMO Team Selection Test,IMO Team Selection Test,,,,IMO Team Selection Test,MathNet,UNMATCHED,0.587,0.1229,,,NO_SAFE_MATCH,0.4858,0.5873,0.6753
MATHNET-0c5d,SHORTLISTED PROBLEMS FOR THE 2019 ROMANIAN NMO,SHORTLISTED PROBLEMS FOR THE ROMANIAN NMO,2019.0,,,SHORTLISTED PROBLEMS FOR THE ROMANIAN NMO 2019,MathNet,YEAR_ONLY,,,,,,,,
MATHNET-0dw6,48. matematično tekmovanje srednješolcev Slovenije,48. matematično tekmovanje srednješolcev Slovenije,,,,48. matematično tekmovanje srednješolcev Slovenije,MathNet,COMPETITION_ONLY,,,,,,,,
MATHNET-0cey,Eighteenth STARS OF MATHEMATICS Competition,Eighteenth STARS OF MATHEMATICS Competition,,,,Eighteenth STARS OF MATHEMATICS Competition,MathNet,COMPETITION_ONLY,,,,,,,,
MATHNET-009e,XXI Olimpiada Matemática Rioplatense,XXI Olimpiada Matemática Rioplatense,,,,XXI Olimpiada Matemática Rioplatense,MathNet,COMPETITION_ONLY,,,,,,,,
MATHNET-03ln,Canadian Mathematical Olympiad,Canadian Mathematical Olympiad,,,,Canadian Mathematical Olympiad,MathNet,COMPETITION_ONLY,,,,,,,,
MATHNET-0dqz,Singapore Mathematical Olympiad (SMO),Singapore Mathematical Olympiad (SMO),,,,Singapore Mathematical Olympiad (SMO),MathNet,COMPETITION_ONLY,,,,,,,,
MATHNET-09k0,Mongolian Mathematical Olympiad,Mongolian Mathematical Olympiad,,,,Mongolian Mathematical Olympiad,MathNet,COMPETITION_ONLY,,,,,,,,
MATHNET-04qz,Czech-Slovak-Polish Match,Czech Slovak Polish Match,,,,Czech Slovak Polish Match,MathNet,COMPETITION_ONLY,,,,,,,,
MATHNET-0a7h,"Nordic Mathematical Contest, NMC 6","Nordic Mathematical Contest, NMC 6",,,,"Nordic Mathematical Contest, NMC 6",MathNet,COMPETITION_ONLY,,,,,,,,
MATHNET-08pm,Junior Balkan Mathematical Olympiad,Junior Balkan Mathematical Olympiad,,,,Junior Balkan Mathematical Olympiad,MathNet,COMPETITION_ONLY,,,,,,,,
MATHNET-0l7k,16th United States of America Junior Mathematical Olympiad,16th United States of America Junior Mathematical Olympiad,,,,16th United States of America Junior Mathematical Olympiad,MathNet,COMPETITION_ONLY,,,,,,,,
MATHNET-00l0,Austrian Mathematical Olympiad,Austrian Mathematical Olympiad,,,,Austrian Mathematical Olympiad,MathNet,COMPETITION_ONLY,,,,,,,,
MATHNET-03bc,Bulgaria,Bulgaria,,,,Bulgaria,MathNet,COMPETITION_ONLY,,,,,,,,
MATHNET-00nb,Austrian Mathematical Olympiad,Austrian Mathematical Olympiad,,,,Austrian Mathematical Olympiad,MathNet,COMPETITION_ONLY,,,,,,,,
MATHNET-092p,Middle European Mathematical Olympiad,Middle European Mathematical Olympiad,,,,Middle European Mathematical Olympiad,MathNet,COMPETITION_ONLY,,,,,,,,
MATHNET-0l0y,AMC 12 A,AMC 12 A,,,,AMC 12 A,MathNet,COMPETITION_ONLY,,,,,,,,
MATHNET-03us,China Southeastern Mathematical Olympiad,China Southeastern Mathematical Olympiad,,,,China Southeastern Mathematical Olympiad,MathNet,COMPETITION_ONLY,,,,,,,,
MATHNET-07x2,IRL_ABooklet_2024,IRL ABooklet,2024.0,,,IRL ABooklet 2024,MathNet,YEAR_ONLY,,,,,,,,
MATHNET-0bal,62nd ROMANIAN MATHEMATICAL OLYMPIAD,62nd ROMANIAN MATHEMATICAL OLYMPIAD,,,,62nd ROMANIAN MATHEMATICAL OLYMPIAD,MathNet,COMPETITION_ONLY,,,,,,,,
MATHNET-032t,53. Bulgarian Mathematical Olympiad,53. Bulgarian Mathematical Olympiad,,,,53. Bulgarian Mathematical Olympiad,MathNet,COMPETITION_ONLY,,,,,,,,
MATHNET-0kx0,USA TSTST,USA TSTST,,,,USA TSTST,MathNet,COMPETITION_ONLY,,,,,,,,
MATHNET-0h8n,58th Ukrainian National Mathematical Olympiad,58th Ukrainian National Mathematical Olympiad,,,,58th Ukrainian National Mathematical Olympiad,MathNet,COMPETITION_ONLY,,,,,,,,
MATHNET-000s,XII Olimpíada Matemática Rioplatense,XII Olimpíada Matemática Rioplatense,,,,XII Olimpíada Matemática Rioplatense,MathNet,COMPETITION_ONLY,,,,,,,,
MATHNET-07oo,Irska 2014,Irska,2014.0,,,Irska 2014,MathNet,YEAR_ONLY,,,,,,,,
MATHNET-05z2,Préparation Olympique Française de Mathématiques - Envoi 3: Arithmétique,Préparation Olympique Française de Mathématiques Envoi 3: Arithmétique,,,,Préparation Olympique Française de Mathématiques Envoi 3: Arithmétique,MathNet,COMPETITION_ONLY,,,,,,,,
MATHNET-0drf,Singapur 2015,Singapur,2015.0,,,Singapur 2015,MathNet,YEAR_ONLY,,,,,,,,
MATHNET-0553,Open Contests,Open Contests,,,,Open Contests,MathNet,COMPETITION_ONLY,,,,,,,,
MATHNET-0gy1,49th Mathematical Olympiad in Ukraine,49th Mathematical Olympiad in Ukraine,,,,49th Mathematical Olympiad in Ukraine,MathNet,COMPETITION_ONLY,,,,,,,,
MATHNET-0c4x,SHORTLISTED PROBLEMS FOR THE 2019 ROMANIAN NMO,SHORTLISTED PROBLEMS FOR THE ROMANIAN NMO,2019.0,,,SHORTLISTED PROBLEMS FOR THE ROMANIAN NMO 2019,MathNet,YEAR_ONLY,,,,,,,,
MATHNET-060t,PRÉPARATION OLYMPIQUE FRANÇAISE DE MATHÉMATIQUES,PRÉPARATION OLYMPIQUE FRANÇAISE DE MATHÉMATIQUES,,,,PRÉPARATION OLYMPIQUE FRANÇAISE DE MATHÉMATIQUES,MathNet,COMPETITION_ONLY,,,,,,,,
MATHNET-04yn,Estonija 2010,Estonija,2010.0,,,Estonija 2010,MathNet,YEAR_ONLY,,,,,,,,
MATHNET-014t,Baltic Way 2008,Baltic Way,2008.0,,,Baltic Way 2008,MathNet,YEAR_ONLY,,,,,,,,
MATHNET-0hs2,Berkeley Math Circle: Monthly Contest 8,Berkeley Math Circle: Monthly Contest 8,,,,Berkeley Math Circle: Monthly Contest 8,MathNet,COMPETITION_ONLY,,,,,,,,
MATHNET-02x1,Brazilian Mathematical Olympiad,Brazilian Mathematical Olympiad,,,,Brazilian Mathematical Olympiad,MathNet,COMPETITION_ONLY,,,,,,,,
MATHNET-0dil,SAUDI ARABIAN IMO Booklet 2023,SAUDI ARABIAN IMO Booklet,2023.0,,,SAUDI ARABIAN IMO Booklet 2023,MathNet,UNMATCHED,0.2883,0.016,,,NO_SAFE_MATCH,0.0997,0.3155,0.4364
MATHNET-09ti,Selectietoets,Selectietoets,,,,Selectietoets,MathNet,COMPETITION_ONLY,,,,,,,,
MATHNET-07xw,IRL_ABooklet_2025,IRL ABooklet,2025.0,,,IRL ABooklet 2025,MathNet,YEAR_ONLY,,,,,,,,
MATHNET-0kjw,AMC 12 B,AMC 12 B,,,,AMC 12 B,MathNet,COMPETITION_ONLY,,,,,,,,
MATHNET-0jog,HMMT November 2015,HMMT November,2015.0,,,HMMT November 2015,MathNet,YEAR_ONLY,,,,,,,,
MATHNET-0buy,Olimpiada de Matematică,Olimpiada de Matematică,,,,Olimpiada de Matematică,MathNet,COMPETITION_ONLY,,,,,,,,
MATHNET-07k2,Iranian Mathematical Olympiad,Iranian Mathematical Olympiad,,,,Iranian Mathematical Olympiad,MathNet,COMPETITION_ONLY,,,,,,,,
MATHNET-0i3q,Harvard-MIT Math Tournament,Harvard MIT Math Tournament,,,,Harvard MIT Math Tournament,MathNet,COMPETITION_ONLY,,,,,,,,
MATHNET-087w,Progetto Olimpiadi di Matematica,Progetto Olimpiadi di Matematica,,,,Progetto Olimpiadi di Matematica,MathNet,COMPETITION_ONLY,,,,,,,,
MATHNET-0eyj,2nd ASU,2nd ASU,,,,2nd ASU,MathNet,COMPETITION_ONLY,,,,,,,,
MATHNET-0bpv,Olimpiada Națională de Matematică - Etapa Locală,Olimpiada Națională de Matematică Etapa Locală,,,,Olimpiada Națională de Matematică Etapa Locală,MathNet,COMPETITION_ONLY,,,,,,,,
MATHNET-0ikl,Harvard-MIT Mathematics Tournament,Harvard MIT Mathematics Tournament,,,,Harvard MIT Mathematics Tournament,MathNet,COMPETITION_ONLY,,,,,,,,
MATHNET-041i,China Mathematical Competition (Complementary Test),China Mathematical Competition (Complementary Test),,,,China Mathematical Competition (Complementary Test),MathNet,COMPETITION_ONLY,,,,,,,,
MATHNET-04yy,Estonija 2010,Estonija,2010.0,,,Estonija 2010,MathNet,YEAR_ONLY,,,,,,,,
MATHNET-0bxl,THE 68th NMO SELECTION TESTS FOR THE JUNIOR BALKAN MATHEMATICAL OLYMPIAD,THE 68th NMO SELECTION TESTS FOR THE JUNIOR BALKAN MATHEMATICAL OLYMPIAD,,,,THE 68th NMO SELECTION TESTS FOR THE JUNIOR BALKAN MATHEMATICAL OLYMPIAD,MathNet,COMPETITION_ONLY,,,,,,,,
MATHNET-0ihr,Harvard-MIT Mathematics Tournament,Harvard MIT Mathematics Tournament,,,,Harvard MIT Mathematics Tournament,MathNet,COMPETITION_ONLY,,,,,,,,
MATHNET-07n6,Ireland,Ireland,,,,Ireland,MathNet,COMPETITION_ONLY,,,,,,,,
MATHNET-09i8,Mongolian Mathematical Olympiad Round 1,Mongolian Mathematical Olympiad Round 1,,,,Mongolian Mathematical Olympiad Round 1,MathNet,COMPETITION_ONLY,,,,,,,,
MATHNET-07gp,38th Iranian Mathematical Olympiad,38th Iranian Mathematical Olympiad,,,,38th Iranian Mathematical Olympiad,MathNet,COMPETITION_ONLY,,,,,,,,
MATHNET-0apw,Tenth Philippine Mathematical Olympiad,Tenth Philippine Mathematical Olympiad,,,,Tenth Philippine Mathematical Olympiad,MathNet,COMPETITION_ONLY,,,,,,,,
MATHNET-0csu,XL Russian mathematical olympiad,XL Russian mathematical olympiad,,,,XL Russian mathematical olympiad,MathNet,COMPETITION_ONLY,,,,,,,,
MATHNET-0em4,South-Afrika 2011-2013,South Afrika,2013.0,,,South Afrika 2013,MathNet,YEAR_ONLY,,,,,,,,
MATHNET-0847,UNIONE MATEMATICA ITALIANA Progetto Olimpiadi di Matematica 2004 - GARA di SECONDO LIVELLO TRIENNIO,UNIONE MATEMATICA ITALIANA Progetto Olimpiadi di Matematica GARA di SECONDO LIVELLO TRIENNIO,2004.0,,,UNIONE MATEMATICA ITALIANA Progetto Olimpiadi di Matematica GARA di SECONDO LIVELLO TRIENNIO 2004,MathNet,YEAR_ONLY,,,,,,,,
MATHNET-01uc,Belarusian Mathematical Olympiad,Belarusian Mathematical Olympiad,,,,Belarusian Mathematical Olympiad,MathNet,COMPETITION_ONLY,,,,,,,,
MATHNET-0hfw,"62nd Ukrainian National Mathematical Olympiad, Third Round, Second Tour","62nd Ukrainian National Mathematical Olympiad, Third Round, Second Tour",,,,"62nd Ukrainian National Mathematical Olympiad, Third Round, Second Tour",MathNet,COMPETITION_ONLY,,,,,,,,
MATHNET-0fhq,OME 29,OME 29,,,,OME 29,MathNet,COMPETITION_ONLY,,,,,,,,
MATHNET-003m,XV Olimpiada Matemática Rioplatense,XV Olimpiada Matemática Rioplatense,,,,XV Olimpiada Matemática Rioplatense,MathNet,COMPETITION_ONLY,,,,,,,,
MATHNET-0bd7,64th NMO Selection Tests for the Balkan and International Mathematical Olympiads,64th NMO Selection Tests for the Balkan and International Mathematical Olympiads,,,,64th NMO Selection Tests for the Balkan and International Mathematical Olympiads,MathNet,COMPETITION_ONLY,,,,,,,,
MATHNET-08ek,"Italian Mathematical Olympiad, February Round","Italian Mathematical Olympiad, February Round",,,,"Italian Mathematical Olympiad, February Round",MathNet,COMPETITION_ONLY,,,,,,,,
MATHNET-06tf,56th International Mathematical Olympiad Shortlisted Problems,56th International Mathematical Olympiad Shortlisted Problems,,,,56th International Mathematical Olympiad Shortlisted Problems,MathNet,COMPETITION_ONLY,,,,,,,,
MATHNET-0d7d,SAUDI ARABIAN MATHEMATICAL COMPETITIONS,SAUDI ARABIAN MATHEMATICAL COMPETITIONS,,,,SAUDI ARABIAN MATHEMATICAL COMPETITIONS,MathNet,COMPETITION_ONLY,,,,,,,,
MATHNET-020b,Benelux Mathematical Olympiad,Benelux Mathematical Olympiad,,,,Benelux Mathematical Olympiad,MathNet,COMPETITION_ONLY,,,,,,,,
MATHNET-0fti,IMO Selektion,IMO Selektion,,,,IMO Selektion,MathNet,UNMATCHED,0.1378,0.0114,,,NO_SAFE_MATCH,0.0163,0.0355,0.3081
MATHNET-04p0,Croatian Mathematical Society Competitions,Croatian Mathematical Society Competitions,,,,Croatian Mathematical Society Competitions,MathNet,COMPETITION_ONLY,,,,,,,,
MATHNET-0fw2,Vorrundenprüfung,Vorrundenprüfung,,,,Vorrundenprüfung,MathNet,COMPETITION_ONLY,,,,,,,,
MATHNET-0a7l,"Nordic Mathematical Contest, NMC 7","Nordic Mathematical Contest, NMC 7",,,,"Nordic Mathematical Contest, NMC 7",MathNet,COMPETITION_ONLY,,,,,,,,
MATHNET-0ko4,HMMT February 2022,HMMT February,2022.0,,,HMMT February 2022,MathNet,YEAR_ONLY,,,,,,,,
MATHNET-0irf,Berkeley Math Circle Monthly Contest 2,Berkeley Math Circle Monthly Contest 2,,,,Berkeley Math Circle Monthly Contest 2,MathNet,COMPETITION_ONLY,,,,,,,,
MATHNET-0e08,National Math Olympiad,National Math Olympiad,,,,National Math Olympiad,MathNet,COMPETITION_ONLY,,,,,,,,
MATHNET-0fxg,Vorrundenprüfung,Vorrundenprüfung,,,,Vorrundenprüfung,MathNet,COMPETITION_ONLY,,,,,,,,
MATHNET-01bf,Baltic Way,Baltic Way,,,,Baltic Way,MathNet,COMPETITION_ONLY,,,,,,,,
MATHNET-06ct,CHKMO,CHKMO,,,,CHKMO,MathNet,COMPETITION_ONLY,,,,,,,,
MATHNET-0jfo,HMMT,HMMT,,,,HMMT,MathNet,COMPETITION_ONLY,,,,,,,,
MATHNET-0041,Argentina 2006,Argentina,2006.0,,,Argentina 2006,MathNet,YEAR_ONLY,,,,,,,,
MATHNET-0f6k,19th ASU,19th ASU,,,,19th ASU,MathNet,COMPETITION_ONLY,,,,,,,,
MATHNET-0eak,National Math Olympiad in Slovenia,National Math Olympiad in Slovenia,,,,National Math Olympiad in Slovenia,MathNet,COMPETITION_ONLY,,,,,,,,
MATHNET-0bw4,SHORTLISTED PROBLEMS FOR THE 68th NMO,SHORTLISTED PROBLEMS FOR THE 68th NMO,,,,SHORTLISTED PROBLEMS FOR THE 68th NMO,MathNet,COMPETITION_ONLY,,,,,,,,
MATHNET-0cmw,Russian mathematical olympiad,Russian mathematical olympiad,,,,Russian mathematical olympiad,MathNet,COMPETITION_ONLY,,,,,,,,
MATHNET-0j0k,13th Annual Harvard-MIT Mathematics Tournament,13th Annual Harvard MIT Mathematics Tournament,,,,13th Annual Harvard MIT Mathematics Tournament,MathNet,COMPETITION_ONLY,,,,,,,,
MATHNET-0c1k,69th Romanian Mathematical Olympiad,69th Romanian Mathematical Olympiad,,,,69th Romanian Mathematical Olympiad,MathNet,COMPETITION_ONLY,,,,,,,,
MATHNET-0l20,HMMT November 2024,HMMT November,2024.0,,,HMMT November 2024,MathNet,YEAR_ONLY,,,,,,,,
MATHNET-000t,XIX Olimpíada Matemática Argentina,XIX Olimpíada Matemática Argentina,,,,XIX Olimpíada Matemática Argentina,MathNet,COMPETITION_ONLY,,,,,,,,
MATHNET-0jdx,HMMT November 2013,HMMT November,2013.0,,,HMMT November 2013,MathNet,YEAR_ONLY,,,,,,,,
MATHNET-0j4z,Harvard-MIT Mathematics Tournament,Harvard MIT Mathematics Tournament,,,,Harvard MIT Mathematics Tournament,MathNet,COMPETITION_ONLY,,,,,,,,
MATHNET-0iy8,12th Annual Harvard-MIT Mathematics Tournament,12th Annual Harvard MIT Mathematics Tournament,,,,12th Annual Harvard MIT Mathematics Tournament,MathNet,COMPETITION_ONLY,,,,,,,,
MATHNET-05zy,PRÉPARATION OLYMPIQUE FRANÇAISE DE MATHÉMATIQUES,PRÉPARATION OLYMPIQUE FRANÇAISE DE MATHÉMATIQUES,,,,PRÉPARATION OLYMPIQUE FRANÇAISE DE MATHÉMATIQUES,MathNet,COMPETITION_ONLY,,,,,,,,
MATHNET-01db,Baltic Way 2016,Baltic Way,2016.0,,,Baltic Way 2016,MathNet,YEAR_ONLY,,,,,,,,
MATHNET-0lbg,Kì thi chọn học sinh vào Đội tuyển Quốc gia Dự thi IMO,Kì thi chọn học sinh vào Đội tuyển Quốc gia Dự thi IMO,,,,Kì thi chọn học sinh vào Đội tuyển Quốc gia Dự thi IMO,MathNet,UNMATCHED,0.1144,0.0073,,,NO_SAFE_MATCH,0.005,0.0279,0.2642
MATHNET-02ca,Desafios,Desafios,,,,Desafios,MathNet,COMPETITION_ONLY,,,,,,,,
MATHNET-0kpf,Berkeley Math Circle: Monthly Contest 5,Berkeley Math Circle: Monthly Contest 5,,,,Berkeley Math Circle: Monthly Contest 5,MathNet,COMPETITION_ONLY,,,,,,,,
MATHNET-05qn,Préparation Olympique Française de Mathématiques,Préparation Olympique Française de Mathématiques,,,,Préparation Olympique Française de Mathématiques,MathNet,COMPETITION_ONLY,,,,,,,,
MATHNET-0dtj,Singapore Mathematical Olympiad (SMO),Singapore Mathematical Olympiad (SMO),,,,Singapore Mathematical Olympiad (SMO),MathNet,COMPETITION_ONLY,,,,,,,,
MATHNET-0bis,65th NMO Selection Tests for BMO and IMO,65th NMO Selection Tests for BMO and IMO,,,,65th NMO Selection Tests for BMO and IMO,MathNet,UNMATCHED,0.2847,0.0234,,,NO_SAFE_MATCH,0.1558,0.2625,0.4114
MATHNET-0ena,South-Afrika 2011-2013,South Afrika,2013.0,,,South Afrika 2013,MathNet,YEAR_ONLY,,,,,,,,
MATHNET-0528,Final Round of National Olympiad,Final Round of National Olympiad,,,,Final Round of National Olympiad,MathNet,COMPETITION_ONLY,,,,,,,,
MATHNET-0biz,65th Romanian Mathematical Olympiad,65th Romanian Mathematical Olympiad,,,,65th Romanian Mathematical Olympiad,MathNet,COMPETITION_ONLY,,,,,,,,
MATHNET-05yi,PRÉPARATION OLYMPIQUE FRANÇAISE DE MATHÉMATIQUES,PRÉPARATION OLYMPIQUE FRANÇAISE DE MATHÉMATIQUES,,,,PRÉPARATION OLYMPIQUE FRANÇAISE DE MATHÉMATIQUES,MathNet,COMPETITION_ONLY,,,,,,,,
MATHNET-020y,13th Benelux Mathematical Olympiad,13th Benelux Mathematical Olympiad,,,,13th Benelux Mathematical Olympiad,MathNet,COMPETITION_ONLY,,,,,,,,
MATHNET-01ef,Baltic Way shortlist,Baltic Way shortlist,,,,Baltic Way shortlist,MathNet,COMPETITION_ONLY,,,,,,,,
MATHNET-04e7,Mathematica competitions in Croatia,Mathematica competitions in Croatia,,,,Mathematica competitions in Croatia,MathNet,COMPETITION_ONLY,,,,,,,,
MATHNET-0huk,Berkeley Math Circle Monthly Contest 1,Berkeley Math Circle Monthly Contest 1,,,,Berkeley Math Circle Monthly Contest 1,MathNet,COMPETITION_ONLY,,,,,,,,
MATHNET-0eff,17. tekmovanje dijakov srednjih tehniških in strokovnih šol v znanju matematike,17. tekmovanje dijakov srednjih tehniških in strokovnih šol v znanju matematike,,,,17. tekmovanje dijakov srednjih tehniških in strokovnih šol v znanju matematike,MathNet,COMPETITION_ONLY,,,,,,,,
MATHNET-0ia7,Harvard-MIT Mathematics Tournament,Harvard MIT Mathematics Tournament,,,,Harvard MIT Mathematics Tournament,MathNet,COMPETITION_ONLY,,,,,,,,
MATHNET-0kqa,HMMT November 2022,HMMT November,2022.0,,,HMMT November 2022,MathNet,YEAR_ONLY,,,,,,,,
MATHNET-0idn,Harvard-MIT Mathematics Tournament,Harvard MIT Mathematics Tournament,,,,Harvard MIT Mathematics Tournament,MathNet,COMPETITION_ONLY,,,,,,,,
MATHNET-08zz,Japan Mathematical Olympiad,Japan Mathematical Olympiad,,,,Japan Mathematical Olympiad,MathNet,COMPETITION_ONLY,,,,,,,,
MATHNET-0l31,HMMT November,HMMT November,,,,HMMT November,MathNet,COMPETITION_ONLY,,,,,,,,
MATHNET-0752,Indija mo 2011,Indija mo,2011.0,,,Indija mo 2011,MathNet,YEAR_ONLY,,,,,,,,
MATHNET-0gk7,Thai Mathematical Olympiad,Thai Mathematical Olympiad,,,,Thai Mathematical Olympiad,MathNet,COMPETITION_ONLY,,,,,,,,
MATHNET-0kzt,AMC 12 A,AMC 12 A,,,,AMC 12 A,MathNet,COMPETITION_ONLY,,,,,,,,
MATHNET-09m6,Mongolian Mathematical Olympiad,Mongolian Mathematical Olympiad,,,,Mongolian Mathematical Olympiad,MathNet,COMPETITION_ONLY,,,,,,,,
MATHNET-0c1d,69th NMO Selection Tests for JBMO,69th NMO Selection Tests for JBMO,,,,69th NMO Selection Tests for JBMO,MathNet,COMPETITION_ONLY,,,,,,,,
MATHNET-0agp,Mediterranean Mathematics Competition,Mediterranean Mathematics Competition,,,,Mediterranean Mathematics Competition,MathNet,COMPETITION_ONLY,,,,,,,,
MATHNET-0j12,Harvard-MIT Mathematics Tournament,Harvard MIT Mathematics Tournament,,,,Harvard MIT Mathematics Tournament,MathNet,COMPETITION_ONLY,,,,,,,,
MATHNET-07yr,,,,,,,MathNet,COMPETITION_ONLY,,,,,,,,
MATHNET-0hjb,Berkeley Math Circle Monthly Contest 2,Berkeley Math Circle Monthly Contest 2,,,,Berkeley Math Circle Monthly Contest 2,MathNet,COMPETITION_ONLY,,,,,,,,
MATHNET-04hy,Croatia Mathematical Competitions,Croatia Mathematical Competitions,,,,Croatia Mathematical Competitions,MathNet,COMPETITION_ONLY,,,,,,,,
MATHNET-0hj7,Berkeley Math Circle Monthly Contest 7,Berkeley Math Circle Monthly Contest 7,,,,Berkeley Math Circle Monthly Contest 7,MathNet,COMPETITION_ONLY,,,,,,,,
MATHNET-0iyz,Bay Area Mathematical Olympiad,Bay Area Mathematical Olympiad,,,,Bay Area Mathematical Olympiad,MathNet,COMPETITION_ONLY,,,,,,,,
MATHNET-0jag,15th Annual Harvard-MIT Mathematics Tournament,15th Annual Harvard MIT Mathematics Tournament,,,,15th Annual Harvard MIT Mathematics Tournament,MathNet,COMPETITION_ONLY,,,,,,,,
MATHNET-0cgq,74th Romanian Mathematical Olympiad,74th Romanian Mathematical Olympiad,,,,74th Romanian Mathematical Olympiad,MathNet,COMPETITION_ONLY,,,,,,,,
MATHNET-090m,The 35th Japanese Mathematical Olympiad,The 35th Japanese Mathematical Olympiad,,,,The 35th Japanese Mathematical Olympiad,MathNet,COMPETITION_ONLY,,,,,,,,
MATHNET-06mm,HongKong 2022-23 IMO Selection Tests,HongKong 23 IMO Selection Tests,2022.0,,,HongKong 23 IMO Selection Tests 2022,MathNet,UNMATCHED,0.2417,0.0128,,,NO_SAFE_MATCH,0.0835,0.3258,0.3275
MATHNET-0kd5,HMMT February 2020,HMMT February,2020.0,,,HMMT February 2020,MathNet,YEAR_ONLY,,,,,,,,
MATHNET-07ad,Iranian Mathematical Olympiad,Iranian Mathematical Olympiad,,,,Iranian Mathematical Olympiad,MathNet,COMPETITION_ONLY,,,,,,,,
MATHNET-0bn3,66th ROMANIAN MATHEMATICAL OLYMPIAD,66th ROMANIAN MATHEMATICAL OLYMPIAD,,,,66th ROMANIAN MATHEMATICAL OLYMPIAD,MathNet,COMPETITION_ONLY,,,,,,,,
MATHNET-0i5w,Harvard-MIT Math Tournament,Harvard MIT Math Tournament,,,,Harvard MIT Math Tournament,MathNet,COMPETITION_ONLY,,,,,,,,
MATHNET-0b1j,22nd Philippine Mathematical Olympiad,22nd Philippine Mathematical Olympiad,,,,22nd Philippine Mathematical Olympiad,MathNet,COMPETITION_ONLY,,,,,,,,
MATHNET-0479,The 65th IMO China National Team Selection Test,The 65th IMO China National Team Selection Test,,,,The 65th IMO China National Team Selection Test,MathNet,UNMATCHED,0.3163,0.0109,,,NO_SAFE_MATCH,0.1406,0.4899,0.3614
MATHNET-017j,BALTIC WAY,BALTIC WAY,,,,BALTIC WAY,MathNet,COMPETITION_ONLY,,,,,,,,
MATHNET-08kn,OJBM,OJBM,,,,OJBM,MathNet,COMPETITION_ONLY,,,,,,,,
MATHNET-0c8t,Romanian Master of Mathematics,Romanian Master of Mathematics,,,,Romanian Master of Mathematics,MathNet,COMPETITION_ONLY,,,,,,,,
MATHNET-01oe,62nd Belarusian Mathematical Olympiad,62nd Belarusian Mathematical Olympiad,,,,62nd Belarusian Mathematical Olympiad,MathNet,COMPETITION_ONLY,,,,,,,,
MATHNET-00p6,BMO 2010 Shortlist,BMO Shortlist,2010.0,,,BMO Shortlist 2010,MathNet,YEAR_ONLY,,,,,,,,
MATHNET-077k,INMO,INMO,,,,INMO,MathNet,COMPETITION_ONLY,,,,,,,,
MATHNET-0f78,20th ASU,20th ASU,,,,20th ASU,MathNet,COMPETITION_ONLY,,,,,,,,
MATHNET-076g,IND_National,IND National,,,,IND National,MathNet,COMPETITION_ONLY,,,,,,,,
MATHNET-0hak,58th Ukrainian National Mathematical Olympiad,58th Ukrainian National Mathematical Olympiad,,,,58th Ukrainian National Mathematical Olympiad,MathNet,COMPETITION_ONLY,,,,,,,,
MATHNET-05f6,ENVOi 3 : ARITHMÉTIQUE,ENVOi 3 : ARITHMÉTIQUE,,,,ENVOi 3 : ARITHMÉTIQUE,MathNet,COMPETITION_ONLY,,,,,,,,
MATHNET-00nm,Austrian Mathematical Olympiad,Austrian Mathematical Olympiad,,,,Austrian Mathematical Olympiad,MathNet,COMPETITION_ONLY,,,,,,,,
MATHNET-01bj,Baltic Way,Baltic Way,,,,Baltic Way,MathNet,COMPETITION_ONLY,,,,,,,,
MATHNET-01zv,Benelux Mathematical Olympiad,Benelux Mathematical Olympiad,,,,Benelux Mathematical Olympiad,MathNet,COMPETITION_ONLY,,,,,,,,
MATHNET-08yd,2019 Japan Mathematical Olympiad First Stage,Japan Mathematical Olympiad First Stage,2019.0,,,Japan Mathematical Olympiad First Stage 2019,MathNet,YEAR_ONLY,,,,,,,,
MATHNET-0ecu,National Math Olympiad 2015 – First Round,National Math Olympiad – First Round,2015.0,,,National Math Olympiad – First Round 2015,MathNet,YEAR_ONLY,,,,,,,,
MATHNET-004m,XVI Olimpiada Matemática Rioplatense,XVI Olimpiada Matemática Rioplatense,,,,XVI Olimpiada Matemática Rioplatense,MathNet,COMPETITION_ONLY,,,,,,,,
MATHNET-0cu5,Russian Mathematical Olympiad,Russian Mathematical Olympiad,,,,Russian Mathematical Olympiad,MathNet,COMPETITION_ONLY,,,,,,,,
MATHNET-04st,Czech and Slovak Mathematical Olympiad,Czech and Slovak Mathematical Olympiad,,,,Czech and Slovak Mathematical Olympiad,MathNet,COMPETITION_ONLY,,,,,,,,
MATHNET-0ilv,10th Annual Harvard-MIT Mathematics Tournament,10th Annual Harvard MIT Mathematics Tournament,,,,10th Annual Harvard MIT Mathematics Tournament,MathNet,COMPETITION_ONLY,,,,,,,,
MATHNET-0h27,"51st Ukrainian National Mathematical Olympiad, 3rd Round","51st Ukrainian National Mathematical Olympiad, 3rd Round",,,,"51st Ukrainian National Mathematical Olympiad, 3rd Round",MathNet,COMPETITION_ONLY,,,,,,,,
MATHNET-043v,China Mathematical Competition,China Mathematical Competition,,,,China Mathematical Competition,MathNet,COMPETITION_ONLY,,,,,,,,
MATHNET-0gfg,"2022 數學奧林匹亞競賽第一階段培訓營, 獨立研究(三)","數學奧林匹亞競賽第一階段培訓營, 獨立研究(三)",2022.0,,,"數學奧林匹亞競賽第一階段培訓營, 獨立研究(三) 2022",MathNet,YEAR_ONLY,,,,,,,,
MATHNET-09ad,Mongolian Mathematical Olympiad 46,Mongolian Mathematical Olympiad 46,,,,Mongolian Mathematical Olympiad 46,MathNet,COMPETITION_ONLY,,,,,,,,
MATHNET-01ii,Baltic Way 2023 Shortlist,Baltic Way Shortlist,2023.0,,,Baltic Way Shortlist 2023,MathNet,YEAR_ONLY,,,,,,,,
MATHNET-03b4,Selection test for 27. Balkan Mathematical Olympiad,Selection test for 27. Balkan Mathematical Olympiad,,,,Selection test for 27. Balkan Mathematical Olympiad,MathNet,COMPETITION_ONLY,,,,,,,,
MATHNET-05ys,PRÉPARATION OLYMPIQUE FRANÇAISE DE MATHÉMATIQUES,PRÉPARATION OLYMPIQUE FRANÇAISE DE MATHÉMATIQUES,,,,PRÉPARATION OLYMPIQUE FRANÇAISE DE MATHÉMATIQUES,MathNet,COMPETITION_ONLY,,,,,,,,
MATHNET-0dau,SAUDI ARABIAN MATHEMATICAL COMPETITIONS,SAUDI ARABIAN MATHEMATICAL COMPETITIONS,,,,SAUDI ARABIAN MATHEMATICAL COMPETITIONS,MathNet,COMPETITION_ONLY,,,,,,,,
MATHNET-09mt,Mongolian Mathematical Olympiad,Mongolian Mathematical Olympiad,,,,Mongolian Mathematical Olympiad,MathNet,COMPETITION_ONLY,,,,,,,,
MATHNET-0kig,Fall 2021 AMC 10 B,Fall AMC 10 B,2021.0,,,Fall AMC 10 B 2021,MathNet,YEAR_ONLY,,,,,,,,
MATHNET-0il8,Harvard-MIT Mathematics Tournament,Harvard MIT Mathematics Tournament,,,,Harvard MIT Mathematics Tournament,MathNet,COMPETITION_ONLY,,,,,,,,
MATHNET-0dfz,Saudi Arabian IMO Booklet,Saudi Arabian IMO Booklet,,,,Saudi Arabian IMO Booklet,MathNet,UNMATCHED,0.4648,0.0271,,,NO_SAFE_MATCH,0.2678,0.4998,0.6154
MATHNET-0dgr,Saudi Arabian IMO Booklet,Saudi Arabian IMO Booklet,,,,Saudi Arabian IMO Booklet,MathNet,UNMATCHED,0.2172,0.0063,,,NO_SAFE_MATCH,0.0796,0.1583,0.3743
MATHNET-03o9,Canadian Mathematical Olympiad,Canadian Mathematical Olympiad,,,,Canadian Mathematical Olympiad,MathNet,COMPETITION_ONLY,,,,,,,,
MATHNET-08ic,THE 47-th MATHEMATIAL OLYMPIAD OF REPUBLIC OF MOLDOVA,THE 47 th MATHEMATIAL OLYMPIAD OF REPUBLIC OF MOLDOVA,,,,THE 47 th MATHEMATIAL OLYMPIAD OF REPUBLIC OF MOLDOVA,MathNet,COMPETITION_ONLY,,,,,,,,
MATHNET-07gg,38th Iranian Mathematical Olympiad,38th Iranian Mathematical Olympiad,,,,38th Iranian Mathematical Olympiad,MathNet,COMPETITION_ONLY,,,,,,,,
MATHNET-022e,Nível 3,Nível 3,,,,Nível 3,MathNet,COMPETITION_ONLY,,,,,,,,
MATHNET-0h46,Ukrainian Mathematical Olympiad,Ukrainian Mathematical Olympiad,,,,Ukrainian Mathematical Olympiad,MathNet,COMPETITION_ONLY,,,,,,,,
MATHNET-0bxp,THE 68th ROMANIAN MATHEMATICAL OLYMPIAD,THE 68th ROMANIAN MATHEMATICAL OLYMPIAD,,,,THE 68th ROMANIAN MATHEMATICAL OLYMPIAD,MathNet,COMPETITION_ONLY,,,,,,,,
MATHNET-01ug,Belarusian Mathematical Olympiad,Belarusian Mathematical Olympiad,,,,Belarusian Mathematical Olympiad,MathNet,COMPETITION_ONLY,,,,,,,,
MATHNET-050a,Selected Problems from Open Contests,Selected Problems from Open Contests,,,,Selected Problems from Open Contests,MathNet,COMPETITION_ONLY,,,,,,,,
MATHNET-0cvk,Final round,Final round,,,,Final round,MathNet,COMPETITION_ONLY,,,,,,,,
MATHNET-0bwb,Eleventh STARS OF MATHEMATICS Competition,Eleventh STARS OF MATHEMATICS Competition,,,,Eleventh STARS OF MATHEMATICS Competition,MathNet,COMPETITION_ONLY,,,,,,,,
MATHNET-08io,7th JBMO,7th JBMO,,,,7th JBMO,MathNet,COMPETITION_ONLY,,,,,,,,
MATHNET-04up,Czech-Polish-Slovak Match,Czech Polish Slovak Match,,,,Czech Polish Slovak Match,MathNet,COMPETITION_ONLY,,,,,,,,
MATHNET-05ia,Olympiades Françaises de Mathématiques,Olympiades Françaises de Mathématiques,,,,Olympiades Françaises de Mathématiques,MathNet,COMPETITION_ONLY,,,,,,,,
MATHNET-0fxv,IMO Selektion,IMO Selektion,,,,IMO Selektion,MathNet,UNMATCHED,0.1385,0.0085,,,NO_SAFE_MATCH,0.0045,0.0193,0.3304
MATHNET-01n3,Belorusija 2012,Belorusija,2012.0,,,Belorusija 2012,MathNet,YEAR_ONLY,,,,,,,,
MATHNET-03w8,China Southeastern Mathematical Olympiad,China Southeastern Mathematical Olympiad,,,,China Southeastern Mathematical Olympiad,MathNet,COMPETITION_ONLY,,,,,,,,
MATHNET-0a32,Dutch Mathematical Olympiad,Dutch Mathematical Olympiad,,,,Dutch Mathematical Olympiad,MathNet,COMPETITION_ONLY,,,,,,,,
MATHNET-07nh,Ireland,Ireland,,,,Ireland,MathNet,COMPETITION_ONLY,,,,,,,,
MATHNET-0bfx,The Tenth IMAR Mathematical Competition,The Tenth IMAR Mathematical Competition,,,,The Tenth IMAR Mathematical Competition,MathNet,COMPETITION_ONLY,,,,,,,,
MATHNET-0b9w,SHORTLISTED PROBLEMS FOR THE 62nd NMO,SHORTLISTED PROBLEMS FOR THE 62nd NMO,,,,SHORTLISTED PROBLEMS FOR THE 62nd NMO,MathNet,COMPETITION_ONLY,,,,,,,,
MATHNET-0au5,17th Philippine Mathematical Olympiad Area Stage,17th Philippine Mathematical Olympiad Area Stage,,,,17th Philippine Mathematical Olympiad Area Stage,MathNet,COMPETITION_ONLY,,,,,,,,
MATHNET-0kt8,HMMT November 2022,HMMT November,2022.0,,,HMMT November 2022,MathNet,YEAR_ONLY,,,,,,,,
MATHNET-07dr,Iranian Mathematical Olympiad,Iranian Mathematical Olympiad,,,,Iranian Mathematical Olympiad,MathNet,COMPETITION_ONLY,,,,,,,,
MATHNET-02c0,,,,,,,MathNet,COMPETITION_ONLY,,,,,,,,
MATHNET-01t8,66th Belarusian Mathematical Olympiad,66th Belarusian Mathematical Olympiad,,,,66th Belarusian Mathematical Olympiad,MathNet,COMPETITION_ONLY,,,,,,,,
MATHNET-0inz,Harvard-MIT Mathematics Tournament,Harvard MIT Mathematics Tournament,,,,Harvard MIT Mathematics Tournament,MathNet,COMPETITION_ONLY,,,,,,,,
MATHNET-02qx,Nível 2,Nível 2,,,,Nível 2,MathNet,COMPETITION_ONLY,,,,,,,,
MATHNET-02nt,Brazilian Mathematical Olympiad,Brazilian Mathematical Olympiad,,,,Brazilian Mathematical Olympiad,MathNet,COMPETITION_ONLY,,,,,,,,
MATHNET-01b7,Baltic Way,Baltic Way,,,,Baltic Way,MathNet,COMPETITION_ONLY,,,,,,,,
MATHNET-0e0d,Selection Examinations for the IMO,Selection Examinations for the IMO,,,,Selection Examinations for the IMO,MathNet,UNMATCHED,0.3215,0.0224,,,NO_SAFE_MATCH,0.1645,0.3737,0.4262
MATHNET-01f7,Baltic Way 2019,Baltic Way,2019.0,,,Baltic Way 2019,MathNet,YEAR_ONLY,,,,,,,,
MATHNET-01ud,Belarusian Mathematical Olympiad,Belarusian Mathematical Olympiad,,,,Belarusian Mathematical Olympiad,MathNet,COMPETITION_ONLY,,,,,,,,
MATHNET-0iaq,Harvard-MIT Mathematics Tournament,Harvard MIT Mathematics Tournament,,,,Harvard MIT Mathematics Tournament,MathNet,COMPETITION_ONLY,,,,,,,,
MATHNET-05qs,PRÉPARATION OLYMPIQUE FRANÇAISE DE MATHÉMATIQUES,PRÉPARATION OLYMPIQUE FRANÇAISE DE MATHÉMATIQUES,,,,PRÉPARATION OLYMPIQUE FRANÇAISE DE MATHÉMATIQUES,MathNet,COMPETITION_ONLY,,,,,,,,
MATHNET-087s,Cesenatico,Cesenatico,,,,Cesenatico,MathNet,COMPETITION_ONLY,,,,,,,,
MATHNET-02f2,XIV OBM,XIV OBM,,,,XIV OBM,MathNet,COMPETITION_ONLY,,,,,,,,
MATHNET-03vm,China Mathematical Olympiad,China Mathematical Olympiad,,,,China Mathematical Olympiad,MathNet,COMPETITION_ONLY,,,,,,,,
MATHNET-05u0,PRÉPARATION OLYMPIQUE FRANÇAISE DE MATHÉMATIQUES,PRÉPARATION OLYMPIQUE FRANÇAISE DE MATHÉMATIQUES,,,,PRÉPARATION OLYMPIQUE FRANÇAISE DE MATHÉMATIQUES,MathNet,COMPETITION_ONLY,,,,,,,,
MATHNET-00fc,APMO,APMO,,,,APMO,MathNet,COMPETITION_ONLY,,,,,,,,
MATHNET-0fvr,SMO Finalrunde,SMO Finalrunde,,,,SMO Finalrunde,MathNet,COMPETITION_ONLY,,,,,,,,
MATHNET-06rf,52nd International Mathematical Olympiad 2011 Shortlist,52nd International Mathematical Olympiad Shortlist,2011.0,,,52nd International Mathematical Olympiad Shortlist 2011,MathNet,YEAR_ONLY,,,,,,,,
MATHNET-0dvb,2. matematično tekmovanje dijakov srednjih tehniških in strokovnih šol,2. matematično tekmovanje dijakov srednjih tehniških in strokovnih šol,,,,2. matematično tekmovanje dijakov srednjih tehniških in strokovnih šol,MathNet,COMPETITION_ONLY,,,,,,,,
MATHNET-03x3,China Mathematical Competition,China Mathematical Competition,,,,China Mathematical Competition,MathNet,COMPETITION_ONLY,,,,,,,,
MATHNET-0eex,16. tekmovanje v znanju matematike za dijake srednjih tehniških in strokovnih šol Državno tekmovanje,16. tekmovanje v znanju matematike za dijake srednjih tehniških in strokovnih šol Državno tekmovanje,,,,16. tekmovanje v znanju matematike za dijake srednjih tehniških in strokovnih šol Državno tekmovanje,MathNet,COMPETITION_ONLY,,,,,,,,
MATHNET-0cnh,Russian mathematical olympiad,Russian mathematical olympiad,,,,Russian mathematical olympiad,MathNet,COMPETITION_ONLY,,,,,,,,
MATHNET-09pd,MMO2025 Round 4,MMO Round 4,2025.0,,,MMO Round 4 2025,MathNet,YEAR_ONLY,,,,,,,,
MATHNET-0b09,Philippines Mathematical Olympiad,Philippines Mathematical Olympiad,,,,Philippines Mathematical Olympiad,MathNet,COMPETITION_ONLY,,,,,,,,
MATHNET-03xa,China Mathematical Competition,China Mathematical Competition,,,,China Mathematical Competition,MathNet,COMPETITION_ONLY,,,,,,,,
MATHNET-0cha,74th Romanian Mathematical Olympiad,74th Romanian Mathematical Olympiad,,,,74th Romanian Mathematical Olympiad,MathNet,COMPETITION_ONLY,,,,,,,,
MATHNET-023f,Desafios,Desafios,,,,Desafios,MathNet,COMPETITION_ONLY,,,,,,,,
MATHNET-0aj0,European Mathematical Cup,European Mathematical Cup,,,,European Mathematical Cup,MathNet,COMPETITION_ONLY,,,,,,,,
MATHNET-0ed9,Slovenija 2016,Slovenija,2016.0,,,Slovenija 2016,MathNet,YEAR_ONLY,,,,,,,,
MATHNET-0hdo,60th Ukrainian National Mathematical Olympiad,60th Ukrainian National Mathematical Olympiad,,,,60th Ukrainian National Mathematical Olympiad,MathNet,COMPETITION_ONLY,,,,,,,,
MATHNET-0bq8,Olimpiada Națională de Matematică - Etapa Locală,Olimpiada Națională de Matematică Etapa Locală,,,,Olimpiada Națională de Matematică Etapa Locală,MathNet,COMPETITION_ONLY,,,,,,,,
MATHNET-0bui,Olimpiada de Matematică,Olimpiada de Matematică,,,,Olimpiada de Matematică,MathNet,COMPETITION_ONLY,,,,,,,,
MATHNET-0j9k,Harvard-MIT Mathematics Tournament,Harvard MIT Mathematics Tournament,,,,Harvard MIT Mathematics Tournament,MathNet,COMPETITION_ONLY,,,,,,,,
MATHNET-0a2l,BxMO/EGMO Team Selection Test,BxMO EGMO Team Selection Test,,,,BxMO EGMO Team Selection Test,MathNet,COMPETITION_ONLY,,,,,,,,
MATHNET-0d0s,Saudi Arabia Mathematical Competitions 2012,Saudi Arabia Mathematical Competitions,2012.0,,,Saudi Arabia Mathematical Competitions 2012,MathNet,YEAR_ONLY,,,,,,,,
MATHNET-0d7c,SAUDI ARABIAN MATHEMATICAL COMPETITIONS,SAUDI ARABIAN MATHEMATICAL COMPETITIONS,,,,SAUDI ARABIAN MATHEMATICAL COMPETITIONS,MathNet,COMPETITION_ONLY,,,,,,,,
MATHNET-04i0,Croatia Mathematical Competitions,Croatia Mathematical Competitions,,,,Croatia Mathematical Competitions,MathNet,COMPETITION_ONLY,,,,,,,,
MATHNET-04a3,CroatianCompetitions2011,CroatianCompetitions,2011.0,,,CroatianCompetitions 2011,MathNet,YEAR_ONLY,,,,,,,,
MATHNET-0d4o,SAMC,SAMC,,,,SAMC,MathNet,COMPETITION_ONLY,,,,,,,,
MATHNET-0gqo,Team Selection Test,Team Selection Test,,,,Team Selection Test,MathNet,COMPETITION_ONLY,,,,,,,,
MATHNET-0fwn,SMO Finalrunde,SMO Finalrunde,,,,SMO Finalrunde,MathNet,COMPETITION_ONLY,,,,,,,,
MATHNET-02h7,Brazil,Brazil,,,,Brazil,MathNet,COMPETITION_ONLY,,,,,,,,
MATHNET-0iqa,Harvard-MIT Mathematics Tournament,Harvard MIT Mathematics Tournament,,,,Harvard MIT Mathematics Tournament,MathNet,COMPETITION_ONLY,,,,,,,,
MATHNET-0cww,LI Всероссийская математическая олимпиада школьников,LI Всероссийская математическая олимпиада школьников,,,,LI Всероссийская математическая олимпиада школьников,MathNet,COMPETITION_ONLY,,,,,,,,
MATHNET-072g,INMO,INMO,,,,INMO,MathNet,COMPETITION_ONLY,,,,,,,,
MATHNET-0e5q,National Math Olympiad 2012,National Math Olympiad,2012.0,,,National Math Olympiad 2012,MathNet,YEAR_ONLY,,,,,,,,
MATHNET-08a3,Progetto Olimpiadi della Matematica,Progetto Olimpiadi della Matematica,,,,Progetto Olimpiadi della Matematica,MathNet,COMPETITION_ONLY,,,,,,,,
MATHNET-0103,Baltic Way 1997,Baltic Way,1997.0,,,Baltic Way 1997,MathNet,YEAR_ONLY,,,,,,,,
MATHNET-0jxp,HMMT November,HMMT November,,,,HMMT November,MathNet,COMPETITION_ONLY,,,,,,,,
MATHNET-0fre,Spain,Spain,,,,Spain,MathNet,COMPETITION_ONLY,,,,,,,,
MATHNET-09hn,Round 2,Round 2,,,,Round 2,MathNet,COMPETITION_ONLY,,,,,,,,
MATHNET-01x5,69th Belarusian Mathematical Olympiad,69th Belarusian Mathematical Olympiad,,,,69th Belarusian Mathematical Olympiad,MathNet,COMPETITION_ONLY,,,,,,,,
MATHNET-06jk,CHKMO,CHKMO,,,,CHKMO,MathNet,COMPETITION_ONLY,,,,,,,,
MATHNET-0j09,Harvard-MIT November Tournament,Harvard MIT November Tournament,,,,Harvard MIT November Tournament,MathNet,COMPETITION_ONLY,,,,,,,,
MATHNET-0bl4,SHORTLISTED PROBLEMS FOR THE 66th NMO,SHORTLISTED PROBLEMS FOR THE 66th NMO,,,,SHORTLISTED PROBLEMS FOR THE 66th NMO,MathNet,COMPETITION_ONLY,,,,,,,,
MATHNET-0efy,"61. matematično tekmovanje srednješolcev Slovenije, Odbirno tekmovanje","61. matematično tekmovanje srednješolcev Slovenije, Odbirno tekmovanje",,,,"61. matematično tekmovanje srednješolcev Slovenije, Odbirno tekmovanje",MathNet,COMPETITION_ONLY,,,,,,,,
MATHNET-0coi,Final round,Final round,,,,Final round,MathNet,COMPETITION_ONLY,,,,,,,,
MATHNET-01dv,Baltic Way shortlist,Baltic Way shortlist,,,,Baltic Way shortlist,MathNet,COMPETITION_ONLY,,,,,,,,
MATHNET-00ug,BMO 2023 Short List,BMO Short List,2023.0,,,BMO Short List 2023,MathNet,YEAR_ONLY,,,,,,,,
MATHNET-0iew,Harvard-MIT Mathematics Tournament,Harvard MIT Mathematics Tournament,,,,Harvard MIT Mathematics Tournament,MathNet,COMPETITION_ONLY,,,,,,,,
MATHNET-0jet,HMMT November 2013,HMMT November,2013.0,,,HMMT November 2013,MathNet,YEAR_ONLY,,,,,,,,
MATHNET-03di,Bulgaria 2022,Bulgaria,2022.0,,,Bulgaria 2022,MathNet,YEAR_ONLY,,,,,,,,
MATHNET-0gda,"二〇一九數學奧林匹亞競賽第二階段選訓營,模擬競賽(一)","二〇一九數學奧林匹亞競賽第二階段選訓營,模擬競賽(一)",,,,"二〇一九數學奧林匹亞競賽第二階段選訓營,模擬競賽(一)",MathNet,COMPETITION_ONLY,,,,,,,,
MATHNET-0jv5,HMMT November 2016,HMMT November,2016.0,,,HMMT November 2016,MathNet,YEAR_ONLY,,,,,,,,
MATHNET-0fhe,OME 27,OME 27,,,,OME 27,MathNet,COMPETITION_ONLY,,,,,,,,
MATHNET-0iqf,1st Annual Harvard-MIT November Tournament,1st Annual Harvard MIT November Tournament,,,,1st Annual Harvard MIT November Tournament,MathNet,COMPETITION_ONLY,,,,,,,,
MATHNET-0ay0,Philippine Mathematical Olympiad,Philippine Mathematical Olympiad,,,,Philippine Mathematical Olympiad,MathNet,COMPETITION_ONLY,,,,,,,,
MATHNET-02cu,,,,,,,MathNet,COMPETITION_ONLY,,,,,,,,
MATHNET-0ft3,IMO - Selektion,IMO Selektion,,,,IMO Selektion,MathNet,UNMATCHED,0.156,0.0002,,,NO_SAFE_MATCH,0.0,0.0435,0.3629
MATHNET-08gj,Olimpiadi di Matematica,Olimpiadi di Matematica,,,,Olimpiadi di Matematica,MathNet,COMPETITION_ONLY,,,,,,,,
MATHNET-03n2,Kanada,Kanada,,,,Kanada,MathNet,COMPETITION_ONLY,,,,,,,,
MATHNET-0cx2,SAMC,SAMC,,,,SAMC,MathNet,COMPETITION_ONLY,,,,,,,,
MATHNET-02lc,Brazilian Mathematical Olympiad,Brazilian Mathematical Olympiad,,,,Brazilian Mathematical Olympiad,MathNet,COMPETITION_ONLY,,,,,,,,
MATHNET-0kje,AMC 10 A,AMC 10 A,,,,AMC 10 A,MathNet,COMPETITION_ONLY,,,,,,,,
MATHNET-0i0w,Berkeley Math Circle,Berkeley Math Circle,,,,Berkeley Math Circle,MathNet,COMPETITION_ONLY,,,,,,,,
MATHNET-05qu,PRÉPARATION OLYMPIQUE FRANÇAISE DE MATHÉMATIQUES - ENVOI 5 : Pot-POURRI,PRÉPARATION OLYMPIQUE FRANÇAISE DE MATHÉMATIQUES ENVOI 5 : Pot POURRI,,,,PRÉPARATION OLYMPIQUE FRANÇAISE DE MATHÉMATIQUES ENVOI 5 : Pot POURRI,MathNet,COMPETITION_ONLY,,,,,,,,
MATHNET-05n9,OCympiades Françaises de Mathématiques - Envoi Numéro 4 - Combinatoire,OCympiades Françaises de Mathématiques Envoi Numéro 4 Combinatoire,,,,OCympiades Françaises de Mathématiques Envoi Numéro 4 Combinatoire,MathNet,COMPETITION_ONLY,,,,,,,,
MATHNET-0d92,SAUDI ARABIAN MATHEMATICAL COMPETITIONS,SAUDI ARABIAN MATHEMATICAL COMPETITIONS,,,,SAUDI ARABIAN MATHEMATICAL COMPETITIONS,MathNet,COMPETITION_ONLY,,,,,,,,
MATHNET-04iq,Croatia Mathematical Competitions,Croatia Mathematical Competitions,,,,Croatia Mathematical Competitions,MathNet,COMPETITION_ONLY,,,,,,,,
MATHNET-0a4y,New Zealand Mathematical Olympiad,New Zealand Mathematical Olympiad,,,,New Zealand Mathematical Olympiad,MathNet,COMPETITION_ONLY,,,,,,,,
MATHNET-0kn4,2021 AMC 10 B Fall,AMC 10 B Fall,2021.0,,,AMC 10 B Fall 2021,MathNet,YEAR_ONLY,,,,,,,,
MATHNET-06un,International Mathematical Olympiad,International Mathematical Olympiad,,,,International Mathematical Olympiad,MathNet,COMPETITION_ONLY,,,,,,,,
MATHNET-0gx3,Ukrajina 2008,Ukrajina,2008.0,,,Ukrajina 2008,MathNet,YEAR_ONLY,,,,,,,,
MATHNET-0a5l,New Zealand Mathematical Olympiad,New Zealand Mathematical Olympiad,,,,New Zealand Mathematical Olympiad,MathNet,COMPETITION_ONLY,,,,,,,,
MATHNET-09zj,Junior Mathematical Olympiad,Junior Mathematical Olympiad,,,,Junior Mathematical Olympiad,MathNet,COMPETITION_ONLY,,,,,,,,
MATHNET-0ehs,"63. matematično tekmovanje srednješolcev Slovenije, Državno tekmovanje","63. matematično tekmovanje srednješolcev Slovenije, Državno tekmovanje",,,,"63. matematično tekmovanje srednješolcev Slovenije, Državno tekmovanje",MathNet,COMPETITION_ONLY,,,,,,,,
MATHNET-09hf,Mongolian National Mathematical Olympiad,Mongolian National Mathematical Olympiad,,,,Mongolian National Mathematical Olympiad,MathNet,COMPETITION_ONLY,,,,,,,,
MATHNET-0khx,AMC 12 A,AMC 12 A,,,,AMC 12 A,MathNet,COMPETITION_ONLY,,,,,,,,
MATHNET-0dz5,Slovenija 2008,Slovenija,2008.0,,,Slovenija 2008,MathNet,YEAR_ONLY,,,,,,,,
MATHNET-0542,Estonian Math Competitions,Estonian Math Competitions,,,,Estonian Math Competitions,MathNet,COMPETITION_ONLY,,,,,,,,
MATHNET-09u9,"Junior Mathematical Olympiad, September 2019","Junior Mathematical Olympiad, September",2019.0,,,"Junior Mathematical Olympiad, September 2019",MathNet,YEAR_ONLY,,,,,,,,
MATHNET-0b2t,23rd Philippine Mathematical Olympiad Qualifying Stage,23rd Philippine Mathematical Olympiad Qualifying Stage,,,,23rd Philippine Mathematical Olympiad Qualifying Stage,MathNet,COMPETITION_ONLY,,,,,,,,
MATHNET-0fam,1st CIS,1st CIS,,,,1st CIS,MathNet,COMPETITION_ONLY,,,,,,,,
MATHNET-0g45,IMO Selection,IMO Selection,,,,IMO Selection,MathNet,UNMATCHED,0.5281,0.1538,,,NO_SAFE_MATCH,0.4972,0.6577,0.4742
MATHNET-0hn5,Berkeley Math Circle Monthly Contest 4,Berkeley Math Circle Monthly Contest 4,,,,Berkeley Math Circle Monthly Contest 4,MathNet,COMPETITION_ONLY,,,,,,,,
MATHNET-0gxz,49th Mathematical Olympiad in Ukraine,49th Mathematical Olympiad in Ukraine,,,,49th Mathematical Olympiad in Ukraine,MathNet,COMPETITION_ONLY,,,,,,,,
MATHNET-09z8,Final Round,Final Round,,,,Final Round,MathNet,COMPETITION_ONLY,,,,,,,,
MATHNET-02zm,Brazilian Mathematical Olympiad,Brazilian Mathematical Olympiad,,,,Brazilian Mathematical Olympiad,MathNet,COMPETITION_ONLY,,,,,,,,
MATHNET-0az2,20th Philippine Mathematical Olympiad,20th Philippine Mathematical Olympiad,,,,20th Philippine Mathematical Olympiad,MathNet,COMPETITION_ONLY,,,,,,,,
MATHNET-0002,XI Olimpiada Matemática Rioplatense,XI Olimpiada Matemática Rioplatense,,,,XI Olimpiada Matemática Rioplatense,MathNet,COMPETITION_ONLY,,,,,,,,
MATHNET-09t7,MO-selectietoets,MO selectietoets,,,,MO selectietoets,MathNet,COMPETITION_ONLY,,,,,,,,
MATHNET-0kkw,HMMT November 2021,HMMT November,2021.0,,,HMMT November 2021,MathNet,YEAR_ONLY,,,,,,,,
MATHNET-017x,BALTIC WAY,BALTIC WAY,,,,BALTIC WAY,MathNet,COMPETITION_ONLY,,,,,,,,
MATHNET-0cmp,Russian mathematical olympiad,Russian mathematical olympiad,,,,Russian mathematical olympiad,MathNet,COMPETITION_ONLY,,,,,,,,
MATHNET-05m2,Olympiades Françaises de Mathématiques,Olympiades Françaises de Mathématiques,,,,Olympiades Françaises de Mathématiques,MathNet,COMPETITION_ONLY,,,,,,,,
MATHNET-02uo,Brazilian Mathematical Olympiad,Brazilian Mathematical Olympiad,,,,Brazilian Mathematical Olympiad,MathNet,COMPETITION_ONLY,,,,,,,,
MATHNET-0anq,QUALIFYING STAGE,QUALIFYING STAGE,,,,QUALIFYING STAGE,MathNet,COMPETITION_ONLY,,,,,,,,
MATHNET-0ai8,Balkan Mathematical Olympiads,Balkan Mathematical Olympiads,,,,Balkan Mathematical Olympiads,MathNet,COMPETITION_ONLY,,,,,,,,
MATHNET-04x6,Czech-Slovak-Polish Match,Czech Slovak Polish Match,,,,Czech Slovak Polish Match,MathNet,COMPETITION_ONLY,,,,,,,,
MATHNET-07gw,38th Iranian Mathematical Olympiad,38th Iranian Mathematical Olympiad,,,,38th Iranian Mathematical Olympiad,MathNet,COMPETITION_ONLY,,,,,,,,
MATHNET-0dad,Team selection tests for IMO 2018,Team selection tests for IMO,2018.0,,,Team selection tests for IMO 2018,MathNet,UNMATCHED,0.2199,0.009,,,NO_SAFE_MATCH,0.0812,0.2523,0.3211
MATHNET-00qi,Balkan Mathematical Olympiad Shortlist,Balkan Mathematical Olympiad Shortlist,,,,Balkan Mathematical Olympiad Shortlist,MathNet,COMPETITION_ONLY,,,,,,,,
MATHNET-06fc,CHKMO,CHKMO,,,,CHKMO,MathNet,COMPETITION_ONLY,,,,,,,,
MATHNET-08x7,Japan 2013 Initial Round,Japan Initial Round,2013.0,,,Japan Initial Round 2013,MathNet,YEAR_ONLY,,,,,,,,
MATHNET-0157,Baltic Way 2008,Baltic Way,2008.0,,,Baltic Way 2008,MathNet,YEAR_ONLY,,,,,,,,
MATHNET-01qk,Selection and Training Session,Selection and Training Session,,,,Selection and Training Session,MathNet,COMPETITION_ONLY,,,,,,,,
MATHNET-0lad,Vijetnam 2008,Vijetnam,2008.0,,,Vijetnam 2008,MathNet,YEAR_ONLY,,,,,,,,
MATHNET-0fru,LIX Olimpiada Matemática Española,LIX Olimpiada Matemática Española,,,,LIX Olimpiada Matemática Española,MathNet,COMPETITION_ONLY,,,,,,,,
MATHNET-08kv,2007 Shortlist JBMO,Shortlist JBMO,2007.0,,,Shortlist JBMO 2007,MathNet,YEAR_ONLY,,,,,,,,
MATHNET-00va,41st Balkan Mathematical Olympiad,41st Balkan Mathematical Olympiad,,,,41st Balkan Mathematical Olympiad,MathNet,COMPETITION_ONLY,,,,,,,,
MATHNET-0axe,Philippine Mathematical Olympiad,Philippine Mathematical Olympiad,,,,Philippine Mathematical Olympiad,MathNet,COMPETITION_ONLY,,,,,,,,
MATHNET-0a95,"Nordic Mathematical Contest, NMC 21","Nordic Mathematical Contest, NMC 21",,,,"Nordic Mathematical Contest, NMC 21",MathNet,COMPETITION_ONLY,,,,,,,,
MATHNET-0h1p,"51st Ukrainian National Mathematical Olympiad, 3rd Round","51st Ukrainian National Mathematical Olympiad, 3rd Round",,,,"51st Ukrainian National Mathematical Olympiad, 3rd Round",MathNet,COMPETITION_ONLY,,,,,,,,
MATHNET-035k,Bulgarian Mathematical Competitions,Bulgarian Mathematical Competitions,,,,Bulgarian Mathematical Competitions,MathNet,COMPETITION_ONLY,,,,,,,,
MATHNET-0dv1,2. matematično tekmovanje dijakov srednjih tehniških in strokovnih šol,2. matematično tekmovanje dijakov srednjih tehniških in strokovnih šol,,,,2. matematično tekmovanje dijakov srednjih tehniških in strokovnih šol,MathNet,COMPETITION_ONLY,,,,,,,,
MATHNET-047k,The 65th IMO China National Team Selection Test,The 65th IMO China National Team Selection Test,,,,The 65th IMO China National Team Selection Test,MathNet,UNMATCHED,0.4181,0.0736,,,NO_SAFE_MATCH,0.227,0.5124,0.5263
MATHNET-0amu,18th PMO Area Stage,18th PMO Area Stage,,,,18th PMO Area Stage,MathNet,COMPETITION_ONLY,,,,,,,,
MATHNET-0da8,Team selection tests for IMO 2018,Team selection tests for IMO,2018.0,,,Team selection tests for IMO 2018,MathNet,UNMATCHED,0.3218,0.0163,,,NO_SAFE_MATCH,0.1209,0.3702,0.4675
MATHNET-0302,Brazilian Mathematical Olympiad,Brazilian Mathematical Olympiad,,,,Brazilian Mathematical Olympiad,MathNet,COMPETITION_ONLY,,,,,,,,
MATHNET-0ldf,Vietnamese Team Selection Test for IMO,Vietnamese Team Selection Test for IMO,,,,Vietnamese Team Selection Test for IMO,MathNet,UNMATCHED,0.166,0.0114,,,NO_SAFE_MATCH,0.0448,0.1716,0.2687
MATHNET-0if1,Harvard-MIT Mathematics Tournament,Harvard MIT Mathematics Tournament,,,,Harvard MIT Mathematics Tournament,MathNet,COMPETITION_ONLY,,,,,,,,
MATHNET-02ff,XVII OBM,XVII OBM,,,,XVII OBM,MathNet,COMPETITION_ONLY,,,,,,,,
MATHNET-02n7,Brazilian Mathematical Olympiad,Brazilian Mathematical Olympiad,,,,Brazilian Mathematical Olympiad,MathNet,COMPETITION_ONLY,,,,,,,,
MATHNET-02n9,Brazilian Mathematical Olympiad,Brazilian Mathematical Olympiad,,,,Brazilian Mathematical Olympiad,MathNet,COMPETITION_ONLY,,,,,,,,
MATHNET-0jxw,HMMT November,HMMT November,,,,HMMT November,MathNet,COMPETITION_ONLY,,,,,,,,
MATHNET-0gfd,"2022 數學奧林匹亞競賽第一階段培訓營, 獨立研究(一)","數學奧林匹亞競賽第一階段培訓營, 獨立研究(一)",2022.0,,,"數學奧林匹亞競賽第一階段培訓營, 獨立研究(一) 2022",MathNet,YEAR_ONLY,,,,,,,,
MATHNET-0bg5,The Danube Mathematical Competition,The Danube Mathematical Competition,,,,The Danube Mathematical Competition,MathNet,COMPETITION_ONLY,,,,,,,,
MATHNET-0jx0,February 2017,February,2017.0,,,February 2017,MathNet,YEAR_ONLY,,,,,,,,
MATHNET-0jar,Harvard-MIT Mathematics Tournament,Harvard MIT Mathematics Tournament,,,,Harvard MIT Mathematics Tournament,MathNet,COMPETITION_ONLY,,,,,,,,
MATHNET-00mi,"49th Austrian Mathematical Olympiad, National Competition (Final Round, part 1)","49th Austrian Mathematical Olympiad, National Competition (Final Round, part 1)",,,,"49th Austrian Mathematical Olympiad, National Competition (Final Round, part 1)",MathNet,COMPETITION_ONLY,,,,,,,,
MATHNET-0dbf,SAUDI ARABIAN MATHEMATICAL COMPETITIONS,SAUDI ARABIAN MATHEMATICAL COMPETITIONS,,,,SAUDI ARABIAN MATHEMATICAL COMPETITIONS,MathNet,COMPETITION_ONLY,,,,,,,,
MATHNET-06fe,Year 2008,Year,2008.0,,,Year 2008,MathNet,YEAR_ONLY,,,,,,,,
MATHNET-03qe,China Mathematical Olympiad,China Mathematical Olympiad,,,,China Mathematical Olympiad,MathNet,COMPETITION_ONLY,,,,,,,,
MATHNET-0kw5,HMMT February 2023,HMMT February,2023.0,,,HMMT February 2023,MathNet,YEAR_ONLY,,,,,,,,
MATHNET-06nj,IMO Preliminary Selection Contest — Hong Kong,IMO Preliminary Selection Contest — Hong Kong,,,,IMO Preliminary Selection Contest — Hong Kong,MathNet,UNMATCHED,0.1509,0.001,,,NO_SAFE_MATCH,0.0226,0.1054,0.2917
MATHNET-0l0n,HMMT February 2024 Guts Round,HMMT February Guts Round,2024.0,,,HMMT February Guts Round 2024,MathNet,YEAR_ONLY,,,,,,,,
MATHNET-0gm2,The 14th Thailand Mathematical Olympiad,The 14th Thailand Mathematical Olympiad,,,,The 14th Thailand Mathematical Olympiad,MathNet,COMPETITION_ONLY,,,,,,,,
MATHNET-0aae,The 35th Nordic Mathematical Contest,The 35th Nordic Mathematical Contest,,,,The 35th Nordic Mathematical Contest,MathNet,COMPETITION_ONLY,,,,,,,,
MATHNET-0c9v,Al treilea test de selecţie pentru OBMJ Bucureşti,Al treilea test de selecţie pentru OBMJ Bucureşti,,,,Al treilea test de selecţie pentru OBMJ Bucureşti,MathNet,COMPETITION_ONLY,,,,,,,,
MATHNET-0b7n,NMO Selection Tests for the Balkan and International Mathematical Olympiads,NMO Selection Tests for the Balkan and International Mathematical Olympiads,,,,NMO Selection Tests for the Balkan and International Mathematical Olympiads,MathNet,COMPETITION_ONLY,,,,,,,,
MATHNET-0hgo,"62nd Ukrainian National Mathematical Olympiad, Third Round, First Tour","62nd Ukrainian National Mathematical Olympiad, Third Round, First Tour",,,,"62nd Ukrainian National Mathematical Olympiad, Third Round, First Tour",MathNet,COMPETITION_ONLY,,,,,,,,
MATHNET-08rj,The 4th Japanese Junior Mathematical Olympiad,The 4th Japanese Junior Mathematical Olympiad,,,,The 4th Japanese Junior Mathematical Olympiad,MathNet,COMPETITION_ONLY,,,,,,,,
MATHNET-0500,Selected Problems from Open Contests,Selected Problems from Open Contests,,,,Selected Problems from Open Contests,MathNet,COMPETITION_ONLY,,,,,,,,
MATHNET-0652,Selection Examination for Juniors,Selection Examination for Juniors,,,,Selection Examination for Juniors,MathNet,COMPETITION_ONLY,,,,,,,,
MATHNET-08wo,Japan Mathematical Olympiad,Japan Mathematical Olympiad,,,,Japan Mathematical Olympiad,MathNet,COMPETITION_ONLY,,,,,,,,
MATHNET-06c9,HKG TST,HKG TST,,,,HKG TST,MathNet,COMPETITION_ONLY,,,,,,,,
MATHNET-02xf,Brazilian Mathematical Olympiad,Brazilian Mathematical Olympiad,,,,Brazilian Mathematical Olympiad,MathNet,COMPETITION_ONLY,,,,,,,,
MATHNET-0g1b,IMO-Selektion,IMO Selektion,,,,IMO Selektion,MathNet,UNMATCHED,0.1758,0.0232,,,NO_SAFE_MATCH,0.0,0.1773,0.3287
MATHNET-0anv,QUALIFYING STAGE,QUALIFYING STAGE,,,,QUALIFYING STAGE,MathNet,COMPETITION_ONLY,,,,,,,,
MATHNET-0ggv,"2022 數學奧林匹亞競賽第二階段選訓營, 獨立研究 (二)","數學奧林匹亞競賽第二階段選訓營, 獨立研究 (二)",2022.0,,,"數學奧林匹亞競賽第二階段選訓營, 獨立研究 (二) 2022",MathNet,YEAR_ONLY,,,,,,,,
MATHNET-0gj4,"IMO 3J, Independent Study 1","IMO 3J, Independent Study 1",,,,"IMO 3J, Independent Study 1",MathNet,UNMATCHED,0.2956,0.0506,,,NO_SAFE_MATCH,0.1364,0.3871,0.3776
MATHNET-03xn,China National Team Selection Test,China National Team Selection Test,,,,China National Team Selection Test,MathNet,COMPETITION_ONLY,,,,,,,,
MATHNET-0e84,Državno tekmovanje,Državno tekmovanje,,,,Državno tekmovanje,MathNet,COMPETITION_ONLY,,,,,,,,
MATHNET-0f3d,ASU,ASU,,,,ASU,MathNet,COMPETITION_ONLY,,,,,,,,
MATHNET-00md,"48th Austrian Mathematical Olympiad National Competition (Final Round, part 1)","48th Austrian Mathematical Olympiad National Competition (Final Round, part 1)",,,,"48th Austrian Mathematical Olympiad National Competition (Final Round, part 1)",MathNet,COMPETITION_ONLY,,,,,,,,
MATHNET-0alz,Area Stage,Area Stage,,,,Area Stage,MathNet,COMPETITION_ONLY,,,,,,,,
MATHNET-08pg,Junior Balkan Mathematics Olympiad,Junior Balkan Mathematics Olympiad,,,,Junior Balkan Mathematics Olympiad,MathNet,COMPETITION_ONLY,,,,,,,,
MATHNET-03yl,China Southeastern Mathematical Olympiad,China Southeastern Mathematical Olympiad,,,,China Southeastern Mathematical Olympiad,MathNet,COMPETITION_ONLY,,,,,,,,
MATHNET-0ag7,,,,,,,MathNet,COMPETITION_ONLY,,,,,,,,
MATHNET-07du,Iranian Mathematical Olympiad,Iranian Mathematical Olympiad,,,,Iranian Mathematical Olympiad,MathNet,COMPETITION_ONLY,,,,,,,,
MATHNET-03qo,China Mathematical Competition (Hainan),China Mathematical Competition (Hainan),,,,China Mathematical Competition (Hainan),MathNet,COMPETITION_ONLY,,,,,,,,
MATHNET-0bvn,Eleventh STARS OF MATHEMATICS Competition,Eleventh STARS OF MATHEMATICS Competition,,,,Eleventh STARS OF MATHEMATICS Competition,MathNet,COMPETITION_ONLY,,,,,,,,
MATHNET-0j8y,Harvard-MIT Mathematics Tournament,Harvard MIT Mathematics Tournament,,,,Harvard MIT Mathematics Tournament,MathNet,COMPETITION_ONLY,,,,,,,,
MATHNET-0fj3,Viernes 19 de enero de 2001,Viernes 19 de enero de,2001.0,,,Viernes 19 de enero de 2001,MathNet,YEAR_ONLY,,,,,,,,
MATHNET-0j20,Harvard-MIT November Tournament,Harvard MIT November Tournament,,,,Harvard MIT November Tournament,MathNet,COMPETITION_ONLY,,,,,,,,
MATHNET-0dps,XIX Silk Road Mathematical Competition,XIX Silk Road Mathematical Competition,,,,XIX Silk Road Mathematical Competition,MathNet,COMPETITION_ONLY,,,,,,,,
MATHNET-09xk,Dutch Mathematical Olympiad,Dutch Mathematical Olympiad,,,,Dutch Mathematical Olympiad,MathNet,COMPETITION_ONLY,,,,,,,,
MATHNET-09jj,Mongolian Mathematical Olympiad Round 2,Mongolian Mathematical Olympiad Round 2,,,,Mongolian Mathematical Olympiad Round 2,MathNet,COMPETITION_ONLY,,,,,,,,
MATHNET-072u,Indija TS 2006,Indija TS,2006.0,,,Indija TS 2006,MathNet,YEAR_ONLY,,,,,,,,
MATHNET-0ej1,21. tekmovanje v znanju matematike za dijake srednjih tehniških in strokovnih šol Državno tekmovanje,21. tekmovanje v znanju matematike za dijake srednjih tehniških in strokovnih šol Državno tekmovanje,,,,21. tekmovanje v znanju matematike za dijake srednjih tehniških in strokovnih šol Državno tekmovanje,MathNet,COMPETITION_ONLY,,,,,,,,
MATHNET-017c,BALTIC WAY,BALTIC WAY,,,,BALTIC WAY,MathNet,COMPETITION_ONLY,,,,,,,,
MATHNET-0k1e,HMMT November 2018,HMMT November,2018.0,,,HMMT November 2018,MathNet,YEAR_ONLY,,,,,,,,
MATHNET-0bh8,Shortlisted problems for the 65th Romanian NMO,Shortlisted problems for the 65th Romanian NMO,,,,Shortlisted problems for the 65th Romanian NMO,MathNet,COMPETITION_ONLY,,,,,,,,
MATHNET-0jnd,HMMT November 2015,HMMT November,2015.0,,,HMMT November 2015,MathNet,YEAR_ONLY,,,,,,,,
MATHNET-0ab4,Macedonian Mathematical Competitions,Macedonian Mathematical Competitions,,,,Macedonian Mathematical Competitions,MathNet,COMPETITION_ONLY,,,,,,,,
MATHNET-07cj,Iranian Mathematical Olympiad,Iranian Mathematical Olympiad,,,,Iranian Mathematical Olympiad,MathNet,COMPETITION_ONLY,,,,,,,,
MATHNET-09qh,Dutch TST,Dutch TST,,,,Dutch TST,MathNet,COMPETITION_ONLY,,,,,,,,
MATHNET-01b8,Baltic Way,Baltic Way,,,,Baltic Way,MathNet,COMPETITION_ONLY,,,,,,,,
MATHNET-0ii2,"Harvard-MIT Mathematics Tournament, Team Round B","Harvard MIT Mathematics Tournament, Team Round B",,,,"Harvard MIT Mathematics Tournament, Team Round B",MathNet,COMPETITION_ONLY,,,,,,,,
MATHNET-0bnb,66th NMO SELECTION TESTS FOR THE JUNIOR BALKAN MATHEMATICAL OLYMPIAD,66th NMO SELECTION TESTS FOR THE JUNIOR BALKAN MATHEMATICAL OLYMPIAD,,,,66th NMO SELECTION TESTS FOR THE JUNIOR BALKAN MATHEMATICAL OLYMPIAD,MathNet,COMPETITION_ONLY,,,,,,,,
MATHNET-09jr,Mongolian Mathematical Olympiad,Mongolian Mathematical Olympiad,,,,Mongolian Mathematical Olympiad,MathNet,COMPETITION_ONLY,,,,,,,,
MATHNET-0jpj,HMMT February,HMMT February,,,,HMMT February,MathNet,COMPETITION_ONLY,,,,,,,,
MATHNET-05i6,Olympiades Françaises de Mathématiques - Épreuve en temps limité de Janvier,Olympiades Françaises de Mathématiques Épreuve en temps limité de Janvier,,,,Olympiades Françaises de Mathématiques Épreuve en temps limité de Janvier,MathNet,COMPETITION_ONLY,,,,,,,,
MATHNET-00f0,APMO 1989,APMO,1989.0,,,APMO 1989,MathNet,YEAR_ONLY,,,,,,,,
MATHNET-0dyz,Slovenija 2008,Slovenija,2008.0,,,Slovenija 2008,MathNet,YEAR_ONLY,,,,,,,,
MATHNET-0k65,HMMT November 2019,HMMT November,2019.0,,,HMMT November 2019,MathNet,YEAR_ONLY,,,,,,,,
MATHNET-0l68,HMMT February,HMMT February,,,,HMMT February,MathNet,COMPETITION_ONLY,,,,,,,,
MATHNET-0dvk,47. matematično tekmovanje srednješolcev Slovenije,47. matematično tekmovanje srednješolcev Slovenije,,,,47. matematično tekmovanje srednješolcev Slovenije,MathNet,COMPETITION_ONLY,,,,,,,,
MATHNET-0ig6,Harvard-MIT Mathematics Tournament,Harvard MIT Mathematics Tournament,,,,Harvard MIT Mathematics Tournament,MathNet,COMPETITION_ONLY,,,,,,,,
MATHNET-08l3,2008 Shortlist JBMO,Shortlist JBMO,2008.0,,,Shortlist JBMO 2008,MathNet,YEAR_ONLY,,,,,,,,
MATHNET-01el,Baltic Way shortlist,Baltic Way shortlist,,,,Baltic Way shortlist,MathNet,COMPETITION_ONLY,,,,,,,,
MATHNET-0g1n,IMO-Selektion,IMO Selektion,,,,IMO Selektion,MathNet,UNMATCHED,0.1708,0.0009,,,NO_SAFE_MATCH,0.0206,0.1541,0.3126
MATHNET-0g57,二〇一一數學奧林匹亞競賽第一階段選訓營,二〇一一數學奧林匹亞競賽第一階段選訓營,,,,二〇一一數學奧林匹亞競賽第一階段選訓營,MathNet,COMPETITION_ONLY,,,,,,,,
MATHNET-0dk0,Saudi Arabia booklet 2024,Saudi Arabia booklet,2024.0,,,Saudi Arabia booklet 2024,MathNet,YEAR_ONLY,,,,,,,,
MATHNET-0f7p,21st ASU,21st ASU,,,,21st ASU,MathNet,COMPETITION_ONLY,,,,,,,,
MATHNET-0bot,66th ROMANIAN MATHEMATICAL OLYMPIAD,66th ROMANIAN MATHEMATICAL OLYMPIAD,,,,66th ROMANIAN MATHEMATICAL OLYMPIAD,MathNet,COMPETITION_ONLY,,,,,,,,
MATHNET-05yo,Préparation Olympique Française de Mathématiques,Préparation Olympique Française de Mathématiques,,,,Préparation Olympique Française de Mathématiques,MathNet,COMPETITION_ONLY,,,,,,,,
MATHNET-0jxx,February 2017,February,2017.0,,,February 2017,MathNet,YEAR_ONLY,,,,,,,,
MATHNET-0krr,2022 AIME I,AIME I,2022.0,,,AIME I 2022,MathNet,YEAR_ONLY,,,,,,,,
MATHNET-0b2w,23rd Philippine Mathematical Olympiad Qualifying Stage,23rd Philippine Mathematical Olympiad Qualifying Stage,,,,23rd Philippine Mathematical Olympiad Qualifying Stage,MathNet,COMPETITION_ONLY,,,,,,,,
MATHNET-0dts,Singapore Mathematical Olympiad (SMO),Singapore Mathematical Olympiad (SMO),,,,Singapore Mathematical Olympiad (SMO),MathNet,COMPETITION_ONLY,,,,,,,,
MATHNET-0jjl,HMMT November 2014,HMMT November,2014.0,,,HMMT November 2014,MathNet,YEAR_ONLY,,,,,,,,
MATHNET-08o1,17th Junior Balkan Mathematical Olympiad,17th Junior Balkan Mathematical Olympiad,,,,17th Junior Balkan Mathematical Olympiad,MathNet,COMPETITION_ONLY,,,,,,,,
MATHNET-0htx,Berkeley Math Circle,Berkeley Math Circle,,,,Berkeley Math Circle,MathNet,COMPETITION_ONLY,,,,,,,,
MATHNET-0cus,XLIII Russian mathematical olympiad,XLIII Russian mathematical olympiad,,,,XLIII Russian mathematical olympiad,MathNet,COMPETITION_ONLY,,,,,,,,
MATHNET-0j3m,Harvard-MIT Mathematics Tournament,Harvard MIT Mathematics Tournament,,,,Harvard MIT Mathematics Tournament,MathNet,COMPETITION_ONLY,,,,,,,,
MATHNET-0bo4,66th ROMANIAN MATHEMATICAL OLYMPIAD,66th ROMANIAN MATHEMATICAL OLYMPIAD,,,,66th ROMANIAN MATHEMATICAL OLYMPIAD,MathNet,COMPETITION_ONLY,,,,,,,,
MATHNET-05g5,"Olympiades Françaises de Mathématiques, Envoi No. 6","Olympiades Françaises de Mathématiques, Envoi No. 6",,,,"Olympiades Françaises de Mathématiques, Envoi No. 6",MathNet,COMPETITION_ONLY,,,,,,,,
MATHNET-078n,INMO,INMO,,,,INMO,MathNet,COMPETITION_ONLY,,,,,,,,
MATHNET-03n8,Canadian Mathematical Olympiad,Canadian Mathematical Olympiad,,,,Canadian Mathematical Olympiad,MathNet,COMPETITION_ONLY,,,,,,,,
MATHNET-0hai,The Problems of Ukrainian Authors,The Problems of Ukrainian Authors,,,,The Problems of Ukrainian Authors,MathNet,COMPETITION_ONLY,,,,,,,,
MATHNET-01k3,60th Belarusian Mathematical Olympiad,60th Belarusian Mathematical Olympiad,,,,60th Belarusian Mathematical Olympiad,MathNet,COMPETITION_ONLY,,,,,,,,
MATHNET-0839,XIX GARA NAZIONALE DI MATEMATICA,XIX GARA NAZIONALE DI MATEMATICA,,,,XIX GARA NAZIONALE DI MATEMATICA,MathNet,COMPETITION_ONLY,,,,,,,,
MATHNET-0f9k,24th ASU,24th ASU,,,,24th ASU,MathNet,COMPETITION_ONLY,,,,,,,,
MATHNET-00cv,Nacional OMA,Nacional OMA,,,,Nacional OMA,MathNet,COMPETITION_ONLY,,,,,,,,
MATHNET-0h39,Ukrainian Mathematical Olympiad,Ukrainian Mathematical Olympiad,,,,Ukrainian Mathematical Olympiad,MathNet,COMPETITION_ONLY,,,,,,,,
MATHNET-0ig4,Harvard-MIT Mathematics Tournament,Harvard MIT Mathematics Tournament,,,,Harvard MIT Mathematics Tournament,MathNet,COMPETITION_ONLY,,,,,,,,
MATHNET-03gy,Canadian Mathematical Olympiad,Canadian Mathematical Olympiad,,,,Canadian Mathematical Olympiad,MathNet,COMPETITION_ONLY,,,,,,,,
MATHNET-0jtz,HMMT February,HMMT February,,,,HMMT February,MathNet,COMPETITION_ONLY,,,,,,,,
MATHNET-0ebi,59. matematično tekmovanje srednješolcev Slovenije,59. matematično tekmovanje srednješolcev Slovenije,,,,59. matematično tekmovanje srednješolcev Slovenije,MathNet,COMPETITION_ONLY,,,,,,,,
MATHNET-09iq,Mongolian Mathematical Olympiad Round 3,Mongolian Mathematical Olympiad Round 3,,,,Mongolian Mathematical Olympiad Round 3,MathNet,COMPETITION_ONLY,,,,,,,,
MATHNET-0doe,14. СРПСКА МАТЕМАТИЧКА ОЛИМПИЈАДА УЧЕНИКА СРЕДЊИХ ШКОЛА,14. СРПСКА МАТЕМАТИЧКА ОЛИМПИЈАДА УЧЕНИКА СРЕДЊИХ ШКОЛА,,,,14. СРПСКА МАТЕМАТИЧКА ОЛИМПИЈАДА УЧЕНИКА СРЕДЊИХ ШКОЛА,MathNet,COMPETITION_ONLY,,,,,,,,
MATHNET-0590,Estonian Math Competitions,Estonian Math Competitions,,,,Estonian Math Competitions,MathNet,COMPETITION_ONLY,,,,,,,,
MATHNET-05tl,Envoi 5: Pot Pourri,Envoi 5: Pot Pourri,,,,Envoi 5: Pot Pourri,MathNet,COMPETITION_ONLY,,,,,,,,
MATHNET-00et,,,,,,,MathNet,COMPETITION_ONLY,,,,,,,,
MATHNET-0j86,Harvard-MIT Mathematics Tournament,Harvard MIT Mathematics Tournament,,,,Harvard MIT Mathematics Tournament,MathNet,COMPETITION_ONLY,,,,,,,,
MATHNET-03bp,Team selection test for the 54th IMO,Team selection test for the 54th IMO,,,,Team selection test for the 54th IMO,MathNet,UNMATCHED,0.2233,0.0185,,,NO_SAFE_MATCH,0.0975,0.1766,0.3626
MATHNET-0law,Vijetnam 2011,Vijetnam,2011.0,,,Vijetnam 2011,MathNet,YEAR_ONLY,,,,,,,,
MATHNET-029k,,,,,,,MathNet,COMPETITION_ONLY,,,,,,,,
MATHNET-0feu,TANDA II,TANDA II,,,,TANDA II,MathNet,COMPETITION_ONLY,,,,,,,,
MATHNET-0cie,75th NMO,75th NMO,,,,75th NMO,MathNet,COMPETITION_ONLY,,,,,,,,
MATHNET-071o,INMO,INMO,,,,INMO,MathNet,COMPETITION_ONLY,,,,,,,,
MATHNET-084e,Progetto Olimpiadi di Matematica,Progetto Olimpiadi di Matematica,,,,Progetto Olimpiadi di Matematica,MathNet,COMPETITION_ONLY,,,,,,,,
MATHNET-01u9,Belarusian Mathematical Olympiad,Belarusian Mathematical Olympiad,,,,Belarusian Mathematical Olympiad,MathNet,COMPETITION_ONLY,,,,,,,,
MATHNET-00kp,Austrian Mathematical Olympiad,Austrian Mathematical Olympiad,,,,Austrian Mathematical Olympiad,MathNet,COMPETITION_ONLY,,,,,,,,
MATHNET-03z3,China Girls' Mathematical Olympiad,China Girls' Mathematical Olympiad,,,,China Girls' Mathematical Olympiad,MathNet,COMPETITION_ONLY,,,,,,,,
MATHNET-03tp,China Mathematical Competition,China Mathematical Competition,,,,China Mathematical Competition,MathNet,COMPETITION_ONLY,,,,,,,,
MATHNET-0e73,National Math Olympiad 2012,National Math Olympiad,2012.0,,,National Math Olympiad 2012,MathNet,YEAR_ONLY,,,,,,,,
MATHNET-0698,23rd Junior Balkan Mathematical Olympiad,23rd Junior Balkan Mathematical Olympiad,,,,23rd Junior Balkan Mathematical Olympiad,MathNet,COMPETITION_ONLY,,,,,,,,
MATHNET-0g0v,IMO-Selektion,IMO Selektion,,,,IMO Selektion,MathNet,UNMATCHED,0.1711,0.0097,,,NO_SAFE_MATCH,0.0299,0.0973,0.3407
MATHNET-0ef5,"17. tekmovanje v znanju matematike za dijake srednjih tehniških in strokovnih šol, Odbirno tekmovanje","17. tekmovanje v znanju matematike za dijake srednjih tehniških in strokovnih šol, Odbirno tekmovanje",,,,"17. tekmovanje v znanju matematike za dijake srednjih tehniških in strokovnih šol, Odbirno tekmovanje",MathNet,COMPETITION_ONLY,,,,,,,,
MATHNET-0gbv,"2018 數學奧林匹亞競賽第二階段選訓營, 獨立研究(三)","數學奧林匹亞競賽第二階段選訓營, 獨立研究(三)",2018.0,,,"數學奧林匹亞競賽第二階段選訓營, 獨立研究(三) 2018",MathNet,YEAR_ONLY,,,,,,,,
MATHNET-09cc,Mongolian Mathematical Olympiad 46,Mongolian Mathematical Olympiad 46,,,,Mongolian Mathematical Olympiad 46,MathNet,COMPETITION_ONLY,,,,,,,,
MATHNET-06h1,CHKMO,CHKMO,,,,CHKMO,MathNet,COMPETITION_ONLY,,,,,,,,
MATHNET-0ij0,Harvard-MIT Mathematics Tournament,Harvard MIT Mathematics Tournament,,,,Harvard MIT Mathematics Tournament,MathNet,COMPETITION_ONLY,,,,,,,,
MATHNET-02jz,Brazilian Mathematical Olympiad,Brazilian Mathematical Olympiad,,,,Brazilian Mathematical Olympiad,MathNet,COMPETITION_ONLY,,,,,,,,
MATHNET-09hc,Mongolian National Mathematical Olympiad,Mongolian National Mathematical Olympiad,,,,Mongolian National Mathematical Olympiad,MathNet,COMPETITION_ONLY,,,,,,,,
MATHNET-002s,XIV Olimpiada Matemática Rioplatense,XIV Olimpiada Matemática Rioplatense,,,,XIV Olimpiada Matemática Rioplatense,MathNet,COMPETITION_ONLY,,,,,,,,
MATHNET-0a4r,New Zealand Mathematical Olympiad,New Zealand Mathematical Olympiad,,,,New Zealand Mathematical Olympiad,MathNet,COMPETITION_ONLY,,,,,,,,
MATHNET-0djq,SAUDI ARABIAN IMO Booklet 2023,SAUDI ARABIAN IMO Booklet,2023.0,,,SAUDI ARABIAN IMO Booklet 2023,MathNet,UNMATCHED,0.2778,0.0539,,,NO_SAFE_MATCH,0.1244,0.2063,0.4566
MATHNET-049x,Hrvatska 2011,Hrvatska,2011.0,,,Hrvatska 2011,MathNet,YEAR_ONLY,,,,,,,,
MATHNET-00cu,Nacional OMA,Nacional OMA,,,,Nacional OMA,MathNet,COMPETITION_ONLY,,,,,,,,
MATHNET-05zn,PRÉPARATION OLYMPIQUE FRANÇAISE DE MATHÉMATIQUES - ENVOI 2 : AlgèBre,PRÉPARATION OLYMPIQUE FRANÇAISE DE MATHÉMATIQUES ENVOI 2 : AlgèBre,,,,PRÉPARATION OLYMPIQUE FRANÇAISE DE MATHÉMATIQUES ENVOI 2 : AlgèBre,MathNet,COMPETITION_ONLY,,,,,,,,
MATHNET-039t,Fall Mathematical Competition,Fall Mathematical Competition,,,,Fall Mathematical Competition,MathNet,COMPETITION_ONLY,,,,,,,,
MATHNET-07cc,Iranian Mathematical Olympiad,Iranian Mathematical Olympiad,,,,Iranian Mathematical Olympiad,MathNet,COMPETITION_ONLY,,,,,,,,
MATHNET-04ra,62nd Czech and Slovak Mathematical Olympiad,62nd Czech and Slovak Mathematical Olympiad,,,,62nd Czech and Slovak Mathematical Olympiad,MathNet,COMPETITION_ONLY,,,,,,,,
MATHNET-0apd,Tenth Philippine Mathematical Olympiad,Tenth Philippine Mathematical Olympiad,,,,Tenth Philippine Mathematical Olympiad,MathNet,COMPETITION_ONLY,,,,,,,,
MATHNET-056g,Estonian Mathematical Olympiad,Estonian Mathematical Olympiad,,,,Estonian Mathematical Olympiad,MathNet,COMPETITION_ONLY,,,,,,,,
MATHNET-0alb,QUALIFYING STAGE,QUALIFYING STAGE,,,,QUALIFYING STAGE,MathNet,COMPETITION_ONLY,,,,,,,,
MATHNET-076c,INMO,INMO,,,,INMO,MathNet,COMPETITION_ONLY,,,,,,,,
MATHNET-0joq,HMMT November 2015,HMMT November,2015.0,,,HMMT November 2015,MathNet,YEAR_ONLY,,,,,,,,
MATHNET-081q,Progetto Olimpiadi di Matematica,Progetto Olimpiadi di Matematica,,,,Progetto Olimpiadi di Matematica,MathNet,COMPETITION_ONLY,,,,,,,,
MATHNET-02er,XIII OBM,XIII OBM,,,,XIII OBM,MathNet,COMPETITION_ONLY,,,,,,,,
MATHNET-06x6,International Mathematical Olympiad,International Mathematical Olympiad,,,,International Mathematical Olympiad,MathNet,COMPETITION_ONLY,,,,,,,,
MATHNET-03f4,Bulgarian Spring Tournament,Bulgarian Spring Tournament,,,,Bulgarian Spring Tournament,MathNet,COMPETITION_ONLY,,,,,,,,
MATHNET-0eao,"14. tekmovanje v znanju matematike za dijake srednjih tehniških in strokovnih šol, Državno tekmovanje","14. tekmovanje v znanju matematike za dijake srednjih tehniških in strokovnih šol, Državno tekmovanje",,,,"14. tekmovanje v znanju matematike za dijake srednjih tehniških in strokovnih šol, Državno tekmovanje",MathNet,COMPETITION_ONLY,,,,,,,,
MATHNET-06ak,40th Hellenic Mathematical Olympiad,40th Hellenic Mathematical Olympiad,,,,40th Hellenic Mathematical Olympiad,MathNet,COMPETITION_ONLY,,,,,,,,
MATHNET-0b84,Romanian Mathematical Olympiad,Romanian Mathematical Olympiad,,,,Romanian Mathematical Olympiad,MathNet,COMPETITION_ONLY,,,,,,,,
MATHNET-0g60,二〇一一數學奧林匹亞競賽第三階段選訓營,二〇一一數學奧林匹亞競賽第三階段選訓營,,,,二〇一一數學奧林匹亞競賽第三階段選訓營,MathNet,COMPETITION_ONLY,,,,,,,,
MATHNET-0juf,HMMT November 2016,HMMT November,2016.0,,,HMMT November 2016,MathNet,YEAR_ONLY,,,,,,,,
MATHNET-0bm7,66th NMO SELECTION TESTS FOR THE BALKAN AND INTERNATIONAL MATHEMATICAL OLYMPIADS,66th NMO SELECTION TESTS FOR THE BALKAN AND INTERNATIONAL MATHEMATICAL OLYMPIADS,,,,66th NMO SELECTION TESTS FOR THE BALKAN AND INTERNATIONAL MATHEMATICAL OLYMPIADS,MathNet,COMPETITION_ONLY,,,,,,,,
MATHNET-0aut,19th Philippine Mathematical Olympiad,19th Philippine Mathematical Olympiad,,,,19th Philippine Mathematical Olympiad,MathNet,COMPETITION_ONLY,,,,,,,,
MATHNET-09vr,"IMO Team Selection Test 2, June 2020","IMO Team Selection Test 2, June",2020.0,,,"IMO Team Selection Test 2, June 2020",MathNet,UNMATCHED,0.2779,0.026,,,NO_SAFE_MATCH,0.0916,0.1741,0.5059
MATHNET-0925,MEMO,MEMO,,,,MEMO,MathNet,COMPETITION_ONLY,,,,,,,,
MATHNET-0ibi,Bay Area Mathematical Olympiad,Bay Area Mathematical Olympiad,,,,Bay Area Mathematical Olympiad,MathNet,COMPETITION_ONLY,,,,,,,,
MATHNET-0am1,Area Stage,Area Stage,,,,Area Stage,MathNet,COMPETITION_ONLY,,,,,,,,
MATHNET-0677,31st Hellenic Mathematical Olympiad,31st Hellenic Mathematical Olympiad,,,,31st Hellenic Mathematical Olympiad,MathNet,COMPETITION_ONLY,,,,,,,,
MATHNET-0fev,TANDA II,TANDA II,,,,TANDA II,MathNet,COMPETITION_ONLY,,,,,,,,
MATHNET-0901,Japan Mathematical Olympiad,Japan Mathematical Olympiad,,,,Japan Mathematical Olympiad,MathNet,COMPETITION_ONLY,,,,,,,,
MATHNET-05jg,Olympiades Françaises de Mathématiques,Olympiades Françaises de Mathématiques,,,,Olympiades Françaises de Mathématiques,MathNet,COMPETITION_ONLY,,,,,,,,
MATHNET-04ru,63rd Czech and Slovak Mathematical Olympiad,63rd Czech and Slovak Mathematical Olympiad,,,,63rd Czech and Slovak Mathematical Olympiad,MathNet,COMPETITION_ONLY,,,,,,,,
MATHNET-0d6i,SAUDI ARABIAN MATHEMATICAL COMPETITIONS,SAUDI ARABIAN MATHEMATICAL COMPETITIONS,,,,SAUDI ARABIAN MATHEMATICAL COMPETITIONS,MathNet,COMPETITION_ONLY,,,,,,,,
MATHNET-0jfs,HMMT 2013,HMMT,2013.0,,,HMMT 2013,MathNet,YEAR_ONLY,,,,,,,,
MATHNET-0i9x,USA IMO 2003,USA IMO,2003.0,,,USA IMO 2003,MathNet,UNMATCHED,0.2039,0.0164,,,NO_SAFE_MATCH,0.0504,0.1812,0.3523
MATHNET-0bhj,Shortlisted problems for the 65th Romanian NMO,Shortlisted problems for the 65th Romanian NMO,,,,Shortlisted problems for the 65th Romanian NMO,MathNet,COMPETITION_ONLY,,,,,,,,
MATHNET-0bmd,66th NMO SELECTION TESTS FOR THE JUNIOR BALKAN MATHEMATICAL OLYMPIAD,66th NMO SELECTION TESTS FOR THE JUNIOR BALKAN MATHEMATICAL OLYMPIAD,,,,66th NMO SELECTION TESTS FOR THE JUNIOR BALKAN MATHEMATICAL OLYMPIAD,MathNet,COMPETITION_ONLY,,,,,,,,
MATHNET-0gfz,"2022 數學奧林匹亞競賽第一階段培訓營, 國際競賽實作(一)","數學奧林匹亞競賽第一階段培訓營, 國際競賽實作(一)",2022.0,,,"數學奧林匹亞競賽第一階段培訓營, 國際競賽實作(一) 2022",MathNet,YEAR_ONLY,,,,,,,,
MATHNET-06pl,48th International Mathematical Olympiad Vietnam 2007 Shortlisted Problems with Solutions,48th International Mathematical Olympiad Vietnam Shortlisted Problems with Solutions,2007.0,,,48th International Mathematical Olympiad Vietnam Shortlisted Problems with Solutions 2007,MathNet,YEAR_ONLY,,,,,,,,
MATHNET-07j1,41th Iranian Mathematical Olympiad,41th Iranian Mathematical Olympiad,,,,41th Iranian Mathematical Olympiad,MathNet,COMPETITION_ONLY,,,,,,,,
MATHNET-0azg,20th Philippine Mathematical Olympiad,20th Philippine Mathematical Olympiad,,,,20th Philippine Mathematical Olympiad,MathNet,COMPETITION_ONLY,,,,,,,,
MATHNET-0d0r,Saudi Arabia Mathematical Competitions 2012,Saudi Arabia Mathematical Competitions,2012.0,,,Saudi Arabia Mathematical Competitions 2012,MathNet,YEAR_ONLY,,,,,,,,
MATHNET-0j2y,Harvard-MIT November Tournament,Harvard MIT November Tournament,,,,Harvard MIT November Tournament,MathNet,COMPETITION_ONLY,,,,,,,,
MATHNET-0b2x,23rd Philippine Mathematical Olympiad Qualifying Stage,23rd Philippine Mathematical Olympiad Qualifying Stage,,,,23rd Philippine Mathematical Olympiad Qualifying Stage,MathNet,COMPETITION_ONLY,,,,,,,,
MATHNET-020t,Benelux Mathematical Olympiad,Benelux Mathematical Olympiad,,,,Benelux Mathematical Olympiad,MathNet,COMPETITION_ONLY,,,,,,,,
MATHNET-0k94,Berkeley Math Circle: Monthly Contest 4,Berkeley Math Circle: Monthly Contest 4,,,,Berkeley Math Circle: Monthly Contest 4,MathNet,COMPETITION_ONLY,,,,,,,,
MATHNET-0f8b,22nd ASU,22nd ASU,,,,22nd ASU,MathNet,COMPETITION_ONLY,,,,,,,,
MATHNET-0eug,22nd Korean Mathematical Olympiad Final Round,22nd Korean Mathematical Olympiad Final Round,,,,22nd Korean Mathematical Olympiad Final Round,MathNet,COMPETITION_ONLY,,,,,,,,
MATHNET-0gqz,Team Selection Test,Team Selection Test,,,,Team Selection Test,MathNet,COMPETITION_ONLY,,,,,,,,
MATHNET-02jw,Brazilian Mathematical Olympiad,Brazilian Mathematical Olympiad,,,,Brazilian Mathematical Olympiad,MathNet,COMPETITION_ONLY,,,,,,,,
MATHNET-0fx2,SMO Finalrunde,SMO Finalrunde,,,,SMO Finalrunde,MathNet,COMPETITION_ONLY,,,,,,,,
MATHNET-06y4,IMO2024 Shortlisted Problems,IMO Shortlisted Problems,2024.0,,,IMO Shortlisted Problems 2024,MathNet,UNMATCHED,0.4431,0.0563,,,NO_SAFE_MATCH,0.3384,0.5138,0.4906
MATHNET-00jk,Austrian Mathematical Olympiad,Austrian Mathematical Olympiad,,,,Austrian Mathematical Olympiad,MathNet,COMPETITION_ONLY,,,,,,,,
MATHNET-0jgr,HMMT 2013,HMMT,2013.0,,,HMMT 2013,MathNet,YEAR_ONLY,,,,,,,,
MATHNET-0acz,Balkan Mathematical Olympiad,Balkan Mathematical Olympiad,,,,Balkan Mathematical Olympiad,MathNet,COMPETITION_ONLY,,,,,,,,
MATHNET-0fg6,International Mathematical Olympiad,International Mathematical Olympiad,,,,International Mathematical Olympiad,MathNet,COMPETITION_ONLY,,,,,,,,
MATHNET-0bml,66th NMO SELECTION TESTS FOR THE JUNIOR BALKAN MATHEMATICAL OLYMPIAD,66th NMO SELECTION TESTS FOR THE JUNIOR BALKAN MATHEMATICAL OLYMPIAD,,,,66th NMO SELECTION TESTS FOR THE JUNIOR BALKAN MATHEMATICAL OLYMPIAD,MathNet,COMPETITION_ONLY,,,,,,,,
MATHNET-01nc,Belorusija 2012,Belorusija,2012.0,,,Belorusija 2012,MathNet,YEAR_ONLY,,,,,,,,
MATHNET-01l8,Belarusian Mathematical Olympiad,Belarusian Mathematical Olympiad,,,,Belarusian Mathematical Olympiad,MathNet,COMPETITION_ONLY,,,,,,,,
MATHNET-0f8j,22nd ASU,22nd ASU,,,,22nd ASU,MathNet,COMPETITION_ONLY,,,,,,,,
MATHNET-0k6m,HMMT February 2019,HMMT February,2019.0,,,HMMT February 2019,MathNet,YEAR_ONLY,,,,,,,,
MATHNET-07la,Irska,Irska,,,,Irska,MathNet,COMPETITION_ONLY,,,,,,,,
MATHNET-02ya,Brazilian Mathematical Olympiad,Brazilian Mathematical Olympiad,,,,Brazilian Mathematical Olympiad,MathNet,COMPETITION_ONLY,,,,,,,,
MATHNET-0ckb,75th Romanian Mathematical Olympiad,75th Romanian Mathematical Olympiad,,,,75th Romanian Mathematical Olympiad,MathNet,COMPETITION_ONLY,,,,,,,,
MATHNET-02eg,X OBM,X OBM,,,,X OBM,MathNet,COMPETITION_ONLY,,,,,,,,
MATHNET-05lp,Olympiades Françaises de Mathématiques - Test de Janvier,Olympiades Françaises de Mathématiques Test de Janvier,,,,Olympiades Françaises de Mathématiques Test de Janvier,MathNet,COMPETITION_ONLY,,,,,,,,
MATHNET-04t3,15th Czech-Polish-Slovak Mathematics Competition,15th Czech Polish Slovak Mathematics Competition,,,,15th Czech Polish Slovak Mathematics Competition,MathNet,COMPETITION_ONLY,,,,,,,,
MATHNET-0dyh,Slovenija 2008,Slovenija,2008.0,,,Slovenija 2008,MathNet,YEAR_ONLY,,,,,,,,
MATHNET-0jgz,TSTST,TSTST,,,,TSTST,MathNet,COMPETITION_ONLY,,,,,,,,
MATHNET-0dsa,Singapore Mathematical Olympiad (SMO),Singapore Mathematical Olympiad (SMO),,,,Singapore Mathematical Olympiad (SMO),MathNet,COMPETITION_ONLY,,,,,,,,
MATHNET-0f42,15th ASU,15th ASU,,,,15th ASU,MathNet,COMPETITION_ONLY,,,,,,,,
MATHNET-0er4,South African Mathematics Olympiad First Round,South African Mathematics Olympiad First Round,,,,South African Mathematics Olympiad First Round,MathNet,COMPETITION_ONLY,,,,,,,,
MATHNET-00h0,APMO,APMO,,,,APMO,MathNet,COMPETITION_ONLY,,,,,,,,
