problem_id,mathnet_competition,mathnet_domain,rank,score,candidate_title,candidate_year,candidate_problem_number,candidate_external_id,candidate_source_url,mathnet_text,candidate_text
MATHNET-06j5,IMO HK TST,discrete_mathematics,1,0.2004,IMO 2025 P6,2025,6,IMO-2025-6,https://artofproblemsolving.com/wiki/index.php/2025_IMO_Problems/Problem_6,"A $11 \times 11$ grid is to be covered completely without overlapping by some $2 \times 2$ squares and $L$-shapes each composed of three unit cells. Determine the smallest number of $L$-shapes used. (Each shape must cover some grids entirely and cannot be placed outside the $11 \times 11$ grid. The $L$-shapes may be reflected or rotated when placed on the grid.)

![](attached_image_1.png)","Consider a 2025 x 2025 grid of unit squares. Matlida wishes to place on the grid some rectangular tiles, possibly of different sizes, such that each side of every tile lies on a grid line and every unit square is covered by at most one tile.

Determine the minimum number of tiles Matlida needs to place so that each row and each column of the grid has exactly one unit square that is not covered by any tile."
MATHNET-06j5,IMO HK TST,discrete_mathematics,2,0.1556,IMO 1960 P1,1960,1,IMO-1960-1,https://artofproblemsolving.com/wiki/index.php/1960_IMO_Problems/Problem_1,"A $11 \times 11$ grid is to be covered completely without overlapping by some $2 \times 2$ squares and $L$-shapes each composed of three unit cells. Determine the smallest number of $L$-shapes used. (Each shape must cover some grids entirely and cannot be placed outside the $11 \times 11$ grid. The $L$-shapes may be reflected or rotated when placed on the grid.)

![](attached_image_1.png)","Determine all three-digit numbers \(N\) having the property that \(N\) is divisible by 11, and \(\dfrac{N}{11}\) is equal to the sum of the squares of the digits of \(N\)."
MATHNET-06j5,IMO HK TST,discrete_mathematics,3,0.1365,IMO 2004 P3,2004,3,IMO-2004-3,https://artofproblemsolving.com/wiki/index.php/2004_IMO_Problems/Problem_3,"A $11 \times 11$ grid is to be covered completely without overlapping by some $2 \times 2$ squares and $L$-shapes each composed of three unit cells. Determine the smallest number of $L$-shapes used. (Each shape must cover some grids entirely and cannot be placed outside the $11 \times 11$ grid. The $L$-shapes may be reflected or rotated when placed on the grid.)

![](attached_image_1.png)","Define a ""hook"" to be a figure made up of six unit squares as shown below in the picture, or any of the figures obtained by applying rotations and reflections to this figure.

\[
[asy] unitsize(0.5 cm);  draw((0,0)--(1,0)); draw((0,1)--(1,1)); draw((2,1)--(3,1)); draw((0,2)--(3,2)); draw((0,3)--(3,3)); draw((0,0)--(0,3)); draw((1,0)--(1,3)); draw((2,1)--(2,3)); draw((3,1)--(3,3)); [/asy]
\]

Determine all \(m \times n\) rectangles that can be covered without gaps and without overlaps with hooks "
MATHNET-06op,IMO Shortlisted Problems,algebra,1,0.224,IMO 1971 P2,1971,2,IMO-1971-2,https://artofproblemsolving.com/wiki/index.php/1971_IMO_Problems/Problem_2,"Consider a convex polyhedron without parallel edges and without an edge parallel to any face other than the two faces adjacent to it.
Call a pair of points of the polyhedron antipodal if there exist two parallel planes passing through these points and such that the polyhedron is contained between these planes.
Let $A$ be the number of antipodal pairs of vertices, and let $B$ be the number of antipodal pairs of midpoints of edges. Determine the difference $A-B$ in terms of the numbers of vertices","Consider a convex polyhedron \(P_1\) with nine vertices \(A_1, A_2, \cdots, A_9;\) let \(P_i\) be the polyhedron obtained from \(P_1\) by a translation that moves vertex \(A_1\) to \(A_i(i=2,3,\cdots, 9).\) Prove that at least two of the polyhedra \(P_1, P_2,\cdots, P_9\) have an interior point in common."
MATHNET-06op,IMO Shortlisted Problems,algebra,2,0.1525,IMO 2013 P6,2013,6,IMO-2013-6,https://artofproblemsolving.com/wiki/index.php/2013_IMO_Problems/Problem_6,"Consider a convex polyhedron without parallel edges and without an edge parallel to any face other than the two faces adjacent to it.
Call a pair of points of the polyhedron antipodal if there exist two parallel planes passing through these points and such that the polyhedron is contained between these planes.
Let $A$ be the number of antipodal pairs of vertices, and let $B$ be the number of antipodal pairs of midpoints of edges. Determine the difference $A-B$ in terms of the numbers of vertices","Let \(n \ge 3\) be an integer, and consider a circle with \(n + 1\) equally spaced points marked on it. Consider all labellings of these points with the numbers \(0, 1, ... , n\) such that each label is used exactly once; two such labellings are considered to be the same if one can be obtained from the other by a rotation of the circle. A labelling is called beautiful if, for any four labels \(a < b < c < d\) with \(a + d = b + c\), the chord joining the points labelled \(a\) and \(d\) does not "
MATHNET-06op,IMO Shortlisted Problems,algebra,3,0.1451,IMO 1986 P6,1986,6,IMO-1986-6,https://artofproblemsolving.com/wiki/index.php/1986_IMO_Problems/Problem_6,"Consider a convex polyhedron without parallel edges and without an edge parallel to any face other than the two faces adjacent to it.
Call a pair of points of the polyhedron antipodal if there exist two parallel planes passing through these points and such that the polyhedron is contained between these planes.
Let $A$ be the number of antipodal pairs of vertices, and let $B$ be the number of antipodal pairs of midpoints of edges. Determine the difference $A-B$ in terms of the numbers of vertices","Given a finite set of points in the plane, each with integer coordinates, is it always possible to color the points red or white so that for any straight line \(L\) parallel to one of the coordinate axes the difference (in absolute value) between the numbers of white and red points on \(L\) is not greater than \(1\)?"
MATHNET-09tk,IMO selectietoets,geometry,1,0.2119,IMO 1973 P1,1973,1,IMO-1973-1,https://artofproblemsolving.com/wiki/index.php/1973_IMO_Problems/Problem_1,"Problem:

Gegeven is een driehoek $\triangle A B C$ met $\angle C=90^{\circ}$. Het midden van $A C$ noemen we $D$ en de loodrechte projectie van $C$ op $B D$ noemen we $E$. Bewijs dat de raaklijn in $C$ aan de omgeschreven cirkel van $\triangle A E C$ loodrecht op $A B$ staat.

![](attached_image_1.png)","Point \(O\) lies on line \(g;\) \(\overrightarrow{OP_1}, \overrightarrow{OP_2},\cdots, \overrightarrow{OP_n}\) are unit vectors such that points \(P_1, P_2, \cdots, P_n\) all lie in a plane containing \(g\) and on one side of \(g.\) Prove that if \(n\) is odd,

\[
\left|\overrightarrow{OP_1}+\overrightarrow{OP_2}+\cdots+ \overrightarrow{OP_n}\right|\ge1.
\]

Here \(\left|\overrightarrow{OM}\right|\) denotes the length of vector \(\overrightarrow{OM}.\)"
MATHNET-09tk,IMO selectietoets,geometry,2,0.0852,IMO 1995 P5,1995,5,IMO-1995-5,https://artofproblemsolving.com/wiki/index.php/1995_IMO_Problems/Problem_5,"Problem:

Gegeven is een driehoek $\triangle A B C$ met $\angle C=90^{\circ}$. Het midden van $A C$ noemen we $D$ en de loodrechte projectie van $C$ op $B D$ noemen we $E$. Bewijs dat de raaklijn in $C$ aan de omgeschreven cirkel van $\triangle A E C$ loodrecht op $A B$ staat.

![](attached_image_1.png)","Let \(ABCDEF\) be a convex hexagon with \(AB=BC=CD\) and \(DE=EF=FA\), such that \(\angle BCD=\angle EFA=\frac{\pi}{3}\). Suppose \(G\) and \(H\) are points in the interior of the hexagon such that \(\angle AGB=\angle DHE=\frac{2\pi}{3}\). Prove that \(AG+GB+GH+DH+HE\ge CF\)."
MATHNET-09tk,IMO selectietoets,geometry,3,0.0838,IMO 1996 P5,1996,5,IMO-1996-5,https://artofproblemsolving.com/wiki/index.php/1996_IMO_Problems/Problem_5,"Problem:

Gegeven is een driehoek $\triangle A B C$ met $\angle C=90^{\circ}$. Het midden van $A C$ noemen we $D$ en de loodrechte projectie van $C$ op $B D$ noemen we $E$. Bewijs dat de raaklijn in $C$ aan de omgeschreven cirkel van $\triangle A E C$ loodrecht op $A B$ staat.

![](attached_image_1.png)","Let \(ABCDEF\) be a convex hexagon such that \(AB\) is parallel to \(DE\), \(BD\) is parallel to \(EF\), and \(CD\) is parallel to \(FA\). Let \(R_{A}\), \(R_{C}\), \(R_{E}\) denote the circumradii of triangles \(FAB\), \(BCD\), \(DEF\), respectively, and let \(P\) denote the perimeter of the hexagon. Prove that

\[
R_{A}+R_{C}+R_{E} \ge \frac{P}{2}
\]"
MATHNET-0gn8,Team Selection Test for IMO,discrete_mathematics,1,0.1336,IMO 1991 P4,1991,4,IMO-1991-4,https://artofproblemsolving.com/wiki/index.php/1991_IMO_Problems/Problem_4,"An airline company is planning to run two-way flights between some of the six cities $A$, $B$, $C$, $D$, $E$ and $F$. Determine the number of ways these flights can be arranged so that it is possible to travel between any two of these six cities using only the flights of this company.","Suppose \(\,G\,\) is a connected graph with \(\,k\,\) edges. Prove that it is possible to label the edges \(1,2,\ldots ,k\,\) in such a way that at each vertex which belongs to two or more edges, the greatest common divisor of the integers labeling those edges is equal to 1."
MATHNET-0gn8,Team Selection Test for IMO,discrete_mathematics,2,0.1292,IMO 1997 P6,1997,6,IMO-1997-6,https://artofproblemsolving.com/wiki/index.php/1997_IMO_Problems/Problem_6,"An airline company is planning to run two-way flights between some of the six cities $A$, $B$, $C$, $D$, $E$ and $F$. Determine the number of ways these flights can be arranged so that it is possible to travel between any two of these six cities using only the flights of this company.","For each positive integer \(n\), let \(f(n)\) denote the number of ways of representing \(n\) as a sum of powers of \(2\) with nonnegative integer exponents. Representations which differ only in the ordering of their summands are considered to be the same. For instance, \(f(4)=4\), because the number 4 can be represented in the following four ways:

\[
4;2+2;2+1+1;1+1+1+1
\]

Prove that, for any integer \(n \ge 3\),

\(2^{n^{2}/4}<f(2^{n})<2^{n^{2}/2}\)."
MATHNET-0gn8,Team Selection Test for IMO,discrete_mathematics,3,0.1266,IMO 1975 P5,1975,5,IMO-1975-5,https://artofproblemsolving.com/wiki/index.php/1975_IMO_Problems/Problem_5,"An airline company is planning to run two-way flights between some of the six cities $A$, $B$, $C$, $D$, $E$ and $F$. Determine the number of ways these flights can be arranged so that it is possible to travel between any two of these six cities using only the flights of this company.","Determine, with proof, whether or not one can find \(1975\) points on the circumference of a circle with unit radius such that the distance between any two of them is a rational number."
MATHNET-062m,2. IMO Auswahlklausur,discrete_mathematics,1,0.1306,IMO 1976 P1,1976,1,IMO-1976-1,https://artofproblemsolving.com/wiki/index.php/1976_IMO_Problems/Problem_1,"Problem:

Die 16 Felder eines $4 \times 4$-Schachbretts lassen sich wie folgt in 18 Linien ordnen: die vier Zeilen, die vier Spalten, fünf Diagonalen von Nordwest nach Südost und fünf Diagonalen von Nordost nach Südwest. Dabei bestehen diese Diagonalen aus 2, 3 oder 4 über Eck benachbarten Feldern jeweils gleicher Farbe; die Eckfelder des Schachbretts alleine bilden also keine Diagonale.
Nun wird in 10 der 16 Felder je ein Spielstein gesetzt. Jede der 18 Linien, die dann eine gerade Anzahl von S",In a convex quadrilateral (in the plane) with the area of \(32 \text{ cm}^{2}\) the sum of two opposite sides and a diagonal is \(16 \text{ cm}\). Determine all the possible values that the other diagonal can have.
MATHNET-062m,2. IMO Auswahlklausur,discrete_mathematics,2,0.0835,IMO 2018 P3,2018,3,IMO-2018-3,https://artofproblemsolving.com/wiki/index.php/2018_IMO_Problems/Problem_3,"Problem:

Die 16 Felder eines $4 \times 4$-Schachbretts lassen sich wie folgt in 18 Linien ordnen: die vier Zeilen, die vier Spalten, fünf Diagonalen von Nordwest nach Südost und fünf Diagonalen von Nordost nach Südwest. Dabei bestehen diese Diagonalen aus 2, 3 oder 4 über Eck benachbarten Feldern jeweils gleicher Farbe; die Eckfelder des Schachbretts alleine bilden also keine Diagonale.
Nun wird in 10 der 16 Felder je ein Spielstein gesetzt. Jede der 18 Linien, die dann eine gerade Anzahl von S","An anti-Pascal triangle is an equilateral triangular array of numbers such that, except for the numbers in the bottom row, each number is the absolute value of the difference of the two numbers immediately below it. For example, the following is an anti-Pascal triangle with four rows which contains every integer from \(1\) to \(10\)

\[
4
\]

\[
2\quad 6
\]

\[
5\quad 7 \quad 1
\]

\[
8\quad 3 \quad 10 \quad 9
\]

Does there exist an anti-Pascal triangle with \(2018\) rows which contains every i"
MATHNET-062m,2. IMO Auswahlklausur,discrete_mathematics,3,0.079,IMO 1983 P5,1983,5,IMO-1983-5,https://artofproblemsolving.com/wiki/index.php/1983_IMO_Problems/Problem_5,"Problem:

Die 16 Felder eines $4 \times 4$-Schachbretts lassen sich wie folgt in 18 Linien ordnen: die vier Zeilen, die vier Spalten, fünf Diagonalen von Nordwest nach Südost und fünf Diagonalen von Nordost nach Südwest. Dabei bestehen diese Diagonalen aus 2, 3 oder 4 über Eck benachbarten Feldern jeweils gleicher Farbe; die Eckfelder des Schachbretts alleine bilden also keine Diagonale.
Nun wird in 10 der 16 Felder je ein Spielstein gesetzt. Jede der 18 Linien, die dann eine gerade Anzahl von S","Is it possible to choose \(1983\) distinct positive integers, all less than or equal to \(10^5\), no three of which are consecutive terms of an arithmetic progression? Justify your answer."
MATHNET-0dgx,IMO,geometry,1,0.7608,IMO 1984 P4,1984,4,IMO-1984-4,https://artofproblemsolving.com/wiki/index.php/1984_IMO_Problems/Problem_4,Let $ABCD$ be a convex quadrilateral such that the line $CD$ is a tangent to the circle on $AB$ as diameter. Prove that the line $AB$ is a tangent to the circle on $CD$ as diameter if and only if the lines $BC$ and $AD$ are parallel.,Let \(ABCD\) be a convex quadrilateral with the line \(CD\) being tangent to the circle on diameter \(AB\). Prove that the line \(AB\) is tangent to the circle on diameter \(CD\) if and only if the lines \(BC\) and \(AD\) are parallel.
MATHNET-0dgx,IMO,geometry,2,0.2707,IMO 1989 P4,1989,4,IMO-1989-4,https://artofproblemsolving.com/wiki/index.php/1989_IMO_Problems/Problem_4,Let $ABCD$ be a convex quadrilateral such that the line $CD$ is a tangent to the circle on $AB$ as diameter. Prove that the line $AB$ is a tangent to the circle on $CD$ as diameter if and only if the lines $BC$ and $AD$ are parallel.,"Let \(ABCD\) be a convex quadrilateral such that the sides \(AB,AD,BC\) satisfy \(AB=AD+BC\). There exists a point \(P\) inside the quadrilateral at a distance \(h\) from the line \(CD\) such that \(AP=h+AD\) and \(BP=h+BC\). Show that:

\[
\frac{1}{\sqrt{h}}\ge\frac{1}{\sqrt{AD}}+\frac{1}{\sqrt{BC}}
\]"
MATHNET-0dgx,IMO,geometry,3,0.2533,IMO 1969 P4,1969,4,IMO-1969-4,https://artofproblemsolving.com/wiki/index.php/1969_IMO_Problems/Problem_4,Let $ABCD$ be a convex quadrilateral such that the line $CD$ is a tangent to the circle on $AB$ as diameter. Prove that the line $AB$ is a tangent to the circle on $CD$ as diameter if and only if the lines $BC$ and $AD$ are parallel.,"A semicircular arc \(\gamma\) is drawn with \(AB\) as diameter. \(C\) is a point on \(\gamma\) other than \(A\) and \(B\), and \(D\) is the foot of the perpendicular from \(C\) to \(AB\). We consider three circles, \(\gamma_1, \gamma_2, \gamma_3\), all tangent to the line \(AB\). Of these, \(\gamma_1\) is inscribed in \(\triangle ABC\), while \(\gamma_2\) and \(\gamma_3\) are both tangent to \(CD\) and \(\gamma\), one on each side of \(CD\). Prove that \(\gamma_1, \gamma_2\), and \(\gamma_3\) ha"
MATHNET-06nw,IMO Preliminary Selection Contest — Hong Kong,discrete_mathematics,1,0.2228,IMO 2000 P4,2000,4,IMO-2000-4,https://artofproblemsolving.com/wiki/index.php/2000_IMO_Problems/Problem_4,"There is a $20 \times 20$ table and $400$ cards printed with the numbers $1$ to $400$. The cards are then distributed to the cells of the table so that there is one card in each cell. After that, we put a red sticker on the card in each row with the largest number, and a blue sticker on the card in each column with the largest number. Let $A$ denote the smallest number on the $20$ cards with red stickers, and $B$ denote the smallest number on the $20$ cards with blue stickers. How many different","A magician has one hundred cards numbered \(1\) to \(100\). He puts them into three boxes, a red one, a white one and a blue one, so that each box contains at least one card.

A member of the audience selects two of the three boxes, chooses one card from each and announces the sum of the numbers on the chosen cards. Given this sum, the magician identifies the box from which no card has been chosen.

How many ways are there to put all the cards into the boxes so that this trick always works? (Two"
MATHNET-06nw,IMO Preliminary Selection Contest — Hong Kong,discrete_mathematics,2,0.168,IMO 1974 P1,1974,1,IMO-1974-1,https://artofproblemsolving.com/wiki/index.php/1974_IMO_Problems/Problem_1,"There is a $20 \times 20$ table and $400$ cards printed with the numbers $1$ to $400$. The cards are then distributed to the cells of the table so that there is one card in each cell. After that, we put a red sticker on the card in each row with the largest number, and a blue sticker on the card in each column with the largest number. Let $A$ denote the smallest number on the $20$ cards with red stickers, and $B$ denote the smallest number on the $20$ cards with blue stickers. How many different","Three players \(A, B\) and \(C\) play the following game: On each of three cards an integer is written. These three numbers \(p, q, r\) satisfy \(0 < p < q < r\). The three cards are shuffled and one is dealt to each player. Each then receives the number of counters indicated by the card he holds. Then the cards are shuffled again; the counters remain with the players.

This process (shuffling, dealing, giving out counters) takes place for at least two rounds. After the last round, \(A\) has 20 "
MATHNET-06nw,IMO Preliminary Selection Contest — Hong Kong,discrete_mathematics,3,0.1648,IMO 2020 P5,2020,5,IMO-2020-5,https://artofproblemsolving.com/wiki/index.php/2020_IMO_Problems/Problem_5,"There is a $20 \times 20$ table and $400$ cards printed with the numbers $1$ to $400$. The cards are then distributed to the cells of the table so that there is one card in each cell. After that, we put a red sticker on the card in each row with the largest number, and a blue sticker on the card in each column with the largest number. Let $A$ denote the smallest number on the $20$ cards with red stickers, and $B$ denote the smallest number on the $20$ cards with blue stickers. How many different","A deck of \(n > 1\) cards is given. A positive integer is written on each card. The deck has the property that the arithmetic mean of the numbers on each pair of cards is also the geometric mean of the numbers on some collection of one or more cards.

For which \(n\) does it follow that the numbers on the cards are all equal?"
MATHNET-0inh,IMO,number_theory,1,1.0,IMO 2007 P5,2007,5,IMO-2007-5,https://artofproblemsolving.com/wiki/index.php/2007_IMO_Problems/Problem_5,"Let $a$ and $b$ be positive integers. Show that if $4ab - 1$ divides $(4a^2 - 1)^2$, then $a = b$.","Let \(a\) and \(b\) be positive integers. Show that if \(4ab-1\) divides \((4a^2-1)^2\), then \(a=b\)."
MATHNET-0inh,IMO,number_theory,2,0.251,IMO 1988 P6,1988,6,IMO-1988-6,https://artofproblemsolving.com/wiki/index.php/1988_IMO_Problems/Problem_6,"Let $a$ and $b$ be positive integers. Show that if $4ab - 1$ divides $(4a^2 - 1)^2$, then $a = b$.",Let \(a\) and \(b\) be positive integers such that \(ab + 1\) divides \(a^{2} + b^{2}\). Show that \(\frac {a^{2} + b^{2}}{ab + 1}\) is the square of an integer.
MATHNET-0inh,IMO,number_theory,3,0.158,IMO 2000 P2,2000,2,IMO-2000-2,https://artofproblemsolving.com/wiki/index.php/2000_IMO_Problems/Problem_2,"Let $a$ and $b$ be positive integers. Show that if $4ab - 1$ divides $(4a^2 - 1)^2$, then $a = b$.","Let \(a, b, c\) be positive real numbers with \(abc=1\). Show that

\[
\left( a-1+\frac{1}{b} \right)\left( b-1+\frac{1}{c} \right)\left( c-1+\frac{1}{a} \right) \le 1
\]"
MATHNET-09vi,IMO selectietoets II,geometry,1,0.2106,IMO 1973 P1,1973,1,IMO-1973-1,https://artofproblemsolving.com/wiki/index.php/1973_IMO_Problems/Problem_1,"Problem:

Zij $ABC$ een scherphoekige driehoek met $O$ het middelpunt van de omgeschreven cirkel. Punt $Q$ ligt op de omgeschreven cirkel van $\triangle BOC$ zodat $OQ$ een middellijn is. Punt $M$ ligt op $CQ$ en punt $N$ ligt inwendig op lijnstuk $BC$ zodat $ANC M$ een parallellogram is. Bewijs dat de omgeschreven cirkel van $\triangle BOC$ en de lijnen $AQ$ en $NM$ door één punt gaan.

![](attached_image_1.png)","Point \(O\) lies on line \(g;\) \(\overrightarrow{OP_1}, \overrightarrow{OP_2},\cdots, \overrightarrow{OP_n}\) are unit vectors such that points \(P_1, P_2, \cdots, P_n\) all lie in a plane containing \(g\) and on one side of \(g.\) Prove that if \(n\) is odd,

\[
\left|\overrightarrow{OP_1}+\overrightarrow{OP_2}+\cdots+ \overrightarrow{OP_n}\right|\ge1.
\]

Here \(\left|\overrightarrow{OM}\right|\) denotes the length of vector \(\overrightarrow{OM}.\)"
MATHNET-09vi,IMO selectietoets II,geometry,2,0.1653,IMO 2009 P2,2009,2,IMO-2009-2,https://artofproblemsolving.com/wiki/index.php/2009_IMO_Problems/Problem_2,"Problem:

Zij $ABC$ een scherphoekige driehoek met $O$ het middelpunt van de omgeschreven cirkel. Punt $Q$ ligt op de omgeschreven cirkel van $\triangle BOC$ zodat $OQ$ een middellijn is. Punt $M$ ligt op $CQ$ en punt $N$ ligt inwendig op lijnstuk $BC$ zodat $ANC M$ een parallellogram is. Bewijs dat de omgeschreven cirkel van $\triangle BOC$ en de lijnen $AQ$ en $NM$ door één punt gaan.

![](attached_image_1.png)","Let \(ABC\) be a triangle with circumcentre \(O\). The points \(P\) and \(Q\) are interior points of the sides \(CA\) and \(AB\) respectively. Let \(K,L\) and \(M\) be the midpoints of the segments \(BP,CQ\) and \(PQ\), respectively, and let \(\Gamma\) be the circle passing through \(K,L\) and \(M\). Suppose that the line \(PQ\) is tangent to the circle \(\Gamma\). Prove that \(OP=OQ\)."
MATHNET-09vi,IMO selectietoets II,geometry,3,0.0833,IMO 1995 P5,1995,5,IMO-1995-5,https://artofproblemsolving.com/wiki/index.php/1995_IMO_Problems/Problem_5,"Problem:

Zij $ABC$ een scherphoekige driehoek met $O$ het middelpunt van de omgeschreven cirkel. Punt $Q$ ligt op de omgeschreven cirkel van $\triangle BOC$ zodat $OQ$ een middellijn is. Punt $M$ ligt op $CQ$ en punt $N$ ligt inwendig op lijnstuk $BC$ zodat $ANC M$ een parallellogram is. Bewijs dat de omgeschreven cirkel van $\triangle BOC$ en de lijnen $AQ$ en $NM$ door één punt gaan.

![](attached_image_1.png)","Let \(ABCDEF\) be a convex hexagon with \(AB=BC=CD\) and \(DE=EF=FA\), such that \(\angle BCD=\angle EFA=\frac{\pi}{3}\). Suppose \(G\) and \(H\) are points in the interior of the hexagon such that \(\angle AGB=\angle DHE=\frac{2\pi}{3}\). Prove that \(AG+GB+GH+DH+HE\ge CF\)."
MATHNET-0i9p,USA IMO,algebra,1,0.312,IMO 1965 P1,1965,1,IMO-1965-1,https://artofproblemsolving.com/wiki/index.php/1965_IMO_Problems/Problem_1,"Let $a, b, c$ be real numbers in the interval $(0, \frac{\pi}{2})$. Prove that
$$
\frac{\sin a \sin(a-b) \sin(a-c)}{\sin(b+c)} + \frac{\sin b \sin(b-c) \sin(b-a)}{\sin(c+a)} + \frac{\sin c \sin(c-a) \sin(c-b)}{\sin(a+b)} \ge 0.
$$","Determine all values \(x\) in the interval \(0\leq x\leq 2\pi\) which satisfy the inequality

\[
2\cos x \leq \left| \sqrt{1+\sin 2x} - \sqrt{1-\sin 2x } \right| \leq \sqrt{2}.
\]"
MATHNET-0i9p,USA IMO,algebra,2,0.2514,IMO 1975 P1,1975,1,IMO-1975-1,https://artofproblemsolving.com/wiki/index.php/1975_IMO_Problems/Problem_1,"Let $a, b, c$ be real numbers in the interval $(0, \frac{\pi}{2})$. Prove that
$$
\frac{\sin a \sin(a-b) \sin(a-c)}{\sin(b+c)} + \frac{\sin b \sin(b-c) \sin(b-a)}{\sin(c+a)} + \frac{\sin c \sin(c-a) \sin(c-b)}{\sin(a+b)} \ge 0.
$$","Let \(x_i, y_i\) \((i=1,2,\cdots,n)\) be real numbers such that

\[
x_1\ge x_2\ge\cdots\ge x_n \text{ and } y_1\ge y_2\ge\cdots\ge y_n.
\]

Prove that, if \(z_1, z_2,\cdots, z_n\) is any permutation of \(y_1, y_2, \cdots, y_n,\) then

\[
\sum^n_{i=1}(x_i-y_i)^2\le\sum^n_{i=1}(x_i-z_i)^2.
\]"
MATHNET-0i9p,USA IMO,algebra,3,0.241,IMO 2011 P3,2011,3,IMO-2011-3,https://artofproblemsolving.com/wiki/index.php/2011_IMO_Problems/Problem_3,"Let $a, b, c$ be real numbers in the interval $(0, \frac{\pi}{2})$. Prove that
$$
\frac{\sin a \sin(a-b) \sin(a-c)}{\sin(b+c)} + \frac{\sin b \sin(b-c) \sin(b-a)}{\sin(c+a)} + \frac{\sin c \sin(c-a) \sin(c-b)}{\sin(a+b)} \ge 0.
$$","Let \(f: \mathbb R \to \mathbb R\) be a real-valued function defined on the set of real numbers that satisfies

\[
f(x + y) \le yf(x) + f(f(x))
\]

for all real numbers \(x\) and \(y\). Prove that \(f(x) = 0\) for all \(x \le 0\)."
MATHNET-0gdx,Taiwan IMO 1J,number_theory,1,0.2216,IMO 1982 P4,1982,4,IMO-1982-4,https://artofproblemsolving.com/wiki/index.php/1982_IMO_Problems/Problem_4,"設整數 $N > 2^{5000}$。試證: 若 $1 \le a_1 < \cdots < a_k < 100$ 為相異正整數, 則
$$
\prod_{i=1}^{k} (N^{a_i} + a_i)
$$
有至少 $k$ 個相異質因數。

Let $N > 2^{5000}$ be a positive integer. Prove that if $1 \le a_1 < \dots < a_k < 100$ are distinct positive integers then the number
$$
\prod_{i=1}^{k} (N^{a_i} + a_i)
$$
has at least $k$ distinct prime factors.","Prove that if \(n\) is a positive integer such that the equation \(x^3-3xy^2+y^3=n\) has a solution in integers \(x,y\), then it has at least three such solutions. Show that the equation has no solutions in integers for \(n=2891\)."
MATHNET-0gdx,Taiwan IMO 1J,number_theory,2,0.1898,IMO 2018 P5,2018,5,IMO-2018-5,https://artofproblemsolving.com/wiki/index.php/2018_IMO_Problems/Problem_5,"設整數 $N > 2^{5000}$。試證: 若 $1 \le a_1 < \cdots < a_k < 100$ 為相異正整數, 則
$$
\prod_{i=1}^{k} (N^{a_i} + a_i)
$$
有至少 $k$ 個相異質因數。

Let $N > 2^{5000}$ be a positive integer. Prove that if $1 \le a_1 < \dots < a_k < 100$ are distinct positive integers then the number
$$
\prod_{i=1}^{k} (N^{a_i} + a_i)
$$
has at least $k$ distinct prime factors.","Let \(a_1, a_2, \dots\) be an infinite sequence of positive integers. Suppose that there is an integer\(N > 1\) such that, for each \(n \geq N\), the number \(\frac{a_1}{a_2}+\frac{a_2}{a_3}+\dots +\frac{a_{n-1}}{a_n}+\frac{a_n}{a_1}\) is an integer. Prove that there is a positive integer \(M\) such that \(a_m = a_{m+1}\) for all \(m \geq M.\)"
MATHNET-0gdx,Taiwan IMO 1J,number_theory,3,0.1856,IMO 1977 P6,1977,6,IMO-1977-6,https://artofproblemsolving.com/wiki/index.php/1977_IMO_Problems/Problem_6,"設整數 $N > 2^{5000}$。試證: 若 $1 \le a_1 < \cdots < a_k < 100$ 為相異正整數, 則
$$
\prod_{i=1}^{k} (N^{a_i} + a_i)
$$
有至少 $k$ 個相異質因數。

Let $N > 2^{5000}$ be a positive integer. Prove that if $1 \le a_1 < \dots < a_k < 100$ are distinct positive integers then the number
$$
\prod_{i=1}^{k} (N^{a_i} + a_i)
$$
has at least $k$ distinct prime factors.","Let \(f(n)\) be a function \(f: \mathbb{N}^{+}\to\mathbb{N}^{+}\). Prove that if

\[
f(n+1) > f(f(n))
\]

for each positive integer \(n\), then \(f(n)=n\)."
MATHNET-09sr,IMO selectietoets II,geometry,1,0.1142,IMO 2018 P1,2018,1,IMO-2018-1,https://artofproblemsolving.com/wiki/index.php/2018_IMO_Problems/Problem_1,"Problem:

Zij $\triangle ABC$ een gelijkbenige driehoek met $|AB| = |AC|$. Laat $D$, $E$ en $F$ punten zijn op de respectievelijke lijnstukken $BC$, $CA$ en $AB$ zodat $|BF| = |BE|$ en zodat $ED$ de binnenbissectrice van $\angle BEC$ is.

Bewijs dat $|BD| = |EF|$ dan en slechts dan als $|AF| = |EC|$.",Let \(\Gamma\) be the circumcircle of acute triangle \(ABC\). Points \(D\) and \(E\) are on segments \(AB\) and \(AC\) respectively such that \(AD = AE\). The perpendicular bisectors of \(BD\) and \(CE\) intersect minor arcs \(AB\) and \(AC\) of \(\Gamma\) at points \(F\) and \(G\) respectively. Prove that lines \(DE\) and \(FG\) are either parallel or they are the same line.
MATHNET-09sr,IMO selectietoets II,geometry,2,0.1134,IMO 2019 P6,2019,6,IMO-2019-6,https://artofproblemsolving.com/wiki/index.php/2019_IMO_Problems/Problem_6,"Problem:

Zij $\triangle ABC$ een gelijkbenige driehoek met $|AB| = |AC|$. Laat $D$, $E$ en $F$ punten zijn op de respectievelijke lijnstukken $BC$, $CA$ en $AB$ zodat $|BF| = |BE|$ en zodat $ED$ de binnenbissectrice van $\angle BEC$ is.

Bewijs dat $|BD| = |EF|$ dan en slechts dan als $|AF| = |EC|$.","Let \(I\) be the incenter of acute triangle \(ABC\) with \(AB \neq AC\). The incircle \(\omega\) of \(ABC\) is tangent to sides \(BC\), \(CA\), and \(AB\) at \(D\), \(E\), and \(F\), respectively. The line through \(D\) perpendicular to \(EF\) meets \(\omega\) again at \(R\). Line \(AR\) meets ω again at \(P\). The circumcircles of triangles \(PCE\) and \(PBF\) meet again at \(Q\). Prove that lines \(DI\) and \(PQ\) meet on the line through \(A\) perpendicular to \(AI\)."
MATHNET-09sr,IMO selectietoets II,geometry,3,0.1105,IMO 1996 P5,1996,5,IMO-1996-5,https://artofproblemsolving.com/wiki/index.php/1996_IMO_Problems/Problem_5,"Problem:

Zij $\triangle ABC$ een gelijkbenige driehoek met $|AB| = |AC|$. Laat $D$, $E$ en $F$ punten zijn op de respectievelijke lijnstukken $BC$, $CA$ en $AB$ zodat $|BF| = |BE|$ en zodat $ED$ de binnenbissectrice van $\angle BEC$ is.

Bewijs dat $|BD| = |EF|$ dan en slechts dan als $|AF| = |EC|$.","Let \(ABCDEF\) be a convex hexagon such that \(AB\) is parallel to \(DE\), \(BD\) is parallel to \(EF\), and \(CD\) is parallel to \(FA\). Let \(R_{A}\), \(R_{C}\), \(R_{E}\) denote the circumradii of triangles \(FAB\), \(BCD\), \(DEF\), respectively, and let \(P\) denote the perimeter of the hexagon. Prove that

\[
R_{A}+R_{C}+R_{E} \ge \frac{P}{2}
\]"
MATHNET-06y2,IMO Shortlisted Problems,algebra,1,0.3251,IMO 2019 P1,2019,1,IMO-2019-1,https://artofproblemsolving.com/wiki/index.php/2019_IMO_Problems/Problem_1,"Let $\mathbb{Z}_{>0}$ be the set of all positive integers. Determine all subsets $\mathcal{S}$ of $\left\{2^{0}, 2^{1}, 2^{2}, \ldots\right\}$ for which there exists a function $f: \mathbb{Z}_{>0} \rightarrow \mathbb{Z}_{>0}$ such that
$$
\mathcal{S}=\left\{f(a+b)-f(a)-f(b) \mid a, b \in \mathbb{Z}_{>0}\right\} .
$$","Let \(\mathbb{Z}\) be the set of integers. Determine all functions \(f : \mathbb{Z} \to \mathbb{Z}\) such that, for all integers \(a\) and \(b\),

\[
f(2a) + 2f(b) = f(f(a + b)).
\]"
MATHNET-06y2,IMO Shortlisted Problems,algebra,2,0.2991,IMO 1990 P4,1990,4,IMO-1990-4,https://artofproblemsolving.com/wiki/index.php/1990_IMO_Problems/Problem_4,"Let $\mathbb{Z}_{>0}$ be the set of all positive integers. Determine all subsets $\mathcal{S}$ of $\left\{2^{0}, 2^{1}, 2^{2}, \ldots\right\}$ for which there exists a function $f: \mathbb{Z}_{>0} \rightarrow \mathbb{Z}_{>0}$ such that
$$
\mathcal{S}=\left\{f(a+b)-f(a)-f(b) \mid a, b \in \mathbb{Z}_{>0}\right\} .
$$","Let \(\mathbb{Q^+}\) be the set of positive rational numbers. Construct a function \(f :\mathbb{Q^+}\rightarrow\mathbb{Q^+}\) such that \(f(xf(y)) = \frac{f(x)}{y}\) for all \(x, y\in{Q^+}\)."
MATHNET-06y2,IMO Shortlisted Problems,algebra,3,0.2975,IMO 2012 P6,2012,6,IMO-2012-6,https://artofproblemsolving.com/wiki/index.php/2012_IMO_Problems/Problem_6,"Let $\mathbb{Z}_{>0}$ be the set of all positive integers. Determine all subsets $\mathcal{S}$ of $\left\{2^{0}, 2^{1}, 2^{2}, \ldots\right\}$ for which there exists a function $f: \mathbb{Z}_{>0} \rightarrow \mathbb{Z}_{>0}$ such that
$$
\mathcal{S}=\left\{f(a+b)-f(a)-f(b) \mid a, b \in \mathbb{Z}_{>0}\right\} .
$$","Find all positive integers \(n\) for which there exist non-negative integers \(a_1, a_2, \ldots, a_n\) such that

\[
\frac{1}{2^{a_1}} + \frac{1}{2^{a_2}} + \cdots + \frac{1}{2^{a_n}} =  \frac{1}{3^{a_1}} + \frac{2}{3^{a_2}} + \cdots + \frac{n}{3^{a_n}} = 1.
\]"
MATHNET-06ts,IMO Shortlisted Problems,discrete_mathematics,1,0.2301,IMO 2016 P2,2016,2,IMO-2016-2,https://artofproblemsolving.com/wiki/index.php/2016_IMO_Problems/Problem_2,"Find all positive integers $n$ for which we can fill in the entries of an $n \times n$ table with the following properties:
- each entry can be one of $I$, $M$ and $O$;
- in each row and each column, the letters $I$, $M$ and $O$ occur the same number of times; and
- in any diagonal whose number of entries is a multiple of three, the letters $I$, $M$ and $O$ occur the same number of times.","Find all integers \(n\) for which each cell of \(n \times n\) table can be filled with one of the letters \(I,M\) and \(O\) in such a way that:

Note. The rows and columns of an \(n \times n\) table are each labelled \(1\) to \(n\) in a natural order. Thus each cell corresponds to a pair of positive integer \((i,j)\) with \(1 \le i,j \le n\). For \(n>1\), the table has \(4n-2\) diagonals of two types. A diagonal of first type consists all cells \((i,j)\) for which \(i+j\) is a constant, and the "
MATHNET-06ts,IMO Shortlisted Problems,discrete_mathematics,2,0.1438,IMO 2024 P3,2024,3,IMO-2024-3,https://artofproblemsolving.com/wiki/index.php/2024_IMO_Problems/Problem_3,"Find all positive integers $n$ for which we can fill in the entries of an $n \times n$ table with the following properties:
- each entry can be one of $I$, $M$ and $O$;
- in each row and each column, the letters $I$, $M$ and $O$ occur the same number of times; and
- in any diagonal whose number of entries is a multiple of three, the letters $I$, $M$ and $O$ occur the same number of times.","Let \(a_1, a_2, a_3, \dots\) be an infinite sequence of positive integers, and let \(N\) be a positive integer. Suppose that, for each \(n > N\), \(a_n\) is equal to the number of times \(a_{n-1}\) appears in the list \(a_1, a_2, \dots, a_{n-1}\).

Prove that at least one of the sequence \(a_1, a_3, a_5, \dots\) and \(a_2, a_4, a_6, \dots\) is eventually periodic.

(An infinite sequence \(b_1, b_2, b_3, \dots\) is eventually periodic if there exist positive integers \(p\) and \(M\) such that \(b"
MATHNET-06ts,IMO Shortlisted Problems,discrete_mathematics,3,0.1338,IMO 1994 P3,1994,3,IMO-1994-3,https://artofproblemsolving.com/wiki/index.php/1994_IMO_Problems/Problem_3,"Find all positive integers $n$ for which we can fill in the entries of an $n \times n$ table with the following properties:
- each entry can be one of $I$, $M$ and $O$;
- in each row and each column, the letters $I$, $M$ and $O$ occur the same number of times; and
- in any diagonal whose number of entries is a multiple of three, the letters $I$, $M$ and $O$ occur the same number of times.","For any positive integer \(k\), let \(f(k)\) be the number of elements in the set \(\{k + 1, k + 2,\dots, 2k\}\) whose base 2 representation has precisely three \(1\)s.

- (a) Prove that, for each positive integer \(m\), there exists at least one positive integer \(k\) such that \(f(k) = m\).
- (b) Determine all positive integers \(m\) for which there exists exactly one \(k\) with \(f(k) = m\)."
MATHNET-0784,IMO TST Day 2,geometry,1,0.2552,IMO 2019 P6,2019,6,IMO-2019-6,https://artofproblemsolving.com/wiki/index.php/2019_IMO_Problems/Problem_6,"In triangle $ABC$, let $D$ be the foot of the perpendicular from $A$ to line $BC$. Point $K$ lies inside triangle $ABC$ such that $\angle KAB = \angle KCA$ and $\angle KAC = \angle KBA$. The line through $K$ perpendicular to line $DK$ meets the circle with diameter $BC$ at points $X$ and $Y$. Prove that $AX \cdot DY = DX \cdot AY$.","Let \(I\) be the incenter of acute triangle \(ABC\) with \(AB \neq AC\). The incircle \(\omega\) of \(ABC\) is tangent to sides \(BC\), \(CA\), and \(AB\) at \(D\), \(E\), and \(F\), respectively. The line through \(D\) perpendicular to \(EF\) meets \(\omega\) again at \(R\). Line \(AR\) meets ω again at \(P\). The circumcircles of triangles \(PCE\) and \(PBF\) meet again at \(Q\). Prove that lines \(DI\) and \(PQ\) meet on the line through \(A\) perpendicular to \(AI\)."
MATHNET-0784,IMO TST Day 2,geometry,2,0.2306,IMO 1995 P1,1995,1,IMO-1995-1,https://artofproblemsolving.com/wiki/index.php/1995_IMO_Problems/Problem_1,"In triangle $ABC$, let $D$ be the foot of the perpendicular from $A$ to line $BC$. Point $K$ lies inside triangle $ABC$ such that $\angle KAB = \angle KCA$ and $\angle KAC = \angle KBA$. The line through $K$ perpendicular to line $DK$ meets the circle with diameter $BC$ at points $X$ and $Y$. Prove that $AX \cdot DY = DX \cdot AY$.","Let \(A,B,C,D\) be four distinct points on a line, in that order. The circles with diameters \(AC\) and \(BD\) intersect at \(X\) and \(Y\). The line \(XY\) meets \(BC\) at \(Z\). Let \(P\) be a point on the line \(XY\) other than \(Z\). The line \(CP\) intersects the circle with diameter \(AC\) at \(C\) and \(M\), and the line \(BP\) intersects the circle with diameter \(BD\) at \(B\) and \(N\). Prove that the lines \(AM,DN,XY\) are concurrent."
MATHNET-0784,IMO TST Day 2,geometry,3,0.2244,IMO 2023 P2,2023,2,IMO-2023-2,https://artofproblemsolving.com/wiki/index.php/2023_IMO_Problems/Problem_2,"In triangle $ABC$, let $D$ be the foot of the perpendicular from $A$ to line $BC$. Point $K$ lies inside triangle $ABC$ such that $\angle KAB = \angle KCA$ and $\angle KAC = \angle KBA$. The line through $K$ perpendicular to line $DK$ meets the circle with diameter $BC$ at points $X$ and $Y$. Prove that $AX \cdot DY = DX \cdot AY$.",Let \(ABC\) be an acute-angled triangle with \(AB < AC\). Let \(\Omega\) be the circumcircle of \(ABC\). Let \(S\) be the midpoint of the arc \(CB\) of \(\Omega\) containing \(A\). The perpendicular from \(A\) to \(BC\) meets \(BS\) at \(D\) and meets \(\Omega\) again at \(E \neq A\). The line through \(D\) parallel to \(BC\) meets line \(BE\) at \(L\). Denote the circumcircle of triangle \(BDL\) by \(\omega\). Let \(\omega\) meet \(\Omega\) again at \(P \neq B\). Prove that the line tangent to 
MATHNET-0fyx,IMO Selektion,algebra,1,0.1732,IMO 1966 P1,1966,1,IMO-1966-1,https://artofproblemsolving.com/wiki/index.php/1966_IMO_Problems/Problem_1,"Problem:
Finde natürliche Zahlen $a, b, c$, so dass die Quersumme von $a+b, b+c$ und $c+a$ jeweils kleiner als 5 ist, die Quersumme von $a+b+c$ aber grösser als 50.","In a mathematical contest, three problems, \(A\), \(B\), and \(C\) were posed. Among the participants there were \(25\) students who solved at least one problem each. Of all the contestants who did not solve problem \(A\), the number who solved \(B\) was twice the number who solved \(C\). The number of students who solved only problem \(A\) was one more than the number of students who solved \(A\) and at least one other problem. Of all students who solved just one problem, half did not solve pro"
MATHNET-0fyx,IMO Selektion,algebra,2,0.1565,IMO 2002 P4,2002,4,IMO-2002-4,https://artofproblemsolving.com/wiki/index.php/2002_IMO_Problems/Problem_4,"Problem:
Finde natürliche Zahlen $a, b, c$, so dass die Quersumme von $a+b, b+c$ und $c+a$ jeweils kleiner als 5 ist, die Quersumme von $a+b+c$ aber grösser als 50.","Problem: Let \(n>1\) be an integer and let \(1=d_{1}<d_{2}<d_{3} \cdots <d_{r}=n\) be all of its positive divisors in increasing order. Show that

\[
d=d_1d_2+d_2d_3+ \cdots +d_{r-1}d_r <n^2
\]"
MATHNET-0fyx,IMO Selektion,algebra,3,0.1161,IMO 2001 P3,2001,3,IMO-2001-3,https://artofproblemsolving.com/wiki/index.php/2001_IMO_Problems/Problem_3,"Problem:
Finde natürliche Zahlen $a, b, c$, so dass die Quersumme von $a+b, b+c$ und $c+a$ jeweils kleiner als 5 ist, die Quersumme von $a+b+c$ aber grösser als 50.","Twenty-one girls and twenty-one boys took part in a mathematical competition. It turned out that each contestant solved at most six problems, and for each pair of a girl and a boy, there was at least one problem that was solved by both the girl and the boy. Show that there is a problem that was solved by at least three girls and at least three boys."
MATHNET-0aho,Team Selection Test for IMO,geometry,1,0.2278,IMO 2023 P6,2023,6,IMO-2023-6,https://artofproblemsolving.com/wiki/index.php/2023_IMO_Problems/Problem_6,"An acute-angled triangle $ABC$ is given. The points $A_1$, $A_2$, $B_1$, $B_2$, $C_1$ and $C_2$ lie on its sides in such a way that $\overline{AA_1} = \overline{A_1A_2} = \overline{A_2B} = \frac{1}{3}\overline{AB}$, $\overline{BB_1} = \overline{B_1B_2} = \overline{B_2C} = \frac{1}{3}\overline{BC}$ and $\overline{CC_1} = \overline{C_1C_2} = \overline{C_2A} = \frac{1}{3}\overline{CA}$. Let $k_A$, $k_B$ and $k_C$ be the circumscribed circles of the triangles $AA_1C_2$, $BB_1A_2$ and $CC_1B_2$ respe","Let \(ABC\) be an equilateral triangle. Let \(A_1,B_1,C_1\) be interior points of \(ABC\) such that \(BA_1=A_1C\), \(CB_1=B_1A\), \(AC_1=C_1B\), and

\[
\angle BA_1C+\angle CB_1A+\angle AC_1B=480^\circ
\]

Let \(BC_1\) and \(CB_1\) meet at \(A_2,\) let \(CA_1\) and \(AC_1\) meet at \(B_2,\) and let \(AB_1\) and \(BA_1\) meet at \(C_2.\)

Prove that if triangle \(A_1B_1C_1\) is scalene, then the three circumcircles of triangles \(AA_1A_2, BB_1B_2\) and \(CC_1C_2\) all pass through two common poin"
MATHNET-0aho,Team Selection Test for IMO,geometry,2,0.2035,IMO 2005 P1,2005,1,IMO-2005-1,https://artofproblemsolving.com/wiki/index.php/2005_IMO_Problems/Problem_1,"An acute-angled triangle $ABC$ is given. The points $A_1$, $A_2$, $B_1$, $B_2$, $C_1$ and $C_2$ lie on its sides in such a way that $\overline{AA_1} = \overline{A_1A_2} = \overline{A_2B} = \frac{1}{3}\overline{AB}$, $\overline{BB_1} = \overline{B_1B_2} = \overline{B_2C} = \frac{1}{3}\overline{BC}$ and $\overline{CC_1} = \overline{C_1C_2} = \overline{C_2A} = \frac{1}{3}\overline{CA}$. Let $k_A$, $k_B$ and $k_C$ be the circumscribed circles of the triangles $AA_1C_2$, $BB_1A_2$ and $CC_1B_2$ respe","Six points are chosen on the sides of an equilateral triangle \(ABC\): \(A_1, A_2\) on \(BC\), \(B_1\), \(B_2\) on \(CA\) and \(C_1\), \(C_2\) on \(AB\), such that they are the vertices of a convex hexagon \(A_1A_2B_1B_2C_1C_2\) with equal side lengths. Prove that the lines \(A_1B_2, B_1C_2\) and \(C_1A_2\) are concurrent."
MATHNET-0aho,Team Selection Test for IMO,geometry,3,0.1843,IMO 2015 P4,2015,4,IMO-2015-4,https://artofproblemsolving.com/wiki/index.php/2015_IMO_Problems/Problem_4,"An acute-angled triangle $ABC$ is given. The points $A_1$, $A_2$, $B_1$, $B_2$, $C_1$ and $C_2$ lie on its sides in such a way that $\overline{AA_1} = \overline{A_1A_2} = \overline{A_2B} = \frac{1}{3}\overline{AB}$, $\overline{BB_1} = \overline{B_1B_2} = \overline{B_2C} = \frac{1}{3}\overline{BC}$ and $\overline{CC_1} = \overline{C_1C_2} = \overline{C_2A} = \frac{1}{3}\overline{CA}$. Let $k_A$, $k_B$ and $k_C$ be the circumscribed circles of the triangles $AA_1C_2$, $BB_1A_2$ and $CC_1B_2$ respe","Triangle \(ABC\) has circumcircle \(\Omega\) and circumcenter \(O\). A circle \(\Gamma\) with center \(A\) intersects the segment \(BC\) at points \(D\) and \(E\), such that \(B\), \(D\), \(E\), and \(C\) are all different and lie on line \(BC\) in this order. Let \(F\) and \(G\) be the points of intersection of \(\Gamma\) and \(\Omega\), such that \(A\), \(F\), \(B\), \(C\), and \(G\) lie on \(\Omega\) in this order. Let \(K\) be the second point of intersection of the circumcircle of triangle "
MATHNET-06vc,IMO Shortlisted Problems,geometry,1,0.2085,IMO 1979 P2,1979,2,IMO-1979-2,https://artofproblemsolving.com/wiki/index.php/1979_IMO_Problems/Problem_2,"On a flat plane in Camelot, King Arthur builds a labyrinth $\mathfrak{L}$ consisting of $n$ walls, each of which is an infinite straight line. No two walls are parallel, and no three walls have a common point. Merlin then paints one side of each wall entirely red and the other side entirely blue.
At the intersection of two walls there are four corners: two diagonally opposite corners where a red side and a blue side meet, one corner where two red sides meet, and one corner where two blue sides m","We consider a prism which has the upper and inferior basis the pentagons: \(A_{1}A_{2}A_{3}A_{4}A_{5}\) and \(B_{1}B_{2}B_{3}B_{4}B_{5}\). Each of the sides of the two pentagons and the segments \(A_{i}B_{j}\) with \(i,j=1,\ldots\),5 is colored in red or blue. In every triangle which has all sides colored there exists one red side and one blue side. Prove that all the 10 sides of the two basis are colored in the same color."
MATHNET-06vc,IMO Shortlisted Problems,geometry,2,0.1908,IMO 2016 P6,2016,6,IMO-2016-6,https://artofproblemsolving.com/wiki/index.php/2016_IMO_Problems/Problem_6,"On a flat plane in Camelot, King Arthur builds a labyrinth $\mathfrak{L}$ consisting of $n$ walls, each of which is an infinite straight line. No two walls are parallel, and no three walls have a common point. Merlin then paints one side of each wall entirely red and the other side entirely blue.
At the intersection of two walls there are four corners: two diagonally opposite corners where a red side and a blue side meet, one corner where two red sides meet, and one corner where two blue sides m","There are \(n\ge 2\) line segments in the plane such that every two segments cross and no three segments meet at a point. Geoff has to choose an endpoint of each segment and place a frog on it facing the other endpoint. Then he will clap his hands \(n-1\) times. Every time he claps,each frog will immediately jump forward to the next intersection point on its segment. Frogs never change the direction of their jumps. Geoff wishes to place the frogs in such a way that no two of them will ever occup"
MATHNET-06vc,IMO Shortlisted Problems,geometry,3,0.1578,IMO 1969 P5,1969,5,IMO-1969-5,https://artofproblemsolving.com/wiki/index.php/1969_IMO_Problems/Problem_5,"On a flat plane in Camelot, King Arthur builds a labyrinth $\mathfrak{L}$ consisting of $n$ walls, each of which is an infinite straight line. No two walls are parallel, and no three walls have a common point. Merlin then paints one side of each wall entirely red and the other side entirely blue.
At the intersection of two walls there are four corners: two diagonally opposite corners where a red side and a blue side meet, one corner where two red sides meet, and one corner where two blue sides m","Given \(n > 4\) points in the plane such that no three are collinear, prove that there are at least \(C(n-3, 2) = {n-3 \choose 2} = \frac{(n-3)(n-4)}{2}\) convex quadrilaterals whose vertices are four of the given points."
MATHNET-045v,China Team Selection Test for IMO,algebra,1,0.2722,IMO 1976 P2,1976,2,IMO-1976-2,https://artofproblemsolving.com/wiki/index.php/1976_IMO_Problems/Problem_2,"(1) Prove that on the complex plane, the convex hull of all complex roots of the equation
$$
z^{20} + 63z + 22 = 0
$$
is larger than $\pi$.

(2) Let $n$ be a positive integer, and $1 \le k_1 < k_2 < \dots < k_n$ be $n$ odd integers. Prove that for any $n$ complex numbers $a_1, a_2, \dots, a_n$ with sum 1 and any complex number $w$ with absolute value at least 1, the equation
$$
a_1z^{k_1} + a_2z^{k_2} + \dots + a_nz^{k_n} = w
$$
has at least one complex root with norm less than or equal to $3n|w","Let \(P_{1}(x) = x^{2} - 2\) and \(P_{j}(x) = P_{1}(P_{j - 1}(x))\) for \(j= 2,\ldots\) Prove that for any positive integer n the roots of the equation \(P_{n}(x) = x\) are all real and distinct."
MATHNET-045v,China Team Selection Test for IMO,algebra,2,0.2229,IMO 1991 P5,1991,5,IMO-1991-5,https://artofproblemsolving.com/wiki/index.php/1991_IMO_Problems/Problem_5,"(1) Prove that on the complex plane, the convex hull of all complex roots of the equation
$$
z^{20} + 63z + 22 = 0
$$
is larger than $\pi$.

(2) Let $n$ be a positive integer, and $1 \le k_1 < k_2 < \dots < k_n$ be $n$ odd integers. Prove that for any $n$ complex numbers $a_1, a_2, \dots, a_n$ with sum 1 and any complex number $w$ with absolute value at least 1, the equation
$$
a_1z^{k_1} + a_2z^{k_2} + \dots + a_nz^{k_n} = w
$$
has at least one complex root with norm less than or equal to $3n|w","Let \(\,ABC\,\) be a triangle and \(\,P\,\) an interior point of \(\,ABC\,\). Show that at least one of the angles \(\,\angle PAB,\;\angle PBC,\;\angle PCA\,\) is less than or equal to \(30^{\circ }\)."
MATHNET-045v,China Team Selection Test for IMO,algebra,3,0.205,IMO 1973 P3,1973,3,IMO-1973-3,https://artofproblemsolving.com/wiki/index.php/1973_IMO_Problems/Problem_3,"(1) Prove that on the complex plane, the convex hull of all complex roots of the equation
$$
z^{20} + 63z + 22 = 0
$$
is larger than $\pi$.

(2) Let $n$ be a positive integer, and $1 \le k_1 < k_2 < \dots < k_n$ be $n$ odd integers. Prove that for any $n$ complex numbers $a_1, a_2, \dots, a_n$ with sum 1 and any complex number $w$ with absolute value at least 1, the equation
$$
a_1z^{k_1} + a_2z^{k_2} + \dots + a_nz^{k_n} = w
$$
has at least one complex root with norm less than or equal to $3n|w","Let \(a\) and \(b\) be real numbers for which the equation \(x^4 + ax^3 + bx^2 + ax + 1 = 0\) has at least one real solution. For all such pairs \((a, b)\), find the minimum value of \(a^2 + b^2\)."
MATHNET-0kfw,USA IMO TST,geometry,1,0.1714,IMO 2011 P5,2011,5,IMO-2011-5,https://artofproblemsolving.com/wiki/index.php/2011_IMO_Problems/Problem_5,"Let $P_1P_2 \cdots P_{100}$ be a cyclic 100-gon, and let $P_i = P_{i+100}$ for all $i$. Define $Q_i$ as the intersection of diagonals $\overline{P_{i-2}P_{i+1}}$ and $\overline{P_{i-1}P_{i+2}}$ for all integers $i$.
Suppose there exists a point $P$ satisfying $\overline{PP_i} \perp \overline{P_{i-1}P_{i+1}}$ for all integers $i$. Prove that the points $Q_1, Q_2, \dots, Q_{100}$ are concyclic.","Let \(f\) be a function from the set of integers to the set of positive integers. Suppose that, for any two integers \(m\) and \(n\), the difference \(f(m) - f(n)\) is divisible by \(f(m - n)\). Prove that, for all integers \(m\) and \(n\) with \(f(m) \leq f(n)\), the number \(f(n)\) is divisible by \(f(m)\)."
MATHNET-0kfw,USA IMO TST,geometry,2,0.1712,IMO 2019 P1,2019,1,IMO-2019-1,https://artofproblemsolving.com/wiki/index.php/2019_IMO_Problems/Problem_1,"Let $P_1P_2 \cdots P_{100}$ be a cyclic 100-gon, and let $P_i = P_{i+100}$ for all $i$. Define $Q_i$ as the intersection of diagonals $\overline{P_{i-2}P_{i+1}}$ and $\overline{P_{i-1}P_{i+2}}$ for all integers $i$.
Suppose there exists a point $P$ satisfying $\overline{PP_i} \perp \overline{P_{i-1}P_{i+1}}$ for all integers $i$. Prove that the points $Q_1, Q_2, \dots, Q_{100}$ are concyclic.","Let \(\mathbb{Z}\) be the set of integers. Determine all functions \(f : \mathbb{Z} \to \mathbb{Z}\) such that, for all integers \(a\) and \(b\),

\[
f(2a) + 2f(b) = f(f(a + b)).
\]"
MATHNET-0kfw,USA IMO TST,geometry,3,0.1706,IMO 1987 P6,1987,6,IMO-1987-6,https://artofproblemsolving.com/wiki/index.php/1987_IMO_Problems/Problem_6,"Let $P_1P_2 \cdots P_{100}$ be a cyclic 100-gon, and let $P_i = P_{i+100}$ for all $i$. Define $Q_i$ as the intersection of diagonals $\overline{P_{i-2}P_{i+1}}$ and $\overline{P_{i-1}P_{i+2}}$ for all integers $i$.
Suppose there exists a point $P$ satisfying $\overline{PP_i} \perp \overline{P_{i-1}P_{i+1}}$ for all integers $i$. Prove that the points $Q_1, Q_2, \dots, Q_{100}$ are concyclic.","Let \(n\) be an integer greater than or equal to 2. Prove that if \(k^2 + k + n\) is prime for all integers \(k\) such that \(0 \leq k \leq \sqrt{n/3}\), then \(k^2 + k + n\) is prime for all integers \(k\) such that \(0 \leq k \leq n - 2\)."
MATHNET-0c66,SELECTION TESTS FOR THE BMO AND IMO,algebra,1,0.2439,IMO 2025 P5,2025,5,IMO-2025-5,https://artofproblemsolving.com/wiki/index.php/2025_IMO_Problems/Problem_5,"Alice and Bob are given an integer $n \ge 2$ and a token to play the following game. Initially, Alice chooses an order of the numbers $1, 2, \dots, n$, and writes them down in a row, in that order, on a sheet of paper. Next, Bob chooses one of these numbers and places the token on that number. Continuing, Alice moves the token on one of the neighbouring numbers, then Bob moves the token on one of the neighbouring numbers of the current position, and so on and so forth in turns. For each $k$ in t","Alice and Bazza are playing the inekoalaty game, a two‑player game whose rules depend on a positive real number \(\lambda\) which is known to both players. On the \(n\)th turn of the game (starting with \(n=1\)) the following happens:

- If \(n\) is odd, Alice chooses a nonnegative real number \(x_n\) such that \(x_1 + x_2 + \cdots + x_n \le \lambda n\).

- If \(n\) is even, Bazza chooses a nonnegative real number \(x_n\) such that \(x_1^2 + x_2^2 + \cdots + x_n^2 \le n\)

If a player cannot cho"
MATHNET-0c66,SELECTION TESTS FOR THE BMO AND IMO,algebra,2,0.1399,IMO 2012 P3,2012,3,IMO-2012-3,https://artofproblemsolving.com/wiki/index.php/2012_IMO_Problems/Problem_3,"Alice and Bob are given an integer $n \ge 2$ and a token to play the following game. Initially, Alice chooses an order of the numbers $1, 2, \dots, n$, and writes them down in a row, in that order, on a sheet of paper. Next, Bob chooses one of these numbers and places the token on that number. Continuing, Alice moves the token on one of the neighbouring numbers, then Bob moves the token on one of the neighbouring numbers of the current position, and so on and so forth in turns. For each $k$ in t","The liar’s guessing game is a game played between two players A and B. The rules of the game depend on two positive integers \(k\) and \(n\) which are known to both players.

At the start of the game the player A chooses integers \(x\) and \(N\) with \(1 \le x \le N\). Player A keeps \(x\) secret, and truthfully tells \(N\) to the player B. The player B now tries to obtain information about \(x\) by asking player A questions as follows: each question consists of B specifying an arbitrary set \(S"
MATHNET-0c66,SELECTION TESTS FOR THE BMO AND IMO,algebra,3,0.1352,IMO 1990 P5,1990,5,IMO-1990-5,https://artofproblemsolving.com/wiki/index.php/1990_IMO_Problems/Problem_5,"Alice and Bob are given an integer $n \ge 2$ and a token to play the following game. Initially, Alice chooses an order of the numbers $1, 2, \dots, n$, and writes them down in a row, in that order, on a sheet of paper. Next, Bob chooses one of these numbers and places the token on that number. Continuing, Alice moves the token on one of the neighbouring numbers, then Bob moves the token on one of the neighbouring numbers of the current position, and so on and so forth in turns. For each $k$ in t","Given an initial integer \(n_{0}\textgreater1\), two players, \(\mathbb{A}\) and \(\mathbb{B}\), choose integers \(n_{1}, n_{2},n_{3}\), . . . alternately according to the following rules: Knowing \(n_{2k}\), \(\mathbb{A}\) chooses any integer \(n_{2k+1}\) such that

\[
n_{2k}\leq n_{2k+1}\leq n_{2k}^2
\]

. Knowing \(n_{2k+1}\), \(\mathbb{B}\) chooses any integer \(n_{2k+2}\) such that

\[
\frac{n_{2k+1}}{n_{2k+2}}
\]

is a prime raised to a positive integer power. Player \(\mathbb{A}\) wins th"
MATHNET-062q,1. IMO Auswahlklausur,number_theory,1,0.2111,IMO 1966 P1,1966,1,IMO-1966-1,https://artofproblemsolving.com/wiki/index.php/1966_IMO_Problems/Problem_1,"Problem:
Man bestimme alle Paare $(m, n)$ nicht-negativer ganzer Zahlen, die der Gleichung
$$
3^{m}-7^{n}=2
$$
genügen.","In a mathematical contest, three problems, \(A\), \(B\), and \(C\) were posed. Among the participants there were \(25\) students who solved at least one problem each. Of all the contestants who did not solve problem \(A\), the number who solved \(B\) was twice the number who solved \(C\). The number of students who solved only problem \(A\) was one more than the number of students who solved \(A\) and at least one other problem. Of all students who solved just one problem, half did not solve pro"
MATHNET-062q,1. IMO Auswahlklausur,number_theory,2,0.1907,IMO 2002 P4,2002,4,IMO-2002-4,https://artofproblemsolving.com/wiki/index.php/2002_IMO_Problems/Problem_4,"Problem:
Man bestimme alle Paare $(m, n)$ nicht-negativer ganzer Zahlen, die der Gleichung
$$
3^{m}-7^{n}=2
$$
genügen.","Problem: Let \(n>1\) be an integer and let \(1=d_{1}<d_{2}<d_{3} \cdots <d_{r}=n\) be all of its positive divisors in increasing order. Show that

\[
d=d_1d_2+d_2d_3+ \cdots +d_{r-1}d_r <n^2
\]"
MATHNET-062q,1. IMO Auswahlklausur,number_theory,3,0.1415,IMO 2001 P3,2001,3,IMO-2001-3,https://artofproblemsolving.com/wiki/index.php/2001_IMO_Problems/Problem_3,"Problem:
Man bestimme alle Paare $(m, n)$ nicht-negativer ganzer Zahlen, die der Gleichung
$$
3^{m}-7^{n}=2
$$
genügen.","Twenty-one girls and twenty-one boys took part in a mathematical competition. It turned out that each contestant solved at most six problems, and for each pair of a girl and a boy, there was at least one problem that was solved by both the girl and the boy. Show that there is a problem that was solved by at least three girls and at least three boys."
MATHNET-0iat,USA IMO,algebra,1,0.4111,IMO 1975 P1,1975,1,IMO-1975-1,https://artofproblemsolving.com/wiki/index.php/1975_IMO_Problems/Problem_1,"Let $a_1, a_2, \dots, a_n, b_1, b_2, \dots, b_n$ be real numbers such that
$$
(a_1^2 + a_2^2 + \cdots + a_n^2 - 1)(b_1^2 + b_2^2 + \cdots + b_n^2 - 1) 
> (a_1b_1 + a_2b_2 + \cdots + a_nb_n - 1)^2.
$$
Show that $a_1^2 + a_2^2 + \cdots + a_n^2 > 1$ and $b_1^2 + b_2^2 + \cdots + b_n^2 > 1$.","Let \(x_i, y_i\) \((i=1,2,\cdots,n)\) be real numbers such that

\[
x_1\ge x_2\ge\cdots\ge x_n \text{ and } y_1\ge y_2\ge\cdots\ge y_n.
\]

Prove that, if \(z_1, z_2,\cdots, z_n\) is any permutation of \(y_1, y_2, \cdots, y_n,\) then

\[
\sum^n_{i=1}(x_i-y_i)^2\le\sum^n_{i=1}(x_i-z_i)^2.
\]"
MATHNET-0iat,USA IMO,algebra,2,0.3475,IMO 1995 P2,1995,2,IMO-1995-2,https://artofproblemsolving.com/wiki/index.php/1995_IMO_Problems/Problem_2,"Let $a_1, a_2, \dots, a_n, b_1, b_2, \dots, b_n$ be real numbers such that
$$
(a_1^2 + a_2^2 + \cdots + a_n^2 - 1)(b_1^2 + b_2^2 + \cdots + b_n^2 - 1) 
> (a_1b_1 + a_2b_2 + \cdots + a_nb_n - 1)^2.
$$
Show that $a_1^2 + a_2^2 + \cdots + a_n^2 > 1$ and $b_1^2 + b_2^2 + \cdots + b_n^2 > 1$.","Let \(a, b, c\) be positive real numbers such that \(abc = 1\). Prove that

\[
\frac{1}{a^3(b+c)} + \frac{1}{b^3(c+a)} + \frac{1}{c^3(a+b)} \geq \frac{3}{2}.
\]"
MATHNET-0iat,USA IMO,algebra,3,0.3191,IMO 2020 P2,2020,2,IMO-2020-2,https://artofproblemsolving.com/wiki/index.php/2020_IMO_Problems/Problem_2,"Let $a_1, a_2, \dots, a_n, b_1, b_2, \dots, b_n$ be real numbers such that
$$
(a_1^2 + a_2^2 + \cdots + a_n^2 - 1)(b_1^2 + b_2^2 + \cdots + b_n^2 - 1) 
> (a_1b_1 + a_2b_2 + \cdots + a_nb_n - 1)^2.
$$
Show that $a_1^2 + a_2^2 + \cdots + a_n^2 > 1$ and $b_1^2 + b_2^2 + \cdots + b_n^2 > 1$.","The real numbers \(a\), \(b\), \(c\), \(d\) are such that \(a \geq b \geq c \geq d > 0\) and \(a + b + c + d = 1\). Prove that

\[
(a + 2b + 3c + 4d) a^a b^b c^c d^d < 1.
\]"
MATHNET-0g0d,IMO Selektion,discrete_mathematics,1,0.1401,IMO 2002 P4,2002,4,IMO-2002-4,https://artofproblemsolving.com/wiki/index.php/2002_IMO_Problems/Problem_4,"Problem:

Sei $n \geq 2$ eine natürliche Zahl. In der Mitte eines kreisförmigen Gartens steht ein Wachturm. Am Rand des Gartens stehen $n$ gleichmässig verteilte Gartenzwerge. Auf dem Wachturm wohnen aufmerksame Wächter. Jeder Wächter überwacht einen Bereich des Gartens, der von zwei verschiedenen Gartenzwergen begrenzt wird.
Wir sagen, dass Wächter $A$ den Wächter $B$ kontrolliert, falls das gesamte Gebiet von $B$ in dem von $A$ enthalten ist.
Unter den Wächtern gibt es zwei Gruppen: Lehrlinge ","Problem: Let \(n>1\) be an integer and let \(1=d_{1}<d_{2}<d_{3} \cdots <d_{r}=n\) be all of its positive divisors in increasing order. Show that

\[
d=d_1d_2+d_2d_3+ \cdots +d_{r-1}d_r <n^2
\]"
MATHNET-0g0d,IMO Selektion,discrete_mathematics,2,0.1356,IMO 1966 P1,1966,1,IMO-1966-1,https://artofproblemsolving.com/wiki/index.php/1966_IMO_Problems/Problem_1,"Problem:

Sei $n \geq 2$ eine natürliche Zahl. In der Mitte eines kreisförmigen Gartens steht ein Wachturm. Am Rand des Gartens stehen $n$ gleichmässig verteilte Gartenzwerge. Auf dem Wachturm wohnen aufmerksame Wächter. Jeder Wächter überwacht einen Bereich des Gartens, der von zwei verschiedenen Gartenzwergen begrenzt wird.
Wir sagen, dass Wächter $A$ den Wächter $B$ kontrolliert, falls das gesamte Gebiet von $B$ in dem von $A$ enthalten ist.
Unter den Wächtern gibt es zwei Gruppen: Lehrlinge ","In a mathematical contest, three problems, \(A\), \(B\), and \(C\) were posed. Among the participants there were \(25\) students who solved at least one problem each. Of all the contestants who did not solve problem \(A\), the number who solved \(B\) was twice the number who solved \(C\). The number of students who solved only problem \(A\) was one more than the number of students who solved \(A\) and at least one other problem. Of all students who solved just one problem, half did not solve pro"
MATHNET-0g0d,IMO Selektion,discrete_mathematics,3,0.1229,IMO 1982 P5,1982,5,IMO-1982-5,https://artofproblemsolving.com/wiki/index.php/1982_IMO_Problems/Problem_5,"Problem:

Sei $n \geq 2$ eine natürliche Zahl. In der Mitte eines kreisförmigen Gartens steht ein Wachturm. Am Rand des Gartens stehen $n$ gleichmässig verteilte Gartenzwerge. Auf dem Wachturm wohnen aufmerksame Wächter. Jeder Wächter überwacht einen Bereich des Gartens, der von zwei verschiedenen Gartenzwergen begrenzt wird.
Wir sagen, dass Wächter $A$ den Wächter $B$ kontrolliert, falls das gesamte Gebiet von $B$ in dem von $A$ enthalten ist.
Unter den Wächtern gibt es zwei Gruppen: Lehrlinge ","The diagonals \(AC\) and \(CE\) of the regular hexagon \(ABCDEF\) are divided by inner points \(M\) and \(N\) respectively, so that

\[
{AM\over AC}={CN\over CE}=r.
\]

Determine \(r\) if \(B,M\) and \(N\) are collinear."
MATHNET-0l80,USA TST Selection Test for 67th IMO and 15th EGMO,number_theory,1,0.2505,IMO 1976 P6,1976,6,IMO-1976-6,https://artofproblemsolving.com/wiki/index.php/1976_IMO_Problems/Problem_6,"Problem:
Let $a_1$, $a_2$, $r$, and $s$ be positive integers with $r$ and $s$ odd. The sequence $a_1$, $a_2$, $a_3$, $\dots$ is defined by
$$
a_{n+2} = r a_{n+1} + s a_n
$$
for all $n \ge 1$. Determine the maximum possible number of integers $1 \le l \le 2025$ such that $a_l$ divides $a_{l+1}$, over all possible choices of $a_1$, $a_2$, $r$, and $s$.","A sequence \((u_{n})\) is defined by

\[
u_{0} = 2 \quad u_{1} = \frac {5}{2}, u_{n + 1} = u_{n}(u_{n - 1}^{2} - 2) - u_{1} \ \text{ for } n = 1,\cdots
\]

Prove that for any positive integer \(n\) we have

\[
\lfloor u_{n} \rfloor = 2^{\frac {(2^{n} - ( - 1)^{n})}{3}}
\]

(where \(\lfloor x\rfloor\) denotes the smallest integer \(\leq\) \(x\))\(.\)"
MATHNET-0l80,USA TST Selection Test for 67th IMO and 15th EGMO,number_theory,2,0.197,IMO 2010 P6,2010,6,IMO-2010-6,https://artofproblemsolving.com/wiki/index.php/2010_IMO_Problems/Problem_6,"Problem:
Let $a_1$, $a_2$, $r$, and $s$ be positive integers with $r$ and $s$ odd. The sequence $a_1$, $a_2$, $a_3$, $\dots$ is defined by
$$
a_{n+2} = r a_{n+1} + s a_n
$$
for all $n \ge 1$. Determine the maximum possible number of integers $1 \le l \le 2025$ such that $a_l$ divides $a_{l+1}$, over all possible choices of $a_1$, $a_2$, $r$, and $s$.","Let \(a_1, a_2, a_3\) be a sequence of positive real numbers, and \(s\) be a positive integer, such that

\[
a_n = \max \{ a_k + a_{n-k} \mid 1 \leq k \leq n-1 \} \ \textrm{ for all } \ n > s.
\]

Prove there exist positive integers \(\ell \leq s\) and \(N\), such that

\[
a_n = a_{\ell} + a_{n - \ell} \ \textrm{ for all } \ n \geq N.
\]"
MATHNET-0l80,USA TST Selection Test for 67th IMO and 15th EGMO,number_theory,3,0.1737,IMO 1988 P6,1988,6,IMO-1988-6,https://artofproblemsolving.com/wiki/index.php/1988_IMO_Problems/Problem_6,"Problem:
Let $a_1$, $a_2$, $r$, and $s$ be positive integers with $r$ and $s$ odd. The sequence $a_1$, $a_2$, $a_3$, $\dots$ is defined by
$$
a_{n+2} = r a_{n+1} + s a_n
$$
for all $n \ge 1$. Determine the maximum possible number of integers $1 \le l \le 2025$ such that $a_l$ divides $a_{l+1}$, over all possible choices of $a_1$, $a_2$, $r$, and $s$.",Let \(a\) and \(b\) be positive integers such that \(ab + 1\) divides \(a^{2} + b^{2}\). Show that \(\frac {a^{2} + b^{2}}{ab + 1}\) is the square of an integer.
MATHNET-0387,Team selection test for 47. IMO,number_theory,1,0.358,IMO 2022 P3,2022,3,IMO-2022-3,https://artofproblemsolving.com/wiki/index.php/2022_IMO_Problems/Problem_3,"Problem:
Let $n \geq 3$ be a positive integer and $M$ be the set of the first $n$ prime numbers. For every nonempty subset $X$ of $M$ denote by $P(X)$ the product of the elements of $X$. Let $N$ be a set of fractions of the form $\frac{P(A)}{P(B)}$, where $A \subset M$, $B \subset M$, $A \cap B = \varnothing$ such that the product of any 7 elements of $N$ is an integer. What is the maximum possible cardinality of $N$?",Let \(k\) be a positive integer and let \(S\) be a finite set of odd prime numbers. Prove that there is at most one way (up to rotation and reflection) to place the elements of \(S\) around a circle such that the product of any two neighbours is of the form \(x^2 + x + k\) for some positive integer \(x\).
MATHNET-0387,Team selection test for 47. IMO,number_theory,2,0.2573,IMO 1970 P4,1970,4,IMO-1970-4,https://artofproblemsolving.com/wiki/index.php/1970_IMO_Problems/Problem_4,"Problem:
Let $n \geq 3$ be a positive integer and $M$ be the set of the first $n$ prime numbers. For every nonempty subset $X$ of $M$ denote by $P(X)$ the product of the elements of $X$. Let $N$ be a set of fractions of the form $\frac{P(A)}{P(B)}$, where $A \subset M$, $B \subset M$, $A \cap B = \varnothing$ such that the product of any 7 elements of $N$ is an integer. What is the maximum possible cardinality of $N$?","Find the set of all positive integers \(n\) with the property that the set \(\{ n, n+1, n+2, n+3, n+4, n+5 \}\) can be partitioned into two sets such that the product of the numbers in one set equals the product of the numbers in the other set."
MATHNET-0387,Team selection test for 47. IMO,number_theory,3,0.2447,IMO 2021 P6,2021,6,IMO-2021-6,https://artofproblemsolving.com/wiki/index.php/2021_IMO_Problems/Problem_6,"Problem:
Let $n \geq 3$ be a positive integer and $M$ be the set of the first $n$ prime numbers. For every nonempty subset $X$ of $M$ denote by $P(X)$ the product of the elements of $X$. Let $N$ be a set of fractions of the form $\frac{P(A)}{P(B)}$, where $A \subset M$, $B \subset M$, $A \cap B = \varnothing$ such that the product of any 7 elements of $N$ is an integer. What is the maximum possible cardinality of $N$?","Let \(m \ge 2\) be an integer, \(A\) be a finite set of (not necessarily positive) integers, and \(B_1, B_2, B_3 , \ldots, B_m\) be subsets of \(A\). Assume that for each \(k = 1, 2,...,m\) the sum of the elements of \(B_k\) is \(m^k\). Prove that \(A\) contains at least \(m/2\) elements."
MATHNET-0djw,SAUDI ARABIAN IMO Booklet,geometry,1,0.1548,IMO 1959 P6,1959,6,IMO-1959-6,https://artofproblemsolving.com/wiki/index.php/1959_IMO_Problems/Problem_6,"Mohammed has a chess board, colored white and black in the usual way and mentioned a point, which lies strictly inside one of the 64 cells. Ahmed can draw any closed broken line without self-intersections and ask Mohammed whether his point is inside or outside the broken line. How many questions does Ahmed need to ask so that he can find out whether the point is in a black or in a white cell?","Two planes, \(P\) and \(Q\), intersect along the line \(p\). The point \(A\) is in the plane \(P\), and the point \({C}\) is in the plane \(Q\); neither of these points lies on the straight line \(p\). Construct an isosceles trapezoid \(ABCD\) (with \(AB\) parallel to \(DC\)) in which a circle can be inscribed, and with vertices \(B\) and \(D\) lying in the planes \(P\) and \(Q\), respectively."
MATHNET-0djw,SAUDI ARABIAN IMO Booklet,geometry,2,0.1386,IMO 1986 P6,1986,6,IMO-1986-6,https://artofproblemsolving.com/wiki/index.php/1986_IMO_Problems/Problem_6,"Mohammed has a chess board, colored white and black in the usual way and mentioned a point, which lies strictly inside one of the 64 cells. Ahmed can draw any closed broken line without self-intersections and ask Mohammed whether his point is inside or outside the broken line. How many questions does Ahmed need to ask so that he can find out whether the point is in a black or in a white cell?","Given a finite set of points in the plane, each with integer coordinates, is it always possible to color the points red or white so that for any straight line \(L\) parallel to one of the coordinate axes the difference (in absolute value) between the numbers of white and red points on \(L\) is not greater than \(1\)?"
MATHNET-0djw,SAUDI ARABIAN IMO Booklet,geometry,3,0.1261,IMO 2004 P3,2004,3,IMO-2004-3,https://artofproblemsolving.com/wiki/index.php/2004_IMO_Problems/Problem_3,"Mohammed has a chess board, colored white and black in the usual way and mentioned a point, which lies strictly inside one of the 64 cells. Ahmed can draw any closed broken line without self-intersections and ask Mohammed whether his point is inside or outside the broken line. How many questions does Ahmed need to ask so that he can find out whether the point is in a black or in a white cell?","Define a ""hook"" to be a figure made up of six unit squares as shown below in the picture, or any of the figures obtained by applying rotations and reflections to this figure.

\[
[asy] unitsize(0.5 cm);  draw((0,0)--(1,0)); draw((0,1)--(1,1)); draw((2,1)--(3,1)); draw((0,2)--(3,2)); draw((0,3)--(3,3)); draw((0,0)--(0,3)); draw((1,0)--(1,3)); draw((2,1)--(2,3)); draw((3,1)--(3,3)); [/asy]
\]

Determine all \(m \times n\) rectangles that can be covered without gaps and without overlaps with hooks "
MATHNET-06bz,IMO HK TST,number_theory,1,0.1922,IMO 1986 P3,1986,3,IMO-1986-3,https://artofproblemsolving.com/wiki/index.php/1986_IMO_Problems/Problem_3,"Five numbers $1$, $2$, $3$, $4$, $5$ are written on a blackboard. A student may erase any two of the numbers $a$ and $b$ on the board and write the numbers $a+b$ and $ab$ replacing them. If this operation is repeatedly performed, can the numbers $21$, $27$, $64$, $180$, $540$ ever appear on the board at the same time?","To each vertex of a regular pentagon an integer is assigned, so that the sum of all five numbers is positive. If three consecutive vertices are assigned the numbers \(x,y,z\) respectively, and \(y<0\), then the following operation is allowed: \(x,y,z\) are replaced by \(x+y,-y,z+y\) respectively. Such an operation is performed repeatedly as long as at least one of the five numbers is negative. Determine whether this procedure necessarily comes to an end after a finite number of steps."
MATHNET-06bz,IMO HK TST,number_theory,2,0.1553,IMO 1999 P3,1999,3,IMO-1999-3,https://artofproblemsolving.com/wiki/index.php/1999_IMO_Problems/Problem_3,"Five numbers $1$, $2$, $3$, $4$, $5$ are written on a blackboard. A student may erase any two of the numbers $a$ and $b$ on the board and write the numbers $a+b$ and $ab$ replacing them. If this operation is repeatedly performed, can the numbers $21$, $27$, $64$, $180$, $540$ ever appear on the board at the same time?","Consider an \(n \times n\) square board, where \(n\) is a fixed even positive integer. The board is divided into \(n^{2}\) units squares. We say that two different squares on the board are adjacent if they have a common side.

\(N\) unit squares on the board are marked in such a way that every square (marked or unmarked) on the board is adjacent to at least one marked square.

Determine the smallest possible value of \(N\)."
MATHNET-06bz,IMO HK TST,number_theory,3,0.1353,IMO 2016 P5,2016,5,IMO-2016-5,https://artofproblemsolving.com/wiki/index.php/2016_IMO_Problems/Problem_5,"Five numbers $1$, $2$, $3$, $4$, $5$ are written on a blackboard. A student may erase any two of the numbers $a$ and $b$ on the board and write the numbers $a+b$ and $ab$ replacing them. If this operation is repeatedly performed, can the numbers $21$, $27$, $64$, $180$, $540$ ever appear on the board at the same time?","The equation

\[
(x-1)(x-2)\cdots(x-2016)=(x-1)(x-2)\cdots (x-2016)
\]

is written on the board, with \(2016\) linear factors on each side. What is the least possible value of \(k\) for which it is possible to erase exactly \(k\) of these \(4032\) linear factors so that at least one factor remains on each side and the resulting equation has no real solutions?"
MATHNET-0je9,IMO Team Selection Test,number_theory,1,0.6151,IMO 2022 P5,2022,5,IMO-2022-5,https://artofproblemsolving.com/wiki/index.php/2022_IMO_Problems/Problem_5,"Find all triples $(x, y, z)$ of positive integers such that $x \le y \le z$ and
$$
x^3(y^3 + z^3) = 2012(xyz + 2).
$$","Find all triples \((a,b,p)\) of positive integers with \(p\) prime and

\[
a^p = b! + p
\]"
MATHNET-0je9,IMO Team Selection Test,number_theory,2,0.4307,IMO 2019 P4,2019,4,IMO-2019-4,https://artofproblemsolving.com/wiki/index.php/2019_IMO_Problems/Problem_4,"Find all triples $(x, y, z)$ of positive integers such that $x \le y \le z$ and
$$
x^3(y^3 + z^3) = 2012(xyz + 2).
$$","Find all pairs \((k,n)\) of positive integers such that

\[
k!=(2^n-1)(2^n-2)(2^n-4)\dots(2^n-2^{n-1}).
\]"
MATHNET-0je9,IMO Team Selection Test,number_theory,3,0.3321,IMO 2015 P2,2015,2,IMO-2015-2,https://artofproblemsolving.com/wiki/index.php/2015_IMO_Problems/Problem_2,"Find all triples $(x, y, z)$ of positive integers such that $x \le y \le z$ and
$$
x^3(y^3 + z^3) = 2012(xyz + 2).
$$","Determine all triples of positive integers \((a,b,c)\) such that each of the numbers

\[
ab-c,\; bc-a,\; ca-b
\]

is a power of 2.

(A power of 2 is an integer of the form \(2^n\) where \(n\) is a non-negative integer )."
MATHNET-0dil,SAUDI ARABIAN IMO Booklet,geometry,1,0.2573,IMO 2015 P3,2015,3,IMO-2015-3,https://artofproblemsolving.com/wiki/index.php/2015_IMO_Problems/Problem_3,"Let $ABC$ be an acute triangle with $M$ is the midpoint of $BC$ and $\angle BAM < 90^\circ$, $\angle AMB = 60^\circ$. On ray $MA$, take the point $N$ such that $BN = AC$. Prove that $BC = 2AN$ and the orthocenters and circumcenters of two triangles $BMN$, $AMC$ form the four vertices of an isosceles trapezoid.","Let \(ABC\) be an acute triangle with \(AB>AC\). Let \(\Gamma\) be its circumcircle, \(H\) its orthocenter, and \(F\) the foot of the altitude from \(A\). Let \(M\) be the midpoint of \(BC\). Let \(Q\) be the point on \(\Gamma\) such that \(\angle HKQ=90^\circ\). Assume that the points \(A\), \(B\), \(C\), \(K\), and \(Q\) are all different, and lie on \(\Gamma\) in this order.

Prove that the circumcircles of triangles \(KQH\) and \(FKM\) are tangent to each other."
MATHNET-0dil,SAUDI ARABIAN IMO Booklet,geometry,2,0.2463,IMO 1994 P2,1994,2,IMO-1994-2,https://artofproblemsolving.com/wiki/index.php/1994_IMO_Problems/Problem_2,"Let $ABC$ be an acute triangle with $M$ is the midpoint of $BC$ and $\angle BAM < 90^\circ$, $\angle AMB = 60^\circ$. On ray $MA$, take the point $N$ such that $BN = AC$. Prove that $BC = 2AN$ and the orthocenters and circumcenters of two triangles $BMN$, $AMC$ form the four vertices of an isosceles trapezoid.","Let \(ABC\) be an isosceles triangle with \(AB = AC\). \(M\) is the midpoint of \(BC\) and \(O\) is the point on the line \(AM\) such that \(OB\) is perpendicular to \(AB\). \(Q\) is an arbitrary point on \(BC\) different from \(B\) and \(C\). \(E\) lies on the line \(AB\) and \(F\) lies on the line \(AC\) such that \(E, Q, F\) are distinct and collinear. Prove that \(OQ\) is perpendicular to \(EF\) if and only if \(QE = QF\)."
MATHNET-0dil,SAUDI ARABIAN IMO Booklet,geometry,3,0.2041,IMO 2013 P4,2013,4,IMO-2013-4,https://artofproblemsolving.com/wiki/index.php/2013_IMO_Problems/Problem_4,"Let $ABC$ be an acute triangle with $M$ is the midpoint of $BC$ and $\angle BAM < 90^\circ$, $\angle AMB = 60^\circ$. On ray $MA$, take the point $N$ such that $BN = AC$. Prove that $BC = 2AN$ and the orthocenters and circumcenters of two triangles $BMN$, $AMC$ form the four vertices of an isosceles trapezoid.","Let \(ABC\) be an acute triangle with orthocenter \(H\), and let \(W\) be a point on the side \(BC\), lying strictly between \(B\) and \(C\). The points \(M\) and \(N\) are the feet of the altitudes from \(B\) and \(C\), respectively. Denote by \(\omega_1\) is the circumcircle of \(BWN\), and let \(X\) be the point on \(\omega_1\) such that \(WX\) is a diameter of \(\omega_1\). Analogously, denote by \(\omega_2\) the circumcircle of triangle \(CWM\), and let \(Y\) be the point such that \(WY\) i"
MATHNET-0fti,IMO Selektion,geometry,1,0.2305,IMO 1981 P1,1981,1,IMO-1981-1,https://artofproblemsolving.com/wiki/index.php/1981_IMO_Problems/Problem_1,"Problem:

Sei $ABC$ ein gleichseitiges Dreieck und $P$ ein Punkt in dessen Innern. $X$, $Y$ und $Z$ seien die Fusspunkte der Lote von $P$ auf die Seiten $BC$, $CA$ und $AB$. Zeige, dass die Summe der Flächen der Dreiecke $BXP$, $CYP$ und $AZP$ nicht von $P$ abhängt.","\(P\) is a point inside a given triangle \(ABC\). \(D, E, F\) are the feet of the perpendiculars from \(P\) to the lines \(BC, CA, AB\), respectively. Find all \(P\) for which

\[
\frac{BC}{PD} + \frac{CA}{PE} + \frac{AB}{PF}
\]

is least."
MATHNET-0fti,IMO Selektion,geometry,2,0.2274,IMO 2006 P3,2006,3,IMO-2006-3,https://artofproblemsolving.com/wiki/index.php/2006_IMO_Problems/Problem_3,"Problem:

Sei $ABC$ ein gleichseitiges Dreieck und $P$ ein Punkt in dessen Innern. $X$, $Y$ und $Z$ seien die Fusspunkte der Lote von $P$ auf die Seiten $BC$, $CA$ und $AB$. Zeige, dass die Summe der Flächen der Dreiecke $BXP$, $CYP$ und $AZP$ nicht von $P$ abhängt.","Determine the least real number \(M\) such that the inequality

\[
\left| ab(a^{2}-b^{2})+bc(b^{2}-c^{2})+ca(c^{2}-a^{2})\right|\leq M(a^{2}+b^{2}+c^{2})^{2}
\]

holds for all real numbers \(a,b\) and \(c\)."
MATHNET-0fti,IMO Selektion,geometry,3,0.1819,IMO 2004 P2,2004,2,IMO-2004-2,https://artofproblemsolving.com/wiki/index.php/2004_IMO_Problems/Problem_2,"Problem:

Sei $ABC$ ein gleichseitiges Dreieck und $P$ ein Punkt in dessen Innern. $X$, $Y$ und $Z$ seien die Fusspunkte der Lote von $P$ auf die Seiten $BC$, $CA$ und $AB$. Zeige, dass die Summe der Flächen der Dreiecke $BXP$, $CYP$ und $AZP$ nicht von $P$ abhängt.","Find all polynomials \(f\) with real coefficients such that for all reals \(a,b,c\) such that \(ab + bc + ca = 0\) we have the following relations

\[
f(a - b) + f(b - c) + f(c - a) = 2f(a + b + c).
\]"
MATHNET-0lbg,Kì thi chọn học sinh vào Đội tuyển Quốc gia Dự thi IMO,number_theory,1,0.1138,IMO 1973 P3,1973,3,IMO-1973-3,https://artofproblemsolving.com/wiki/index.php/1973_IMO_Problems/Problem_3,"Cho trước một số nguyên tố $p$ không nhỏ hơn $17$. Chứng minh rằng $t=3$ là số nguyên dương lớn nhất có tính chất: Với mọi bộ số nguyên $a, b, c, d$ sao cho $abc$ không chia hết cho $p$, nhưng $a+b+c$ chia hết cho $p$ thì luôn tồn tại $x, y, z \in \{0, 1, ..., \lfloor \frac{p}{t} \rfloor - 1\}$ để $ax+by+cz+d$ chia hết cho $p$. ($\lfloor \frac{p}{t} \rfloor$ kí hiệu số nguyên lớn nhất không vượt quá $\frac{p}{t}$).","Let \(a\) and \(b\) be real numbers for which the equation \(x^4 + ax^3 + bx^2 + ax + 1 = 0\) has at least one real solution. For all such pairs \((a, b)\), find the minimum value of \(a^2 + b^2\)."
MATHNET-0lbg,Kì thi chọn học sinh vào Đội tuyển Quốc gia Dự thi IMO,number_theory,2,0.106,IMO 1968 P3,1968,3,IMO-1968-3,https://artofproblemsolving.com/wiki/index.php/1968_IMO_Problems/Problem_3,"Cho trước một số nguyên tố $p$ không nhỏ hơn $17$. Chứng minh rằng $t=3$ là số nguyên dương lớn nhất có tính chất: Với mọi bộ số nguyên $a, b, c, d$ sao cho $abc$ không chia hết cho $p$, nhưng $a+b+c$ chia hết cho $p$ thì luôn tồn tại $x, y, z \in \{0, 1, ..., \lfloor \frac{p}{t} \rfloor - 1\}$ để $ax+by+cz+d$ chia hết cho $p$. ($\lfloor \frac{p}{t} \rfloor$ kí hiệu số nguyên lớn nhất không vượt quá $\frac{p}{t}$).","Consider the system of equations

\[
ax_1^2 + bx_1 + c = x_2
\]

\[
ax_2^2 + bx_2 + c = x_3
\]

\[
\cdots
\]

\[
ax_{n-1}^2 + bx_{n-1} + c = x_n
\]

\[
ax_n^2 + bx_n + c = x_1
\]

with unknowns \(x_1, x_2, \cdots, x_n\) where \(a, b, c\) are real and \(a \neq 0\). Let \(\Delta = (b - 1)^2 - 4ac\). Prove that for this system

(a) if \(\Delta < 0\), there is no solution,

(b) if \(\Delta = 0\), there is exactly one solution,

(c) if \(\Delta > 0\), there is more than one solution."
MATHNET-0lbg,Kì thi chọn học sinh vào Đội tuyển Quốc gia Dự thi IMO,number_theory,3,0.1014,IMO 1979 P1,1979,1,IMO-1979-1,https://artofproblemsolving.com/wiki/index.php/1979_IMO_Problems/Problem_1,"Cho trước một số nguyên tố $p$ không nhỏ hơn $17$. Chứng minh rằng $t=3$ là số nguyên dương lớn nhất có tính chất: Với mọi bộ số nguyên $a, b, c, d$ sao cho $abc$ không chia hết cho $p$, nhưng $a+b+c$ chia hết cho $p$ thì luôn tồn tại $x, y, z \in \{0, 1, ..., \lfloor \frac{p}{t} \rfloor - 1\}$ để $ax+by+cz+d$ chia hết cho $p$. ($\lfloor \frac{p}{t} \rfloor$ kí hiệu số nguyên lớn nhất không vượt quá $\frac{p}{t}$).","If \(p\) and \(q\) are natural numbers so that

\[
\frac{p}{q}=1-\frac{1}{2}+\frac{1}{3}-\frac{1}{4}+ \ldots -\frac{1}{1318}+\frac{1}{1319},
\]

prove that \(p\) is divisible with \(1979\)."
MATHNET-0bis,65th NMO Selection Tests for BMO and IMO,algebra,1,0.21,IMO 2011 P3,2011,3,IMO-2011-3,https://artofproblemsolving.com/wiki/index.php/2011_IMO_Problems/Problem_3,"Given a positive integer $n$ and an increasing real-valued function $f$ on the closed unit interval $[0, 1]$, determine the maximum value the sum
$$
\sum_{k=1}^{n} f\left(\left|x_k - \frac{2k-1}{2n}\right|\right)
$$
may achieve subject to $0 \le x_1 \le \dots \le x_n \le 1$.","Let \(f: \mathbb R \to \mathbb R\) be a real-valued function defined on the set of real numbers that satisfies

\[
f(x + y) \le yf(x) + f(f(x))
\]

for all real numbers \(x\) and \(y\). Prove that \(f(x) = 0\) for all \(x \le 0\)."
MATHNET-0bis,65th NMO Selection Tests for BMO and IMO,algebra,2,0.1999,IMO 1981 P3,1981,3,IMO-1981-3,https://artofproblemsolving.com/wiki/index.php/1981_IMO_Problems/Problem_3,"Given a positive integer $n$ and an increasing real-valued function $f$ on the closed unit interval $[0, 1]$, determine the maximum value the sum
$$
\sum_{k=1}^{n} f\left(\left|x_k - \frac{2k-1}{2n}\right|\right)
$$
may achieve subject to $0 \le x_1 \le \dots \le x_n \le 1$.","Determine the maximum value of \(m^2 + n^2\), where \(m\) and \(n\) are integers satisfying \(m, n \in \{ 1,2, \ldots , 1981 \}\) and \(( n^2 - mn - m^2 )^2 = 1\)."
MATHNET-0bis,65th NMO Selection Tests for BMO and IMO,algebra,3,0.1505,IMO 1961 P3,1961,3,IMO-1961-3,https://artofproblemsolving.com/wiki/index.php/1961_IMO_Problems/Problem_3,"Given a positive integer $n$ and an increasing real-valued function $f$ on the closed unit interval $[0, 1]$, determine the maximum value the sum
$$
\sum_{k=1}^{n} f\left(\left|x_k - \frac{2k-1}{2n}\right|\right)
$$
may achieve subject to $0 \le x_1 \le \dots \le x_n \le 1$.","Solve the equation

\[
\cos^n{x} - \sin^n{x} = 1
\]

where \(n\) is a given positive integer."
MATHNET-06mm,HongKong 23 IMO Selection Tests,geometry,1,0.2134,IMO 2003 P4,2003,4,IMO-2003-4,https://artofproblemsolving.com/wiki/index.php/2003_IMO_Problems/Problem_4,"Let $ABCD$ be a cyclic quadrilateral and $E$ be the intersection of $AC$ and $BD$. $P$ and $Q$ are two points on $AC$ such that the points $A$, $E$, $Q$, $P$, $C$ lie on the same straight line in this order, and that $BP$ bisects $\angle ABC$ whereas $DQ$ bisects $\angle ADC$. If $AE = 4$, $EQ = 2$ and $QP = 3$, find the length of $PC$.","Let \(ABCD\) be a cyclic quadrilateral. Let \(P\), \(Q\), and \(R\) be the feet of perpendiculars from \(D\) to lines \(\overline{BC}\), \(\overline{CA}\), and \(\overline{AB}\), respectively. Show that \(PQ=QR\) if and only if the bisectors of angles \(ABC\) and \(ADC\) meet on segment \(\overline{AC}\)."
MATHNET-06mm,HongKong 23 IMO Selection Tests,geometry,2,0.2119,IMO 2015 P4,2015,4,IMO-2015-4,https://artofproblemsolving.com/wiki/index.php/2015_IMO_Problems/Problem_4,"Let $ABCD$ be a cyclic quadrilateral and $E$ be the intersection of $AC$ and $BD$. $P$ and $Q$ are two points on $AC$ such that the points $A$, $E$, $Q$, $P$, $C$ lie on the same straight line in this order, and that $BP$ bisects $\angle ABC$ whereas $DQ$ bisects $\angle ADC$. If $AE = 4$, $EQ = 2$ and $QP = 3$, find the length of $PC$.","Triangle \(ABC\) has circumcircle \(\Omega\) and circumcenter \(O\). A circle \(\Gamma\) with center \(A\) intersects the segment \(BC\) at points \(D\) and \(E\), such that \(B\), \(D\), \(E\), and \(C\) are all different and lie on line \(BC\) in this order. Let \(F\) and \(G\) be the points of intersection of \(\Gamma\) and \(\Omega\), such that \(A\), \(F\), \(B\), \(C\), and \(G\) lie on \(\Omega\) in this order. Let \(K\) be the second point of intersection of the circumcircle of triangle "
MATHNET-06mm,HongKong 23 IMO Selection Tests,geometry,3,0.1796,IMO 2015 P3,2015,3,IMO-2015-3,https://artofproblemsolving.com/wiki/index.php/2015_IMO_Problems/Problem_3,"Let $ABCD$ be a cyclic quadrilateral and $E$ be the intersection of $AC$ and $BD$. $P$ and $Q$ are two points on $AC$ such that the points $A$, $E$, $Q$, $P$, $C$ lie on the same straight line in this order, and that $BP$ bisects $\angle ABC$ whereas $DQ$ bisects $\angle ADC$. If $AE = 4$, $EQ = 2$ and $QP = 3$, find the length of $PC$.","Let \(ABC\) be an acute triangle with \(AB>AC\). Let \(\Gamma\) be its circumcircle, \(H\) its orthocenter, and \(F\) the foot of the altitude from \(A\). Let \(M\) be the midpoint of \(BC\). Let \(Q\) be the point on \(\Gamma\) such that \(\angle HKQ=90^\circ\). Assume that the points \(A\), \(B\), \(C\), \(K\), and \(Q\) are all different, and lie on \(\Gamma\) in this order.

Prove that the circumcircles of triangles \(KQH\) and \(FKM\) are tangent to each other."
MATHNET-0479,The 65th IMO China National Team Selection Test,algebra,1,0.2347,IMO 2017 P2,2017,2,IMO-2017-2,https://artofproblemsolving.com/wiki/index.php/2017_IMO_Problems/Problem_2,"Given an integer $n > 1$, let the real number $x > 1$ satisfy
$$
x^{101} - n x^{100} + n x - 1 = 0.
$$
Prove that for any real numbers $0 < a < b < 1$, there exists a positive integer $m$ such that
$$
a < \{x^m\} < b.
$$
Here $\{t\} = t - \lfloor t \rfloor$ denotes the fractional part of the real number $t$.","Let \(\mathbb{R}\) be the set of real numbers , determine all functions \(f:\mathbb{R}\rightarrow\mathbb{R}\) such that for any real numbers \(x\) and \(y\)

\[
f(f(x)f(y)) + f(x+y)=f(xy)
\]"
MATHNET-0479,The 65th IMO China National Team Selection Test,algebra,2,0.2311,IMO 1973 P5,1973,5,IMO-1973-5,https://artofproblemsolving.com/wiki/index.php/1973_IMO_Problems/Problem_5,"Given an integer $n > 1$, let the real number $x > 1$ satisfy
$$
x^{101} - n x^{100} + n x - 1 = 0.
$$
Prove that for any real numbers $0 < a < b < 1$, there exists a positive integer $m$ such that
$$
a < \{x^m\} < b.
$$
Here $\{t\} = t - \lfloor t \rfloor$ denotes the fractional part of the real number $t$.","\(G\) is a set of non-constant functions of the real variable \(x\) of the form

\[
f(x) = ax + b, a \text{ and } b \text{ are real numbers,}
\]

and \(G\) has the following properties:

(a) If \(f\) and \(g\) are in \(G\), then \(g \circ f\) is in \(G\); here \((g \circ f)(x) = g[f(x)]\).

(b) If \(f\) is in \(G\), then its inverse \(f^{-1}\) is in \(G\); here the inverse of \(f(x) = ax + b\) is \(f^{-1}(x) = (x - b) / a\).

(c) For every \(f\) in \(G\), there exists a real number \(x_f\) such "
MATHNET-0479,The 65th IMO China National Team Selection Test,algebra,3,0.23,IMO 2018 P5,2018,5,IMO-2018-5,https://artofproblemsolving.com/wiki/index.php/2018_IMO_Problems/Problem_5,"Given an integer $n > 1$, let the real number $x > 1$ satisfy
$$
x^{101} - n x^{100} + n x - 1 = 0.
$$
Prove that for any real numbers $0 < a < b < 1$, there exists a positive integer $m$ such that
$$
a < \{x^m\} < b.
$$
Here $\{t\} = t - \lfloor t \rfloor$ denotes the fractional part of the real number $t$.","Let \(a_1, a_2, \dots\) be an infinite sequence of positive integers. Suppose that there is an integer\(N > 1\) such that, for each \(n \geq N\), the number \(\frac{a_1}{a_2}+\frac{a_2}{a_3}+\dots +\frac{a_{n-1}}{a_n}+\frac{a_n}{a_1}\) is an integer. Prove that there is a positive integer \(M\) such that \(a_m = a_{m+1}\) for all \(m \geq M.\)"
MATHNET-0dfz,Saudi Arabian IMO Booklet,number_theory,1,0.2787,IMO 2012 P6,2012,6,IMO-2012-6,https://artofproblemsolving.com/wiki/index.php/2012_IMO_Problems/Problem_6,"Determine the smallest positive integer $a$ for which there exist a prime number $p$ and a positive integer $b \ge 2$ such that
$$
\frac{a^p - a}{p} = b^2.
$$","Find all positive integers \(n\) for which there exist non-negative integers \(a_1, a_2, \ldots, a_n\) such that

\[
\frac{1}{2^{a_1}} + \frac{1}{2^{a_2}} + \cdots + \frac{1}{2^{a_n}} =  \frac{1}{3^{a_1}} + \frac{2}{3^{a_2}} + \cdots + \frac{n}{3^{a_n}} = 1.
\]"
MATHNET-0dfz,Saudi Arabian IMO Booklet,number_theory,2,0.2634,IMO 2010 P6,2010,6,IMO-2010-6,https://artofproblemsolving.com/wiki/index.php/2010_IMO_Problems/Problem_6,"Determine the smallest positive integer $a$ for which there exist a prime number $p$ and a positive integer $b \ge 2$ such that
$$
\frac{a^p - a}{p} = b^2.
$$","Let \(a_1, a_2, a_3\) be a sequence of positive real numbers, and \(s\) be a positive integer, such that

\[
a_n = \max \{ a_k + a_{n-k} \mid 1 \leq k \leq n-1 \} \ \textrm{ for all } \ n > s.
\]

Prove there exist positive integers \(\ell \leq s\) and \(N\), such that

\[
a_n = a_{\ell} + a_{n - \ell} \ \textrm{ for all } \ n \geq N.
\]"
MATHNET-0dfz,Saudi Arabian IMO Booklet,number_theory,3,0.2619,IMO 1989 P5,1989,5,IMO-1989-5,https://artofproblemsolving.com/wiki/index.php/1989_IMO_Problems/Problem_5,"Determine the smallest positive integer $a$ for which there exist a prime number $p$ and a positive integer $b \ge 2$ such that
$$
\frac{a^p - a}{p} = b^2.
$$",Prove that for each positive integer \(n\) there exist \(n\) consecutive positive integers none of which is an integral power of a prime number.
MATHNET-0dgr,Saudi Arabian IMO Booklet,geometry,1,0.1832,IMO 2008 P1,2008,1,IMO-2008-1,https://artofproblemsolving.com/wiki/index.php/2008_IMO_Problems/Problem_1,"Given $\triangle ABC$, $D$ is on $BC$ and $P$ is on $AD$. A line $\ell$ is passing through $D$ intersects $AB$, $PB$ at $M$, $E$ respectively, and intersects $AC$ extended and $PC$ extended at $F$, $N$ respectively. Let $DE = DF$. Prove that $DM = DN$.","An acute-angled triangle \(ABC\) has orthocentre \(H\). The circle passing through \(H\) with centre the midpoint of \(BC\) intersects the line \(BC\) at \(A_1\) and \(A_2\). Similarly, the circle passing through \(H\) with centre the midpoint of \(CA\) intersects the line \(CA\) at \(B_1\) and \(B_2\), and the circle passing through \(H\) with centre the midpoint of \(AB\) intersects the line \(AB\) at \(C_1\) and \(C_2\). Show that \(A_1\), \(A_2\), \(B_1\), \(B_2\), \(C_1\), \(C_2\) lie on a "
MATHNET-0dgr,Saudi Arabian IMO Booklet,geometry,2,0.1652,IMO 2007 P2,2007,2,IMO-2007-2,https://artofproblemsolving.com/wiki/index.php/2007_IMO_Problems/Problem_2,"Given $\triangle ABC$, $D$ is on $BC$ and $P$ is on $AD$. A line $\ell$ is passing through $D$ intersects $AB$, $PB$ at $M$, $E$ respectively, and intersects $AC$ extended and $PC$ extended at $F$, $N$ respectively. Let $DE = DF$. Prove that $DM = DN$.","Consider five points \(A,B,C,D\), and \(E\) such that \(ABCD\) is a parallelogram and \(BCED\) is a cyclic quadrilateral. Let \(\ell\) be a line passing through \(A\). Suppose that \(\ell\) intersects the interior of the segment \(DC\) at \(F\) and intersects line \(BC\) at \(G\). Suppose also that \(EF=EG=EC\). Prove that \(\ell\) is the bisector of \(\angle DAB\)."
MATHNET-0dgr,Saudi Arabian IMO Booklet,geometry,3,0.1558,IMO 2009 P2,2009,2,IMO-2009-2,https://artofproblemsolving.com/wiki/index.php/2009_IMO_Problems/Problem_2,"Given $\triangle ABC$, $D$ is on $BC$ and $P$ is on $AD$. A line $\ell$ is passing through $D$ intersects $AB$, $PB$ at $M$, $E$ respectively, and intersects $AC$ extended and $PC$ extended at $F$, $N$ respectively. Let $DE = DF$. Prove that $DM = DN$.","Let \(ABC\) be a triangle with circumcentre \(O\). The points \(P\) and \(Q\) are interior points of the sides \(CA\) and \(AB\) respectively. Let \(K,L\) and \(M\) be the midpoints of the segments \(BP,CQ\) and \(PQ\), respectively, and let \(\Gamma\) be the circle passing through \(K,L\) and \(M\). Suppose that the line \(PQ\) is tangent to the circle \(\Gamma\). Prove that \(OP=OQ\)."
MATHNET-0fxv,IMO Selektion,geometry,1,0.1992,IMO 2002 P4,2002,4,IMO-2002-4,https://artofproblemsolving.com/wiki/index.php/2002_IMO_Problems/Problem_4,"Problem:

Betrachte eine Menge $A$ von 2009 Punkten in der Ebene, von denen keine drei auf einer Geraden liegen. Ein Dreieck, dessen Eckpunkte alle in $A$ liegen, heißt internes Dreieck. Beweise, dass jeder Punkt aus $A$ im Innern einer geraden Anzahl interner Dreiecke enthalten ist.","Problem: Let \(n>1\) be an integer and let \(1=d_{1}<d_{2}<d_{3} \cdots <d_{r}=n\) be all of its positive divisors in increasing order. Show that

\[
d=d_1d_2+d_2d_3+ \cdots +d_{r-1}d_r <n^2
\]"
MATHNET-0fxv,IMO Selektion,geometry,2,0.1929,IMO 1966 P1,1966,1,IMO-1966-1,https://artofproblemsolving.com/wiki/index.php/1966_IMO_Problems/Problem_1,"Problem:

Betrachte eine Menge $A$ von 2009 Punkten in der Ebene, von denen keine drei auf einer Geraden liegen. Ein Dreieck, dessen Eckpunkte alle in $A$ liegen, heißt internes Dreieck. Beweise, dass jeder Punkt aus $A$ im Innern einer geraden Anzahl interner Dreiecke enthalten ist.","In a mathematical contest, three problems, \(A\), \(B\), and \(C\) were posed. Among the participants there were \(25\) students who solved at least one problem each. Of all the contestants who did not solve problem \(A\), the number who solved \(B\) was twice the number who solved \(C\). The number of students who solved only problem \(A\) was one more than the number of students who solved \(A\) and at least one other problem. Of all students who solved just one problem, half did not solve pro"
MATHNET-0fxv,IMO Selektion,geometry,3,0.1363,IMO 2001 P3,2001,3,IMO-2001-3,https://artofproblemsolving.com/wiki/index.php/2001_IMO_Problems/Problem_3,"Problem:

Betrachte eine Menge $A$ von 2009 Punkten in der Ebene, von denen keine drei auf einer Geraden liegen. Ein Dreieck, dessen Eckpunkte alle in $A$ liegen, heißt internes Dreieck. Beweise, dass jeder Punkt aus $A$ im Innern einer geraden Anzahl interner Dreiecke enthalten ist.","Twenty-one girls and twenty-one boys took part in a mathematical competition. It turned out that each contestant solved at most six problems, and for each pair of a girl and a boy, there was at least one problem that was solved by both the girl and the boy. Show that there is a problem that was solved by at least three girls and at least three boys."
MATHNET-0e0d,Selection Examinations for the IMO,geometry,1,0.2668,IMO 2011 P6,2011,6,IMO-2011-6,https://artofproblemsolving.com/wiki/index.php/2011_IMO_Problems/Problem_6,Let $ABC$ be an acute triangle and let $I$ be the incentre of the triangle $ABC$. The lines $AI$ and $BI$ meet the circumcircle of the triangle $ABC$ again at $A_1$ and $B_1$. The segments $A_1B_1$ and $CI$ meet at $C_1$. Let $S$ be the circumcentre of the triangle $IA_1C_1$. The lines $SC_1$ and $BI$ meet the segment $AC$ at $D$ and $E$. Find the angles of the triangle $ABC$ if $|CD| = |DE|$ and $\angle CBA = 2\angle ACB$.,"Let \(ABC\) be an acute triangle with circumcircle \(\Gamma\). Let \(\ell\) be a tangent line to \(\Gamma\), and let \(\ell_a, \ell_b\) and \(\ell_c\) be the lines obtained by reflecting \(\ell\) in the lines \(BC\), \(CA\) and \(AB\), respectively. Show that the circumcircle of the triangle determined by the lines \(\ell_a, \ell_b\) and \(\ell_c\) is tangent to the circle \(\Gamma\)."
MATHNET-0e0d,Selection Examinations for the IMO,geometry,2,0.2425,IMO 2012 P1,2012,1,IMO-2012-1,https://artofproblemsolving.com/wiki/index.php/2012_IMO_Problems/Problem_1,Let $ABC$ be an acute triangle and let $I$ be the incentre of the triangle $ABC$. The lines $AI$ and $BI$ meet the circumcircle of the triangle $ABC$ again at $A_1$ and $B_1$. The segments $A_1B_1$ and $CI$ meet at $C_1$. Let $S$ be the circumcentre of the triangle $IA_1C_1$. The lines $SC_1$ and $BI$ meet the segment $AC$ at $D$ and $E$. Find the angles of the triangle $ABC$ if $|CD| = |DE|$ and $\angle CBA = 2\angle ACB$.,"Given triangle \(ABC\) the point \(J\) is the centre of the excircle opposite the vertex \(A.\) This excircle is tangent to the side \(BC\) at \(M\), and to the lines \(AB\) and \(AC\) at \(K\) and \(L\), respectively. The lines \(LM\) and \(BJ\) meet at \(F\), and the lines \(KM\) and \(CJ\) meet at \(G.\) Let \(S\) be the point of intersection of the lines \(AF\) and \(BC\), and let \(T\) be the point of intersection of the lines \(AG\) and \(BC.\) Prove that \(M\) is the midpoint of \(ST\)."
MATHNET-0e0d,Selection Examinations for the IMO,geometry,3,0.2332,IMO 1991 P1,1991,1,IMO-1991-1,https://artofproblemsolving.com/wiki/index.php/1991_IMO_Problems/Problem_1,Let $ABC$ be an acute triangle and let $I$ be the incentre of the triangle $ABC$. The lines $AI$ and $BI$ meet the circumcircle of the triangle $ABC$ again at $A_1$ and $B_1$. The segments $A_1B_1$ and $CI$ meet at $C_1$. Let $S$ be the circumcentre of the triangle $IA_1C_1$. The lines $SC_1$ and $BI$ meet the segment $AC$ at $D$ and $E$. Find the angles of the triangle $ABC$ if $|CD| = |DE|$ and $\angle CBA = 2\angle ACB$.,"Given a triangle \(ABC\) let \(I\) be the center of its inscribed circle. The internal bisectors of the angles \(A,B,C\) meet the opposite sides in \(A^\prime,B^\prime,C^\prime\) respectively. Prove that

\[
\frac {1}{4} < \frac {AI\cdot BI\cdot CI}{AA^{\prime }\cdot BB^{\prime }\cdot CC^{\prime }} \leq \frac {8}{27}
\]"
MATHNET-0ft3,IMO Selektion,algebra,1,0.2111,IMO 1966 P1,1966,1,IMO-1966-1,https://artofproblemsolving.com/wiki/index.php/1966_IMO_Problems/Problem_1,"Problem:
Seien $a$, $b$ und $c$ die Seiten eines Dreiecks. Beweise die Ungleichung
$$
\sqrt{a+b-c} + \sqrt{c+a-b} + \sqrt{b+c-a} \leq \sqrt{a} + \sqrt{b} + \sqrt{c}
$$
Wann gilt das Gleichheitszeichen?","In a mathematical contest, three problems, \(A\), \(B\), and \(C\) were posed. Among the participants there were \(25\) students who solved at least one problem each. Of all the contestants who did not solve problem \(A\), the number who solved \(B\) was twice the number who solved \(C\). The number of students who solved only problem \(A\) was one more than the number of students who solved \(A\) and at least one other problem. Of all students who solved just one problem, half did not solve pro"
MATHNET-0ft3,IMO Selektion,algebra,2,0.1907,IMO 2002 P4,2002,4,IMO-2002-4,https://artofproblemsolving.com/wiki/index.php/2002_IMO_Problems/Problem_4,"Problem:
Seien $a$, $b$ und $c$ die Seiten eines Dreiecks. Beweise die Ungleichung
$$
\sqrt{a+b-c} + \sqrt{c+a-b} + \sqrt{b+c-a} \leq \sqrt{a} + \sqrt{b} + \sqrt{c}
$$
Wann gilt das Gleichheitszeichen?","Problem: Let \(n>1\) be an integer and let \(1=d_{1}<d_{2}<d_{3} \cdots <d_{r}=n\) be all of its positive divisors in increasing order. Show that

\[
d=d_1d_2+d_2d_3+ \cdots +d_{r-1}d_r <n^2
\]"
MATHNET-0ft3,IMO Selektion,algebra,3,0.1415,IMO 2001 P3,2001,3,IMO-2001-3,https://artofproblemsolving.com/wiki/index.php/2001_IMO_Problems/Problem_3,"Problem:
Seien $a$, $b$ und $c$ die Seiten eines Dreiecks. Beweise die Ungleichung
$$
\sqrt{a+b-c} + \sqrt{c+a-b} + \sqrt{b+c-a} \leq \sqrt{a} + \sqrt{b} + \sqrt{c}
$$
Wann gilt das Gleichheitszeichen?","Twenty-one girls and twenty-one boys took part in a mathematical competition. It turned out that each contestant solved at most six problems, and for each pair of a girl and a boy, there was at least one problem that was solved by both the girl and the boy. Show that there is a problem that was solved by at least three girls and at least three boys."
MATHNET-0g45,IMO Selection,algebra,1,0.5109,IMO 2004 P2,2004,2,IMO-2004-2,https://artofproblemsolving.com/wiki/index.php/2004_IMO_Problems/Problem_2,"Problem:

Let $n$ be a positive integer. Find all polynomials $P$ with real coefficients such that
$$
P\left(x^{2}+x-n^{2}\right)=P(x)^{2}+P(x)
$$
for all real numbers $x$.","Find all polynomials \(f\) with real coefficients such that for all reals \(a,b,c\) such that \(ab + bc + ca = 0\) we have the following relations

\[
f(a - b) + f(b - c) + f(c - a) = 2f(a + b + c).
\]"
MATHNET-0g45,IMO Selection,algebra,2,0.2733,IMO 2010 P6,2010,6,IMO-2010-6,https://artofproblemsolving.com/wiki/index.php/2010_IMO_Problems/Problem_6,"Problem:

Let $n$ be a positive integer. Find all polynomials $P$ with real coefficients such that
$$
P\left(x^{2}+x-n^{2}\right)=P(x)^{2}+P(x)
$$
for all real numbers $x$.","Let \(a_1, a_2, a_3\) be a sequence of positive real numbers, and \(s\) be a positive integer, such that

\[
a_n = \max \{ a_k + a_{n-k} \mid 1 \leq k \leq n-1 \} \ \textrm{ for all } \ n > s.
\]

Prove there exist positive integers \(\ell \leq s\) and \(N\), such that

\[
a_n = a_{\ell} + a_{n - \ell} \ \textrm{ for all } \ n \geq N.
\]"
MATHNET-0g45,IMO Selection,algebra,3,0.2332,IMO 1975 P6,1975,6,IMO-1975-6,https://artofproblemsolving.com/wiki/index.php/1975_IMO_Problems/Problem_6,"Problem:

Let $n$ be a positive integer. Find all polynomials $P$ with real coefficients such that
$$
P\left(x^{2}+x-n^{2}\right)=P(x)^{2}+P(x)
$$
for all real numbers $x$.","Find all polynomials \(P\), in two variables, with the following properties:

(i) for a positive integer \(n\) and all real \(t, x, y\)

\[
P(tx, ty) = t^nP(x, y)
\]

(that is, \(P\) is homogeneous of degree \(n\)),

(ii) for all real \(a, b, c\),

\[
P(b + c, a) + P(c + a, b) + P(a + b, c) = 0,
\]

(iii)

\[
P(1, 0) = 1.
\]"
MATHNET-0dad,Team selection tests for IMO,algebra,1,0.1729,IMO 1982 P1,1982,1,IMO-1982-1,https://artofproblemsolving.com/wiki/index.php/1982_IMO_Problems/Problem_1,"$$
f(x)=\left(x-F_{1}\right)\left(x-F_{2}\right) \ldots\left(x-F_{3030}\right)
$$
with $\left(F_{n}\right)$ is the Fibonacci sequence, which defined as $F_{1}=1, F_{2}=2, F_{n+2}= F_{n+1}+F_{n}, n \geq 1$. Suppose that on the range $\left(F_{1}, F_{3030}\right)$, the function $|f(x)|$ takes on the maximum value at $x=x_{0}$. Prove that $x_{0}>2^{2018}$.","The function \(f(n)\) is defined on the positive integers and takes non-negative integer values. \(f(2)=0,f(3)>0,f(9999)=3333\) and for all \(m,n:\)

\[
f(m+n)-f(m)-f(n)=0 \text{ or } 1.
\]

Determine \(f(1982)\)."
MATHNET-0dad,Team selection tests for IMO,algebra,2,0.1676,IMO 1981 P3,1981,3,IMO-1981-3,https://artofproblemsolving.com/wiki/index.php/1981_IMO_Problems/Problem_3,"$$
f(x)=\left(x-F_{1}\right)\left(x-F_{2}\right) \ldots\left(x-F_{3030}\right)
$$
with $\left(F_{n}\right)$ is the Fibonacci sequence, which defined as $F_{1}=1, F_{2}=2, F_{n+2}= F_{n+1}+F_{n}, n \geq 1$. Suppose that on the range $\left(F_{1}, F_{3030}\right)$, the function $|f(x)|$ takes on the maximum value at $x=x_{0}$. Prove that $x_{0}>2^{2018}$.","Determine the maximum value of \(m^2 + n^2\), where \(m\) and \(n\) are integers satisfying \(m, n \in \{ 1,2, \ldots , 1981 \}\) and \(( n^2 - mn - m^2 )^2 = 1\)."
MATHNET-0dad,Team selection tests for IMO,algebra,3,0.1298,IMO 1995 P4,1995,4,IMO-1995-4,https://artofproblemsolving.com/wiki/index.php/1995_IMO_Problems/Problem_4,"$$
f(x)=\left(x-F_{1}\right)\left(x-F_{2}\right) \ldots\left(x-F_{3030}\right)
$$
with $\left(F_{n}\right)$ is the Fibonacci sequence, which defined as $F_{1}=1, F_{2}=2, F_{n+2}= F_{n+1}+F_{n}, n \geq 1$. Suppose that on the range $\left(F_{1}, F_{3030}\right)$, the function $|f(x)|$ takes on the maximum value at $x=x_{0}$. Prove that $x_{0}>2^{2018}$.","The positive real numbers \(x_0, x_1, x_2,.....x_{1994}, x_{1995}\) satisfy the relations

\(x_0=x_{1995}\) and \(x_{i-1}+\frac{2}{x_{i-1}}=2{x_i}+\frac{1}{x_i}\)

for \(i=1,2,3,....1995\)

Find the maximum value that \(x_0\) can have."
MATHNET-047k,The 65th IMO China National Team Selection Test,algebra,1,0.2858,IMO 1959 P2,1959,2,IMO-1959-2,https://artofproblemsolving.com/wiki/index.php/1959_IMO_Problems/Problem_2,"Given positive integers $m, n$ and non-negative real numbers $a_0, a_1, \dots, a_m, b_0, b_1, \dots, b_n$. Define
$$
c_k = \max_{i+j=k} a_i b_j \quad (k = 0, 1, \dots, m+n).
$$
Prove that:
$$
\frac{c_0 + c_1 + \dots + c_{m+n}}{m+n+1} \ge \frac{a_0 + a_1 + \dots + a_m}{m+1} \cdot \frac{b_0 + b_1 + \dots + b_n}{n+1}.
$$","For what real values of \(x\) is

\[
\sqrt{x+\sqrt{2x-1}} + \sqrt{x-\sqrt{2x-1}} = A,
\]

given (a) \(A=\sqrt{2}\), (b) \(A=1\), (c) \(A=2\), where only non-negative real numbers are admitted for square roots?"
MATHNET-047k,The 65th IMO China National Team Selection Test,algebra,2,0.2826,IMO 2012 P6,2012,6,IMO-2012-6,https://artofproblemsolving.com/wiki/index.php/2012_IMO_Problems/Problem_6,"Given positive integers $m, n$ and non-negative real numbers $a_0, a_1, \dots, a_m, b_0, b_1, \dots, b_n$. Define
$$
c_k = \max_{i+j=k} a_i b_j \quad (k = 0, 1, \dots, m+n).
$$
Prove that:
$$
\frac{c_0 + c_1 + \dots + c_{m+n}}{m+n+1} \ge \frac{a_0 + a_1 + \dots + a_m}{m+1} \cdot \frac{b_0 + b_1 + \dots + b_n}{n+1}.
$$","Find all positive integers \(n\) for which there exist non-negative integers \(a_1, a_2, \ldots, a_n\) such that

\[
\frac{1}{2^{a_1}} + \frac{1}{2^{a_2}} + \cdots + \frac{1}{2^{a_n}} =  \frac{1}{3^{a_1}} + \frac{2}{3^{a_2}} + \cdots + \frac{n}{3^{a_n}} = 1.
\]"
MATHNET-047k,The 65th IMO China National Team Selection Test,algebra,3,0.2287,IMO 2007 P1,2007,1,IMO-2007-1,https://artofproblemsolving.com/wiki/index.php/2007_IMO_Problems/Problem_1,"Given positive integers $m, n$ and non-negative real numbers $a_0, a_1, \dots, a_m, b_0, b_1, \dots, b_n$. Define
$$
c_k = \max_{i+j=k} a_i b_j \quad (k = 0, 1, \dots, m+n).
$$
Prove that:
$$
\frac{c_0 + c_1 + \dots + c_{m+n}}{m+n+1} \ge \frac{a_0 + a_1 + \dots + a_m}{m+1} \cdot \frac{b_0 + b_1 + \dots + b_n}{n+1}.
$$","Real numbers \(a_1, a_2, \dots , a_n\) are given. For each \(i\) (\(1\le i\le n\)) define

\[
d_i=\max\{a_j:1\le j\le i\}-\min\{a_j:i\le j\le n\}
\]

and let

\[
d=\max\{d_i:1\le i\le n\}.
\]

(a) Prove that, for any real numbers \(x_1\le x_2\le \cdots\le x_n\),

\[
\max\{|x_i-a_i|:1\le i\le n\}\ge \dfrac{d}{2}   (*)
\]

(b) Show that there are real numbers \(x_1\le x_2\le x_n\) such that equality holds in (*)"
MATHNET-0da8,Team selection tests for IMO,geometry,1,0.2393,IMO 1989 P4,1989,4,IMO-1989-4,https://artofproblemsolving.com/wiki/index.php/1989_IMO_Problems/Problem_4,Let $ABCD$ be a convex quadrilateral inscribed in circle $(O)$ such that $DB = DA + DC$. The point $P$ lies on the ray $AC$ such that $AP = BC$. The point $E$ is on $(O)$ such that $BE \perp AD$. Prove that $DP$ is parallel to the angle bisector of $\angle BEC$.,"Let \(ABCD\) be a convex quadrilateral such that the sides \(AB,AD,BC\) satisfy \(AB=AD+BC\). There exists a point \(P\) inside the quadrilateral at a distance \(h\) from the line \(CD\) such that \(AP=h+AD\) and \(BP=h+BC\). Show that:

\[
\frac{1}{\sqrt{h}}\ge\frac{1}{\sqrt{AD}}+\frac{1}{\sqrt{BC}}
\]"
MATHNET-0da8,Team selection tests for IMO,geometry,2,0.2167,IMO 2008 P6,2008,6,IMO-2008-6,https://artofproblemsolving.com/wiki/index.php/2008_IMO_Problems/Problem_6,Let $ABCD$ be a convex quadrilateral inscribed in circle $(O)$ such that $DB = DA + DC$. The point $P$ lies on the ray $AC$ such that $AP = BC$. The point $E$ is on $(O)$ such that $BE \perp AD$. Prove that $DP$ is parallel to the angle bisector of $\angle BEC$.,"Let \(ABCD\) be a convex quadrilateral with \(BA \ne BC\). Denote the incircles of triangles \(ABC\) and \(ADC\) by \(\omega _1\) and \(\omega _2\) respectively. Suppose that there exists a circle \(\omega\) tangent to ray \(BA\) beyond \(A\) and to the ray \(BC\) beyond \(C\), which is also tangent to the lines \(AD\) and \(CD\). Prove that the common external tangents to \(\omega _1\) and \(\omega _2\) intersect on \(\omega\)"
MATHNET-0da8,Team selection tests for IMO,geometry,3,0.2099,IMO 2016 P1,2016,1,IMO-2016-1,https://artofproblemsolving.com/wiki/index.php/2016_IMO_Problems/Problem_1,Let $ABCD$ be a convex quadrilateral inscribed in circle $(O)$ such that $DB = DA + DC$. The point $P$ lies on the ray $AC$ such that $AP = BC$. The point $E$ is on $(O)$ such that $BE \perp AD$. Prove that $DP$ is parallel to the angle bisector of $\angle BEC$.,"Triangle \(BCF\) has a right angle at \(B\). Let \(A\) be the point on line \(CF\) such that \(FA=FB\) and \(F\) lies between \(A\) and \(C\). Point \(D\) is chosen so that \(DA=DC\) and \(AC\) is the bisector of \(\angle{DAB}\). Point \(E\) is chosen so that \(EA=ED\) and \(AD\) is the bisector of \(\angle{EAC}\). Let \(M\) be the midpoint of \(CF\). Let \(X\) be the point such that \(AMXE\) is a parallelogram. Prove that \(BD,FX\) and \(ME\) are concurrent.

\[
2016IMOQ1.jpg
\]"
MATHNET-0ldf,Vietnamese Team Selection Test for IMO,geometry,1,0.1347,IMO 1994 P6,1994,6,IMO-1994-6,https://artofproblemsolving.com/wiki/index.php/1994_IMO_Problems/Problem_6,"There are $44$ distinct holes on a line and $2017$ ants. Each ant crawled up from a hole, then moved to another hole and crawled down. Denote $T$ as the set of time points that the ants crawled up or crawled down from some hole. Suppose that the speed of the ants are pairwise distinct and they did not change their own speed. Prove that if $|T| \le 45$ then there exist two ants did not meet.

Note that two ants met when there exists a time point such that they were at the same location on the lin",Show that there exists a set \(A\) of positive integers with the following property: For any infinite set \(S\) of primes there exist two positive integers \(m \in A\) and \(n \not\in A\) each of which is a product of \(k\) distinct elements of \(S\) for some \(k \ge 2\).
MATHNET-0ldf,Vietnamese Team Selection Test for IMO,geometry,2,0.1263,IMO 2000 P3,2000,3,IMO-2000-3,https://artofproblemsolving.com/wiki/index.php/2000_IMO_Problems/Problem_3,"There are $44$ distinct holes on a line and $2017$ ants. Each ant crawled up from a hole, then moved to another hole and crawled down. Denote $T$ as the set of time points that the ants crawled up or crawled down from some hole. Suppose that the speed of the ants are pairwise distinct and they did not change their own speed. Prove that if $|T| \le 45$ then there exist two ants did not meet.

Note that two ants met when there exists a time point such that they were at the same location on the lin","Let \(n \ge 2\) be a positive integer and \(\lambda\) a positive real number. Initially there are \(n\) fleas on a horizontal line, not all at the same point. We define a move as choosing two fleas at some points \(A\) and \(B\) to the left of \(B\), and letting the flea from \(A\) jump over the flea from \(B\) to the point \(C\) so that \(\frac{BC}{AB}=\lambda\).

Determine all values of \(\lambda\) such that, for any point \(M\) on the line and for any initial position of the \(n\) fleas, ther"
MATHNET-0ldf,Vietnamese Team Selection Test for IMO,geometry,3,0.1152,IMO 1982 P6,1982,6,IMO-1982-6,https://artofproblemsolving.com/wiki/index.php/1982_IMO_Problems/Problem_6,"There are $44$ distinct holes on a line and $2017$ ants. Each ant crawled up from a hole, then moved to another hole and crawled down. Denote $T$ as the set of time points that the ants crawled up or crawled down from some hole. Suppose that the speed of the ants are pairwise distinct and they did not change their own speed. Prove that if $|T| \le 45$ then there exist two ants did not meet.

Note that two ants met when there exists a time point such that they were at the same location on the lin","Let \(S\) be a square with sides length \(100\). Let \(L\) be a path within \(S\) which does not meet itself and which is composed of line segments \(A_0A_1,A_1A_2,A_2A_3,\ldots,A_{n-1}A_n\) with \(A_0=A_n\). Suppose that for every point \(P\) on the boundary of \(S\) there is a point of \(L\) at a distance from \(P\) no greater than \(\frac {1} {2}\). Prove that there are two points \(X\) and \(Y\) of \(L\) such that the distance between \(X\) and \(Y\) is not greater than \(1\) and the length "
MATHNET-06nj,IMO Preliminary Selection Contest — Hong Kong,discrete_mathematics,1,0.1378,IMO 1966 P1,1966,1,IMO-1966-1,https://artofproblemsolving.com/wiki/index.php/1966_IMO_Problems/Problem_1,"There are 20 students in a class, numbered $1$ to $20$. They have taken a test with $n$ questions. After the test, the teacher tried to pick some students to draft the solutions, and as such it is necessary that the picked students together can solve all questions. The teacher found that this can be only done by choosing all students whose class numbers are even, or all students whose class numbers are multiples of $5$, or any combination that includes all students from one of the two groups men","In a mathematical contest, three problems, \(A\), \(B\), and \(C\) were posed. Among the participants there were \(25\) students who solved at least one problem each. Of all the contestants who did not solve problem \(A\), the number who solved \(B\) was twice the number who solved \(C\). The number of students who solved only problem \(A\) was one more than the number of students who solved \(A\) and at least one other problem. Of all students who solved just one problem, half did not solve pro"
MATHNET-06nj,IMO Preliminary Selection Contest — Hong Kong,discrete_mathematics,2,0.1371,IMO 2024 P6,2024,6,IMO-2024-6,https://artofproblemsolving.com/wiki/index.php/2024_IMO_Problems/Problem_6,"There are 20 students in a class, numbered $1$ to $20$. They have taken a test with $n$ questions. After the test, the teacher tried to pick some students to draft the solutions, and as such it is necessary that the picked students together can solve all questions. The teacher found that this can be only done by choosing all students whose class numbers are even, or all students whose class numbers are multiples of $5$, or any combination that includes all students from one of the two groups men","Let \(\mathbb{Q}\) be the set of rational numbers. A function \(f: \mathbb{Q} \to \mathbb{Q}\) is called \(\emph{aquaesulian}\) if the following property holds: for every \(x,y \in \mathbb{Q}\),

\[
f(x+f(y)) = f(x) + y \quad \text{or} \quad f(f(x)+y) = x + f(y).
\]

Show that there exists an integer \(c\) such that for any aquaesulian function \(f\) there are at most \(c\) different rational numbers of the form \(f(r) + f(-r)\) for some rational number \(r\), and find the smallest possible valu"
MATHNET-06nj,IMO Preliminary Selection Contest — Hong Kong,discrete_mathematics,3,0.1285,IMO 1996 P1,1996,1,IMO-1996-1,https://artofproblemsolving.com/wiki/index.php/1996_IMO_Problems/Problem_1,"There are 20 students in a class, numbered $1$ to $20$. They have taken a test with $n$ questions. After the test, the teacher tried to pick some students to draft the solutions, and as such it is necessary that the picked students together can solve all questions. The teacher found that this can be only done by choosing all students whose class numbers are even, or all students whose class numbers are multiples of $5$, or any combination that includes all students from one of the two groups men","We are given a positive integer \(r\) and a rectangular board \(ABCD\) with dimensions \(|AB|=20\), \(|BC|=12\). The rectangle is divided into a grid of \(20 \times 12\) unit squares. The following moves are permitted on the board: one can move from one square to another only if the distance between the centers of the two squares is \(\sqrt{r}\). The task is to find a sequence of moves leading from the square with \(A\) as a vertex to the square with \(B\) as a vertex.

(a) Show that the task ca"
MATHNET-0g1b,IMO Selektion,geometry,1,0.2111,IMO 1966 P1,1966,1,IMO-1966-1,https://artofproblemsolving.com/wiki/index.php/1966_IMO_Problems/Problem_1,"Problem:

Sei $n \geq 3$ eine natürliche Zahl. Wie viele Diagonalen eines regulären $n$-Ecks kann man maximal einzeichnen, sodass falls sich zwei Diagonalen im Innern schneiden, sie senkrecht aufeinander stehen?","In a mathematical contest, three problems, \(A\), \(B\), and \(C\) were posed. Among the participants there were \(25\) students who solved at least one problem each. Of all the contestants who did not solve problem \(A\), the number who solved \(B\) was twice the number who solved \(C\). The number of students who solved only problem \(A\) was one more than the number of students who solved \(A\) and at least one other problem. Of all students who solved just one problem, half did not solve pro"
MATHNET-0g1b,IMO Selektion,geometry,2,0.1907,IMO 2002 P4,2002,4,IMO-2002-4,https://artofproblemsolving.com/wiki/index.php/2002_IMO_Problems/Problem_4,"Problem:

Sei $n \geq 3$ eine natürliche Zahl. Wie viele Diagonalen eines regulären $n$-Ecks kann man maximal einzeichnen, sodass falls sich zwei Diagonalen im Innern schneiden, sie senkrecht aufeinander stehen?","Problem: Let \(n>1\) be an integer and let \(1=d_{1}<d_{2}<d_{3} \cdots <d_{r}=n\) be all of its positive divisors in increasing order. Show that

\[
d=d_1d_2+d_2d_3+ \cdots +d_{r-1}d_r <n^2
\]"
MATHNET-0g1b,IMO Selektion,geometry,3,0.1415,IMO 2001 P3,2001,3,IMO-2001-3,https://artofproblemsolving.com/wiki/index.php/2001_IMO_Problems/Problem_3,"Problem:

Sei $n \geq 3$ eine natürliche Zahl. Wie viele Diagonalen eines regulären $n$-Ecks kann man maximal einzeichnen, sodass falls sich zwei Diagonalen im Innern schneiden, sie senkrecht aufeinander stehen?","Twenty-one girls and twenty-one boys took part in a mathematical competition. It turned out that each contestant solved at most six problems, and for each pair of a girl and a boy, there was at least one problem that was solved by both the girl and the boy. Show that there is a problem that was solved by at least three girls and at least three boys."
MATHNET-0gj4,"IMO 3J, Independent Study 1",discrete_mathematics,1,0.3575,IMO 1975 P1,1975,1,IMO-1975-1,https://artofproblemsolving.com/wiki/index.php/1975_IMO_Problems/Problem_1,"設 $a_1, a_2, \dots, a_{123}$ 為滿足下列條件的正整數：
• $a_1, a_2, \dots, a_{123}$ 是 $1, 2, \dots, 123$ 的一種排列
• $|a_1 - a_2|, |a_2 - a_3|, \dots, |a_{122} - a_{123}|$ 是 $1, 2, \dots, 122$ 的一種排列
證明 $\max(a_1, a_{123}) \ge 32$。

Let $a_1, a_2, \dots, a_{123}$ be positive integers such that
* $a_1, a_2, \dots, a_{123}$ is a permutation of $1, 2, \dots, 123$, and
* $|a_1 - a_2|, |a_2 - a_3|, \dots, |a_{122} - a_{123}|$ is a permutation of $1, 2, \dots, 122$.
Prove that $\max(a_1, a_{123}) \ge 32$.","Let \(x_i, y_i\) \((i=1,2,\cdots,n)\) be real numbers such that

\[
x_1\ge x_2\ge\cdots\ge x_n \text{ and } y_1\ge y_2\ge\cdots\ge y_n.
\]

Prove that, if \(z_1, z_2,\cdots, z_n\) is any permutation of \(y_1, y_2, \cdots, y_n,\) then

\[
\sum^n_{i=1}(x_i-y_i)^2\le\sum^n_{i=1}(x_i-z_i)^2.
\]"
MATHNET-0gj4,"IMO 3J, Independent Study 1",discrete_mathematics,2,0.2544,IMO 1997 P3,1997,3,IMO-1997-3,https://artofproblemsolving.com/wiki/index.php/1997_IMO_Problems/Problem_3,"設 $a_1, a_2, \dots, a_{123}$ 為滿足下列條件的正整數：
• $a_1, a_2, \dots, a_{123}$ 是 $1, 2, \dots, 123$ 的一種排列
• $|a_1 - a_2|, |a_2 - a_3|, \dots, |a_{122} - a_{123}|$ 是 $1, 2, \dots, 122$ 的一種排列
證明 $\max(a_1, a_{123}) \ge 32$。

Let $a_1, a_2, \dots, a_{123}$ be positive integers such that
* $a_1, a_2, \dots, a_{123}$ is a permutation of $1, 2, \dots, 123$, and
* $|a_1 - a_2|, |a_2 - a_3|, \dots, |a_{122} - a_{123}|$ is a permutation of $1, 2, \dots, 122$.
Prove that $\max(a_1, a_{123}) \ge 32$.","Let \(x_{1}\), \(x_{2}\),...,\(x_{n}\) be real numbers satisfying the conditions

\[
|x_{1}+x_{2}+...+x_{n}|=1
\]

and

\(|x_{i}| \le \frac{n+1}{2}\), for \(i=1,2,...,n\)

Show that there exists a permutation \(y_{1}\), \(y_{2}\),...,\(y_{n}\) of \(x_{1}\), \(x_{2}\),...,\(x_{n}\) such that

\[
|y_{1}+2y_{2}+...+ny_{n}|\le \frac{n+1}{2}
\]"
MATHNET-0gj4,"IMO 3J, Independent Study 1",discrete_mathematics,3,0.2091,IMO 1987 P1,1987,1,IMO-1987-1,https://artofproblemsolving.com/wiki/index.php/1987_IMO_Problems/Problem_1,"設 $a_1, a_2, \dots, a_{123}$ 為滿足下列條件的正整數：
• $a_1, a_2, \dots, a_{123}$ 是 $1, 2, \dots, 123$ 的一種排列
• $|a_1 - a_2|, |a_2 - a_3|, \dots, |a_{122} - a_{123}|$ 是 $1, 2, \dots, 122$ 的一種排列
證明 $\max(a_1, a_{123}) \ge 32$。

Let $a_1, a_2, \dots, a_{123}$ be positive integers such that
* $a_1, a_2, \dots, a_{123}$ is a permutation of $1, 2, \dots, 123$, and
* $|a_1 - a_2|, |a_2 - a_3|, \dots, |a_{122} - a_{123}|$ is a permutation of $1, 2, \dots, 122$.
Prove that $\max(a_1, a_{123}) \ge 32$.","Let \(p_n (k)\) be the number of permutations of the set \(\{ 1, \ldots , n \} , \; n \ge 1\), which have exactly \(k\) fixed points. Prove that

\[
\sum_{k=0}^{n} k \cdot p_n (k) = n!.
\]

(Remark: A permutation \(f\) of a set \(S\) is a one-to-one mapping of \(S\) onto itself. An element \(i\) in \(S\) is called a fixed point of the permutation \(f\) if \(f(i) = i\).)"
MATHNET-0g1n,IMO Selektion,geometry,1,0.188,IMO 2024 P4,2024,4,IMO-2024-4,https://artofproblemsolving.com/wiki/index.php/2024_IMO_Problems/Problem_4,"Problem:

Soit $ABC$ un triangle avec $AB = AC \neq BC$ et $I$ le centre de son cercle inscrit. La droite $BI$ coupe $AC$ en $D$, et la perpendiculaire à $AC$ passant par $D$ coupe $AI$ en $E$. Montrer que la réflexion de $I$ par rapport à la droite $AC$ est sur le cercle circonscrit au triangle $BDE$.","Let \(ABC\) be a triangle with \(AB < AC < BC\). Let the incentre and incircle of triangle \(ABC\) be \(I\) and \(\omega\), respectively. Let \(X\) be the point on line \(BC\) different from \(C\) such that the line through \(X\) parallel to \(AC\) is tangent to \(\omega\). Similarly, let \(Y\) be the point on line \(BC\) different from \(B\) such that the line through \(Y\) parallel to \(AB\) is tangent to \(\omega\). Let \(AI\) intersect the circumcircle of triangle \(ABC\) again at \(P \neq A"
MATHNET-0g1n,IMO Selektion,geometry,2,0.1615,IMO 1978 P4,1978,4,IMO-1978-4,https://artofproblemsolving.com/wiki/index.php/1978_IMO_Problems/Problem_4,"Problem:

Soit $ABC$ un triangle avec $AB = AC \neq BC$ et $I$ le centre de son cercle inscrit. La droite $BI$ coupe $AC$ en $D$, et la perpendiculaire à $AC$ passant par $D$ coupe $AI$ en $E$. Montrer que la réflexion de $I$ par rapport à la droite $AC$ est sur le cercle circonscrit au triangle $BDE$.","In a triangle \(ABC\) we have \(AB = AC.\) A circle which is internally tangent with the circumscribed circle of the triangle is also tangent to the sides \(AB, AC\) in the points \(P,\) respectively \(Q.\) Prove that the midpoint of \(PQ\) is the center of the inscribed circle of the triangle \(ABC.\)"
MATHNET-0g1n,IMO Selektion,geometry,3,0.137,IMO 2018 P1,2018,1,IMO-2018-1,https://artofproblemsolving.com/wiki/index.php/2018_IMO_Problems/Problem_1,"Problem:

Soit $ABC$ un triangle avec $AB = AC \neq BC$ et $I$ le centre de son cercle inscrit. La droite $BI$ coupe $AC$ en $D$, et la perpendiculaire à $AC$ passant par $D$ coupe $AI$ en $E$. Montrer que la réflexion de $I$ par rapport à la droite $AC$ est sur le cercle circonscrit au triangle $BDE$.",Let \(\Gamma\) be the circumcircle of acute triangle \(ABC\). Points \(D\) and \(E\) are on segments \(AB\) and \(AC\) respectively such that \(AD = AE\). The perpendicular bisectors of \(BD\) and \(CE\) intersect minor arcs \(AB\) and \(AC\) of \(\Gamma\) at points \(F\) and \(G\) respectively. Prove that lines \(DE\) and \(FG\) are either parallel or they are the same line.
MATHNET-03bp,Team selection test for the 54th IMO,discrete_mathematics,1,0.2741,IMO 2025 P6,2025,6,IMO-2025-6,https://artofproblemsolving.com/wiki/index.php/2025_IMO_Problems/Problem_6,"Let $m$, $n$ and $r$ be positive integers with $n \ge 2$ and $1 \le r \le n-1$. Consider a square table of size $(mn+r) \times (mn+r)$. The table is covered by squares of size $n \times n$ with sides parallel to the sides of the table. Each unit square is covered at least once and some unit squares are covered multiple times. Find the minimum possible number of unit squares covered at least two times.","Consider a 2025 x 2025 grid of unit squares. Matlida wishes to place on the grid some rectangular tiles, possibly of different sizes, such that each side of every tile lies on a grid line and every unit square is covered by at most one tile.

Determine the minimum number of tiles Matlida needs to place so that each row and each column of the grid has exactly one unit square that is not covered by any tile."
MATHNET-03bp,Team selection test for the 54th IMO,discrete_mathematics,2,0.1321,IMO 1999 P3,1999,3,IMO-1999-3,https://artofproblemsolving.com/wiki/index.php/1999_IMO_Problems/Problem_3,"Let $m$, $n$ and $r$ be positive integers with $n \ge 2$ and $1 \le r \le n-1$. Consider a square table of size $(mn+r) \times (mn+r)$. The table is covered by squares of size $n \times n$ with sides parallel to the sides of the table. Each unit square is covered at least once and some unit squares are covered multiple times. Find the minimum possible number of unit squares covered at least two times.","Consider an \(n \times n\) square board, where \(n\) is a fixed even positive integer. The board is divided into \(n^{2}\) units squares. We say that two different squares on the board are adjacent if they have a common side.

\(N\) unit squares on the board are marked in such a way that every square (marked or unmarked) on the board is adjacent to at least one marked square.

Determine the smallest possible value of \(N\)."
MATHNET-03bp,Team selection test for the 54th IMO,discrete_mathematics,3,0.1301,IMO 1997 P1,1997,1,IMO-1997-1,https://artofproblemsolving.com/wiki/index.php/1997_IMO_Problems/Problem_1,"Let $m$, $n$ and $r$ be positive integers with $n \ge 2$ and $1 \le r \le n-1$. Consider a square table of size $(mn+r) \times (mn+r)$. The table is covered by squares of size $n \times n$ with sides parallel to the sides of the table. Each unit square is covered at least once and some unit squares are covered multiple times. Find the minimum possible number of unit squares covered at least two times.","In the plane the points with integer coordinates are the vertices of unit squares. The squares are colored alternatively black and white (as on a chessboard).

For any pair of positive integers \(m\) and \(n\), consider a right-angled triangle whose vertices have integer coordinates and whose legs, of lengths \(m\) and \(n\), lie along edges of the squares.

Let \(S_{1}\) be the total area of the black part of the triangle and \(S_{2}\) be the total area of the white part.

Let \(f(m,n)=|S_{1}-S"
MATHNET-0g0v,IMO Selektion,number_theory,1,0.2111,IMO 1966 P1,1966,1,IMO-1966-1,https://artofproblemsolving.com/wiki/index.php/1966_IMO_Problems/Problem_1,"Problem:

Sei $n$ eine natürliche Zahl. Zeige, dass $7^{7^{n}}+1$ mindestens $2 n+3$ nicht notwendigerweise verschiedene Primteiler hat.","In a mathematical contest, three problems, \(A\), \(B\), and \(C\) were posed. Among the participants there were \(25\) students who solved at least one problem each. Of all the contestants who did not solve problem \(A\), the number who solved \(B\) was twice the number who solved \(C\). The number of students who solved only problem \(A\) was one more than the number of students who solved \(A\) and at least one other problem. Of all students who solved just one problem, half did not solve pro"
MATHNET-0g0v,IMO Selektion,number_theory,2,0.1907,IMO 2002 P4,2002,4,IMO-2002-4,https://artofproblemsolving.com/wiki/index.php/2002_IMO_Problems/Problem_4,"Problem:

Sei $n$ eine natürliche Zahl. Zeige, dass $7^{7^{n}}+1$ mindestens $2 n+3$ nicht notwendigerweise verschiedene Primteiler hat.","Problem: Let \(n>1\) be an integer and let \(1=d_{1}<d_{2}<d_{3} \cdots <d_{r}=n\) be all of its positive divisors in increasing order. Show that

\[
d=d_1d_2+d_2d_3+ \cdots +d_{r-1}d_r <n^2
\]"
MATHNET-0g0v,IMO Selektion,number_theory,3,0.1415,IMO 2001 P3,2001,3,IMO-2001-3,https://artofproblemsolving.com/wiki/index.php/2001_IMO_Problems/Problem_3,"Problem:

Sei $n$ eine natürliche Zahl. Zeige, dass $7^{7^{n}}+1$ mindestens $2 n+3$ nicht notwendigerweise verschiedene Primteiler hat.","Twenty-one girls and twenty-one boys took part in a mathematical competition. It turned out that each contestant solved at most six problems, and for each pair of a girl and a boy, there was at least one problem that was solved by both the girl and the boy. Show that there is a problem that was solved by at least three girls and at least three boys."
MATHNET-0djq,SAUDI ARABIAN IMO Booklet,discrete_mathematics,1,0.1533,IMO 2016 P2,2016,2,IMO-2016-2,https://artofproblemsolving.com/wiki/index.php/2016_IMO_Problems/Problem_2,Each cell of a $4 \times 4$ table contains one of the numbers $1$ or $2$. For every row we calculate the sum of its entries and for every column we calculate the product of its entries. Can the eight obtained results be all different?,"Find all integers \(n\) for which each cell of \(n \times n\) table can be filled with one of the letters \(I,M\) and \(O\) in such a way that:

Note. The rows and columns of an \(n \times n\) table are each labelled \(1\) to \(n\) in a natural order. Thus each cell corresponds to a pair of positive integer \((i,j)\) with \(1 \le i,j \le n\). For \(n>1\), the table has \(4n-2\) diagonals of two types. A diagonal of first type consists all cells \((i,j)\) for which \(i+j\) is a constant, and the "
MATHNET-0djq,SAUDI ARABIAN IMO Booklet,discrete_mathematics,2,0.1506,IMO 1970 P4,1970,4,IMO-1970-4,https://artofproblemsolving.com/wiki/index.php/1970_IMO_Problems/Problem_4,Each cell of a $4 \times 4$ table contains one of the numbers $1$ or $2$. For every row we calculate the sum of its entries and for every column we calculate the product of its entries. Can the eight obtained results be all different?,"Find the set of all positive integers \(n\) with the property that the set \(\{ n, n+1, n+2, n+3, n+4, n+5 \}\) can be partitioned into two sets such that the product of the numbers in one set equals the product of the numbers in the other set."
MATHNET-0djq,SAUDI ARABIAN IMO Booklet,discrete_mathematics,3,0.1496,IMO 1965 P4,1965,4,IMO-1965-4,https://artofproblemsolving.com/wiki/index.php/1965_IMO_Problems/Problem_4,Each cell of a $4 \times 4$ table contains one of the numbers $1$ or $2$. For every row we calculate the sum of its entries and for every column we calculate the product of its entries. Can the eight obtained results be all different?,"Find all sets of four real numbers \(x_1\), \(x_2\), \(x_3\), \(x_4\) such that the sum of any one and the product of the other three is equal to \(2\)."
MATHNET-09vr,"IMO Team Selection Test 2, June",algebra,1,0.2375,IMO 2011 P3,2011,3,IMO-2011-3,https://artofproblemsolving.com/wiki/index.php/2011_IMO_Problems/Problem_3,"Let $a_1, a_2, \dots, a_{2020}$ be real numbers, not necessarily distinct. For all $n \ge 2020$, let $a_{n+1}$ be the minimal real root of the polynomial
$$
P_n(x) = x^{2n} + a_1 x^{2n-2} + a_2 x^{2n-4} + \dots + a_{n-1} x^2 + a_n,
$$
if it exists. Assume that $a_{n+1}$ exists for all $n \ge 2020$. Prove that $a_{n+1} \le a_n$ for all $n \ge 2021$.","Let \(f: \mathbb R \to \mathbb R\) be a real-valued function defined on the set of real numbers that satisfies

\[
f(x + y) \le yf(x) + f(f(x))
\]

for all real numbers \(x\) and \(y\). Prove that \(f(x) = 0\) for all \(x \le 0\)."
MATHNET-09vr,"IMO Team Selection Test 2, June",algebra,2,0.2124,IMO 2008 P3,2008,3,IMO-2008-3,https://artofproblemsolving.com/wiki/index.php/2008_IMO_Problems/Problem_3,"Let $a_1, a_2, \dots, a_{2020}$ be real numbers, not necessarily distinct. For all $n \ge 2020$, let $a_{n+1}$ be the minimal real root of the polynomial
$$
P_n(x) = x^{2n} + a_1 x^{2n-2} + a_2 x^{2n-4} + \dots + a_{n-1} x^2 + a_n,
$$
if it exists. Assume that $a_{n+1}$ exists for all $n \ge 2020$. Prove that $a_{n+1} \le a_n$ for all $n \ge 2021$.",Prove that there are infinitely many positive integers \(n\) such that \(n^{2} + 1\) has a prime divisor greater than \(2n + \sqrt {2n}\).
MATHNET-09vr,"IMO Team Selection Test 2, June",algebra,3,0.2058,IMO 2010 P6,2010,6,IMO-2010-6,https://artofproblemsolving.com/wiki/index.php/2010_IMO_Problems/Problem_6,"Let $a_1, a_2, \dots, a_{2020}$ be real numbers, not necessarily distinct. For all $n \ge 2020$, let $a_{n+1}$ be the minimal real root of the polynomial
$$
P_n(x) = x^{2n} + a_1 x^{2n-2} + a_2 x^{2n-4} + \dots + a_{n-1} x^2 + a_n,
$$
if it exists. Assume that $a_{n+1}$ exists for all $n \ge 2020$. Prove that $a_{n+1} \le a_n$ for all $n \ge 2021$.","Let \(a_1, a_2, a_3\) be a sequence of positive real numbers, and \(s\) be a positive integer, such that

\[
a_n = \max \{ a_k + a_{n-k} \mid 1 \leq k \leq n-1 \} \ \textrm{ for all } \ n > s.
\]

Prove there exist positive integers \(\ell \leq s\) and \(N\), such that

\[
a_n = a_{\ell} + a_{n - \ell} \ \textrm{ for all } \ n \geq N.
\]"
MATHNET-0i9x,USA IMO,discrete_mathematics,1,0.1418,IMO 1966 P3,1966,3,IMO-1966-3,https://artofproblemsolving.com/wiki/index.php/1966_IMO_Problems/Problem_3,"At the vertices of a regular hexagon are written six nonnegative integers whose sum is $2003$. Bert is allowed to make moves of the following form: he may pick a vertex and replace the number written there by the absolute value of the difference between the numbers written at the two neighboring vertices. Prove that Bert can make a sequence of moves, after which the number $0$ appears at all six vertices.",Prove that the sum of the distances of the vertices of a regular tetrahedron from the center of its circumscribed sphere is less than the sum of the distances of these vertices from any other point in space.
MATHNET-0i9x,USA IMO,discrete_mathematics,2,0.1372,IMO 1986 P3,1986,3,IMO-1986-3,https://artofproblemsolving.com/wiki/index.php/1986_IMO_Problems/Problem_3,"At the vertices of a regular hexagon are written six nonnegative integers whose sum is $2003$. Bert is allowed to make moves of the following form: he may pick a vertex and replace the number written there by the absolute value of the difference between the numbers written at the two neighboring vertices. Prove that Bert can make a sequence of moves, after which the number $0$ appears at all six vertices.","To each vertex of a regular pentagon an integer is assigned, so that the sum of all five numbers is positive. If three consecutive vertices are assigned the numbers \(x,y,z\) respectively, and \(y<0\), then the following operation is allowed: \(x,y,z\) are replaced by \(x+y,-y,z+y\) respectively. Such an operation is performed repeatedly as long as at least one of the five numbers is negative. Determine whether this procedure necessarily comes to an end after a finite number of steps."
MATHNET-0i9x,USA IMO,discrete_mathematics,3,0.1324,IMO 2018 P3,2018,3,IMO-2018-3,https://artofproblemsolving.com/wiki/index.php/2018_IMO_Problems/Problem_3,"At the vertices of a regular hexagon are written six nonnegative integers whose sum is $2003$. Bert is allowed to make moves of the following form: he may pick a vertex and replace the number written there by the absolute value of the difference between the numbers written at the two neighboring vertices. Prove that Bert can make a sequence of moves, after which the number $0$ appears at all six vertices.","An anti-Pascal triangle is an equilateral triangular array of numbers such that, except for the numbers in the bottom row, each number is the absolute value of the difference of the two numbers immediately below it. For example, the following is an anti-Pascal triangle with four rows which contains every integer from \(1\) to \(10\)

\[
4
\]

\[
2\quad 6
\]

\[
5\quad 7 \quad 1
\]

\[
8\quad 3 \quad 10 \quad 9
\]

Does there exist an anti-Pascal triangle with \(2018\) rows which contains every i"
MATHNET-06y4,IMO Shortlisted Problems,algebra,1,0.3576,IMO 2024 P6,2024,6,IMO-2024-6,https://artofproblemsolving.com/wiki/index.php/2024_IMO_Problems/Problem_6,"Let $\mathbb{Q}$ be the set of rational numbers. Let $f: \mathbb{Q} \rightarrow \mathbb{Q}$ be a function such that the following property holds: for all $x, y \in \mathbb{Q}$,
$$
f(x+f(y))=f(x)+y \quad \text{or} \quad f(f(x)+y)=x+f(y).
$$

Determine the maximum possible number of elements of $\{f(x)+f(-x) \mid x \in \mathbb{Q}\}$.","Let \(\mathbb{Q}\) be the set of rational numbers. A function \(f: \mathbb{Q} \to \mathbb{Q}\) is called \(\emph{aquaesulian}\) if the following property holds: for every \(x,y \in \mathbb{Q}\),

\[
f(x+f(y)) = f(x) + y \quad \text{or} \quad f(f(x)+y) = x + f(y).
\]

Show that there exists an integer \(c\) such that for any aquaesulian function \(f\) there are at most \(c\) different rational numbers of the form \(f(r) + f(-r)\) for some rational number \(r\), and find the smallest possible valu"
MATHNET-06y4,IMO Shortlisted Problems,algebra,2,0.3377,IMO 1990 P4,1990,4,IMO-1990-4,https://artofproblemsolving.com/wiki/index.php/1990_IMO_Problems/Problem_4,"Let $\mathbb{Q}$ be the set of rational numbers. Let $f: \mathbb{Q} \rightarrow \mathbb{Q}$ be a function such that the following property holds: for all $x, y \in \mathbb{Q}$,
$$
f(x+f(y))=f(x)+y \quad \text{or} \quad f(f(x)+y)=x+f(y).
$$

Determine the maximum possible number of elements of $\{f(x)+f(-x) \mid x \in \mathbb{Q}\}$.","Let \(\mathbb{Q^+}\) be the set of positive rational numbers. Construct a function \(f :\mathbb{Q^+}\rightarrow\mathbb{Q^+}\) such that \(f(xf(y)) = \frac{f(x)}{y}\) for all \(x, y\in{Q^+}\)."
MATHNET-06y4,IMO Shortlisted Problems,algebra,3,0.3035,IMO 2013 P5,2013,5,IMO-2013-5,https://artofproblemsolving.com/wiki/index.php/2013_IMO_Problems/Problem_5,"Let $\mathbb{Q}$ be the set of rational numbers. Let $f: \mathbb{Q} \rightarrow \mathbb{Q}$ be a function such that the following property holds: for all $x, y \in \mathbb{Q}$,
$$
f(x+f(y))=f(x)+y \quad \text{or} \quad f(f(x)+y)=x+f(y).
$$

Determine the maximum possible number of elements of $\{f(x)+f(-x) \mid x \in \mathbb{Q}\}$.","Let \(\mathbb Q_{>0}\) be the set of all positive rational numbers. Let \(f:\mathbb Q_{>0}\to\mathbb R\) be a function satisfying the following three conditions:

(i) for all \(x,y\in\mathbb Q_{>0}\), we have \(f(x)f(y)\geq f(xy)\); (ii) for all \(x,y\in\mathbb Q_{>0}\), we have \(f(x+y)\geq f(x)+f(y)\); (iii) there exists a rational number \(a>1\) such that \(f(a)=a\).

Prove that \(f(x)=x\) for all \(x\in\mathbb Q_{>0}\)."
