problem_id,similar_problem_id,similarity_score
MATHNET-0002,MATHNET-0bw4 | MATHNET-0beo | MATHNET-0bpv | MATHNET-0c4x | MATHNET-0caz | MATHNET-0gfv | MATHNET-0bdr | MATHNET-0bl4 | MATHNET-0gfg | MATHNET-0l7k,1.0000 | 1.0000 | 1.0000 | 1.0000 | 1.0000 | 1.0000 | 1.0000 | 1.0000 | 1.0000 | 1.0000
MATHNET-000s,MATHNET-009e | MATHNET-02n9 | MATHNET-04up | MATHNET-0c1k | MATHNET-04hy | MATHNET-09jj | MATHNET-0djw | MATHNET-0698 | MATHNET-0f78 | MATHNET-0dd1,1.0000 | 1.0000 | 0.9737 | 0.9737 | 0.9737 | 0.9737 | 0.9737 | 0.9737 | 0.9737 | 0.9737
MATHNET-000t,MATHNET-04st | MATHNET-0ar9 | MATHNET-0490 | MATHNET-0lad | MATHNET-04ch | MATHNET-0au5 | MATHNET-0a32 | MATHNET-0gm2 | MATHNET-0cy4 | MATHNET-0anq,1.0000 | 1.0000 | 1.0000 | 1.0000 | 1.0000 | 1.0000 | 1.0000 | 1.0000 | 1.0000 | 1.0000
MATHNET-001e,MATHNET-04hy | MATHNET-0f78 | MATHNET-04up | MATHNET-0eyj | MATHNET-0dd1 | MATHNET-0f9f | MATHNET-04iq | MATHNET-0gme | MATHNET-009e | MATHNET-02n9,1.0000 | 1.0000 | 1.0000 | 1.0000 | 1.0000 | 1.0000 | 1.0000 | 1.0000 | 0.9737 | 0.9737
MATHNET-002s,MATHNET-0cih | MATHNET-03b4 | MATHNET-0gfz | MATHNET-0044 | MATHNET-0f27 | MATHNET-09pt | MATHNET-0f2k | MATHNET-0f03 | MATHNET-0dgr | MATHNET-04uw,1.0000 | 1.0000 | 0.9610 | 0.9569 | 0.9487 | 0.9487 | 0.9487 | 0.9487 | 0.9487 | 0.9487
MATHNET-003j,MATHNET-0f6k | MATHNET-09k0 | MATHNET-0dgx | MATHNET-09ka | MATHNET-01t8 | MATHNET-0c9v | MATHNET-09jr | MATHNET-04e2 | MATHNET-0eyx | MATHNET-0c1x,1.0000 | 0.9867 | 0.9867 | 0.9867 | 0.9867 | 0.9867 | 0.9867 | 0.9867 | 0.9867 | 0.9867
MATHNET-003m,MATHNET-0041 | MATHNET-004m | MATHNET-049x | MATHNET-08ic | MATHNET-0c9x | MATHNET-0atn | MATHNET-04dz | MATHNET-00cj | MATHNET-008t | MATHNET-0bqa,0.9867 | 0.9867 | 0.9867 | 0.9867 | 0.9867 | 0.9867 | 0.9867 | 0.9867 | 0.9867 | 0.9867
MATHNET-0041,MATHNET-0bqa | MATHNET-049x | MATHNET-08ic | MATHNET-004m | MATHNET-0c9x | MATHNET-008t | MATHNET-0atn | MATHNET-04dz | MATHNET-0c4k | MATHNET-00cj,1.0000 | 1.0000 | 1.0000 | 1.0000 | 1.0000 | 1.0000 | 1.0000 | 1.0000 | 1.0000 | 1.0000
MATHNET-0044,MATHNET-0gfz | MATHNET-0dgx | MATHNET-0dgr | MATHNET-09jr | MATHNET-09ka | MATHNET-0f03 | MATHNET-09k0 | MATHNET-0cie | MATHNET-0f1q | MATHNET-0gg9,0.9955 | 0.9911 | 0.9911 | 0.9911 | 0.9911 | 0.9911 | 0.9911 | 0.9911 | 0.9911 | 0.9911
MATHNET-004m,MATHNET-0041 | MATHNET-049x | MATHNET-0bqa | MATHNET-08ic | MATHNET-0c9x | MATHNET-0atn | MATHNET-00cj | MATHNET-04dz | MATHNET-0c4k | MATHNET-008t,1.0000 | 1.0000 | 1.0000 | 1.0000 | 1.0000 | 1.0000 | 1.0000 | 1.0000 | 1.0000 | 1.0000
MATHNET-007a,MATHNET-0azg | MATHNET-00md | MATHNET-0ibi | MATHNET-064u | MATHNET-09hf | MATHNET-03di | MATHNET-0inz | MATHNET-0bot | MATHNET-0bxl | MATHNET-08kv,0.8654 | 0.8462 | 0.8263 | 0.8152 | 0.8125 | 0.8088 | 0.8040 | 0.8038 | 0.8023 | 0.7977
MATHNET-007d,MATHNET-0drf | MATHNET-0htx | MATHNET-037b | MATHNET-0blq | MATHNET-0h2a | MATHNET-08yd | MATHNET-032t | MATHNET-00yo | MATHNET-0e06 | MATHNET-0a95,0.8778 | 0.8393 | 0.8175 | 0.8013 | 0.7989 | 0.7961 | 0.7801 | 0.7800 | 0.7731 | 0.7719
MATHNET-008t,MATHNET-0041 | MATHNET-004m | MATHNET-0c9x | MATHNET-08ic | MATHNET-04dz | MATHNET-0atn | MATHNET-00cj | MATHNET-0bqa | MATHNET-049x | MATHNET-0c4k,1.0000 | 1.0000 | 1.0000 | 1.0000 | 1.0000 | 1.0000 | 1.0000 | 1.0000 | 1.0000 | 1.0000
MATHNET-009e,MATHNET-000s | MATHNET-02n9 | MATHNET-04up | MATHNET-0c1k | MATHNET-04hy | MATHNET-09jj | MATHNET-0djw | MATHNET-0698 | MATHNET-0f78 | MATHNET-0dd1,1.0000 | 1.0000 | 0.9737 | 0.9737 | 0.9737 | 0.9737 | 0.9737 | 0.9737 | 0.9737 | 0.9737
MATHNET-009s,MATHNET-0czk | MATHNET-0j9k | MATHNET-0jnd | MATHNET-07uh | MATHNET-04vh | MATHNET-0ax4 | MATHNET-056b | MATHNET-0jtz | MATHNET-02eg | MATHNET-06nj,0.8231 | 0.7936 | 0.7786 | 0.7657 | 0.7508 | 0.7496 | 0.7490 | 0.7438 | 0.7425 | 0.7414
MATHNET-00a6,MATHNET-0677 | MATHNET-07n6 | MATHNET-0iyz | MATHNET-071o | MATHNET-0325 | MATHNET-0je9 | MATHNET-0kto | MATHNET-04xa | MATHNET-0bd7 | MATHNET-0akk,0.8562 | 0.8147 | 0.7886 | 0.7819 | 0.7499 | 0.7363 | 0.7276 | 0.7207 | 0.7179 | 0.7108
MATHNET-00ac,MATHNET-020t | MATHNET-077h | MATHNET-0a2l | MATHNET-0ijk | MATHNET-0jtz | MATHNET-08pi | MATHNET-07d3 | MATHNET-00hu | MATHNET-04aq | MATHNET-05bk,0.8253 | 0.8117 | 0.8039 | 0.8031 | 0.8030 | 0.8021 | 0.7997 | 0.7925 | 0.7892 | 0.7865
MATHNET-00ba,MATHNET-0jt8 | MATHNET-0bvn | MATHNET-02h7 | MATHNET-01bj | MATHNET-0d7c | MATHNET-03t6 | MATHNET-0jcv | MATHNET-0cwp | MATHNET-0gdx | MATHNET-0cjq,0.7551 | 0.7326 | 0.7084 | 0.7053 | 0.7001 | 0.6953 | 0.6937 | 0.6792 | 0.6753 | 0.6682
MATHNET-00by,MATHNET-065e | MATHNET-0k4h | MATHNET-0j4z | MATHNET-0a9f | MATHNET-0avj | MATHNET-0agx | MATHNET-0d1o | MATHNET-0a53 | MATHNET-0bq8 | MATHNET-06nq,0.8858 | 0.8614 | 0.8494 | 0.8385 | 0.8313 | 0.8238 | 0.8194 | 0.8166 | 0.8078 | 0.7930
MATHNET-00cj,MATHNET-0041 | MATHNET-004m | MATHNET-08ic | MATHNET-0c9x | MATHNET-049x | MATHNET-0atn | MATHNET-008t | MATHNET-0c4k | MATHNET-04dz | MATHNET-0bqa,1.0000 | 1.0000 | 1.0000 | 1.0000 | 1.0000 | 1.0000 | 1.0000 | 1.0000 | 1.0000 | 1.0000
MATHNET-00cu,MATHNET-0ebi | MATHNET-0g60 | MATHNET-00cv | MATHNET-0g57 | MATHNET-0fhq | MATHNET-0cmw | MATHNET-023t | MATHNET-0gbv | MATHNET-05qu | MATHNET-05f6,0.9749 | 0.8438 | 0.8385 | 0.8261 | 0.8189 | 0.8136 | 0.8101 | 0.8080 | 0.7980 | 0.7972
MATHNET-00cv,MATHNET-023t | MATHNET-0ebi | MATHNET-00cu | MATHNET-028y | MATHNET-0efx | MATHNET-067b | MATHNET-0fj3 | MATHNET-0bnb | MATHNET-06zj | MATHNET-0ads,0.9038 | 0.8426 | 0.8385 | 0.8379 | 0.8312 | 0.8169 | 0.8153 | 0.8079 | 0.8021 | 0.8021
MATHNET-00et,MATHNET-0gqz | MATHNET-0ggp | MATHNET-08pm | MATHNET-00va | MATHNET-0cg1 | MATHNET-0acz | MATHNET-0a7h | MATHNET-00f0 | MATHNET-0lbc | MATHNET-0e73,0.7824 | 0.7795 | 0.7665 | 0.7581 | 0.7561 | 0.7463 | 0.7171 | 0.7072 | 0.7021 | 0.6989
MATHNET-00f0,MATHNET-0lbc | MATHNET-01f7 | MATHNET-06bz | MATHNET-0ai8 | MATHNET-072g | MATHNET-00va | MATHNET-08pm | MATHNET-00ul | MATHNET-0a7h | MATHNET-0acz,0.8866 | 0.7733 | 0.7616 | 0.7502 | 0.7494 | 0.7469 | 0.7405 | 0.7278 | 0.7195 | 0.7192
MATHNET-00f5,MATHNET-03nj | MATHNET-0h10 | MATHNET-00s2 | MATHNET-0gle | MATHNET-06x6 | MATHNET-0dzm | MATHNET-0cnn | MATHNET-0lgk | MATHNET-0d0v | MATHNET-0au7,0.8478 | 0.8407 | 0.8029 | 0.8025 | 0.7928 | 0.7820 | 0.7763 | 0.7738 | 0.7733 | 0.7726
MATHNET-00fc,MATHNET-0b2t | MATHNET-0j6t | MATHNET-07xw | MATHNET-06jk | MATHNET-01ug | MATHNET-0cww | MATHNET-0ck8 | MATHNET-09ad | MATHNET-07nh | MATHNET-0akk,0.8205 | 0.7859 | 0.7766 | 0.7760 | 0.7654 | 0.7640 | 0.7594 | 0.7556 | 0.7549 | 0.7507
MATHNET-00g4,MATHNET-0kto | MATHNET-0e0d | MATHNET-07du | MATHNET-0e06 | MATHNET-00qi | MATHNET-0bd7 | MATHNET-0325 | MATHNET-0iyz | MATHNET-07n6 | MATHNET-07n4,0.8768 | 0.8096 | 0.7722 | 0.7685 | 0.7656 | 0.7561 | 0.7396 | 0.7338 | 0.7325 | 0.7324
MATHNET-00h0,MATHNET-03qq | MATHNET-08zz | MATHNET-0eu5 | MATHNET-06si | MATHNET-090z | MATHNET-05d6 | MATHNET-06op | MATHNET-03ln | MATHNET-0i9x | MATHNET-077p,0.9013 | 0.8874 | 0.8837 | 0.8830 | 0.8748 | 0.8715 | 0.8626 | 0.8582 | 0.8521 | 0.8481
MATHNET-00hu,MATHNET-03n8 | MATHNET-00ac | MATHNET-08pi | MATHNET-07d3 | MATHNET-0lf7 | MATHNET-077h | MATHNET-0cwp | MATHNET-05bk | MATHNET-0387 | MATHNET-0bth,0.8047 | 0.7925 | 0.7870 | 0.7788 | 0.7759 | 0.7756 | 0.7657 | 0.7595 | 0.7595 | 0.7573
MATHNET-00hy,MATHNET-0dps | MATHNET-077p | MATHNET-06xj | MATHNET-0jgz | MATHNET-0bzc | MATHNET-0i9x | MATHNET-045v | MATHNET-06ke | MATHNET-090m | MATHNET-0479,0.9197 | 0.9014 | 0.8980 | 0.8778 | 0.8751 | 0.8692 | 0.8550 | 0.8501 | 0.8467 | 0.8376
MATHNET-00jk,MATHNET-041i | MATHNET-07w7 | MATHNET-0457 | MATHNET-0hs2 | MATHNET-0ksl | MATHNET-06fc | MATHNET-07ko | MATHNET-0l9s | MATHNET-0b84 | MATHNET-0i9p,0.8357 | 0.8065 | 0.7655 | 0.7255 | 0.7223 | 0.7124 | 0.6911 | 0.6907 | 0.6890 | 0.6863
MATHNET-00k4,MATHNET-0dil | MATHNET-0925 | MATHNET-0157 | MATHNET-03w7 | MATHNET-0dyh | MATHNET-0kqa | MATHNET-08o1 | MATHNET-06nq | MATHNET-0hdo | MATHNET-01el,0.8726 | 0.8442 | 0.8418 | 0.8318 | 0.8314 | 0.8269 | 0.8177 | 0.8113 | 0.8057 | 0.8044
MATHNET-00kp,MATHNET-0h27 | MATHNET-0adb | MATHNET-02f2 | MATHNET-0gtj | MATHNET-0jw5 | MATHNET-0fev | MATHNET-0ikl | MATHNET-0h46 | MATHNET-0irf | MATHNET-01qj,0.9238 | 0.9056 | 0.8906 | 0.8879 | 0.8685 | 0.8647 | 0.8509 | 0.8473 | 0.8449 | 0.8424
MATHNET-00l0,MATHNET-04yy | MATHNET-0b7y | MATHNET-07n4 | MATHNET-00yo | MATHNET-0blq | MATHNET-038o | MATHNET-04ra | MATHNET-0e06 | MATHNET-0htx | MATHNET-007d,0.8284 | 0.8257 | 0.8085 | 0.8063 | 0.7981 | 0.7895 | 0.7724 | 0.7709 | 0.7599 | 0.7491
MATHNET-00lt,MATHNET-05jg | MATHNET-0dmc | MATHNET-0fg1 | MATHNET-05yo | MATHNET-0fnb | MATHNET-05qn | MATHNET-0fxv | MATHNET-060t | MATHNET-09t7 | MATHNET-0855,0.9408 | 0.9105 | 0.9041 | 0.9029 | 0.9004 | 0.8795 | 0.8750 | 0.8610 | 0.8561 | 0.8463
MATHNET-00md,MATHNET-0inz | MATHNET-0ibi | MATHNET-007a | MATHNET-03di | MATHNET-07vc | MATHNET-07r9 | MATHNET-08kv | MATHNET-0azg | MATHNET-0jp5 | MATHNET-08y6,0.8534 | 0.8489 | 0.8462 | 0.8418 | 0.8413 | 0.8408 | 0.8355 | 0.8311 | 0.8147 | 0.8116
MATHNET-00mi,MATHNET-0a4k | MATHNET-0jzx | MATHNET-0b1m | MATHNET-0hhz | MATHNET-0ibu | MATHNET-0krr | MATHNET-0l0n | MATHNET-0hvc | MATHNET-0j50 | MATHNET-0e08,0.9041 | 0.8798 | 0.8719 | 0.8586 | 0.8518 | 0.8502 | 0.8427 | 0.8426 | 0.8385 | 0.8342
MATHNET-00nb,MATHNET-0jgr | MATHNET-04a3 | MATHNET-0j3m | MATHNET-06ze | MATHNET-0le9 | MATHNET-01kt | MATHNET-017c | MATHNET-0bx8 | MATHNET-0752 | MATHNET-0397,0.8374 | 0.7813 | 0.7806 | 0.7686 | 0.7661 | 0.7608 | 0.7587 | 0.7570 | 0.7564 | 0.7478
MATHNET-00nm,MATHNET-07gp | MATHNET-08nc | MATHNET-06fc | MATHNET-0b84 | MATHNET-0jxp | MATHNET-0f9k | MATHNET-0le8 | MATHNET-0553 | MATHNET-0i9p | MATHNET-08tg,0.8200 | 0.7743 | 0.7593 | 0.7174 | 0.7098 | 0.7016 | 0.6938 | 0.6934 | 0.6878 | 0.6869
MATHNET-00nu,MATHNET-00p6 | MATHNET-0j50 | MATHNET-0hc1 | MATHNET-06ct | MATHNET-03zv | MATHNET-0gyd | MATHNET-064u | MATHNET-0hxe | MATHNET-0jx0 | MATHNET-09iq,0.8693 | 0.8679 | 0.8630 | 0.8581 | 0.8570 | 0.8505 | 0.8383 | 0.8373 | 0.8289 | 0.8284
MATHNET-00ny,MATHNET-03e9 | MATHNET-0212 | MATHNET-04ru | MATHNET-01u2 | MATHNET-0c66 | MATHNET-0dqz | MATHNET-03ln | MATHNET-0eu5 | MATHNET-0iic | MATHNET-0dps,0.9071 | 0.8965 | 0.8888 | 0.8659 | 0.8658 | 0.8331 | 0.8315 | 0.8225 | 0.8211 | 0.8202
MATHNET-00ok,MATHNET-01ug | MATHNET-0kf4 | MATHNET-0jh7 | MATHNET-07du | MATHNET-071o | MATHNET-0j6t | MATHNET-032t | MATHNET-08yd | MATHNET-09ad | MATHNET-0b2t,0.8054 | 0.7988 | 0.7828 | 0.7761 | 0.7696 | 0.7659 | 0.7530 | 0.7515 | 0.7484 | 0.7470
MATHNET-00p6,MATHNET-0hc1 | MATHNET-03zv | MATHNET-0j50 | MATHNET-00nu | MATHNET-0kpx | MATHNET-03di | MATHNET-0l0n | MATHNET-0hhz | MATHNET-0ibu | MATHNET-064u,0.9755 | 0.9175 | 0.8757 | 0.8693 | 0.8411 | 0.8379 | 0.8278 | 0.8263 | 0.8251 | 0.8133
MATHNET-00ps,MATHNET-0iic | MATHNET-04qz | MATHNET-0eu5 | MATHNET-0inh | MATHNET-03ln | MATHNET-0c66 | MATHNET-0dqz | MATHNET-00vm | MATHNET-01b8 | MATHNET-0jog,0.8373 | 0.8274 | 0.8193 | 0.8179 | 0.8086 | 0.8058 | 0.8025 | 0.8024 | 0.8016 | 0.8001
MATHNET-00qi,MATHNET-0kto | MATHNET-0bd7 | MATHNET-00g4 | MATHNET-0e0d | MATHNET-07gg | MATHNET-0c8t | MATHNET-0cgo | MATHNET-08io | MATHNET-0ilv | MATHNET-07n6,0.8024 | 0.7703 | 0.7656 | 0.7486 | 0.7342 | 0.7296 | 0.7271 | 0.6959 | 0.6938 | 0.6915
MATHNET-00rl,MATHNET-01b9 | MATHNET-04qz | MATHNET-0jog | MATHNET-08y2 | MATHNET-047k | MATHNET-07x2 | MATHNET-04x6 | MATHNET-07gw | MATHNET-0iic | MATHNET-09xc,0.8790 | 0.8415 | 0.8227 | 0.8154 | 0.8076 | 0.8036 | 0.7975 | 0.7957 | 0.7941 | 0.7936
MATHNET-00s2,MATHNET-0h10 | MATHNET-03nj | MATHNET-05aq | MATHNET-00f5 | MATHNET-03gy | MATHNET-0cnn | MATHNET-0lgk | MATHNET-06x6 | MATHNET-0etj | MATHNET-0dyh,0.9354 | 0.8947 | 0.8030 | 0.8029 | 0.7995 | 0.7753 | 0.7682 | 0.7635 | 0.7571 | 0.7563
MATHNET-00ug,MATHNET-078n | MATHNET-032t | MATHNET-0a95 | MATHNET-0hjb | MATHNET-037b | MATHNET-0dla | MATHNET-03us | MATHNET-0h2a | MATHNET-0b2t | MATHNET-038o,0.8779 | 0.8652 | 0.8436 | 0.8172 | 0.8131 | 0.8105 | 0.7916 | 0.7897 | 0.7730 | 0.7720
MATHNET-00ul,MATHNET-0397 | MATHNET-01dv | MATHNET-0ai8 | MATHNET-0j3m | MATHNET-01f7 | MATHNET-06dp | MATHNET-072g | MATHNET-06ze | MATHNET-0hs4 | MATHNET-0f8b,0.8262 | 0.8218 | 0.8211 | 0.8047 | 0.7935 | 0.7900 | 0.7860 | 0.7768 | 0.7759 | 0.7704
MATHNET-00up,MATHNET-07l8 | MATHNET-01b7 | MATHNET-0dq2 | MATHNET-04t3 | MATHNET-0lfz | MATHNET-06ts | MATHNET-0cy2 | MATHNET-0901 | MATHNET-03n2 | MATHNET-06pl,0.8204 | 0.8192 | 0.8040 | 0.7817 | 0.7670 | 0.7624 | 0.7602 | 0.7568 | 0.7498 | 0.7436
MATHNET-00va,MATHNET-00et | MATHNET-06bz | MATHNET-0gqz | MATHNET-00f0 | MATHNET-0lbc | MATHNET-0a7h | MATHNET-0cg1 | MATHNET-08pm | MATHNET-0acz | MATHNET-03t6,0.7581 | 0.7577 | 0.7485 | 0.7469 | 0.7351 | 0.7336 | 0.7089 | 0.7065 | 0.7023 | 0.7005
MATHNET-00vm,MATHNET-04qz | MATHNET-0dqz | MATHNET-01zv | MATHNET-0eud | MATHNET-038c | MATHNET-09xc | MATHNET-00ps | MATHNET-07x2 | MATHNET-01b9 | MATHNET-07dr,0.8209 | 0.8151 | 0.8065 | 0.8060 | 0.8053 | 0.8030 | 0.8024 | 0.7973 | 0.7880 | 0.7851
MATHNET-00xp,MATHNET-0f3f | MATHNET-0b84 | MATHNET-06j5 | MATHNET-0jxp | MATHNET-0j0k | MATHNET-0553 | MATHNET-0hs2 | MATHNET-0f9k | MATHNET-07gp | MATHNET-0dqf,0.8181 | 0.7854 | 0.7762 | 0.7756 | 0.7465 | 0.7321 | 0.7115 | 0.7114 | 0.7087 | 0.7040
MATHNET-00yo,MATHNET-0e06 | MATHNET-0blq | MATHNET-00l0 | MATHNET-04yy | MATHNET-007d | MATHNET-0b7y | MATHNET-074g | MATHNET-07n4 | MATHNET-0drf | MATHNET-0325,0.8252 | 0.8068 | 0.8063 | 0.8004 | 0.7800 | 0.7775 | 0.7749 | 0.7722 | 0.7605 | 0.7581
MATHNET-0103,MATHNET-0i5w | MATHNET-0fad | MATHNET-06nl | MATHNET-071d | MATHNET-09jx | MATHNET-0jv5 | MATHNET-0j12 | MATHNET-0d0r | MATHNET-0aae | MATHNET-07l2,0.8702 | 0.8550 | 0.7464 | 0.7280 | 0.7250 | 0.7174 | 0.7154 | 0.7125 | 0.7075 | 0.7041
MATHNET-010r,MATHNET-0cwk | MATHNET-0jxw | MATHNET-04iz | MATHNET-03xn | MATHNET-0cu5 | MATHNET-0hax | MATHNET-0lfz | MATHNET-0dq2 | MATHNET-035k | MATHNET-08m2,0.7992 | 0.7746 | 0.7736 | 0.7566 | 0.7414 | 0.7359 | 0.7332 | 0.7284 | 0.7245 | 0.7105
MATHNET-0115,MATHNET-0d4q | MATHNET-0cww | MATHNET-0jh7 | MATHNET-01k3 | MATHNET-032t | MATHNET-07du | MATHNET-037b | MATHNET-078n | MATHNET-00ok | MATHNET-0jc8,0.7865 | 0.7503 | 0.7289 | 0.7257 | 0.7103 | 0.7008 | 0.6926 | 0.6864 | 0.6849 | 0.6845
MATHNET-014r,MATHNET-034j | MATHNET-02er | MATHNET-0j86 | MATHNET-0gk7 | MATHNET-03us | MATHNET-0cgo | MATHNET-08io | MATHNET-0590 | MATHNET-0f8j | MATHNET-0c8t,0.7831 | 0.7278 | 0.7212 | 0.7068 | 0.7043 | 0.6854 | 0.6718 | 0.6669 | 0.6669 | 0.6592
MATHNET-014t,MATHNET-0jdx | MATHNET-0az2 | MATHNET-0gda | MATHNET-05j5 | MATHNET-0ii2 | MATHNET-0h3e | MATHNET-02xm | MATHNET-0dw6 | MATHNET-029k | MATHNET-0ig6,0.9068 | 0.8857 | 0.8701 | 0.8567 | 0.8566 | 0.8556 | 0.8552 | 0.8527 | 0.8461 | 0.8428
MATHNET-0157,MATHNET-00k4 | MATHNET-0dil | MATHNET-0kqa | MATHNET-01ub | MATHNET-01el | MATHNET-0hdo | MATHNET-0925 | MATHNET-0cc6 | MATHNET-0ij0 | MATHNET-0j4z,0.8418 | 0.8120 | 0.8063 | 0.8058 | 0.8033 | 0.7933 | 0.7933 | 0.7888 | 0.7843 | 0.7814
MATHNET-017c,MATHNET-0500 | MATHNET-06i3 | MATHNET-0aae | MATHNET-0f8b | MATHNET-01kt | MATHNET-0j3m | MATHNET-06nl | MATHNET-00nb | MATHNET-04a3 | MATHNET-08kn,0.8002 | 0.7929 | 0.7827 | 0.7725 | 0.7710 | 0.7662 | 0.7633 | 0.7587 | 0.7565 | 0.7555
MATHNET-017j,MATHNET-0lbc | MATHNET-08im | MATHNET-0d0r | MATHNET-0cey | MATHNET-0dfz | MATHNET-0a7h | MATHNET-06bz | MATHNET-00f0 | MATHNET-0ag8 | MATHNET-0e73,0.7667 | 0.7599 | 0.7549 | 0.7496 | 0.7407 | 0.7300 | 0.7276 | 0.7111 | 0.7058 | 0.7043
MATHNET-017x,MATHNET-0akk | MATHNET-0bis | MATHNET-03yl | MATHNET-0cu8 | MATHNET-00fc | MATHNET-03bp | MATHNET-07nh | MATHNET-0bd7 | MATHNET-04xa | MATHNET-06jk,0.8309 | 0.8112 | 0.7837 | 0.7758 | 0.7494 | 0.7414 | 0.7328 | 0.7324 | 0.7235 | 0.7200
MATHNET-01b7,MATHNET-0cy2 | MATHNET-06ts | MATHNET-00up | MATHNET-0dq2 | MATHNET-0lfz | MATHNET-04t3 | MATHNET-07l8 | MATHNET-051m | MATHNET-0901 | MATHNET-06pl,0.8351 | 0.8338 | 0.8192 | 0.8109 | 0.8044 | 0.7901 | 0.7816 | 0.7641 | 0.7611 | 0.7571
MATHNET-01b8,MATHNET-0jgz | MATHNET-03n8 | MATHNET-0inh | MATHNET-045v | MATHNET-0h61 | MATHNET-0dps | MATHNET-0lf7 | MATHNET-0iic | MATHNET-00ps | MATHNET-0479,0.8273 | 0.8200 | 0.8198 | 0.8158 | 0.8135 | 0.8034 | 0.8034 | 0.8027 | 0.8016 | 0.8015
MATHNET-01b9,MATHNET-00rl | MATHNET-04qz | MATHNET-07gw | MATHNET-0gq8 | MATHNET-08y2 | MATHNET-00vm | MATHNET-07x2 | MATHNET-0jog | MATHNET-00ps | MATHNET-09xk,0.8790 | 0.8422 | 0.8362 | 0.8179 | 0.7880 | 0.7880 | 0.7848 | 0.7845 | 0.7833 | 0.7761
MATHNET-01bf,MATHNET-0j5i | MATHNET-0bx8 | MATHNET-08pg | MATHNET-02ff | MATHNET-02ex | MATHNET-0500 | MATHNET-08kn | MATHNET-049z | MATHNET-07mb | MATHNET-0b48,0.8438 | 0.8229 | 0.7951 | 0.7879 | 0.7833 | 0.7738 | 0.7720 | 0.7705 | 0.7679 | 0.7583
MATHNET-01bj,MATHNET-0gdx | MATHNET-0759 | MATHNET-02h7 | MATHNET-08kn | MATHNET-04yn | MATHNET-049z | MATHNET-099l | MATHNET-0le9 | MATHNET-07mb | MATHNET-03nf,0.8431 | 0.8269 | 0.8251 | 0.7812 | 0.7712 | 0.7700 | 0.7662 | 0.7646 | 0.7640 | 0.7571
MATHNET-01db,MATHNET-0aj5 | MATHNET-09af | MATHNET-0kqa | MATHNET-09z8 | MATHNET-05ai | MATHNET-0dyz | MATHNET-03w7 | MATHNET-0ij0 | MATHNET-00k4 | MATHNET-05aq,0.8067 | 0.7785 | 0.7784 | 0.7655 | 0.7625 | 0.7616 | 0.7583 | 0.7483 | 0.7471 | 0.7414
MATHNET-01dv,MATHNET-0397 | MATHNET-01f7 | MATHNET-00ul | MATHNET-08wo | MATHNET-0j3m | MATHNET-02eg | MATHNET-0hs4 | MATHNET-0d9u | MATHNET-076c | MATHNET-0ai8,0.8532 | 0.8304 | 0.8218 | 0.8030 | 0.7968 | 0.7848 | 0.7804 | 0.7793 | 0.7766 | 0.7718
MATHNET-01ef,MATHNET-0hog | MATHNET-0hxe | MATHNET-058t | MATHNET-0bot | MATHNET-08y6 | MATHNET-0cz9 | MATHNET-07o3 | MATHNET-0inz | MATHNET-064u | MATHNET-0dbf,0.8567 | 0.8384 | 0.8309 | 0.8192 | 0.8085 | 0.8034 | 0.7971 | 0.7942 | 0.7941 | 0.7933
MATHNET-01ei,MATHNET-03gy | MATHNET-06nw | MATHNET-0kd5 | MATHNET-05aq | MATHNET-04e7 | MATHNET-021o | MATHNET-0k4h | MATHNET-08rj | MATHNET-0agx | MATHNET-03nj,0.8069 | 0.7815 | 0.7697 | 0.7671 | 0.7643 | 0.7589 | 0.7523 | 0.7495 | 0.7285 | 0.7276
MATHNET-01el,MATHNET-01x5 | MATHNET-01ub | MATHNET-00k4 | MATHNET-0157 | MATHNET-0law | MATHNET-0bxp | MATHNET-09z8 | MATHNET-01l8 | MATHNET-0ij0 | MATHNET-03o9,0.8793 | 0.8131 | 0.8044 | 0.8033 | 0.8015 | 0.7964 | 0.7784 | 0.7738 | 0.7717 | 0.7651
MATHNET-01f7,MATHNET-01dv | MATHNET-00ul | MATHNET-0397 | MATHNET-08pm | MATHNET-06dp | MATHNET-0ai8 | MATHNET-00f0 | MATHNET-072g | MATHNET-0lbc | MATHNET-07k2,0.8304 | 0.7935 | 0.7923 | 0.7851 | 0.7851 | 0.7780 | 0.7733 | 0.7699 | 0.7645 | 0.7490
MATHNET-01ii,MATHNET-03n2 | MATHNET-0cy2 | MATHNET-07l8 | MATHNET-0901 | MATHNET-06ts | MATHNET-01b7 | MATHNET-00up | MATHNET-0dq2 | MATHNET-08tg | MATHNET-08q8,0.8237 | 0.7760 | 0.7711 | 0.7177 | 0.7075 | 0.7075 | 0.7017 | 0.6980 | 0.6829 | 0.6695
MATHNET-01k3,MATHNET-0cww | MATHNET-078n | MATHNET-0b2t | MATHNET-0jqi | MATHNET-07du | MATHNET-00ok | MATHNET-032t | MATHNET-0115 | MATHNET-0jh7 | MATHNET-0590,0.7989 | 0.7702 | 0.7662 | 0.7623 | 0.7371 | 0.7285 | 0.7270 | 0.7257 | 0.7204 | 0.7199
MATHNET-01kt,MATHNET-0752 | MATHNET-0h1p | MATHNET-0j3m | MATHNET-06ze | MATHNET-017c | MATHNET-00nb | MATHNET-0aae | MATHNET-0397 | MATHNET-00ul | MATHNET-06nl,0.8269 | 0.7993 | 0.7920 | 0.7717 | 0.7710 | 0.7608 | 0.7577 | 0.7514 | 0.7487 | 0.7445
MATHNET-01l1,MATHNET-0fvm | MATHNET-062m | MATHNET-0g0v | MATHNET-0cvb | MATHNET-02qx | MATHNET-024k | MATHNET-0fxg | MATHNET-0eex | MATHNET-09qh | MATHNET-084e,0.8780 | 0.8466 | 0.8167 | 0.8108 | 0.8087 | 0.8048 | 0.7992 | 0.7979 | 0.7965 | 0.7848
MATHNET-01l8,MATHNET-0da8 | MATHNET-0gps | MATHNET-0bxl | MATHNET-01x5 | MATHNET-007a | MATHNET-0bot | MATHNET-0azg | MATHNET-03o9 | MATHNET-01el | MATHNET-0hog,0.8036 | 0.7988 | 0.7967 | 0.7925 | 0.7852 | 0.7850 | 0.7838 | 0.7820 | 0.7738 | 0.7727
MATHNET-01n3,MATHNET-0jnd | MATHNET-01qs | MATHNET-0d9u | MATHNET-08pg | MATHNET-0hs4 | MATHNET-0710 | MATHNET-0dqz | MATHNET-09xc | MATHNET-0jtz | MATHNET-0akb,0.8493 | 0.8461 | 0.8300 | 0.8100 | 0.7999 | 0.7891 | 0.7828 | 0.7826 | 0.7786 | 0.7650
MATHNET-01nc,MATHNET-0fg6 | MATHNET-0cie | MATHNET-09ka | MATHNET-09k0 | MATHNET-0dgx | MATHNET-0dgr | MATHNET-0c9v | MATHNET-0eyx | MATHNET-0gg9 | MATHNET-04uw,1.0000 | 1.0000 | 1.0000 | 1.0000 | 1.0000 | 1.0000 | 1.0000 | 1.0000 | 1.0000 | 1.0000
MATHNET-01oe,MATHNET-0k0z | MATHNET-0e5q | MATHNET-04p0 | MATHNET-0cey | MATHNET-0jv5 | MATHNET-07l2 | MATHNET-0hak | MATHNET-0dtj | MATHNET-08im | MATHNET-08py,0.7165 | 0.7116 | 0.7107 | 0.6835 | 0.6717 | 0.6634 | 0.6461 | 0.6408 | 0.6404 | 0.6349
MATHNET-01os,MATHNET-09cc | MATHNET-05ia | MATHNET-0apq | MATHNET-028y | MATHNET-0bml | MATHNET-0fk5 | MATHNET-0ads | MATHNET-067b | MATHNET-0ft3 | MATHNET-0fyx,0.9108 | 0.8742 | 0.8563 | 0.8504 | 0.8463 | 0.8447 | 0.8370 | 0.8332 | 0.8304 | 0.8170
MATHNET-01p2,MATHNET-0lbg | MATHNET-003m | MATHNET-0041 | MATHNET-0c6i | MATHNET-0atn | MATHNET-0f6y | MATHNET-09jj | MATHNET-004m | MATHNET-08ic | MATHNET-0b09,1.0000 | 0.9867 | 0.9737 | 0.9737 | 0.9737 | 0.9737 | 0.9737 | 0.9737 | 0.9737 | 0.9737
MATHNET-01qi,MATHNET-0co7 | MATHNET-0c4x | MATHNET-0caz | MATHNET-0bpv | MATHNET-0bw4 | MATHNET-0bdr | MATHNET-0gfv | MATHNET-0beo | MATHNET-0bl4 | MATHNET-0l7k,0.9989 | 0.8581 | 0.8581 | 0.8581 | 0.8581 | 0.8581 | 0.8581 | 0.8581 | 0.8581 | 0.8581
MATHNET-01qj,MATHNET-0irf | MATHNET-0h46 | MATHNET-02x1 | MATHNET-0ii2 | MATHNET-0dw6 | MATHNET-00kp | MATHNET-0ig6 | MATHNET-0h3e | MATHNET-0h27 | MATHNET-0g61,0.9750 | 0.9615 | 0.8760 | 0.8756 | 0.8500 | 0.8424 | 0.8378 | 0.8293 | 0.8287 | 0.8272
MATHNET-01qk,MATHNET-0bwb | MATHNET-0bmd | MATHNET-0l1k | MATHNET-0a9f | MATHNET-0j4z | MATHNET-06h1 | MATHNET-0adi | MATHNET-0bq8 | MATHNET-0agx | MATHNET-0652,0.8373 | 0.8119 | 0.8096 | 0.8030 | 0.7979 | 0.7963 | 0.7890 | 0.7879 | 0.7834 | 0.7828
MATHNET-01qs,MATHNET-0dqz | MATHNET-0bth | MATHNET-01n3 | MATHNET-0387 | MATHNET-0iic | MATHNET-0lf7 | MATHNET-0jnd | MATHNET-038c | MATHNET-0jog | MATHNET-0jtz,0.8541 | 0.8525 | 0.8461 | 0.8433 | 0.8118 | 0.8069 | 0.8064 | 0.8063 | 0.8010 | 0.8002
MATHNET-01rg,MATHNET-03o9 | MATHNET-0ibi | MATHNET-0d6i | MATHNET-058t | MATHNET-09pd | MATHNET-0est | MATHNET-0azg | MATHNET-0adi | MATHNET-0a7r | MATHNET-0bmd,0.8576 | 0.8344 | 0.8293 | 0.8216 | 0.8179 | 0.8177 | 0.8162 | 0.8153 | 0.8153 | 0.8143
MATHNET-01t8,MATHNET-0dgx | MATHNET-0dgr | MATHNET-09ka | MATHNET-0gg9 | MATHNET-04uw | MATHNET-0c1x | MATHNET-0fg6 | MATHNET-01nc | MATHNET-0f03 | MATHNET-09jr,1.0000 | 1.0000 | 1.0000 | 1.0000 | 1.0000 | 1.0000 | 1.0000 | 1.0000 | 1.0000 | 1.0000
MATHNET-01tp,MATHNET-0k65 | MATHNET-0kfj | MATHNET-0dk0 | MATHNET-0l8o | MATHNET-0dbf | MATHNET-01uc | MATHNET-05ai | MATHNET-03xa | MATHNET-01ub | MATHNET-0law,0.8371 | 0.8249 | 0.7976 | 0.7969 | 0.7721 | 0.7691 | 0.7638 | 0.7537 | 0.7362 | 0.7210
MATHNET-01u2,MATHNET-0212 | MATHNET-03e9 | MATHNET-0387 | MATHNET-0c66 | MATHNET-05d6 | MATHNET-0932 | MATHNET-00ny | MATHNET-0bth | MATHNET-0eu5 | MATHNET-06rf,0.8965 | 0.8937 | 0.8840 | 0.8731 | 0.8719 | 0.8685 | 0.8659 | 0.8530 | 0.8443 | 0.8425
MATHNET-01u3,MATHNET-0a4r | MATHNET-0ias | MATHNET-06rf | MATHNET-0ldf | MATHNET-0759 | MATHNET-06au | MATHNET-020y | MATHNET-0387 | MATHNET-0bth | MATHNET-07dr,0.7417 | 0.7216 | 0.7206 | 0.7179 | 0.7050 | 0.7032 | 0.6997 | 0.6989 | 0.6919 | 0.6912
MATHNET-01u9,MATHNET-08rj | MATHNET-0a7l | MATHNET-0dyz | MATHNET-0aho | MATHNET-01uc | MATHNET-0a5l | MATHNET-03bq | MATHNET-0dk0 | MATHNET-0l8o | MATHNET-0kd5,0.8168 | 0.7925 | 0.7912 | 0.7769 | 0.7760 | 0.7621 | 0.7611 | 0.7556 | 0.7463 | 0.7460
MATHNET-01ub,MATHNET-01x5 | MATHNET-01el | MATHNET-03xa | MATHNET-0ij0 | MATHNET-0157 | MATHNET-00k4 | MATHNET-0law | MATHNET-05ai | MATHNET-0azg | MATHNET-0bxp,0.8440 | 0.8131 | 0.8108 | 0.8086 | 0.8058 | 0.7839 | 0.7816 | 0.7812 | 0.7780 | 0.7721
MATHNET-01uc,MATHNET-0dk0 | MATHNET-0l8o | MATHNET-0aho | MATHNET-0kfj | MATHNET-0k65 | MATHNET-03xa | MATHNET-05ai | MATHNET-0dbf | MATHNET-0a7l | MATHNET-01u9,0.8624 | 0.8615 | 0.8574 | 0.8488 | 0.8265 | 0.8129 | 0.7965 | 0.7923 | 0.7849 | 0.7760
MATHNET-01ud,MATHNET-0jxw | MATHNET-07ko | MATHNET-035k | MATHNET-03xn | MATHNET-0cu5 | MATHNET-0cwk | MATHNET-0hax | MATHNET-010r | MATHNET-08m2 | MATHNET-06ts,0.7548 | 0.7415 | 0.7377 | 0.7213 | 0.7199 | 0.7166 | 0.7144 | 0.7012 | 0.6935 | 0.6819
MATHNET-01ug,MATHNET-0ck8 | MATHNET-00ok | MATHNET-07nh | MATHNET-0kf4 | MATHNET-09m6 | MATHNET-09ad | MATHNET-0j6t | MATHNET-0akk | MATHNET-0b2t | MATHNET-00fc,0.8555 | 0.8054 | 0.8037 | 0.7974 | 0.7883 | 0.7872 | 0.7773 | 0.7770 | 0.7701 | 0.7654
MATHNET-01x5,MATHNET-01el | MATHNET-01ub | MATHNET-0bxp | MATHNET-0law | MATHNET-01l8 | MATHNET-00k4 | MATHNET-01ef | MATHNET-0dbf | MATHNET-03o9 | MATHNET-0bot,0.8793 | 0.8440 | 0.8250 | 0.8128 | 0.7925 | 0.7802 | 0.7774 | 0.7763 | 0.7721 | 0.7695
MATHNET-01zv,MATHNET-0eud | MATHNET-00vm | MATHNET-0g45 | MATHNET-04v9 | MATHNET-09xc | MATHNET-0h61 | MATHNET-0bhj | MATHNET-07cc | MATHNET-03e9 | MATHNET-01b8,0.8225 | 0.8065 | 0.7948 | 0.7919 | 0.7902 | 0.7894 | 0.7884 | 0.7820 | 0.7764 | 0.7756
MATHNET-020b,MATHNET-0930 | MATHNET-0c1d | MATHNET-0b2x | MATHNET-09mt | MATHNET-072s | MATHNET-092p | MATHNET-0jog | MATHNET-08wo | MATHNET-04qz | MATHNET-07x2,0.8456 | 0.8061 | 0.7771 | 0.7703 | 0.7701 | 0.7630 | 0.7566 | 0.7515 | 0.7491 | 0.7469
MATHNET-020e,MATHNET-0h61 | MATHNET-045v | MATHNET-04v9 | MATHNET-0bhh | MATHNET-0479 | MATHNET-0kx0 | MATHNET-077p | MATHNET-06xj | MATHNET-06tf | MATHNET-0bzc,0.9037 | 0.8868 | 0.8685 | 0.8643 | 0.8616 | 0.8483 | 0.8362 | 0.8345 | 0.8275 | 0.8197
MATHNET-020t,MATHNET-00ac | MATHNET-06rf | MATHNET-0jtz | MATHNET-0ijk | MATHNET-0387 | MATHNET-01qs | MATHNET-0akb | MATHNET-01b8 | MATHNET-03n8 | MATHNET-08pi,0.8253 | 0.8153 | 0.8117 | 0.8065 | 0.8002 | 0.7959 | 0.7834 | 0.7805 | 0.7749 | 0.7748
MATHNET-020y,MATHNET-0jgr | MATHNET-0le9 | MATHNET-0jye | MATHNET-07j1 | MATHNET-017c | MATHNET-0gdx | MATHNET-00nb | MATHNET-02h7 | MATHNET-0h1p | MATHNET-0759,0.7814 | 0.7397 | 0.7309 | 0.7298 | 0.7237 | 0.7233 | 0.7181 | 0.7174 | 0.7168 | 0.7126
MATHNET-0212,MATHNET-03e9 | MATHNET-01u2 | MATHNET-00ny | MATHNET-0dqz | MATHNET-04ru | MATHNET-0387 | MATHNET-0bth | MATHNET-0c66 | MATHNET-0eu5 | MATHNET-0ax4,0.8968 | 0.8965 | 0.8965 | 0.8632 | 0.8550 | 0.8519 | 0.8486 | 0.8283 | 0.8265 | 0.8126
MATHNET-0217,MATHNET-0455 | MATHNET-0akr | MATHNET-06pl | MATHNET-04u6 | MATHNET-0bow | MATHNET-05dk | MATHNET-0glc | MATHNET-0kfw | MATHNET-0906 | MATHNET-04t3,0.9674 | 0.9079 | 0.8700 | 0.8548 | 0.8499 | 0.8430 | 0.8154 | 0.8097 | 0.8039 | 0.7923
MATHNET-021o,MATHNET-0kd5 | MATHNET-08rj | MATHNET-01qk | MATHNET-0652 | MATHNET-01ei | MATHNET-06nw | MATHNET-0bmd | MATHNET-0l5r | MATHNET-0dyz | MATHNET-0l1k,0.8251 | 0.7844 | 0.7715 | 0.7692 | 0.7589 | 0.7499 | 0.7478 | 0.7408 | 0.7398 | 0.7308
MATHNET-0220,MATHNET-02ya | MATHNET-0cmk | MATHNET-0g28 | MATHNET-084e | MATHNET-029t | MATHNET-05tc | MATHNET-09qh | MATHNET-022e | MATHNET-0buy | MATHNET-062q,0.8827 | 0.8706 | 0.8669 | 0.8495 | 0.8480 | 0.8417 | 0.8376 | 0.8164 | 0.8162 | 0.8154
MATHNET-022e,MATHNET-024k | MATHNET-02qx | MATHNET-0egg | MATHNET-0buy | MATHNET-0cmk | MATHNET-09do | MATHNET-0bui | MATHNET-029t | MATHNET-0fv2 | MATHNET-0220,0.9049 | 0.8948 | 0.8871 | 0.8812 | 0.8644 | 0.8518 | 0.8264 | 0.8247 | 0.8179 | 0.8164
MATHNET-023c,MATHNET-03x3 | MATHNET-0cgq | MATHNET-0jp5 | MATHNET-07vc | MATHNET-02n7 | MATHNET-0a7r | MATHNET-0b2w | MATHNET-0bmd | MATHNET-0adi | MATHNET-0l5r,0.9187 | 0.8732 | 0.8704 | 0.8568 | 0.8538 | 0.8283 | 0.8217 | 0.8106 | 0.8019 | 0.7959
MATHNET-023f,MATHNET-0eex | MATHNET-05yi | MATHNET-0dv1 | MATHNET-0dvb | MATHNET-0fxg | MATHNET-0cvk | MATHNET-05qs | MATHNET-02xm | MATHNET-02nt | MATHNET-01l1,0.8241 | 0.7960 | 0.7906 | 0.7887 | 0.7822 | 0.7741 | 0.7724 | 0.7703 | 0.7564 | 0.7377
MATHNET-023i,MATHNET-08gj | MATHNET-05zy | MATHNET-09t7 | MATHNET-02vo | MATHNET-09tk | MATHNET-095q | MATHNET-0302 | MATHNET-064l | MATHNET-05yo | MATHNET-0g3p,0.9086 | 0.8910 | 0.8848 | 0.8822 | 0.8618 | 0.8586 | 0.8576 | 0.8565 | 0.8558 | 0.8553
MATHNET-023t,MATHNET-00cv | MATHNET-0efx | MATHNET-0bnb | MATHNET-067b | MATHNET-0ebi | MATHNET-00cu | MATHNET-028y | MATHNET-0bm7 | MATHNET-0fj3 | MATHNET-0ads,0.9038 | 0.8774 | 0.8283 | 0.8191 | 0.8126 | 0.8101 | 0.8080 | 0.8049 | 0.8037 | 0.8026
MATHNET-024e,MATHNET-0iwd | MATHNET-0j09 | MATHNET-0kbi | MATHNET-02xf | MATHNET-0jet | MATHNET-084f | MATHNET-0iqa | MATHNET-02jz | MATHNET-0jfs | MATHNET-08bm,0.8107 | 0.8061 | 0.7961 | 0.7878 | 0.7748 | 0.7659 | 0.7548 | 0.7451 | 0.7172 | 0.7013
MATHNET-024k,MATHNET-022e | MATHNET-0egg | MATHNET-02qx | MATHNET-0buy | MATHNET-0g0v | MATHNET-0bui | MATHNET-02nt | MATHNET-0cmk | MATHNET-09do | MATHNET-01l1,0.9049 | 0.8934 | 0.8720 | 0.8159 | 0.8148 | 0.8126 | 0.8104 | 0.8092 | 0.8088 | 0.8048
MATHNET-028y,MATHNET-0apq | MATHNET-0bml | MATHNET-0ft3 | MATHNET-067b | MATHNET-0ads | MATHNET-01os | MATHNET-0fj3 | MATHNET-00cv | MATHNET-05i6 | MATHNET-0fyx,0.9412 | 0.8996 | 0.8974 | 0.8938 | 0.8884 | 0.8504 | 0.8434 | 0.8379 | 0.8337 | 0.8310
MATHNET-0299,MATHNET-0l5r | MATHNET-0cgq | MATHNET-0fam | MATHNET-0l1k | MATHNET-0b2w | MATHNET-02n7 | MATHNET-056g | MATHNET-023c | MATHNET-024k | MATHNET-0joq,0.8464 | 0.8185 | 0.7788 | 0.7689 | 0.7623 | 0.7511 | 0.7448 | 0.7443 | 0.7296 | 0.7264
MATHNET-029k,MATHNET-0h3p | MATHNET-014t | MATHNET-0ig6 | MATHNET-0ii2 | MATHNET-02xm | MATHNET-01qj | MATHNET-0irf | MATHNET-0dw6 | MATHNET-0h3e | MATHNET-0h46,0.8566 | 0.8461 | 0.8369 | 0.8288 | 0.8193 | 0.8144 | 0.8137 | 0.8129 | 0.8121 | 0.8068
MATHNET-029t,MATHNET-062q | MATHNET-0220 | MATHNET-0g28 | MATHNET-084e | MATHNET-05tc | MATHNET-022e | MATHNET-0fjo | MATHNET-0cmk | MATHNET-0buy | MATHNET-09rl,0.8668 | 0.8480 | 0.8376 | 0.8364 | 0.8294 | 0.8247 | 0.8221 | 0.8218 | 0.8208 | 0.8095
MATHNET-02c0,MATHNET-0kn4 | MATHNET-02cu | MATHNET-0anv | MATHNET-0alb | MATHNET-0kjw | MATHNET-0847 | MATHNET-0khx | MATHNET-09zj | MATHNET-0eao | MATHNET-0e8i,1.0000 | 1.0000 | 1.0000 | 0.9250 | 0.8809 | 0.8604 | 0.8409 | 0.8409 | 0.7645 | 0.7645
MATHNET-02ca,MATHNET-0dw6 | MATHNET-02xm | MATHNET-0ig6 | MATHNET-0fyo | MATHNET-0h3e | MATHNET-0g7r | MATHNET-0fw2 | MATHNET-0cvk | MATHNET-0ii2 | MATHNET-0ikl,0.8804 | 0.8550 | 0.8511 | 0.8511 | 0.8480 | 0.8430 | 0.8375 | 0.8289 | 0.8250 | 0.8242
MATHNET-02cu,MATHNET-02c0 | MATHNET-0kn4 | MATHNET-0anv | MATHNET-0alb | MATHNET-0kjw | MATHNET-0847 | MATHNET-09zj | MATHNET-0khx | MATHNET-0eao | MATHNET-0e84,1.0000 | 1.0000 | 1.0000 | 0.9250 | 0.8809 | 0.8604 | 0.8409 | 0.8409 | 0.7645 | 0.7645
MATHNET-02dy,MATHNET-07la | MATHNET-0bg5 | MATHNET-0hvc | MATHNET-0gqo | MATHNET-07oo | MATHNET-0ibu | MATHNET-0hhz | MATHNET-0jzx | MATHNET-0hfw | MATHNET-0e08,0.9447 | 0.9249 | 0.9160 | 0.9028 | 0.8653 | 0.8523 | 0.8496 | 0.8474 | 0.8405 | 0.8405
MATHNET-02eg,MATHNET-0akb | MATHNET-0dst | MATHNET-0jnd | MATHNET-08wo | MATHNET-08pg | MATHNET-01dv | MATHNET-0hs4 | MATHNET-0a2l | MATHNET-07x2 | MATHNET-0jtz,0.8225 | 0.8020 | 0.7995 | 0.7900 | 0.7863 | 0.7848 | 0.7791 | 0.7784 | 0.7775 | 0.7767
MATHNET-02er,MATHNET-014r | MATHNET-034j | MATHNET-0j86 | MATHNET-0gk7 | MATHNET-03us | MATHNET-0fk4 | MATHNET-0feu | MATHNET-0idy | MATHNET-0if1 | MATHNET-0f8j,0.7278 | 0.7108 | 0.6644 | 0.6503 | 0.6388 | 0.6377 | 0.6360 | 0.6356 | 0.6340 | 0.6312
MATHNET-02ex,MATHNET-0b48 | MATHNET-02ff | MATHNET-02gm | MATHNET-0bx8 | MATHNET-0le9 | MATHNET-0eak | MATHNET-06i3 | MATHNET-01bf | MATHNET-0j5i | MATHNET-0jye,0.8404 | 0.8042 | 0.7954 | 0.7885 | 0.7881 | 0.7871 | 0.7846 | 0.7833 | 0.7761 | 0.7692
MATHNET-02f2,MATHNET-0adb | MATHNET-0ikl | MATHNET-0gtj | MATHNET-0h27 | MATHNET-0fev | MATHNET-00kp | MATHNET-0jw5 | MATHNET-0ft3 | MATHNET-0dw6 | MATHNET-0fk4,0.9520 | 0.9110 | 0.9088 | 0.9021 | 0.9005 | 0.8906 | 0.8574 | 0.8468 | 0.8390 | 0.8347
MATHNET-02ff,MATHNET-0bx8 | MATHNET-02ex | MATHNET-02gm | MATHNET-01bf | MATHNET-0cjq | MATHNET-0b48 | MATHNET-0j5i | MATHNET-04yn | MATHNET-0dad | MATHNET-08pg,0.8045 | 0.8042 | 0.7986 | 0.7879 | 0.7754 | 0.7660 | 0.7499 | 0.7450 | 0.7401 | 0.7295
MATHNET-02gm,MATHNET-04yn | MATHNET-0dad | MATHNET-0cjq | MATHNET-0bx8 | MATHNET-02ff | MATHNET-02ex | MATHNET-0b48 | MATHNET-0jye | MATHNET-0le9 | MATHNET-01bj,0.8811 | 0.8284 | 0.8048 | 0.8022 | 0.7986 | 0.7954 | 0.7881 | 0.7820 | 0.7612 | 0.7566
MATHNET-02h7,MATHNET-0le9 | MATHNET-01bj | MATHNET-0gdx | MATHNET-03t6 | MATHNET-04yn | MATHNET-0a2l | MATHNET-0eak | MATHNET-0dad | MATHNET-0ijk | MATHNET-0cjq,0.8272 | 0.8251 | 0.8061 | 0.7766 | 0.7682 | 0.7665 | 0.7655 | 0.7645 | 0.7642 | 0.7640
MATHNET-02j5,MATHNET-02kg | MATHNET-02jw | MATHNET-0kbi | MATHNET-08bm | MATHNET-0ehs | MATHNET-0ek6 | MATHNET-0ekm | MATHNET-02lc | MATHNET-087w | MATHNET-084f,0.7818 | 0.7800 | 0.7318 | 0.7308 | 0.6963 | 0.6949 | 0.6938 | 0.6925 | 0.6924 | 0.6901
MATHNET-02jw,MATHNET-02kg | MATHNET-0ekm | MATHNET-0ek6 | MATHNET-0ehs | MATHNET-087w | MATHNET-02lc | MATHNET-0ej1 | MATHNET-085e | MATHNET-08a3 | MATHNET-08bm,0.9193 | 0.8624 | 0.8622 | 0.8614 | 0.8474 | 0.8301 | 0.8193 | 0.8080 | 0.8019 | 0.7802
MATHNET-02jz,MATHNET-0iwd | MATHNET-0j09 | MATHNET-024e | MATHNET-0jet | MATHNET-08bm | MATHNET-02xf | MATHNET-08cg | MATHNET-02j5 | MATHNET-0kbi | MATHNET-02kg,0.7541 | 0.7491 | 0.7451 | 0.7445 | 0.7439 | 0.7211 | 0.6999 | 0.6769 | 0.6739 | 0.6720
MATHNET-02kg,MATHNET-02jw | MATHNET-0ehs | MATHNET-02lc | MATHNET-0ek6 | MATHNET-0ekm | MATHNET-087w | MATHNET-0ej1 | MATHNET-085e | MATHNET-08a3 | MATHNET-08bm,0.9193 | 0.8547 | 0.8531 | 0.8459 | 0.8393 | 0.8391 | 0.8385 | 0.8339 | 0.8316 | 0.8199
MATHNET-02lc,MATHNET-0ej1 | MATHNET-085e | MATHNET-08a3 | MATHNET-0ehs | MATHNET-0ek6 | MATHNET-087w | MATHNET-0ekm | MATHNET-02kg | MATHNET-02jw | MATHNET-0epr,0.9551 | 0.9483 | 0.9236 | 0.9066 | 0.8905 | 0.8891 | 0.8725 | 0.8531 | 0.8301 | 0.8259
MATHNET-02lp,MATHNET-0gan | MATHNET-0fx2 | MATHNET-0dvx | MATHNET-0h8g | MATHNET-0h3f | MATHNET-0doe | MATHNET-0h39 | MATHNET-09rl | MATHNET-0fid | MATHNET-0fhe,0.8934 | 0.8658 | 0.8592 | 0.8552 | 0.8435 | 0.8393 | 0.8361 | 0.8178 | 0.8124 | 0.8095
MATHNET-02n7,MATHNET-0cgq | MATHNET-07vc | MATHNET-023c | MATHNET-0jp5 | MATHNET-0joq | MATHNET-0juf | MATHNET-0hn5 | MATHNET-0ay0 | MATHNET-0542 | MATHNET-03x3,0.8710 | 0.8638 | 0.8538 | 0.8528 | 0.8457 | 0.8108 | 0.8102 | 0.8078 | 0.8032 | 0.7994
MATHNET-02n9,MATHNET-000s | MATHNET-009e | MATHNET-0f78 | MATHNET-0c1k | MATHNET-04hy | MATHNET-0dd1 | MATHNET-0gme | MATHNET-08id | MATHNET-0b09 | MATHNET-0c6i,1.0000 | 1.0000 | 0.9737 | 0.9737 | 0.9737 | 0.9737 | 0.9737 | 0.9737 | 0.9737 | 0.9737
MATHNET-02nt,MATHNET-02qx | MATHNET-0fxg | MATHNET-02pg | MATHNET-0bui | MATHNET-0fv2 | MATHNET-05x1 | MATHNET-0hai | MATHNET-05ta | MATHNET-022e | MATHNET-05qs,0.8797 | 0.8759 | 0.8521 | 0.8411 | 0.8397 | 0.8385 | 0.8367 | 0.8318 | 0.8148 | 0.8135
MATHNET-02pg,MATHNET-0fxg | MATHNET-0g2s | MATHNET-02nt | MATHNET-05ta | MATHNET-0cvk | MATHNET-02xm | MATHNET-0az2 | MATHNET-05yi | MATHNET-0gda | MATHNET-05x1,0.8924 | 0.8634 | 0.8521 | 0.8364 | 0.8339 | 0.8321 | 0.8254 | 0.8201 | 0.8128 | 0.8022
MATHNET-02qx,MATHNET-022e | MATHNET-02nt | MATHNET-0cmk | MATHNET-024k | MATHNET-0egg | MATHNET-0buy | MATHNET-05x1 | MATHNET-0fxg | MATHNET-0bui | MATHNET-0fhe,0.8948 | 0.8797 | 0.8735 | 0.8720 | 0.8477 | 0.8461 | 0.8414 | 0.8328 | 0.8246 | 0.8238
MATHNET-02uo,MATHNET-0ef5 | MATHNET-05i6 | MATHNET-0i3q | MATHNET-02x1 | MATHNET-0ft3 | MATHNET-0fk5 | MATHNET-0apq | MATHNET-0fev | MATHNET-028y | MATHNET-0g7r,0.9466 | 0.9037 | 0.8702 | 0.8494 | 0.8441 | 0.8366 | 0.8346 | 0.8261 | 0.8232 | 0.8209
MATHNET-02vo,MATHNET-05zy | MATHNET-023i | MATHNET-095q | MATHNET-08gj | MATHNET-060t | MATHNET-0fxv | MATHNET-09t7 | MATHNET-0855 | MATHNET-0g1b | MATHNET-05qn,0.9233 | 0.8822 | 0.8777 | 0.8732 | 0.8554 | 0.8547 | 0.8507 | 0.8497 | 0.8484 | 0.8463
MATHNET-02x1,MATHNET-0h46 | MATHNET-0ef5 | MATHNET-0irf | MATHNET-01qj | MATHNET-0dw6 | MATHNET-0ii2 | MATHNET-0jdx | MATHNET-02uo | MATHNET-0g61 | MATHNET-06c9,0.9018 | 0.8891 | 0.8834 | 0.8760 | 0.8575 | 0.8570 | 0.8506 | 0.8494 | 0.8471 | 0.8461
MATHNET-02xf,MATHNET-024e | MATHNET-0iwd | MATHNET-084f | MATHNET-0j09 | MATHNET-0jet | MATHNET-0kbi | MATHNET-0iqa | MATHNET-08cg | MATHNET-02jz | MATHNET-0i4x,0.7878 | 0.7762 | 0.7683 | 0.7621 | 0.7510 | 0.7412 | 0.7404 | 0.7299 | 0.7211 | 0.7159
MATHNET-02xm,MATHNET-0az2 | MATHNET-0cvk | MATHNET-014t | MATHNET-02ca | MATHNET-0dw6 | MATHNET-0gda | MATHNET-05qs | MATHNET-0jdx | MATHNET-02pg | MATHNET-029k,0.8741 | 0.8571 | 0.8552 | 0.8550 | 0.8415 | 0.8399 | 0.8382 | 0.8330 | 0.8321 | 0.8193
MATHNET-02ya,MATHNET-0220 | MATHNET-0h39 | MATHNET-05f6 | MATHNET-0cmk | MATHNET-02zm | MATHNET-0g28 | MATHNET-05qv | MATHNET-084e | MATHNET-09qh | MATHNET-0gj4,0.8827 | 0.8764 | 0.8713 | 0.8624 | 0.8464 | 0.8425 | 0.8404 | 0.8395 | 0.8341 | 0.8320
MATHNET-02zm,MATHNET-0h39 | MATHNET-0fid | MATHNET-0dvx | MATHNET-05f6 | MATHNET-05ys | MATHNET-02ya | MATHNET-0fx2 | MATHNET-087s | MATHNET-0gan | MATHNET-0g1n,0.9349 | 0.9037 | 0.8656 | 0.8563 | 0.8477 | 0.8464 | 0.8464 | 0.8372 | 0.8363 | 0.8308
MATHNET-0302,MATHNET-05ys | MATHNET-081p | MATHNET-0cr9 | MATHNET-023i | MATHNET-05g5 | MATHNET-05n9 | MATHNET-07yc | MATHNET-0fid | MATHNET-0g28 | MATHNET-09tk,0.8919 | 0.8773 | 0.8639 | 0.8576 | 0.8509 | 0.8486 | 0.8376 | 0.8330 | 0.8263 | 0.8262
MATHNET-0325,MATHNET-0iyz | MATHNET-074g | MATHNET-00yo | MATHNET-00a6 | MATHNET-00l0 | MATHNET-0kto | MATHNET-0e06 | MATHNET-07n6 | MATHNET-00g4 | MATHNET-0je9,0.7654 | 0.7591 | 0.7581 | 0.7499 | 0.7485 | 0.7461 | 0.7433 | 0.7424 | 0.7396 | 0.7254
MATHNET-032t,MATHNET-00ug | MATHNET-037b | MATHNET-078n | MATHNET-0a95 | MATHNET-0jh7 | MATHNET-08yd | MATHNET-0h2a | MATHNET-007d | MATHNET-0hjb | MATHNET-0drf,0.8652 | 0.8540 | 0.8456 | 0.8236 | 0.8169 | 0.7939 | 0.7842 | 0.7801 | 0.7781 | 0.7711
MATHNET-034j,MATHNET-014r | MATHNET-02er | MATHNET-07gg | MATHNET-0j86 | MATHNET-0cgo | MATHNET-08io | MATHNET-0c8t | MATHNET-03us | MATHNET-0agp | MATHNET-0b7y,0.7831 | 0.7108 | 0.7083 | 0.6996 | 0.6995 | 0.6988 | 0.6955 | 0.6891 | 0.6680 | 0.6419
MATHNET-035k,MATHNET-0hax | MATHNET-01ud | MATHNET-07gp | MATHNET-07ko | MATHNET-010r | MATHNET-08nc | MATHNET-0b84 | MATHNET-05ra | MATHNET-05u0 | MATHNET-0jxw,0.7944 | 0.7377 | 0.7357 | 0.7321 | 0.7245 | 0.7151 | 0.7138 | 0.7016 | 0.7012 | 0.6985
MATHNET-037b,MATHNET-032t | MATHNET-0jh7 | MATHNET-007d | MATHNET-00ug | MATHNET-0drf | MATHNET-0jc8 | MATHNET-078n | MATHNET-0h2a | MATHNET-0a95 | MATHNET-0hjb,0.8540 | 0.8195 | 0.8175 | 0.8131 | 0.8088 | 0.8039 | 0.8000 | 0.7989 | 0.7934 | 0.7924
MATHNET-0387,MATHNET-0bth | MATHNET-06rf | MATHNET-01u2 | MATHNET-0212 | MATHNET-01qs | MATHNET-03e9 | MATHNET-0932 | MATHNET-0dqz | MATHNET-08pi | MATHNET-0c66,0.9085 | 0.9030 | 0.8840 | 0.8519 | 0.8433 | 0.8411 | 0.8351 | 0.8294 | 0.8242 | 0.8190
MATHNET-038c,MATHNET-0jnd | MATHNET-0dqz | MATHNET-01qs | MATHNET-00vm | MATHNET-0bth | MATHNET-0387 | MATHNET-07x2 | MATHNET-07uh | MATHNET-01n3 | MATHNET-0jog,0.8249 | 0.8138 | 0.8063 | 0.8053 | 0.7866 | 0.7716 | 0.7703 | 0.7653 | 0.7646 | 0.7643
MATHNET-038o,MATHNET-0b7y | MATHNET-0htx | MATHNET-08io | MATHNET-04ra | MATHNET-0j86 | MATHNET-00l0 | MATHNET-0e06 | MATHNET-0blq | MATHNET-0a95 | MATHNET-03us,0.8308 | 0.8210 | 0.8159 | 0.8009 | 0.7938 | 0.7895 | 0.7879 | 0.7792 | 0.7763 | 0.7722
MATHNET-0397,MATHNET-0j3m | MATHNET-01dv | MATHNET-00ul | MATHNET-06i3 | MATHNET-06ze | MATHNET-01f7 | MATHNET-076c | MATHNET-07rd | MATHNET-06dp | MATHNET-0ai8,0.8677 | 0.8532 | 0.8262 | 0.8089 | 0.8032 | 0.7923 | 0.7813 | 0.7698 | 0.7676 | 0.7646
MATHNET-039t,MATHNET-0iqf | MATHNET-0542 | MATHNET-0kpf | MATHNET-0ay0 | MATHNET-0juf | MATHNET-0l5j | MATHNET-0j8y | MATHNET-0h8n | MATHNET-0jqw | MATHNET-0joq,0.9892 | 0.9111 | 0.8832 | 0.8798 | 0.8784 | 0.8628 | 0.8550 | 0.8509 | 0.8475 | 0.8460
MATHNET-039w,MATHNET-0j9k | MATHNET-06nj | MATHNET-0jtz | MATHNET-0710 | MATHNET-0d6e | MATHNET-0bhj | MATHNET-0lf7 | MATHNET-00nb | MATHNET-07dr | MATHNET-0ijk,0.6817 | 0.6534 | 0.6529 | 0.6497 | 0.6476 | 0.6447 | 0.6445 | 0.6443 | 0.6431 | 0.6428
MATHNET-039y,MATHNET-04k6 | MATHNET-0dtj | MATHNET-03w8 | MATHNET-0hak | MATHNET-08py | MATHNET-0bfx | MATHNET-03qe | MATHNET-0e2b | MATHNET-017j | MATHNET-0dfz,0.7688 | 0.7343 | 0.7318 | 0.7129 | 0.7056 | 0.7054 | 0.6914 | 0.6896 | 0.6866 | 0.6845
MATHNET-03b4,MATHNET-0cih | MATHNET-002s | MATHNET-0gfz | MATHNET-0044 | MATHNET-0f2k | MATHNET-0f27 | MATHNET-09pt | MATHNET-01t8 | MATHNET-0c1x | MATHNET-0c9v,1.0000 | 1.0000 | 0.9610 | 0.9569 | 0.9487 | 0.9487 | 0.9487 | 0.9487 | 0.9487 | 0.9487
MATHNET-03bc,MATHNET-0gxz | MATHNET-0bnh | MATHNET-0a5l | MATHNET-03bq | MATHNET-0l0n | MATHNET-0aho | MATHNET-0bg5 | MATHNET-0a7l | MATHNET-0ena | MATHNET-0est,0.8350 | 0.8066 | 0.8034 | 0.7979 | 0.7844 | 0.7724 | 0.7704 | 0.7632 | 0.7628 | 0.7590
MATHNET-03bp,MATHNET-0e0d | MATHNET-0bo4 | MATHNET-01ug | MATHNET-07du | MATHNET-00fc | MATHNET-09ad | MATHNET-017x | MATHNET-09vr | MATHNET-0akk | MATHNET-0cww,0.8218 | 0.7982 | 0.7447 | 0.7439 | 0.7431 | 0.7420 | 0.7414 | 0.7401 | 0.7398 | 0.7371
MATHNET-03bq,MATHNET-0a5l | MATHNET-0est | MATHNET-0ena | MATHNET-0jp5 | MATHNET-0bmx | MATHNET-08y6 | MATHNET-04a8 | MATHNET-0ig4 | MATHNET-0bnh | MATHNET-03bc,0.8412 | 0.8407 | 0.8398 | 0.8141 | 0.8104 | 0.8048 | 0.8009 | 0.7998 | 0.7987 | 0.7979
MATHNET-03di,MATHNET-07r9 | MATHNET-0inz | MATHNET-064u | MATHNET-0bn3 | MATHNET-0aus | MATHNET-0ka4 | MATHNET-0dts | MATHNET-00md | MATHNET-00p6 | MATHNET-03zv,0.9059 | 0.8665 | 0.8656 | 0.8583 | 0.8471 | 0.8442 | 0.8422 | 0.8418 | 0.8379 | 0.8377
MATHNET-03e9,MATHNET-00ny | MATHNET-0212 | MATHNET-01u2 | MATHNET-0c66 | MATHNET-0eu5 | MATHNET-04ru | MATHNET-03ln | MATHNET-05d6 | MATHNET-0dqz | MATHNET-0387,0.9071 | 0.8968 | 0.8937 | 0.8913 | 0.8708 | 0.8693 | 0.8598 | 0.8511 | 0.8432 | 0.8411
MATHNET-03f4,MATHNET-0ena | MATHNET-06mm | MATHNET-04a8 | MATHNET-0bmx | MATHNET-0ig4 | MATHNET-0gx3 | MATHNET-0acd | MATHNET-0d5z | MATHNET-0krr | MATHNET-07vc,0.8879 | 0.8835 | 0.8717 | 0.8535 | 0.8497 | 0.8466 | 0.8400 | 0.8375 | 0.8336 | 0.8335
MATHNET-03gy,MATHNET-05aq | MATHNET-03nj | MATHNET-01ei | MATHNET-0h10 | MATHNET-00s2 | MATHNET-04e7 | MATHNET-0au7 | MATHNET-00f5 | MATHNET-0d1o | MATHNET-08o1,0.8573 | 0.8206 | 0.8069 | 0.8027 | 0.7995 | 0.7840 | 0.7691 | 0.7667 | 0.7660 | 0.7369
MATHNET-03ln,MATHNET-0c66 | MATHNET-090z | MATHNET-077k | MATHNET-03e9 | MATHNET-05d6 | MATHNET-0eu5 | MATHNET-00h0 | MATHNET-06y2 | MATHNET-05e9 | MATHNET-06op,0.9108 | 0.8884 | 0.8794 | 0.8598 | 0.8594 | 0.8591 | 0.8582 | 0.8576 | 0.8499 | 0.8463
MATHNET-03ma,MATHNET-0hjb | MATHNET-0dla | MATHNET-0h2a | MATHNET-0jc8 | MATHNET-0kw5 | MATHNET-037b | MATHNET-00ug | MATHNET-0htx | MATHNET-032t | MATHNET-078n,0.8104 | 0.8102 | 0.7747 | 0.7700 | 0.7686 | 0.7652 | 0.7649 | 0.7634 | 0.7548 | 0.7545
MATHNET-03n2,MATHNET-07l8 | MATHNET-01ii | MATHNET-00up | MATHNET-0901 | MATHNET-0cy2 | MATHNET-01b7 | MATHNET-0dq2 | MATHNET-04t3 | MATHNET-06ts | MATHNET-08q8,0.8246 | 0.8237 | 0.7498 | 0.7493 | 0.7356 | 0.7041 | 0.7000 | 0.6875 | 0.6807 | 0.6681
MATHNET-03n8,MATHNET-0jgz | MATHNET-0dps | MATHNET-08pi | MATHNET-077h | MATHNET-05bk | MATHNET-01b8 | MATHNET-00hy | MATHNET-00hu | MATHNET-0c66 | MATHNET-06rf,0.8710 | 0.8339 | 0.8339 | 0.8237 | 0.8232 | 0.8200 | 0.8093 | 0.8047 | 0.8023 | 0.8012
MATHNET-03nf,MATHNET-01bj | MATHNET-0759 | MATHNET-06au | MATHNET-0b48 | MATHNET-0jye | MATHNET-0cjq | MATHNET-04kx | MATHNET-02gm | MATHNET-04yn | MATHNET-02ex,0.7571 | 0.7545 | 0.7519 | 0.7516 | 0.7514 | 0.7458 | 0.7419 | 0.7364 | 0.7354 | 0.7334
MATHNET-03nj,MATHNET-0h10 | MATHNET-00s2 | MATHNET-00f5 | MATHNET-03gy | MATHNET-0cnn | MATHNET-06x6 | MATHNET-0gle | MATHNET-05aq | MATHNET-0lgk | MATHNET-08o1,0.9028 | 0.8947 | 0.8478 | 0.8206 | 0.8141 | 0.8121 | 0.7948 | 0.7853 | 0.7836 | 0.7807
MATHNET-03o9,MATHNET-01rg | MATHNET-0d6i | MATHNET-0azg | MATHNET-0bwb | MATHNET-007a | MATHNET-00k4 | MATHNET-0est | MATHNET-0adi | MATHNET-01l8 | MATHNET-09pd,0.8576 | 0.8408 | 0.8243 | 0.7957 | 0.7887 | 0.7879 | 0.7858 | 0.7852 | 0.7820 | 0.7797
MATHNET-03qe,MATHNET-06ak | MATHNET-0e2b | MATHNET-0d7c | MATHNET-039y | MATHNET-0bvn | MATHNET-0a7h | MATHNET-0eak | MATHNET-017j | MATHNET-08py | MATHNET-04k6,0.9156 | 0.7142 | 0.6958 | 0.6914 | 0.6910 | 0.6836 | 0.6831 | 0.6810 | 0.6792 | 0.6722
MATHNET-03qo,MATHNET-0edn | MATHNET-0b1j | MATHNET-0l47 | MATHNET-0j2y | MATHNET-0ia7 | MATHNET-0em4 | MATHNET-0ecu | MATHNET-0jjl | MATHNET-0epr | MATHNET-043v,0.7670 | 0.7571 | 0.7529 | 0.7519 | 0.7418 | 0.7404 | 0.7362 | 0.7361 | 0.7333 | 0.7315
MATHNET-03qq,MATHNET-08zz | MATHNET-06si | MATHNET-00h0 | MATHNET-06op | MATHNET-090z | MATHNET-0i9x | MATHNET-0eu5 | MATHNET-03ln | MATHNET-077p | MATHNET-077k,0.9280 | 0.9138 | 0.9013 | 0.8942 | 0.8776 | 0.8623 | 0.8480 | 0.8409 | 0.8396 | 0.8358
MATHNET-03t6,MATHNET-0gqz | MATHNET-02h7 | MATHNET-0eak | MATHNET-0b7n | MATHNET-07mb | MATHNET-08kn | MATHNET-06dp | MATHNET-0a2l | MATHNET-01bj | MATHNET-0gdx,0.7824 | 0.7766 | 0.7691 | 0.7637 | 0.7508 | 0.7487 | 0.7402 | 0.7399 | 0.7314 | 0.7155
MATHNET-03tp,MATHNET-0l47 | MATHNET-0ecu | MATHNET-0edn | MATHNET-0kig | MATHNET-0kqz | MATHNET-08cg | MATHNET-08x7 | MATHNET-0kq5 | MATHNET-03qo | MATHNET-0apw,0.8268 | 0.8258 | 0.8047 | 0.7818 | 0.7363 | 0.7358 | 0.7289 | 0.7222 | 0.7200 | 0.7179
MATHNET-03us,MATHNET-0j86 | MATHNET-0f8j | MATHNET-0a95 | MATHNET-00ug | MATHNET-0cgo | MATHNET-038o | MATHNET-08io | MATHNET-07n4 | MATHNET-04ra | MATHNET-0dsa,0.8452 | 0.8081 | 0.7927 | 0.7916 | 0.7783 | 0.7722 | 0.7686 | 0.7547 | 0.7472 | 0.7397
MATHNET-03vm,MATHNET-0d6e | MATHNET-00ac | MATHNET-04aq | MATHNET-0ijk | MATHNET-06nj | MATHNET-099l | MATHNET-0gdx | MATHNET-0jtz | MATHNET-020t | MATHNET-077h,0.8246 | 0.7618 | 0.7517 | 0.7403 | 0.7305 | 0.7231 | 0.7067 | 0.7017 | 0.6987 | 0.6966
MATHNET-03w7,MATHNET-0925 | MATHNET-0dyh | MATHNET-0cc6 | MATHNET-09z8 | MATHNET-0dpx | MATHNET-0dil | MATHNET-0aj5 | MATHNET-00k4 | MATHNET-08n2 | MATHNET-0etj,0.8810 | 0.8802 | 0.8623 | 0.8590 | 0.8558 | 0.8541 | 0.8479 | 0.8318 | 0.8308 | 0.8153
MATHNET-03w8,MATHNET-04k6 | MATHNET-0bfx | MATHNET-039y | MATHNET-0hak | MATHNET-0dtj | MATHNET-08im | MATHNET-08py | MATHNET-0cey | MATHNET-0e2b | MATHNET-0jv5,0.8526 | 0.8238 | 0.7318 | 0.7304 | 0.7234 | 0.7232 | 0.7197 | 0.7105 | 0.7004 | 0.6816
MATHNET-03wz,MATHNET-0f8b | MATHNET-072g | MATHNET-04zy | MATHNET-07rd | MATHNET-072u | MATHNET-0ai8 | MATHNET-07k2 | MATHNET-076c | MATHNET-0acz | MATHNET-0cg1,0.8341 | 0.8199 | 0.7965 | 0.7963 | 0.7921 | 0.7847 | 0.7829 | 0.7780 | 0.7746 | 0.7731
MATHNET-03x3,MATHNET-023c | MATHNET-0jp5 | MATHNET-0a7r | MATHNET-0cgq | MATHNET-0adi | MATHNET-07vc | MATHNET-0bmd | MATHNET-0b2w | MATHNET-02n7 | MATHNET-0kd5,0.9187 | 0.8407 | 0.8374 | 0.8309 | 0.8272 | 0.8256 | 0.8092 | 0.8026 | 0.7994 | 0.7986
MATHNET-03xa,MATHNET-0dk0 | MATHNET-0l8o | MATHNET-0aho | MATHNET-0kfj | MATHNET-01uc | MATHNET-01ub | MATHNET-0k65 | MATHNET-05ai | MATHNET-09af | MATHNET-0ij0,0.8528 | 0.8461 | 0.8193 | 0.8162 | 0.8129 | 0.8108 | 0.7962 | 0.7712 | 0.7699 | 0.7670
MATHNET-03xn,MATHNET-0cwk | MATHNET-051m | MATHNET-08m2 | MATHNET-010r | MATHNET-0lfz | MATHNET-00up | MATHNET-0cu5 | MATHNET-01b7 | MATHNET-0dq2 | MATHNET-01ud,0.7799 | 0.7661 | 0.7611 | 0.7566 | 0.7393 | 0.7382 | 0.7266 | 0.7252 | 0.7227 | 0.7213
MATHNET-03yl,MATHNET-0bis | MATHNET-017x | MATHNET-0akk | MATHNET-06jk | MATHNET-0lco | MATHNET-0cu8 | MATHNET-07nh | MATHNET-00fc | MATHNET-04xs | MATHNET-09m6,0.7983 | 0.7837 | 0.7792 | 0.7406 | 0.7327 | 0.7284 | 0.7150 | 0.7075 | 0.6959 | 0.6852
MATHNET-03z3,MATHNET-0ijk | MATHNET-07dr | MATHNET-0akb | MATHNET-07ad | MATHNET-0dst | MATHNET-047k | MATHNET-01zv | MATHNET-00rl | MATHNET-00ac | MATHNET-0b7n,0.7951 | 0.7812 | 0.7762 | 0.7650 | 0.7613 | 0.7595 | 0.7537 | 0.7533 | 0.7497 | 0.7467
MATHNET-03zn,MATHNET-0krr | MATHNET-07o3 | MATHNET-03f4 | MATHNET-0a4k | MATHNET-00mi | MATHNET-0bnh | MATHNET-0a5l | MATHNET-0l0n | MATHNET-058t | MATHNET-0d5z,0.8502 | 0.8059 | 0.7843 | 0.7796 | 0.7788 | 0.7749 | 0.7726 | 0.7674 | 0.7665 | 0.7577
MATHNET-03zv,MATHNET-0hc1 | MATHNET-00p6 | MATHNET-0j50 | MATHNET-00nu | MATHNET-0l0n | MATHNET-03di | MATHNET-0kpx | MATHNET-0inz | MATHNET-0bnh | MATHNET-0jzx,0.9286 | 0.9175 | 0.8673 | 0.8570 | 0.8439 | 0.8377 | 0.8323 | 0.8311 | 0.8226 | 0.8204
MATHNET-0413,MATHNET-0609 | MATHNET-0huv | MATHNET-0ag7 | MATHNET-0aj0 | MATHNET-0dqf | MATHNET-0ksl | MATHNET-0jxp | MATHNET-041i | MATHNET-05u0 | MATHNET-0b84,0.7943 | 0.7882 | 0.7841 | 0.7636 | 0.7292 | 0.7148 | 0.7028 | 0.6986 | 0.6896 | 0.6861
MATHNET-041i,MATHNET-00jk | MATHNET-0ksl | MATHNET-07w7 | MATHNET-0d92 | MATHNET-06fc | MATHNET-0457 | MATHNET-08nc | MATHNET-0jxp | MATHNET-0i9p | MATHNET-0hs2,0.8357 | 0.8356 | 0.8239 | 0.7630 | 0.7599 | 0.7505 | 0.7434 | 0.7389 | 0.7383 | 0.7272
MATHNET-042z,MATHNET-0jfs | MATHNET-0kig | MATHNET-0j09 | MATHNET-0iwd | MATHNET-0l56 | MATHNET-02xf | MATHNET-0jet | MATHNET-0kq5 | MATHNET-0l0y | MATHNET-0apw,0.8039 | 0.7199 | 0.7045 | 0.7029 | 0.6825 | 0.6822 | 0.6787 | 0.6756 | 0.6728 | 0.6680
MATHNET-043v,MATHNET-0axv | MATHNET-0jjl | MATHNET-0i5e | MATHNET-0b1j | MATHNET-0j2y | MATHNET-0kt8 | MATHNET-0aw2 | MATHNET-0jsa | MATHNET-0ia7 | MATHNET-0kq5,0.9324 | 0.9229 | 0.8487 | 0.8401 | 0.8292 | 0.8225 | 0.8164 | 0.8068 | 0.8065 | 0.8011
MATHNET-0455,MATHNET-0217 | MATHNET-0akr | MATHNET-06pl | MATHNET-04u6 | MATHNET-0bow | MATHNET-05dk | MATHNET-0glc | MATHNET-04t3 | MATHNET-0906 | MATHNET-0kfw,0.9674 | 0.9038 | 0.8811 | 0.8620 | 0.8434 | 0.8332 | 0.8108 | 0.8075 | 0.8041 | 0.8030
MATHNET-0457,MATHNET-00jk | MATHNET-041i | MATHNET-07w7 | MATHNET-0l9s | MATHNET-06fc | MATHNET-07ko | MATHNET-0d92 | MATHNET-0i9p | MATHNET-0ksl | MATHNET-08nc,0.7655 | 0.7505 | 0.7441 | 0.7326 | 0.7254 | 0.7072 | 0.7041 | 0.6887 | 0.6868 | 0.6820
MATHNET-045v,MATHNET-0h61 | MATHNET-0479 | MATHNET-020e | MATHNET-06xj | MATHNET-00hy | MATHNET-0bhh | MATHNET-0dps | MATHNET-077p | MATHNET-0jgz | MATHNET-0bzc,0.8893 | 0.8873 | 0.8868 | 0.8567 | 0.8550 | 0.8420 | 0.8393 | 0.8370 | 0.8370 | 0.8274
MATHNET-0479,MATHNET-045v | MATHNET-020e | MATHNET-0h61 | MATHNET-077p | MATHNET-0inh | MATHNET-06xj | MATHNET-00hy | MATHNET-090m | MATHNET-04ru | MATHNET-0dps,0.8873 | 0.8616 | 0.8595 | 0.8503 | 0.8478 | 0.8459 | 0.8376 | 0.8375 | 0.8313 | 0.8309
MATHNET-047k,MATHNET-00rl | MATHNET-04x6 | MATHNET-07d3 | MATHNET-08y2 | MATHNET-05bk | MATHNET-03z3 | MATHNET-01b9 | MATHNET-07gw | MATHNET-0b7n | MATHNET-0ggp,0.8076 | 0.7972 | 0.7817 | 0.7748 | 0.7715 | 0.7595 | 0.7588 | 0.7476 | 0.7440 | 0.7370
MATHNET-048d,MATHNET-0ilv | MATHNET-0agp | MATHNET-0cus | MATHNET-07gg | MATHNET-07xw | MATHNET-0jqi | MATHNET-00qi | MATHNET-06jk | MATHNET-0590 | MATHNET-014r,0.8111 | 0.7473 | 0.7466 | 0.7426 | 0.7064 | 0.6758 | 0.6646 | 0.6637 | 0.6571 | 0.6499
MATHNET-0490,MATHNET-04st | MATHNET-04ch | MATHNET-0a32 | MATHNET-0ar9 | MATHNET-0au5 | MATHNET-0cy4 | MATHNET-09u9 | MATHNET-0anq | MATHNET-0br0 | MATHNET-0lad,1.0000 | 1.0000 | 1.0000 | 1.0000 | 1.0000 | 1.0000 | 1.0000 | 1.0000 | 1.0000 | 1.0000
MATHNET-049x,MATHNET-04dz | MATHNET-0c4k | MATHNET-08ic | MATHNET-004m | MATHNET-008t | MATHNET-00cj | MATHNET-0bqa | MATHNET-0c9x | MATHNET-0041 | MATHNET-0atn,1.0000 | 1.0000 | 1.0000 | 1.0000 | 1.0000 | 1.0000 | 1.0000 | 1.0000 | 1.0000 | 1.0000
MATHNET-049z,MATHNET-07mb | MATHNET-08kn | MATHNET-0j5i | MATHNET-0akb | MATHNET-01bf | MATHNET-01bj | MATHNET-0759 | MATHNET-0gdx | MATHNET-0bx8 | MATHNET-0f8b,0.8611 | 0.8342 | 0.7795 | 0.7793 | 0.7705 | 0.7700 | 0.7669 | 0.7629 | 0.7579 | 0.7575
MATHNET-04a3,MATHNET-0jgr | MATHNET-00nb | MATHNET-0752 | MATHNET-017c | MATHNET-0jtz | MATHNET-0a2l | MATHNET-01kt | MATHNET-04yn | MATHNET-0d6e | MATHNET-08pg,0.8163 | 0.7813 | 0.7595 | 0.7565 | 0.7553 | 0.7359 | 0.7346 | 0.7341 | 0.7272 | 0.7252
MATHNET-04a8,MATHNET-0bmx | MATHNET-0gx3 | MATHNET-0ena | MATHNET-06mm | MATHNET-0d5z | MATHNET-0k97 | MATHNET-03f4 | MATHNET-0ka4 | MATHNET-07vc | MATHNET-0acd,0.9506 | 0.9457 | 0.9362 | 0.9150 | 0.8969 | 0.8899 | 0.8717 | 0.8671 | 0.8376 | 0.8354
MATHNET-04aq,MATHNET-0cwp | MATHNET-00ac | MATHNET-0a2l | MATHNET-099l | MATHNET-0cjq | MATHNET-0d6e | MATHNET-02h7 | MATHNET-03vm | MATHNET-0jtz | MATHNET-00hu,0.8461 | 0.7892 | 0.7811 | 0.7801 | 0.7780 | 0.7640 | 0.7601 | 0.7517 | 0.7451 | 0.7435
MATHNET-04bo,MATHNET-09i8 | MATHNET-0cx2 | MATHNET-0e84 | MATHNET-0amu | MATHNET-0kqf | MATHNET-0eao | MATHNET-0e8i | MATHNET-09wj | MATHNET-0axe | MATHNET-0apd,0.9737 | 0.9737 | 0.9610 | 0.9610 | 0.9610 | 0.9610 | 0.9610 | 0.8181 | 0.8129 | 0.8031
MATHNET-04ch,MATHNET-04st | MATHNET-0ar9 | MATHNET-0490 | MATHNET-0lad | MATHNET-0br0 | MATHNET-0au5 | MATHNET-0a32 | MATHNET-0gm2 | MATHNET-000t | MATHNET-0anq,1.0000 | 1.0000 | 1.0000 | 1.0000 | 1.0000 | 1.0000 | 1.0000 | 1.0000 | 1.0000 | 1.0000
MATHNET-04dz,MATHNET-0041 | MATHNET-004m | MATHNET-0c9x | MATHNET-08ic | MATHNET-0bqa | MATHNET-00cj | MATHNET-008t | MATHNET-0atn | MATHNET-049x | MATHNET-0c4k,1.0000 | 1.0000 | 1.0000 | 1.0000 | 1.0000 | 1.0000 | 1.0000 | 1.0000 | 1.0000 | 1.0000
MATHNET-04e2,MATHNET-0dgx | MATHNET-09k0 | MATHNET-0gg9 | MATHNET-09jr | MATHNET-01t8 | MATHNET-0f03 | MATHNET-0dgr | MATHNET-0cie | MATHNET-09ka | MATHNET-04uw,1.0000 | 1.0000 | 1.0000 | 1.0000 | 1.0000 | 1.0000 | 1.0000 | 1.0000 | 1.0000 | 1.0000
MATHNET-04e7,MATHNET-0d1o | MATHNET-0k4h | MATHNET-0au7 | MATHNET-0a53 | MATHNET-00by | MATHNET-03gy | MATHNET-0agx | MATHNET-01ei | MATHNET-0a9f | MATHNET-06nw,0.8632 | 0.8281 | 0.8219 | 0.8043 | 0.7869 | 0.7840 | 0.7808 | 0.7643 | 0.7548 | 0.7536
MATHNET-04hy,MATHNET-0f78 | MATHNET-0eyj | MATHNET-0gme | MATHNET-001e | MATHNET-04iq | MATHNET-0f9f | MATHNET-0dd1 | MATHNET-04up | MATHNET-000s | MATHNET-009e,1.0000 | 1.0000 | 1.0000 | 1.0000 | 1.0000 | 1.0000 | 1.0000 | 1.0000 | 0.9737 | 0.9737
MATHNET-04i0,MATHNET-0bh8 | MATHNET-0aut | MATHNET-09hn | MATHNET-0l80 | MATHNET-0bq4 | MATHNET-0f7p | MATHNET-04st | MATHNET-004m | MATHNET-04dz | MATHNET-0bqa,1.0000 | 1.0000 | 0.9737 | 0.9737 | 0.9737 | 0.9737 | 0.9610 | 0.9610 | 0.9610 | 0.9610
MATHNET-04iq,MATHNET-04hy | MATHNET-0dd1 | MATHNET-0eyj | MATHNET-0f78 | MATHNET-001e | MATHNET-0f9f | MATHNET-0gme | MATHNET-04up | MATHNET-02n9 | MATHNET-009e,1.0000 | 1.0000 | 1.0000 | 1.0000 | 1.0000 | 1.0000 | 1.0000 | 1.0000 | 0.9737 | 0.9737
MATHNET-04iz,MATHNET-010r | MATHNET-0hax | MATHNET-0cwk | MATHNET-08q8 | MATHNET-0lfz | MATHNET-08tg | MATHNET-0dri | MATHNET-0jxw | MATHNET-035k | MATHNET-01b7,0.7736 | 0.7394 | 0.7387 | 0.7089 | 0.6926 | 0.6893 | 0.6805 | 0.6804 | 0.6691 | 0.6649
MATHNET-04k6,MATHNET-03w8 | MATHNET-0bfx | MATHNET-08py | MATHNET-039y | MATHNET-0dtj | MATHNET-0e2b | MATHNET-0hak | MATHNET-08im | MATHNET-0cey | MATHNET-017j,0.8526 | 0.8076 | 0.7743 | 0.7688 | 0.7606 | 0.7278 | 0.7194 | 0.7161 | 0.6975 | 0.6955
MATHNET-04kx,MATHNET-06au | MATHNET-03nf | MATHNET-0759 | MATHNET-01u3 | MATHNET-0a4r | MATHNET-020y | MATHNET-01bj | MATHNET-0ias | MATHNET-04yn | MATHNET-0dad,0.8201 | 0.7419 | 0.7264 | 0.6869 | 0.6858 | 0.6835 | 0.6772 | 0.6763 | 0.6712 | 0.6691
MATHNET-04p0,MATHNET-0ag8 | MATHNET-0e5q | MATHNET-09jx | MATHNET-0cey | MATHNET-0k0z | MATHNET-07l2 | MATHNET-01oe | MATHNET-08im | MATHNET-0gy1 | MATHNET-0d0r,0.7611 | 0.7415 | 0.7366 | 0.7336 | 0.7330 | 0.7225 | 0.7107 | 0.7082 | 0.6973 | 0.6896
MATHNET-04qz,MATHNET-0jog | MATHNET-07x2 | MATHNET-01b9 | MATHNET-00rl | MATHNET-0gq8 | MATHNET-00ps | MATHNET-09xc | MATHNET-00vm | MATHNET-0iic | MATHNET-0dqz,0.8818 | 0.8596 | 0.8422 | 0.8415 | 0.8411 | 0.8274 | 0.8239 | 0.8209 | 0.8078 | 0.7992
MATHNET-04ra,MATHNET-0blq | MATHNET-0b7y | MATHNET-038o | MATHNET-0if1 | MATHNET-0htx | MATHNET-0idy | MATHNET-04yy | MATHNET-0dz5 | MATHNET-0j86 | MATHNET-00l0,0.8178 | 0.8016 | 0.8009 | 0.7979 | 0.7927 | 0.7878 | 0.7851 | 0.7759 | 0.7743 | 0.7724
MATHNET-04ru,MATHNET-00ny | MATHNET-03e9 | MATHNET-0212 | MATHNET-0dqz | MATHNET-0g45 | MATHNET-0479 | MATHNET-0c66 | MATHNET-0iic | MATHNET-0eu5 | MATHNET-03ln,0.8888 | 0.8693 | 0.8550 | 0.8421 | 0.8398 | 0.8313 | 0.8246 | 0.8215 | 0.8213 | 0.8204
MATHNET-04st,MATHNET-0ar9 | MATHNET-0anq | MATHNET-0490 | MATHNET-0lad | MATHNET-04ch | MATHNET-0au5 | MATHNET-0a32 | MATHNET-0gm2 | MATHNET-000t | MATHNET-0atv,1.0000 | 1.0000 | 1.0000 | 1.0000 | 1.0000 | 1.0000 | 1.0000 | 1.0000 | 1.0000 | 1.0000
MATHNET-04t3,MATHNET-06pl | MATHNET-04u6 | MATHNET-0455 | MATHNET-0akr | MATHNET-0217 | MATHNET-0lfz | MATHNET-01b7 | MATHNET-0dq2 | MATHNET-00up | MATHNET-06ts,0.8580 | 0.8088 | 0.8075 | 0.7924 | 0.7923 | 0.7920 | 0.7901 | 0.7849 | 0.7817 | 0.7743
MATHNET-04u6,MATHNET-0bow | MATHNET-0455 | MATHNET-06pl | MATHNET-0217 | MATHNET-04t3 | MATHNET-0akr | MATHNET-0dq2 | MATHNET-0lfz | MATHNET-05dk | MATHNET-0cy2,0.9000 | 0.8620 | 0.8566 | 0.8548 | 0.8088 | 0.8050 | 0.7483 | 0.7432 | 0.7384 | 0.7262
MATHNET-04up,MATHNET-04hy | MATHNET-0f78 | MATHNET-0eyj | MATHNET-001e | MATHNET-0gme | MATHNET-0f9f | MATHNET-04iq | MATHNET-0dd1 | MATHNET-02n9 | MATHNET-009e,1.0000 | 1.0000 | 1.0000 | 1.0000 | 1.0000 | 1.0000 | 1.0000 | 1.0000 | 0.9737 | 0.9737
MATHNET-04uw,MATHNET-0dgx | MATHNET-09k0 | MATHNET-0c9v | MATHNET-09jr | MATHNET-01t8 | MATHNET-0f03 | MATHNET-0dgr | MATHNET-0cie | MATHNET-09ka | MATHNET-0gg9,1.0000 | 1.0000 | 1.0000 | 1.0000 | 1.0000 | 1.0000 | 1.0000 | 1.0000 | 1.0000 | 1.0000
MATHNET-04v9,MATHNET-0bhh | MATHNET-0h61 | MATHNET-0ing | MATHNET-0kx0 | MATHNET-020e | MATHNET-0eud | MATHNET-0cm5 | MATHNET-045v | MATHNET-07cc | MATHNET-05dg,0.8817 | 0.8765 | 0.8724 | 0.8710 | 0.8685 | 0.8482 | 0.8416 | 0.8252 | 0.8108 | 0.8104
MATHNET-04vh,MATHNET-0dxz | MATHNET-05dg | MATHNET-0cm5 | MATHNET-07uh | MATHNET-0ing | MATHNET-056b | MATHNET-0j9k | MATHNET-0ax4 | MATHNET-0czk | MATHNET-0h61,0.9170 | 0.8579 | 0.8027 | 0.7812 | 0.7796 | 0.7760 | 0.7736 | 0.7697 | 0.7658 | 0.7520
MATHNET-04x6,MATHNET-00rl | MATHNET-047k | MATHNET-04qz | MATHNET-0jog | MATHNET-0gq8 | MATHNET-06y4 | MATHNET-01b9 | MATHNET-07x2 | MATHNET-0ggp | MATHNET-09xk,0.7975 | 0.7972 | 0.7933 | 0.7857 | 0.7853 | 0.7651 | 0.7604 | 0.7599 | 0.7593 | 0.7521
MATHNET-04xa,MATHNET-0cu8 | MATHNET-0677 | MATHNET-0ed9 | MATHNET-07n6 | MATHNET-07cz | MATHNET-07cj | MATHNET-0akk | MATHNET-017x | MATHNET-06un | MATHNET-00a6,0.8014 | 0.7765 | 0.7636 | 0.7599 | 0.7502 | 0.7416 | 0.7259 | 0.7235 | 0.7211 | 0.7207
MATHNET-04xs,MATHNET-0lco | MATHNET-06vc | MATHNET-0hsp | MATHNET-0et0 | MATHNET-06un | MATHNET-0ed9 | MATHNET-07nk | MATHNET-09et | MATHNET-0cu8 | MATHNET-03yl,0.8685 | 0.8319 | 0.7841 | 0.7573 | 0.7210 | 0.7207 | 0.7141 | 0.7093 | 0.7047 | 0.6959
MATHNET-04yn,MATHNET-02gm | MATHNET-0dad | MATHNET-0cjq | MATHNET-0le9 | MATHNET-0jye | MATHNET-01bj | MATHNET-02h7 | MATHNET-0bx8 | MATHNET-02ex | MATHNET-0b48,0.8811 | 0.8683 | 0.8045 | 0.7871 | 0.7793 | 0.7712 | 0.7682 | 0.7664 | 0.7587 | 0.7460
MATHNET-04yy,MATHNET-0blq | MATHNET-00l0 | MATHNET-00yo | MATHNET-04ra | MATHNET-0b7y | MATHNET-0htx | MATHNET-038o | MATHNET-007d | MATHNET-0e06 | MATHNET-0ckb,0.8380 | 0.8284 | 0.8004 | 0.7851 | 0.7755 | 0.7747 | 0.7693 | 0.7692 | 0.7451 | 0.7372
MATHNET-04zy,MATHNET-076c | MATHNET-072u | MATHNET-03wz | MATHNET-0f8b | MATHNET-07rd | MATHNET-06do | MATHNET-0397 | MATHNET-0500 | MATHNET-0j3m | MATHNET-06i3,0.8758 | 0.8255 | 0.7965 | 0.7827 | 0.7815 | 0.7656 | 0.7603 | 0.7547 | 0.7544 | 0.7534
MATHNET-0500,MATHNET-06i3 | MATHNET-0e73 | MATHNET-0eak | MATHNET-017c | MATHNET-0f8b | MATHNET-07rd | MATHNET-08kn | MATHNET-01bf | MATHNET-06dp | MATHNET-02ex,0.8587 | 0.8358 | 0.8191 | 0.8002 | 0.7921 | 0.7899 | 0.7771 | 0.7738 | 0.7701 | 0.7633
MATHNET-050a,MATHNET-056g | MATHNET-0k94 | MATHNET-0jwx | MATHNET-0gps | MATHNET-0b87 | MATHNET-0bxl | MATHNET-0da8 | MATHNET-01ef | MATHNET-0l1k | MATHNET-0b2w,0.7924 | 0.7731 | 0.7713 | 0.7416 | 0.7307 | 0.7192 | 0.7097 | 0.6977 | 0.6941 | 0.6891
MATHNET-051m,MATHNET-08m2 | MATHNET-06pl | MATHNET-03xn | MATHNET-01b7 | MATHNET-0lfz | MATHNET-06ts | MATHNET-0dq2 | MATHNET-04t3 | MATHNET-0cwk | MATHNET-0bow,0.8247 | 0.7742 | 0.7661 | 0.7641 | 0.7615 | 0.7598 | 0.7426 | 0.7418 | 0.7388 | 0.7287
MATHNET-0528,MATHNET-0hvc | MATHNET-0d0s | MATHNET-07la | MATHNET-0a4k | MATHNET-0gqo | MATHNET-02dy | MATHNET-0hhz | MATHNET-0ibu | MATHNET-00mi | MATHNET-07oo,0.8836 | 0.8687 | 0.8509 | 0.8492 | 0.8476 | 0.8357 | 0.8322 | 0.8283 | 0.8275 | 0.8265
MATHNET-0542,MATHNET-039t | MATHNET-0iqf | MATHNET-0juf | MATHNET-0joq | MATHNET-0ay0 | MATHNET-0kpf | MATHNET-0h8n | MATHNET-0l5j | MATHNET-0j8y | MATHNET-0hn5,0.9111 | 0.9076 | 0.9046 | 0.8856 | 0.8798 | 0.8721 | 0.8597 | 0.8518 | 0.8483 | 0.8401
MATHNET-0553,MATHNET-00xp | MATHNET-0f3f | MATHNET-0l9s | MATHNET-0hax | MATHNET-0le8 | MATHNET-07gp | MATHNET-00nm | MATHNET-08tg | MATHNET-0b84 | MATHNET-06j5,0.7321 | 0.7271 | 0.7174 | 0.7077 | 0.7002 | 0.6983 | 0.6934 | 0.6880 | 0.6846 | 0.6815
MATHNET-056b,MATHNET-0ax4 | MATHNET-04ru | MATHNET-0dqz | MATHNET-0710 | MATHNET-0212 | MATHNET-00ny | MATHNET-0a6c | MATHNET-03e9 | MATHNET-07uh | MATHNET-0h61,0.9643 | 0.8198 | 0.8156 | 0.8119 | 0.8102 | 0.8003 | 0.7976 | 0.7849 | 0.7840 | 0.7803
MATHNET-056g,MATHNET-0b2w | MATHNET-0l1k | MATHNET-0jwx | MATHNET-0bmd | MATHNET-0bxl | MATHNET-0b87 | MATHNET-050a | MATHNET-0da8 | MATHNET-0bwb | MATHNET-0k94,0.8277 | 0.8271 | 0.8258 | 0.8039 | 0.7935 | 0.7925 | 0.7924 | 0.7890 | 0.7836 | 0.7760
MATHNET-058t,MATHNET-08y6 | MATHNET-01ef | MATHNET-01rg | MATHNET-0a5l | MATHNET-0est | MATHNET-0652 | MATHNET-0dbf | MATHNET-0inz | MATHNET-0aho | MATHNET-0hxe,0.8434 | 0.8309 | 0.8216 | 0.8214 | 0.8108 | 0.8103 | 0.8023 | 0.7938 | 0.7929 | 0.7837
MATHNET-0590,MATHNET-0jqi | MATHNET-078n | MATHNET-0dsa | MATHNET-00ug | MATHNET-0hjb | MATHNET-0jld | MATHNET-0a95 | MATHNET-032t | MATHNET-0b2t | MATHNET-0j86,0.7967 | 0.7871 | 0.7745 | 0.7683 | 0.7512 | 0.7374 | 0.7315 | 0.7273 | 0.7266 | 0.7206
MATHNET-05ai,MATHNET-0dyz | MATHNET-01uc | MATHNET-00k4 | MATHNET-01ub | MATHNET-0dk0 | MATHNET-0ij0 | MATHNET-03xa | MATHNET-0k65 | MATHNET-0law | MATHNET-0kqa,0.8200 | 0.7965 | 0.7895 | 0.7812 | 0.7747 | 0.7744 | 0.7712 | 0.7693 | 0.7687 | 0.7673
MATHNET-05aq,MATHNET-03gy | MATHNET-00s2 | MATHNET-03nj | MATHNET-0h10 | MATHNET-0kqa | MATHNET-01ei | MATHNET-0dyz | MATHNET-01db | MATHNET-0dyh | MATHNET-08o1,0.8573 | 0.8030 | 0.7853 | 0.7812 | 0.7717 | 0.7671 | 0.7530 | 0.7414 | 0.7232 | 0.7183
MATHNET-05bk,MATHNET-07d3 | MATHNET-077h | MATHNET-0c66 | MATHNET-03n8 | MATHNET-0iic | MATHNET-05d6 | MATHNET-08pi | MATHNET-0387 | MATHNET-0jgz | MATHNET-08y2,0.8633 | 0.8291 | 0.8245 | 0.8232 | 0.8113 | 0.8003 | 0.7980 | 0.7947 | 0.7945 | 0.7906
MATHNET-05d6,MATHNET-0c66 | MATHNET-01u2 | MATHNET-00h0 | MATHNET-0932 | MATHNET-03ln | MATHNET-0eu5 | MATHNET-03e9 | MATHNET-0dps | MATHNET-00hy | MATHNET-090z,0.8876 | 0.8719 | 0.8715 | 0.8715 | 0.8594 | 0.8537 | 0.8511 | 0.8394 | 0.8349 | 0.8314
MATHNET-05dg,MATHNET-0cm5 | MATHNET-0ing | MATHNET-04vh | MATHNET-0dxz | MATHNET-0bhh | MATHNET-04v9 | MATHNET-020e | MATHNET-0kx0 | MATHNET-0h61 | MATHNET-07cc,0.9167 | 0.8711 | 0.8579 | 0.8428 | 0.8240 | 0.8104 | 0.8013 | 0.7925 | 0.7854 | 0.7743
MATHNET-05dk,MATHNET-0kfw | MATHNET-0glc | MATHNET-0906 | MATHNET-0akr | MATHNET-0217 | MATHNET-0455 | MATHNET-06pl | MATHNET-0bow | MATHNET-04u6 | MATHNET-04t3,0.9341 | 0.9135 | 0.8835 | 0.8816 | 0.8430 | 0.8332 | 0.7833 | 0.7452 | 0.7384 | 0.7283
MATHNET-05e9,MATHNET-06y2 | MATHNET-077k | MATHNET-06op | MATHNET-090z | MATHNET-08zz | MATHNET-06si | MATHNET-03ln | MATHNET-06ke | MATHNET-0784 | MATHNET-0bzc,0.9797 | 0.9272 | 0.9155 | 0.9059 | 0.8788 | 0.8769 | 0.8499 | 0.8488 | 0.8459 | 0.8401
MATHNET-05f6,MATHNET-0h39 | MATHNET-0g60 | MATHNET-02ya | MATHNET-0fvr | MATHNET-02zm | MATHNET-05qu | MATHNET-0dvx | MATHNET-087s | MATHNET-090w | MATHNET-0gj4,0.8769 | 0.8714 | 0.8713 | 0.8572 | 0.8563 | 0.8493 | 0.8375 | 0.8362 | 0.8313 | 0.8257
MATHNET-05g5,MATHNET-07yc | MATHNET-0cr9 | MATHNET-0g0d | MATHNET-0fdi | MATHNET-09q7 | MATHNET-09tk | MATHNET-0g3p | MATHNET-081p | MATHNET-0302 | MATHNET-05zn,0.9571 | 0.9138 | 0.8802 | 0.8778 | 0.8754 | 0.8754 | 0.8752 | 0.8533 | 0.8509 | 0.8492
MATHNET-05gq,MATHNET-0dvk | MATHNET-0fru | MATHNET-0hai | MATHNET-09c4 | MATHNET-0fk5 | MATHNET-08kq | MATHNET-05ta | MATHNET-05k2 | MATHNET-0fv2 | MATHNET-0cmw,0.8836 | 0.8732 | 0.8674 | 0.8618 | 0.8497 | 0.8497 | 0.8473 | 0.8362 | 0.8249 | 0.8175
MATHNET-05i6,MATHNET-02uo | MATHNET-0ef5 | MATHNET-0bml | MATHNET-0fk5 | MATHNET-0ads | MATHNET-067b | MATHNET-028y | MATHNET-0apq | MATHNET-0ft3 | MATHNET-0fyx,0.9037 | 0.8746 | 0.8455 | 0.8452 | 0.8390 | 0.8376 | 0.8337 | 0.8334 | 0.8194 | 0.8131
MATHNET-05ia,MATHNET-09cc | MATHNET-01os | MATHNET-0bnb | MATHNET-0fj3 | MATHNET-0fyx | MATHNET-0ads | MATHNET-067b | MATHNET-0bml | MATHNET-0bgs | MATHNET-028y,0.9302 | 0.8742 | 0.8599 | 0.8585 | 0.8509 | 0.8439 | 0.8410 | 0.8273 | 0.8082 | 0.8076
MATHNET-05j5,MATHNET-0jdx | MATHNET-0g61 | MATHNET-014t | MATHNET-06c9 | MATHNET-0fti | MATHNET-0f3n | MATHNET-0hj7 | MATHNET-08kq | MATHNET-0az2 | MATHNET-0gda,0.8622 | 0.8582 | 0.8567 | 0.8550 | 0.8522 | 0.8518 | 0.8390 | 0.8288 | 0.8259 | 0.8221
MATHNET-05jg,MATHNET-00lt | MATHNET-05yo | MATHNET-0dmc | MATHNET-0fnb | MATHNET-0fg1 | MATHNET-0fxv | MATHNET-060t | MATHNET-064l | MATHNET-05qn | MATHNET-09tk,0.9408 | 0.9400 | 0.9305 | 0.9110 | 0.8996 | 0.8864 | 0.8808 | 0.8767 | 0.8755 | 0.8677
MATHNET-05jo,MATHNET-05vy | MATHNET-0g1n | MATHNET-09sr | MATHNET-05m2 | MATHNET-05zn | MATHNET-08ek | MATHNET-0csu | MATHNET-05z2 | MATHNET-0dmg | MATHNET-085n,0.8939 | 0.8903 | 0.8838 | 0.8727 | 0.8629 | 0.8612 | 0.8485 | 0.8404 | 0.8280 | 0.8204
MATHNET-05k2,MATHNET-090w | MATHNET-05ta | MATHNET-05x1 | MATHNET-0bgs | MATHNET-05gq | MATHNET-0hai | MATHNET-0fru | MATHNET-0dvk | MATHNET-05qv | MATHNET-0fhq,0.8596 | 0.8508 | 0.8420 | 0.8392 | 0.8362 | 0.8280 | 0.8266 | 0.8195 | 0.8115 | 0.8056
MATHNET-05lk,MATHNET-05n9 | MATHNET-0csu | MATHNET-0955 | MATHNET-08gj | MATHNET-0coi | MATHNET-09sr | MATHNET-085n | MATHNET-05zn | MATHNET-023i | MATHNET-0fid,0.8761 | 0.8694 | 0.8669 | 0.8398 | 0.8368 | 0.8322 | 0.8192 | 0.8186 | 0.8174 | 0.8150
MATHNET-05lp,MATHNET-0g0d | MATHNET-0dnv | MATHNET-062q | MATHNET-05rp | MATHNET-09q7 | MATHNET-07yc | MATHNET-05g5 | MATHNET-081p | MATHNET-05tc | MATHNET-09vi,0.8411 | 0.8222 | 0.8137 | 0.8108 | 0.8025 | 0.8018 | 0.8012 | 0.7991 | 0.7915 | 0.7884
MATHNET-05m2,MATHNET-05zn | MATHNET-0g1n | MATHNET-05jo | MATHNET-05z2 | MATHNET-0cr9 | MATHNET-09vi | MATHNET-08ek | MATHNET-09q7 | MATHNET-05ys | MATHNET-09sr,0.9646 | 0.8757 | 0.8727 | 0.8726 | 0.8678 | 0.8605 | 0.8576 | 0.8560 | 0.8524 | 0.8492
MATHNET-05n9,MATHNET-05lk | MATHNET-08gj | MATHNET-0fid | MATHNET-05z2 | MATHNET-0csu | MATHNET-05ys | MATHNET-0302 | MATHNET-023i | MATHNET-0cr9 | MATHNET-05m2,0.8761 | 0.8675 | 0.8636 | 0.8597 | 0.8521 | 0.8511 | 0.8486 | 0.8448 | 0.8233 | 0.8192
MATHNET-05qn,MATHNET-0fxv | MATHNET-060t | MATHNET-0fg1 | MATHNET-0dmc | MATHNET-05yo | MATHNET-00lt | MATHNET-05jg | MATHNET-064l | MATHNET-02vo | MATHNET-0fnb,0.9480 | 0.9271 | 0.9210 | 0.8898 | 0.8835 | 0.8795 | 0.8755 | 0.8618 | 0.8463 | 0.8461
MATHNET-05qs,MATHNET-0jdx | MATHNET-02xm | MATHNET-0dv1 | MATHNET-014t | MATHNET-0bui | MATHNET-02nt | MATHNET-05j5 | MATHNET-0az2 | MATHNET-0dvb | MATHNET-0gda,0.8454 | 0.8382 | 0.8364 | 0.8301 | 0.8247 | 0.8135 | 0.8094 | 0.8069 | 0.8059 | 0.7932
MATHNET-05qu,MATHNET-05f6 | MATHNET-0fwn | MATHNET-0efx | MATHNET-0bgs | MATHNET-0fvr | MATHNET-0g60 | MATHNET-0cnh | MATHNET-0ebi | MATHNET-00cu | MATHNET-0fhq,0.8493 | 0.8370 | 0.8266 | 0.8215 | 0.8068 | 0.8056 | 0.8055 | 0.8026 | 0.7980 | 0.7950
MATHNET-05qv,MATHNET-0gj4 | MATHNET-090w | MATHNET-0h3f | MATHNET-0fvr | MATHNET-0fre | MATHNET-02ya | MATHNET-0cmk | MATHNET-05tc | MATHNET-0cmp | MATHNET-0fru,0.9324 | 0.8844 | 0.8644 | 0.8586 | 0.8536 | 0.8404 | 0.8303 | 0.8272 | 0.8271 | 0.8260
MATHNET-05ra,MATHNET-05u0 | MATHNET-0609 | MATHNET-0huv | MATHNET-035k | MATHNET-0jxw | MATHNET-0b1l | MATHNET-0ag7 | MATHNET-0413 | MATHNET-07yr | MATHNET-01ud,0.7574 | 0.7360 | 0.7108 | 0.7016 | 0.6749 | 0.6718 | 0.6662 | 0.6555 | 0.6486 | 0.6480
MATHNET-05rp,MATHNET-05lp | MATHNET-0dnv | MATHNET-0g1b | MATHNET-081p | MATHNET-07yc | MATHNET-0g0d | MATHNET-05zy | MATHNET-0fdi | MATHNET-062q | MATHNET-05g5,0.8108 | 0.7944 | 0.7840 | 0.7787 | 0.7617 | 0.7573 | 0.7565 | 0.7548 | 0.7515 | 0.7496
MATHNET-05ta,MATHNET-0g2s | MATHNET-05x1 | MATHNET-05k2 | MATHNET-05gq | MATHNET-0hai | MATHNET-02pg | MATHNET-0fk5 | MATHNET-02nt | MATHNET-05yi | MATHNET-0fxg,0.8922 | 0.8825 | 0.8508 | 0.8473 | 0.8370 | 0.8364 | 0.8327 | 0.8318 | 0.8183 | 0.8116
MATHNET-05tc,MATHNET-0fjo | MATHNET-0fre | MATHNET-09vi | MATHNET-0g0v | MATHNET-084e | MATHNET-0220 | MATHNET-09q7 | MATHNET-0cmk | MATHNET-062q | MATHNET-029t,0.8840 | 0.8709 | 0.8585 | 0.8532 | 0.8518 | 0.8417 | 0.8392 | 0.8345 | 0.8307 | 0.8294
MATHNET-05tl,MATHNET-0cu5 | MATHNET-0jxw | MATHNET-07yr | MATHNET-05uf | MATHNET-05ra | MATHNET-01ud | MATHNET-08yo | MATHNET-08m2 | MATHNET-0855 | MATHNET-09t7,0.6964 | 0.6819 | 0.6663 | 0.6603 | 0.6293 | 0.6247 | 0.6232 | 0.6206 | 0.6177 | 0.6115
MATHNET-05u0,MATHNET-0b1l | MATHNET-05ra | MATHNET-0huv | MATHNET-0609 | MATHNET-035k | MATHNET-0dqf | MATHNET-0413 | MATHNET-0ag7 | MATHNET-0aj0 | MATHNET-01ud,0.7973 | 0.7574 | 0.7393 | 0.7141 | 0.7012 | 0.6940 | 0.6896 | 0.6839 | 0.6774 | 0.6725
MATHNET-05uf,MATHNET-08m2 | MATHNET-051m | MATHNET-0cu5 | MATHNET-03xn | MATHNET-05tl | MATHNET-0jxw | MATHNET-0cwk | MATHNET-03vm | MATHNET-01ud | MATHNET-06pl,0.7554 | 0.7022 | 0.6729 | 0.6681 | 0.6603 | 0.6527 | 0.6445 | 0.6332 | 0.6247 | 0.6186
MATHNET-05vy,MATHNET-05jo | MATHNET-0dmg | MATHNET-0g1n | MATHNET-085n | MATHNET-087s | MATHNET-0csu | MATHNET-0fmk | MATHNET-09sr | MATHNET-05m2 | MATHNET-08ek,0.8939 | 0.8568 | 0.8478 | 0.8476 | 0.8262 | 0.8250 | 0.8202 | 0.8162 | 0.8050 | 0.8034
MATHNET-05x1,MATHNET-05ta | MATHNET-0g2s | MATHNET-05k2 | MATHNET-0hai | MATHNET-02qx | MATHNET-0g0v | MATHNET-02nt | MATHNET-0fxg | MATHNET-0dvk | MATHNET-0fru,0.8825 | 0.8463 | 0.8420 | 0.8415 | 0.8414 | 0.8398 | 0.8385 | 0.8209 | 0.8125 | 0.8123
MATHNET-05yi,MATHNET-0g2s | MATHNET-0fxg | MATHNET-02pg | MATHNET-05ta | MATHNET-0cvk | MATHNET-02xm | MATHNET-02nt | MATHNET-05x1 | MATHNET-023f | MATHNET-0az2,0.8527 | 0.8450 | 0.8201 | 0.8183 | 0.8170 | 0.8124 | 0.8110 | 0.8104 | 0.7960 | 0.7862
MATHNET-05yo,MATHNET-0dmc | MATHNET-05jg | MATHNET-0fnb | MATHNET-064l | MATHNET-0fxv | MATHNET-09tk | MATHNET-0g3p | MATHNET-00lt | MATHNET-0fg1 | MATHNET-060t,0.9676 | 0.9400 | 0.9176 | 0.9145 | 0.9125 | 0.9096 | 0.9037 | 0.9029 | 0.9003 | 0.8937
MATHNET-05ys,MATHNET-0fid | MATHNET-0302 | MATHNET-081p | MATHNET-0g28 | MATHNET-0fx2 | MATHNET-05m2 | MATHNET-05n9 | MATHNET-02zm | MATHNET-05zn | MATHNET-09q7,0.8995 | 0.8919 | 0.8890 | 0.8869 | 0.8685 | 0.8524 | 0.8511 | 0.8477 | 0.8475 | 0.8448
MATHNET-05z2,MATHNET-0cr9 | MATHNET-05m2 | MATHNET-0g9d | MATHNET-05zn | MATHNET-05n9 | MATHNET-0g1n | MATHNET-05jo | MATHNET-09sr | MATHNET-05g5 | MATHNET-0g0d,0.8866 | 0.8726 | 0.8645 | 0.8611 | 0.8597 | 0.8417 | 0.8404 | 0.8390 | 0.8351 | 0.8333
MATHNET-05zn,MATHNET-05m2 | MATHNET-05jo | MATHNET-05z2 | MATHNET-0g0d | MATHNET-08ek | MATHNET-0cr9 | MATHNET-09vi | MATHNET-09q7 | MATHNET-0g1n | MATHNET-09sr,0.9646 | 0.8629 | 0.8611 | 0.8601 | 0.8596 | 0.8586 | 0.8584 | 0.8548 | 0.8546 | 0.8503
MATHNET-05zy,MATHNET-02vo | MATHNET-0g1b | MATHNET-095q | MATHNET-023i | MATHNET-09t7 | MATHNET-08gj | MATHNET-0fxv | MATHNET-0855 | MATHNET-0dmc | MATHNET-05yo,0.9233 | 0.9043 | 0.9025 | 0.8910 | 0.8706 | 0.8587 | 0.8512 | 0.8511 | 0.8496 | 0.8458
MATHNET-0609,MATHNET-0ag7 | MATHNET-0huv | MATHNET-0413 | MATHNET-05ra | MATHNET-0dqf | MATHNET-05u0 | MATHNET-035k | MATHNET-0jxp | MATHNET-0aj0 | MATHNET-0b84,0.8316 | 0.8220 | 0.7943 | 0.7360 | 0.7249 | 0.7141 | 0.6876 | 0.6818 | 0.6773 | 0.6764
MATHNET-060t,MATHNET-0fxv | MATHNET-05qn | MATHNET-0fg1 | MATHNET-064l | MATHNET-05yo | MATHNET-0dmc | MATHNET-05jg | MATHNET-09tk | MATHNET-0g3p | MATHNET-00lt,0.9401 | 0.9271 | 0.9024 | 0.9002 | 0.8937 | 0.8841 | 0.8808 | 0.8689 | 0.8641 | 0.8610
MATHNET-062m,MATHNET-0fvm | MATHNET-0cvb | MATHNET-01l1 | MATHNET-0g0v | MATHNET-09qh | MATHNET-024k | MATHNET-0eex | MATHNET-0fxg | MATHNET-02qx | MATHNET-084e,0.8530 | 0.8477 | 0.8466 | 0.7533 | 0.7371 | 0.7259 | 0.7215 | 0.7188 | 0.7124 | 0.7122
MATHNET-062q,MATHNET-084e | MATHNET-0dnv | MATHNET-029t | MATHNET-0g28 | MATHNET-081p | MATHNET-05tc | MATHNET-09qh | MATHNET-0fjo | MATHNET-09q7 | MATHNET-0fx2,0.8870 | 0.8785 | 0.8668 | 0.8492 | 0.8415 | 0.8307 | 0.8261 | 0.8249 | 0.8184 | 0.8162
MATHNET-064l,MATHNET-09tk | MATHNET-0g3p | MATHNET-05yo | MATHNET-0fdi | MATHNET-0fxv | MATHNET-060t | MATHNET-0dmc | MATHNET-05jg | MATHNET-0fg1 | MATHNET-0fnb,0.9428 | 0.9340 | 0.9145 | 0.9140 | 0.9010 | 0.9002 | 0.8950 | 0.8767 | 0.8762 | 0.8712
MATHNET-064u,MATHNET-0aus | MATHNET-03di | MATHNET-0hog | MATHNET-00nu | MATHNET-07r9 | MATHNET-0bot | MATHNET-0bn3 | MATHNET-09hf | MATHNET-007a | MATHNET-00p6,0.9068 | 0.8656 | 0.8561 | 0.8383 | 0.8382 | 0.8302 | 0.8241 | 0.8233 | 0.8152 | 0.8133
MATHNET-0652,MATHNET-0bmd | MATHNET-0b87 | MATHNET-0adi | MATHNET-058t | MATHNET-08y6 | MATHNET-0bwb | MATHNET-0kd5 | MATHNET-01rg | MATHNET-01qk | MATHNET-08rj,0.8720 | 0.8450 | 0.8151 | 0.8103 | 0.8059 | 0.8032 | 0.8015 | 0.7961 | 0.7828 | 0.7818
MATHNET-065e,MATHNET-00by | MATHNET-0j4z | MATHNET-0avj | MATHNET-0a9f | MATHNET-06nq | MATHNET-0agx | MATHNET-06h1 | MATHNET-0bq8 | MATHNET-08o1 | MATHNET-0k4h,0.8858 | 0.8754 | 0.8558 | 0.8307 | 0.8137 | 0.8113 | 0.8110 | 0.8074 | 0.8032 | 0.7910
MATHNET-0677,MATHNET-00a6 | MATHNET-07n6 | MATHNET-04xa | MATHNET-0je9 | MATHNET-07cz | MATHNET-07cj | MATHNET-071o | MATHNET-06un | MATHNET-0iyz | MATHNET-0325,0.8562 | 0.8047 | 0.7765 | 0.7584 | 0.7556 | 0.7469 | 0.7465 | 0.7327 | 0.7104 | 0.7081
MATHNET-067b,MATHNET-0ads | MATHNET-0bml | MATHNET-0fyx | MATHNET-028y | MATHNET-0fj3 | MATHNET-0apq | MATHNET-05ia | MATHNET-05i6 | MATHNET-0ft3 | MATHNET-01os,0.9756 | 0.9319 | 0.9018 | 0.8938 | 0.8856 | 0.8731 | 0.8410 | 0.8376 | 0.8356 | 0.8332
MATHNET-0698,MATHNET-0c1k | MATHNET-0djw | MATHNET-0b09 | MATHNET-0c6i | MATHNET-0f6y | MATHNET-09jj | MATHNET-08id | MATHNET-009e | MATHNET-0lbg | MATHNET-01p2,1.0000 | 1.0000 | 1.0000 | 1.0000 | 1.0000 | 1.0000 | 1.0000 | 0.9737 | 0.9737 | 0.9737
MATHNET-06ak,MATHNET-03qe | MATHNET-0e2b | MATHNET-08py | MATHNET-0a7h | MATHNET-0d7c | MATHNET-039y | MATHNET-0bvn | MATHNET-017j | MATHNET-04k6 | MATHNET-0eak,0.9156 | 0.7176 | 0.6971 | 0.6851 | 0.6841 | 0.6814 | 0.6812 | 0.6786 | 0.6753 | 0.6744
MATHNET-06au,MATHNET-04kx | MATHNET-03nf | MATHNET-01u3 | MATHNET-0759 | MATHNET-0k0l | MATHNET-020y | MATHNET-0a4r | MATHNET-099l | MATHNET-0ias | MATHNET-0ldf,0.8201 | 0.7519 | 0.7032 | 0.6961 | 0.6721 | 0.6651 | 0.6621 | 0.6609 | 0.6546 | 0.6521
MATHNET-06bz,MATHNET-0lbc | MATHNET-00f0 | MATHNET-07rd | MATHNET-00va | MATHNET-0e73 | MATHNET-0ai8 | MATHNET-0cg1 | MATHNET-017j | MATHNET-0gqz | MATHNET-01f7,0.7804 | 0.7616 | 0.7589 | 0.7577 | 0.7395 | 0.7389 | 0.7310 | 0.7276 | 0.7196 | 0.7166
MATHNET-06c9,MATHNET-0g61 | MATHNET-0fti | MATHNET-0f3n | MATHNET-0hj7 | MATHNET-05j5 | MATHNET-0hpb | MATHNET-02x1 | MATHNET-0fk5 | MATHNET-0i3q | MATHNET-0ef5,0.9203 | 0.8921 | 0.8917 | 0.8589 | 0.8550 | 0.8548 | 0.8461 | 0.8376 | 0.8358 | 0.8356
MATHNET-06ct,MATHNET-00nu | MATHNET-0jx0 | MATHNET-0cz9 | MATHNET-09iq | MATHNET-0hxe | MATHNET-0bot | MATHNET-03zv | MATHNET-08l3 | MATHNET-0hc1 | MATHNET-0bxp,0.8581 | 0.8541 | 0.8448 | 0.8333 | 0.8313 | 0.8241 | 0.8101 | 0.8016 | 0.8001 | 0.7955
MATHNET-06do,MATHNET-0cg1 | MATHNET-0jog | MATHNET-076c | MATHNET-09xc | MATHNET-04zy | MATHNET-02eg | MATHNET-08pm | MATHNET-0akb | MATHNET-04qz | MATHNET-0f8b,0.7902 | 0.7716 | 0.7692 | 0.7688 | 0.7656 | 0.7592 | 0.7585 | 0.7572 | 0.7568 | 0.7561
MATHNET-06dp,MATHNET-0i0w | MATHNET-0b7n | MATHNET-00ul | MATHNET-0a2l | MATHNET-07mb | MATHNET-01f7 | MATHNET-0eak | MATHNET-0akb | MATHNET-06i3 | MATHNET-02eg,0.8064 | 0.7958 | 0.7900 | 0.7897 | 0.7866 | 0.7851 | 0.7834 | 0.7824 | 0.7795 | 0.7747
MATHNET-06fc,MATHNET-08nc | MATHNET-07gp | MATHNET-0b84 | MATHNET-07w7 | MATHNET-0i9p | MATHNET-0ksl | MATHNET-0d92 | MATHNET-0jxp | MATHNET-041i | MATHNET-00nm,0.8723 | 0.8212 | 0.7730 | 0.7729 | 0.7682 | 0.7665 | 0.7661 | 0.7654 | 0.7599 | 0.7593
MATHNET-06fe,MATHNET-0hgo | MATHNET-0h9m | MATHNET-0d7d | MATHNET-0djq | MATHNET-0ihr | MATHNET-0dau | MATHNET-0idn | MATHNET-0eug | MATHNET-09ho | MATHNET-0f9k,0.9855 | 0.9131 | 0.8626 | 0.8355 | 0.7898 | 0.7894 | 0.7692 | 0.7345 | 0.7005 | 0.6997
MATHNET-06h1,MATHNET-0hdo | MATHNET-0a9f | MATHNET-0bwb | MATHNET-0avj | MATHNET-0dil | MATHNET-0j4z | MATHNET-08o1 | MATHNET-0agx | MATHNET-0925 | MATHNET-065e,0.8834 | 0.8637 | 0.8498 | 0.8497 | 0.8413 | 0.8312 | 0.8283 | 0.8179 | 0.8144 | 0.8110
MATHNET-06i3,MATHNET-0500 | MATHNET-0eak | MATHNET-0397 | MATHNET-0e73 | MATHNET-017c | MATHNET-02ex | MATHNET-0j3m | MATHNET-06dp | MATHNET-0aae | MATHNET-07rd,0.8587 | 0.8128 | 0.8089 | 0.8034 | 0.7929 | 0.7846 | 0.7843 | 0.7795 | 0.7771 | 0.7759
MATHNET-06j5,MATHNET-0j0k | MATHNET-0f3f | MATHNET-00xp | MATHNET-0b84 | MATHNET-0f9k | MATHNET-0dqf | MATHNET-0jxp | MATHNET-0553 | MATHNET-00nm | MATHNET-07gp,0.9311 | 0.8381 | 0.7762 | 0.7308 | 0.6984 | 0.6967 | 0.6935 | 0.6815 | 0.6799 | 0.6788
MATHNET-06jk,MATHNET-0bis | MATHNET-00fc | MATHNET-0j6t | MATHNET-03yl | MATHNET-0b2t | MATHNET-017x | MATHNET-0akk | MATHNET-07xw | MATHNET-0bd7 | MATHNET-01k3,0.7834 | 0.7760 | 0.7509 | 0.7406 | 0.7291 | 0.7200 | 0.7121 | 0.7076 | 0.6981 | 0.6979
MATHNET-06ke,MATHNET-0784 | MATHNET-0bzc | MATHNET-090m | MATHNET-0i9x | MATHNET-077p | MATHNET-06xj | MATHNET-06op | MATHNET-06tf | MATHNET-0inh | MATHNET-08zz,0.9432 | 0.9351 | 0.9067 | 0.8839 | 0.8804 | 0.8801 | 0.8598 | 0.8582 | 0.8557 | 0.8548
MATHNET-06mm,MATHNET-0gx3 | MATHNET-04a8 | MATHNET-0k97 | MATHNET-0bmx | MATHNET-0acd | MATHNET-0ena | MATHNET-03f4 | MATHNET-0ka4 | MATHNET-0d5z | MATHNET-0joq,0.9216 | 0.9150 | 0.8976 | 0.8937 | 0.8896 | 0.8851 | 0.8835 | 0.8712 | 0.8506 | 0.8375
MATHNET-06nj,MATHNET-0j9k | MATHNET-0jtz | MATHNET-00ac | MATHNET-07uh | MATHNET-009s | MATHNET-020t | MATHNET-0bhj | MATHNET-08pi | MATHNET-06rf | MATHNET-0710,0.8320 | 0.8297 | 0.7642 | 0.7491 | 0.7414 | 0.7407 | 0.7371 | 0.7343 | 0.7335 | 0.7333
MATHNET-06nl,MATHNET-0aae | MATHNET-0i5w | MATHNET-017c | MATHNET-0d0r | MATHNET-0j3m | MATHNET-0103 | MATHNET-01kt | MATHNET-06i3 | MATHNET-0bx8 | MATHNET-0fad,0.8813 | 0.7746 | 0.7633 | 0.7567 | 0.7489 | 0.7464 | 0.7445 | 0.7440 | 0.7428 | 0.7408
MATHNET-06nq,MATHNET-08o1 | MATHNET-0dil | MATHNET-0a9f | MATHNET-0925 | MATHNET-0dyh | MATHNET-0dpx | MATHNET-065e | MATHNET-0avj | MATHNET-00k4 | MATHNET-06h1,0.9072 | 0.8535 | 0.8379 | 0.8325 | 0.8297 | 0.8199 | 0.8137 | 0.8114 | 0.8113 | 0.7940
MATHNET-06nw,MATHNET-0k4h | MATHNET-0kd5 | MATHNET-0l1k | MATHNET-01ei | MATHNET-04e7 | MATHNET-0a7r | MATHNET-0bmd | MATHNET-021o | MATHNET-01qk | MATHNET-0agx,0.8116 | 0.8109 | 0.7832 | 0.7815 | 0.7536 | 0.7523 | 0.7505 | 0.7499 | 0.7490 | 0.7465
MATHNET-06op,MATHNET-08zz | MATHNET-06si | MATHNET-090z | MATHNET-05e9 | MATHNET-06y2 | MATHNET-03qq | MATHNET-077k | MATHNET-00h0 | MATHNET-0784 | MATHNET-06ke,0.9502 | 0.9484 | 0.9260 | 0.9155 | 0.9114 | 0.8942 | 0.8840 | 0.8626 | 0.8600 | 0.8598
MATHNET-06pl,MATHNET-0455 | MATHNET-0217 | MATHNET-0akr | MATHNET-04t3 | MATHNET-04u6 | MATHNET-0bow | MATHNET-0lfz | MATHNET-0glc | MATHNET-0906 | MATHNET-05dk,0.8811 | 0.8700 | 0.8667 | 0.8580 | 0.8566 | 0.8426 | 0.7948 | 0.7876 | 0.7848 | 0.7833
MATHNET-06rf,MATHNET-0387 | MATHNET-0932 | MATHNET-0bth | MATHNET-01u2 | MATHNET-08pi | MATHNET-03e9 | MATHNET-020t | MATHNET-0212 | MATHNET-05d6 | MATHNET-03n8,0.9030 | 0.8520 | 0.8436 | 0.8425 | 0.8238 | 0.8160 | 0.8153 | 0.8066 | 0.8053 | 0.8012
MATHNET-06si,MATHNET-08zz | MATHNET-06op | MATHNET-03qq | MATHNET-090z | MATHNET-00h0 | MATHNET-05e9 | MATHNET-06y2 | MATHNET-077k | MATHNET-06ke | MATHNET-0784,0.9612 | 0.9484 | 0.9138 | 0.9115 | 0.8830 | 0.8769 | 0.8747 | 0.8552 | 0.8519 | 0.8517
MATHNET-06tf,MATHNET-0bzc | MATHNET-0784 | MATHNET-077p | MATHNET-06ke | MATHNET-0i9x | MATHNET-090m | MATHNET-0kx0 | MATHNET-06xj | MATHNET-00hy | MATHNET-020e,0.8808 | 0.8794 | 0.8715 | 0.8582 | 0.8565 | 0.8475 | 0.8470 | 0.8399 | 0.8345 | 0.8275
MATHNET-06ts,MATHNET-0dq2 | MATHNET-01b7 | MATHNET-0cy2 | MATHNET-04t3 | MATHNET-00up | MATHNET-051m | MATHNET-0lfz | MATHNET-07l8 | MATHNET-06pl | MATHNET-08q8,0.8372 | 0.8338 | 0.8204 | 0.7743 | 0.7624 | 0.7598 | 0.7562 | 0.7354 | 0.7333 | 0.7309
MATHNET-06un,MATHNET-0cu8 | MATHNET-0lco | MATHNET-0akk | MATHNET-0677 | MATHNET-0ed9 | MATHNET-04xa | MATHNET-04xs | MATHNET-00a6 | MATHNET-06vc | MATHNET-017x,0.7549 | 0.7410 | 0.7387 | 0.7327 | 0.7260 | 0.7211 | 0.7210 | 0.7059 | 0.7000 | 0.6908
MATHNET-06vc,MATHNET-0lco | MATHNET-04xs | MATHNET-07nk | MATHNET-0hsp | MATHNET-0et0 | MATHNET-09et | MATHNET-0ed9 | MATHNET-0cu8 | MATHNET-06un | MATHNET-0akk,0.8599 | 0.8319 | 0.8075 | 0.8042 | 0.7394 | 0.7217 | 0.7175 | 0.7008 | 0.7000 | 0.6759
MATHNET-06x6,MATHNET-0cnn | MATHNET-0gle | MATHNET-0d0v | MATHNET-0lgk | MATHNET-03nj | MATHNET-0dzm | MATHNET-08o1 | MATHNET-00f5 | MATHNET-0a53 | MATHNET-0dpx,0.9309 | 0.9272 | 0.8664 | 0.8643 | 0.8121 | 0.8100 | 0.8038 | 0.7928 | 0.7902 | 0.7819
MATHNET-06xj,MATHNET-077p | MATHNET-0bzc | MATHNET-00hy | MATHNET-090m | MATHNET-06ke | MATHNET-0dps | MATHNET-0784 | MATHNET-0i9x | MATHNET-045v | MATHNET-0479,0.9110 | 0.9026 | 0.8980 | 0.8978 | 0.8801 | 0.8795 | 0.8753 | 0.8746 | 0.8567 | 0.8459
MATHNET-06xr,MATHNET-0clu | MATHNET-0lgk | MATHNET-08ew | MATHNET-0dzm | MATHNET-076g | MATHNET-0d0v | MATHNET-0gle | MATHNET-00f5 | MATHNET-0h10 | MATHNET-0cnn,0.9345 | 0.8364 | 0.8285 | 0.8283 | 0.7983 | 0.7980 | 0.7978 | 0.7692 | 0.7674 | 0.7630
MATHNET-06y2,MATHNET-05e9 | MATHNET-077k | MATHNET-090z | MATHNET-06op | MATHNET-08zz | MATHNET-06si | MATHNET-03ln | MATHNET-06ke | MATHNET-0784 | MATHNET-0bzc,0.9797 | 0.9258 | 0.9150 | 0.9114 | 0.8753 | 0.8747 | 0.8576 | 0.8483 | 0.8438 | 0.8414
MATHNET-06y4,MATHNET-0gq8 | MATHNET-07gw | MATHNET-0g45 | MATHNET-00ps | MATHNET-04qz | MATHNET-01b9 | MATHNET-04x6 | MATHNET-0inh | MATHNET-0iic | MATHNET-077k,0.8586 | 0.8241 | 0.8224 | 0.7698 | 0.7680 | 0.7679 | 0.7651 | 0.7618 | 0.7602 | 0.7560
MATHNET-06ze,MATHNET-0j3m | MATHNET-0397 | MATHNET-00ul | MATHNET-01kt | MATHNET-00nb | MATHNET-01dv | MATHNET-017c | MATHNET-06dp | MATHNET-0752 | MATHNET-076c,0.8519 | 0.8032 | 0.7768 | 0.7717 | 0.7686 | 0.7539 | 0.7523 | 0.7368 | 0.7368 | 0.7322
MATHNET-06zj,MATHNET-0bm7 | MATHNET-09r1 | MATHNET-00cv | MATHNET-023t | MATHNET-0efx | MATHNET-00cu | MATHNET-05qu | MATHNET-0ebi | MATHNET-0fhq | MATHNET-0bnb,0.8500 | 0.8037 | 0.8021 | 0.7968 | 0.7874 | 0.7860 | 0.7834 | 0.7795 | 0.7328 | 0.7324
MATHNET-0710,MATHNET-0a6c | MATHNET-0bth | MATHNET-056b | MATHNET-0ax4 | MATHNET-01qs | MATHNET-01n3 | MATHNET-0212 | MATHNET-0387 | MATHNET-0lf7 | MATHNET-0dqz,0.8479 | 0.8207 | 0.8119 | 0.8091 | 0.7996 | 0.7891 | 0.7879 | 0.7878 | 0.7868 | 0.7860
MATHNET-071d,MATHNET-0dfz | MATHNET-0jv5 | MATHNET-0fad | MATHNET-0j12 | MATHNET-0i5w | MATHNET-06nl | MATHNET-0103 | MATHNET-0cey | MATHNET-08im | MATHNET-0500,0.7982 | 0.7878 | 0.7658 | 0.7643 | 0.7349 | 0.7305 | 0.7280 | 0.7179 | 0.7036 | 0.7001
MATHNET-071o,MATHNET-07n6 | MATHNET-00a6 | MATHNET-09vr | MATHNET-00ok | MATHNET-0iyz | MATHNET-0bo4 | MATHNET-01ug | MATHNET-0677 | MATHNET-07nh | MATHNET-0clz,0.7925 | 0.7819 | 0.7735 | 0.7696 | 0.7561 | 0.7542 | 0.7537 | 0.7465 | 0.7464 | 0.7440
MATHNET-072g,MATHNET-03wz | MATHNET-0d4o | MATHNET-07k2 | MATHNET-00ul | MATHNET-0f8b | MATHNET-01f7 | MATHNET-0lbc | MATHNET-0ai8 | MATHNET-06i3 | MATHNET-0i0w,0.8199 | 0.8152 | 0.8013 | 0.7860 | 0.7787 | 0.7699 | 0.7671 | 0.7627 | 0.7627 | 0.7572
MATHNET-072s,MATHNET-0c1d | MATHNET-020b | MATHNET-0930 | MATHNET-092p | MATHNET-09mt | MATHNET-0iat | MATHNET-075n | MATHNET-0b2x | MATHNET-0ai8 | MATHNET-08wo,0.7975 | 0.7701 | 0.7671 | 0.7660 | 0.7340 | 0.7223 | 0.7202 | 0.7136 | 0.7102 | 0.7030
MATHNET-072u,MATHNET-04zy | MATHNET-076c | MATHNET-03wz | MATHNET-0f8b | MATHNET-0ai8 | MATHNET-06do | MATHNET-07rd | MATHNET-0397 | MATHNET-0j3m | MATHNET-01dv,0.8255 | 0.8251 | 0.7921 | 0.7592 | 0.7511 | 0.7506 | 0.7506 | 0.7365 | 0.7326 | 0.7326
MATHNET-074g,MATHNET-00yo | MATHNET-0325 | MATHNET-0je9 | MATHNET-09vr | MATHNET-07cj | MATHNET-0e06 | MATHNET-00l0 | MATHNET-04yy | MATHNET-07n6 | MATHNET-071o,0.7749 | 0.7591 | 0.7561 | 0.7408 | 0.7350 | 0.7319 | 0.7307 | 0.7278 | 0.7039 | 0.6905
MATHNET-0752,MATHNET-01kt | MATHNET-0a4r | MATHNET-0jnd | MATHNET-0h1p | MATHNET-08pg | MATHNET-0j3m | MATHNET-04a3 | MATHNET-01n3 | MATHNET-07dr | MATHNET-00nb,0.8269 | 0.7945 | 0.7916 | 0.7911 | 0.7792 | 0.7733 | 0.7595 | 0.7578 | 0.7565 | 0.7564
MATHNET-0759,MATHNET-01bj | MATHNET-0ldf | MATHNET-08kn | MATHNET-049z | MATHNET-0gdx | MATHNET-02h7 | MATHNET-03nf | MATHNET-07mb | MATHNET-099l | MATHNET-04kx,0.8269 | 0.8086 | 0.7672 | 0.7669 | 0.7562 | 0.7551 | 0.7545 | 0.7504 | 0.7434 | 0.7264
MATHNET-075n,MATHNET-07k2 | MATHNET-09hc | MATHNET-0ai8 | MATHNET-072s | MATHNET-072g | MATHNET-01f7 | MATHNET-09mt | MATHNET-03wz | MATHNET-00f0 | MATHNET-08wo,0.7949 | 0.7520 | 0.7285 | 0.7202 | 0.7059 | 0.6993 | 0.6961 | 0.6937 | 0.6899 | 0.6899
MATHNET-076c,MATHNET-04zy | MATHNET-072u | MATHNET-0397 | MATHNET-03wz | MATHNET-01dv | MATHNET-06do | MATHNET-0j3m | MATHNET-0f8b | MATHNET-07rd | MATHNET-01kt,0.8758 | 0.8251 | 0.7813 | 0.7780 | 0.7766 | 0.7692 | 0.7651 | 0.7547 | 0.7529 | 0.7336
MATHNET-076g,MATHNET-0dzm | MATHNET-0lgk | MATHNET-06xr | MATHNET-0d0v | MATHNET-0clu | MATHNET-0etj | MATHNET-0cnn | MATHNET-0gle | MATHNET-08ew | MATHNET-08n2,0.8264 | 0.8165 | 0.7983 | 0.7938 | 0.7934 | 0.7887 | 0.7634 | 0.7602 | 0.7569 | 0.7408
MATHNET-077h,MATHNET-08pi | MATHNET-05bk | MATHNET-07d3 | MATHNET-03n8 | MATHNET-00ac | MATHNET-0jgz | MATHNET-00hu | MATHNET-020t | MATHNET-0c66 | MATHNET-06rf,0.8374 | 0.8291 | 0.8290 | 0.8237 | 0.8117 | 0.7782 | 0.7756 | 0.7671 | 0.7585 | 0.7566
MATHNET-077k,MATHNET-05e9 | MATHNET-06y2 | MATHNET-090z | MATHNET-06op | MATHNET-03ln | MATHNET-08zz | MATHNET-06si | MATHNET-090m | MATHNET-06ke | MATHNET-0bzc,0.9272 | 0.9258 | 0.8908 | 0.8840 | 0.8794 | 0.8642 | 0.8552 | 0.8442 | 0.8438 | 0.8428
MATHNET-077p,MATHNET-0i9x | MATHNET-06xj | MATHNET-00hy | MATHNET-0bzc | MATHNET-090m | MATHNET-06ke | MATHNET-0dps | MATHNET-06tf | MATHNET-0784 | MATHNET-0479,0.9147 | 0.9110 | 0.9014 | 0.9002 | 0.8901 | 0.8804 | 0.8766 | 0.8715 | 0.8690 | 0.8503
MATHNET-0784,MATHNET-06ke | MATHNET-0bzc | MATHNET-090m | MATHNET-06tf | MATHNET-06xj | MATHNET-0i9x | MATHNET-077p | MATHNET-06op | MATHNET-08zz | MATHNET-06si,0.9432 | 0.9330 | 0.8994 | 0.8794 | 0.8753 | 0.8717 | 0.8690 | 0.8600 | 0.8563 | 0.8517
MATHNET-078n,MATHNET-00ug | MATHNET-032t | MATHNET-0b2t | MATHNET-0dla | MATHNET-0hjb | MATHNET-037b | MATHNET-0590 | MATHNET-0jh7 | MATHNET-0jqi | MATHNET-0a95,0.8779 | 0.8456 | 0.8403 | 0.8077 | 0.8056 | 0.8000 | 0.7871 | 0.7849 | 0.7750 | 0.7741
MATHNET-07ad,MATHNET-0i0w | MATHNET-07c0 | MATHNET-0b7n | MATHNET-0dst | MATHNET-03z3 | MATHNET-0d4o | MATHNET-06dp | MATHNET-09xk | MATHNET-07k2 | MATHNET-0akb,0.8636 | 0.8557 | 0.8023 | 0.7821 | 0.7650 | 0.7609 | 0.7578 | 0.7569 | 0.7493 | 0.7435
MATHNET-07c0,MATHNET-07ad | MATHNET-0b7n | MATHNET-0i0w | MATHNET-0dst | MATHNET-09xk | MATHNET-06dp | MATHNET-03z3 | MATHNET-0akb | MATHNET-02eg | MATHNET-0ijk,0.8557 | 0.8399 | 0.8026 | 0.7920 | 0.7854 | 0.7577 | 0.7459 | 0.7439 | 0.7321 | 0.7244
MATHNET-07cc,MATHNET-0ing | MATHNET-0eud | MATHNET-0cm5 | MATHNET-04v9 | MATHNET-0kx0 | MATHNET-0bhh | MATHNET-01zv | MATHNET-05dg | MATHNET-020e | MATHNET-0h61,0.8411 | 0.8395 | 0.8145 | 0.8108 | 0.8083 | 0.7852 | 0.7820 | 0.7743 | 0.7544 | 0.7538
MATHNET-07cj,MATHNET-07cz | MATHNET-07n6 | MATHNET-0je9 | MATHNET-09vr | MATHNET-0677 | MATHNET-04xa | MATHNET-074g | MATHNET-071o | MATHNET-0bo4 | MATHNET-00a6,0.8695 | 0.7645 | 0.7597 | 0.7529 | 0.7469 | 0.7416 | 0.7350 | 0.7298 | 0.7101 | 0.7048
MATHNET-07cz,MATHNET-07cj | MATHNET-0je9 | MATHNET-0677 | MATHNET-04xa | MATHNET-07n6 | MATHNET-071o | MATHNET-09vr | MATHNET-00a6 | MATHNET-074g | MATHNET-0ed9,0.8695 | 0.7577 | 0.7556 | 0.7502 | 0.7304 | 0.7067 | 0.6991 | 0.6971 | 0.6877 | 0.6717
MATHNET-07d3,MATHNET-05bk | MATHNET-077h | MATHNET-00ac | MATHNET-047k | MATHNET-00hu | MATHNET-03n8 | MATHNET-08pi | MATHNET-0c66 | MATHNET-0jgz | MATHNET-0iic,0.8633 | 0.8290 | 0.7997 | 0.7817 | 0.7788 | 0.7769 | 0.7669 | 0.7478 | 0.7432 | 0.7423
MATHNET-07dr,MATHNET-07uh | MATHNET-0akb | MATHNET-00vm | MATHNET-03z3 | MATHNET-0jtz | MATHNET-0bhj | MATHNET-01b8 | MATHNET-01qs | MATHNET-0dst | MATHNET-020t,0.8248 | 0.7916 | 0.7851 | 0.7812 | 0.7712 | 0.7691 | 0.7651 | 0.7649 | 0.7636 | 0.7624
MATHNET-07du,MATHNET-0bo4 | MATHNET-00ok | MATHNET-00g4 | MATHNET-0jh7 | MATHNET-0e0d | MATHNET-0bd7 | MATHNET-032t | MATHNET-09vr | MATHNET-037b | MATHNET-0b2t,0.8112 | 0.7761 | 0.7722 | 0.7685 | 0.7670 | 0.7655 | 0.7637 | 0.7547 | 0.7545 | 0.7461
MATHNET-07gg,MATHNET-0ilv | MATHNET-0agp | MATHNET-048d | MATHNET-00qi | MATHNET-034j | MATHNET-0cgo | MATHNET-0c8t | MATHNET-014r | MATHNET-08io | MATHNET-03us,0.7810 | 0.7643 | 0.7426 | 0.7342 | 0.7083 | 0.6744 | 0.6723 | 0.6559 | 0.6550 | 0.6385
MATHNET-07gp,MATHNET-08nc | MATHNET-06fc | MATHNET-00nm | MATHNET-0b84 | MATHNET-0hax | MATHNET-0jxp | MATHNET-035k | MATHNET-0le8 | MATHNET-08tg | MATHNET-0i9p,0.8543 | 0.8212 | 0.8200 | 0.7763 | 0.7640 | 0.7635 | 0.7357 | 0.7252 | 0.7209 | 0.7165
MATHNET-07gw,MATHNET-0inh | MATHNET-01b9 | MATHNET-0gq8 | MATHNET-0g45 | MATHNET-090m | MATHNET-06y4 | MATHNET-08y2 | MATHNET-00rl | MATHNET-0bzc | MATHNET-0i9x,0.8425 | 0.8362 | 0.8283 | 0.8273 | 0.8245 | 0.8241 | 0.8146 | 0.7957 | 0.7863 | 0.7855
MATHNET-07j1,MATHNET-020y | MATHNET-0i5w | MATHNET-0aae | MATHNET-0h1p | MATHNET-0fad | MATHNET-06nl | MATHNET-0jye | MATHNET-0103 | MATHNET-0jgr | MATHNET-01kt,0.7298 | 0.7280 | 0.7147 | 0.7147 | 0.6956 | 0.6924 | 0.6866 | 0.6823 | 0.6812 | 0.6798
MATHNET-07k2,MATHNET-09hc | MATHNET-072g | MATHNET-075n | MATHNET-03wz | MATHNET-0ai8 | MATHNET-0d4o | MATHNET-00ul | MATHNET-07ad | MATHNET-01f7 | MATHNET-01dv,0.8313 | 0.8013 | 0.7949 | 0.7829 | 0.7609 | 0.7547 | 0.7527 | 0.7493 | 0.7490 | 0.7484
MATHNET-07ko,MATHNET-01ud | MATHNET-035k | MATHNET-041i | MATHNET-0hax | MATHNET-0ksl | MATHNET-06fc | MATHNET-0d92 | MATHNET-08nc | MATHNET-0457 | MATHNET-07w7,0.7415 | 0.7321 | 0.7262 | 0.7246 | 0.7148 | 0.7144 | 0.7120 | 0.7092 | 0.7072 | 0.6921
MATHNET-07l2,MATHNET-09jx | MATHNET-0e5q | MATHNET-0cey | MATHNET-08im | MATHNET-0ag8 | MATHNET-0jv5 | MATHNET-04p0 | MATHNET-0fad | MATHNET-0103 | MATHNET-0d0r,0.8332 | 0.7934 | 0.7489 | 0.7374 | 0.7369 | 0.7331 | 0.7225 | 0.7140 | 0.7041 | 0.6799
MATHNET-07l8,MATHNET-03n2 | MATHNET-00up | MATHNET-0901 | MATHNET-01b7 | MATHNET-0cy2 | MATHNET-01ii | MATHNET-0dq2 | MATHNET-08q8 | MATHNET-06ts | MATHNET-04t3,0.8246 | 0.8204 | 0.8050 | 0.7816 | 0.7772 | 0.7711 | 0.7696 | 0.7668 | 0.7354 | 0.7329
MATHNET-07la,MATHNET-02dy | MATHNET-0hvc | MATHNET-0bg5 | MATHNET-0gqo | MATHNET-0ibu | MATHNET-0hhz | MATHNET-0528 | MATHNET-07oo | MATHNET-0hfw | MATHNET-0d0s,0.9447 | 0.8991 | 0.8953 | 0.8739 | 0.8633 | 0.8609 | 0.8509 | 0.8473 | 0.8365 | 0.8296
MATHNET-07mb,MATHNET-049z | MATHNET-08kn | MATHNET-0a2l | MATHNET-06dp | MATHNET-0akb | MATHNET-01bf | MATHNET-01bj | MATHNET-0ijk | MATHNET-0f8b | MATHNET-02h7,0.8611 | 0.8600 | 0.7976 | 0.7866 | 0.7855 | 0.7679 | 0.7640 | 0.7616 | 0.7606 | 0.7594
MATHNET-07n4,MATHNET-0b7y | MATHNET-0a95 | MATHNET-00l0 | MATHNET-0blq | MATHNET-0dz5 | MATHNET-00yo | MATHNET-038o | MATHNET-04ra | MATHNET-0e06 | MATHNET-0if1,0.8181 | 0.8132 | 0.8085 | 0.7854 | 0.7845 | 0.7722 | 0.7677 | 0.7592 | 0.7575 | 0.7573
MATHNET-07n6,MATHNET-00a6 | MATHNET-0677 | MATHNET-071o | MATHNET-07cj | MATHNET-0iyz | MATHNET-0kto | MATHNET-04xa | MATHNET-0bd7 | MATHNET-0325 | MATHNET-07du,0.8147 | 0.8047 | 0.7925 | 0.7645 | 0.7618 | 0.7606 | 0.7599 | 0.7586 | 0.7424 | 0.7383
MATHNET-07nh,MATHNET-0clz | MATHNET-0ck8 | MATHNET-0akk | MATHNET-01ug | MATHNET-09ad | MATHNET-0cu8 | MATHNET-09m6 | MATHNET-0j6t | MATHNET-00fc | MATHNET-071o,0.8394 | 0.8271 | 0.8081 | 0.8037 | 0.8010 | 0.8003 | 0.7758 | 0.7582 | 0.7549 | 0.7464
MATHNET-07nk,MATHNET-06vc | MATHNET-0hsp | MATHNET-09et | MATHNET-0lco | MATHNET-04xs | MATHNET-0et0 | MATHNET-0ed9 | MATHNET-0clz | MATHNET-0cu8 | MATHNET-0ck8,0.8075 | 0.7752 | 0.7413 | 0.7321 | 0.7141 | 0.7071 | 0.6933 | 0.6720 | 0.6638 | 0.6558
MATHNET-07o3,MATHNET-0j50 | MATHNET-0hxe | MATHNET-0gyd | MATHNET-03zn | MATHNET-00mi | MATHNET-01ef | MATHNET-00nu | MATHNET-03zv | MATHNET-0hvc | MATHNET-0krr,0.8381 | 0.8325 | 0.8073 | 0.8059 | 0.7978 | 0.7971 | 0.7968 | 0.7956 | 0.7955 | 0.7935
MATHNET-07oo,MATHNET-0gqo | MATHNET-0d0s | MATHNET-0hvc | MATHNET-02dy | MATHNET-0b1m | MATHNET-0e08 | MATHNET-07la | MATHNET-0f42 | MATHNET-0f88 | MATHNET-0528,0.9284 | 0.9161 | 0.8923 | 0.8653 | 0.8583 | 0.8556 | 0.8473 | 0.8401 | 0.8315 | 0.8265
MATHNET-07oq,MATHNET-0da8 | MATHNET-0bxl | MATHNET-08kv | MATHNET-09pd | MATHNET-0jwx | MATHNET-0gps | MATHNET-0ibi | MATHNET-0b2w | MATHNET-0fam | MATHNET-056g,0.8314 | 0.8211 | 0.7611 | 0.7606 | 0.7451 | 0.7427 | 0.7424 | 0.7404 | 0.7395 | 0.7324
MATHNET-07r9,MATHNET-03di | MATHNET-0inz | MATHNET-0aus | MATHNET-0acd | MATHNET-0bn3 | MATHNET-0j50 | MATHNET-00md | MATHNET-064u | MATHNET-0kpx | MATHNET-06mm,0.9059 | 0.8558 | 0.8478 | 0.8451 | 0.8412 | 0.8409 | 0.8408 | 0.8382 | 0.8281 | 0.8226
MATHNET-07rd,MATHNET-0e73 | MATHNET-03wz | MATHNET-0500 | MATHNET-0cg1 | MATHNET-04zy | MATHNET-06i3 | MATHNET-0397 | MATHNET-0ai8 | MATHNET-0f8b | MATHNET-06bz,0.8315 | 0.7963 | 0.7899 | 0.7898 | 0.7815 | 0.7759 | 0.7698 | 0.7617 | 0.7602 | 0.7589
MATHNET-07uh,MATHNET-07dr | MATHNET-0bhj | MATHNET-0h61 | MATHNET-0lf7 | MATHNET-04v9 | MATHNET-056b | MATHNET-0ax4 | MATHNET-04vh | MATHNET-00vm | MATHNET-0dqz,0.8248 | 0.8211 | 0.8183 | 0.8130 | 0.7931 | 0.7840 | 0.7823 | 0.7812 | 0.7804 | 0.7794
MATHNET-07vc,MATHNET-0jp5 | MATHNET-02n7 | MATHNET-023c | MATHNET-0joq | MATHNET-0ena | MATHNET-0bmx | MATHNET-00md | MATHNET-0ka4 | MATHNET-04a8 | MATHNET-06mm,0.9117 | 0.8638 | 0.8568 | 0.8558 | 0.8508 | 0.8443 | 0.8413 | 0.8406 | 0.8376 | 0.8350
MATHNET-07w7,MATHNET-041i | MATHNET-00jk | MATHNET-0hs2 | MATHNET-0ksl | MATHNET-06fc | MATHNET-0457 | MATHNET-0jxp | MATHNET-08nc | MATHNET-0b84 | MATHNET-0d92,0.8239 | 0.8065 | 0.7802 | 0.7758 | 0.7729 | 0.7441 | 0.7269 | 0.7228 | 0.7220 | 0.7182
MATHNET-07x2,MATHNET-04qz | MATHNET-0jog | MATHNET-09xc | MATHNET-09xk | MATHNET-0dqz | MATHNET-00rl | MATHNET-0d9u | MATHNET-0b2x | MATHNET-00vm | MATHNET-08wo,0.8596 | 0.8501 | 0.8488 | 0.8121 | 0.8074 | 0.8036 | 0.8031 | 0.7991 | 0.7973 | 0.7908
MATHNET-07xw,MATHNET-0b2t | MATHNET-00fc | MATHNET-0dla | MATHNET-0jqi | MATHNET-0e0d | MATHNET-0j6t | MATHNET-078n | MATHNET-0e4b | MATHNET-06jk | MATHNET-048d,0.7942 | 0.7766 | 0.7514 | 0.7369 | 0.7344 | 0.7288 | 0.7275 | 0.7252 | 0.7076 | 0.7064
MATHNET-07yc,MATHNET-05g5 | MATHNET-0fdi | MATHNET-0g3p | MATHNET-09tk | MATHNET-0cr9 | MATHNET-0g0d | MATHNET-064l | MATHNET-09q7 | MATHNET-081p | MATHNET-05zn,0.9571 | 0.8993 | 0.8947 | 0.8887 | 0.8880 | 0.8727 | 0.8482 | 0.8482 | 0.8463 | 0.8431
MATHNET-07yr,MATHNET-0aj0 | MATHNET-01ud | MATHNET-05tl | MATHNET-0cu5 | MATHNET-05ra | MATHNET-07ko | MATHNET-05u0 | MATHNET-0jxw | MATHNET-0huv | MATHNET-035k,0.6954 | 0.6752 | 0.6663 | 0.6539 | 0.6486 | 0.6460 | 0.6415 | 0.6300 | 0.6235 | 0.6162
MATHNET-081p,MATHNET-05ys | MATHNET-0302 | MATHNET-0g28 | MATHNET-05g5 | MATHNET-07yc | MATHNET-09q7 | MATHNET-0dnv | MATHNET-062q | MATHNET-0g0d | MATHNET-09vi,0.8890 | 0.8773 | 0.8715 | 0.8533 | 0.8463 | 0.8455 | 0.8441 | 0.8415 | 0.8394 | 0.8285
MATHNET-081q,MATHNET-0ggv | MATHNET-0h8g | MATHNET-0fhe | MATHNET-0fv2 | MATHNET-0fru | MATHNET-0g57 | MATHNET-0dvk | MATHNET-09c4 | MATHNET-0buy | MATHNET-08kq,0.9457 | 0.8851 | 0.8730 | 0.8506 | 0.8281 | 0.8280 | 0.8251 | 0.8222 | 0.8020 | 0.7995
MATHNET-0839,MATHNET-0fv5 | MATHNET-0fj3 | MATHNET-05ia | MATHNET-0fwn | MATHNET-0fyx | MATHNET-09cc | MATHNET-0efx | MATHNET-0ads | MATHNET-09ti | MATHNET-067b,0.8340 | 0.7967 | 0.7640 | 0.7629 | 0.7604 | 0.7460 | 0.7390 | 0.7312 | 0.7312 | 0.7292
MATHNET-0847,MATHNET-09zj | MATHNET-0khx | MATHNET-0kjw | MATHNET-0alb | MATHNET-02cu | MATHNET-0kn4 | MATHNET-02c0 | MATHNET-0anv | MATHNET-0epr | MATHNET-0amu,0.9737 | 0.9737 | 0.9737 | 0.9250 | 0.8604 | 0.8604 | 0.8604 | 0.8604 | 0.7803 | 0.7585
MATHNET-084e,MATHNET-09qh | MATHNET-062q | MATHNET-0cmk | MATHNET-05tc | MATHNET-0220 | MATHNET-02ya | MATHNET-0g28 | MATHNET-029t | MATHNET-0buy | MATHNET-0fjo,0.8913 | 0.8870 | 0.8789 | 0.8518 | 0.8495 | 0.8395 | 0.8375 | 0.8364 | 0.8231 | 0.8216
MATHNET-084f,MATHNET-0iqa | MATHNET-0kbi | MATHNET-0i4x | MATHNET-0jxx | MATHNET-0ab4 | MATHNET-0iy8 | MATHNET-0afj | MATHNET-02xf | MATHNET-024e | MATHNET-08bm,0.9401 | 0.8715 | 0.8333 | 0.8125 | 0.7941 | 0.7886 | 0.7833 | 0.7683 | 0.7659 | 0.7587
MATHNET-0855,MATHNET-09t7 | MATHNET-095q | MATHNET-0fg1 | MATHNET-05zy | MATHNET-02vo | MATHNET-00lt | MATHNET-05qn | MATHNET-0fxv | MATHNET-023i | MATHNET-05jg,0.9095 | 0.8793 | 0.8624 | 0.8511 | 0.8497 | 0.8463 | 0.8461 | 0.8397 | 0.8360 | 0.8346
MATHNET-085e,MATHNET-0ej1 | MATHNET-02lc | MATHNET-08a3 | MATHNET-0ehs | MATHNET-087w | MATHNET-0ek6 | MATHNET-08bm | MATHNET-0ekm | MATHNET-02kg | MATHNET-0epr,0.9706 | 0.9483 | 0.9184 | 0.8676 | 0.8664 | 0.8554 | 0.8405 | 0.8392 | 0.8339 | 0.8330
MATHNET-085n,MATHNET-0csu | MATHNET-05vy | MATHNET-05jo | MATHNET-05lk | MATHNET-0dmg | MATHNET-0coi | MATHNET-0955 | MATHNET-0fmk | MATHNET-02zm | MATHNET-09sr,0.8752 | 0.8476 | 0.8204 | 0.8192 | 0.8168 | 0.8088 | 0.8054 | 0.7990 | 0.7894 | 0.7889
MATHNET-087s,MATHNET-0fvr | MATHNET-0g1n | MATHNET-02zm | MATHNET-05f6 | MATHNET-0h39 | MATHNET-05vy | MATHNET-0gj4 | MATHNET-0cnh | MATHNET-05m2 | MATHNET-05jo,0.8725 | 0.8432 | 0.8372 | 0.8362 | 0.8269 | 0.8262 | 0.8173 | 0.8128 | 0.8117 | 0.8109
MATHNET-087w,MATHNET-0ehs | MATHNET-0ekm | MATHNET-0ek6 | MATHNET-02lc | MATHNET-0ej1 | MATHNET-085e | MATHNET-02jw | MATHNET-02kg | MATHNET-08a3 | MATHNET-0epr,0.9190 | 0.9138 | 0.9136 | 0.8891 | 0.8848 | 0.8664 | 0.8474 | 0.8391 | 0.8298 | 0.8184
MATHNET-08a3,MATHNET-02lc | MATHNET-085e | MATHNET-0ej1 | MATHNET-0ehs | MATHNET-0ek6 | MATHNET-02kg | MATHNET-0ekm | MATHNET-087w | MATHNET-08bm | MATHNET-0epr,0.9236 | 0.9184 | 0.9088 | 0.8610 | 0.8490 | 0.8316 | 0.8306 | 0.8298 | 0.8212 | 0.8051
MATHNET-08bm,MATHNET-085e | MATHNET-0ej1 | MATHNET-08a3 | MATHNET-02kg | MATHNET-02lc | MATHNET-02jw | MATHNET-08cg | MATHNET-087w | MATHNET-0ehs | MATHNET-0ek6,0.8405 | 0.8299 | 0.8212 | 0.8199 | 0.8180 | 0.7802 | 0.7780 | 0.7728 | 0.7681 | 0.7599
MATHNET-08cg,MATHNET-08a3 | MATHNET-085e | MATHNET-02lc | MATHNET-08bm | MATHNET-0ej1 | MATHNET-02kg | MATHNET-03tp | MATHNET-0ehs | MATHNET-02xf | MATHNET-087w,0.8012 | 0.7889 | 0.7824 | 0.7780 | 0.7722 | 0.7477 | 0.7358 | 0.7358 | 0.7299 | 0.7265
MATHNET-08ek,MATHNET-09sr | MATHNET-05jo | MATHNET-05zn | MATHNET-05m2 | MATHNET-0955 | MATHNET-0dmg | MATHNET-09tk | MATHNET-07yc | MATHNET-05yo | MATHNET-0cr9,0.9089 | 0.8612 | 0.8596 | 0.8576 | 0.8573 | 0.8212 | 0.8204 | 0.8200 | 0.8174 | 0.8152
MATHNET-08ew,MATHNET-06xr | MATHNET-0clu | MATHNET-0dzm | MATHNET-076g | MATHNET-0lgk | MATHNET-00f5 | MATHNET-0gle | MATHNET-0au7 | MATHNET-0h10 | MATHNET-0d0v,0.8285 | 0.8172 | 0.8161 | 0.7569 | 0.7474 | 0.7458 | 0.7347 | 0.7288 | 0.7269 | 0.7243
MATHNET-08gj,MATHNET-023i | MATHNET-02vo | MATHNET-09t7 | MATHNET-05n9 | MATHNET-05zy | MATHNET-05jg | MATHNET-05yo | MATHNET-05lk | MATHNET-0dmc | MATHNET-0855,0.9086 | 0.8732 | 0.8708 | 0.8675 | 0.8587 | 0.8480 | 0.8429 | 0.8398 | 0.8333 | 0.8317
MATHNET-08ic,MATHNET-0041 | MATHNET-049x | MATHNET-0bqa | MATHNET-004m | MATHNET-0c9x | MATHNET-0atn | MATHNET-00cj | MATHNET-04dz | MATHNET-0c4k | MATHNET-008t,1.0000 | 1.0000 | 1.0000 | 1.0000 | 1.0000 | 1.0000 | 1.0000 | 1.0000 | 1.0000 | 1.0000
MATHNET-08id,MATHNET-0djw | MATHNET-0698 | MATHNET-0b09 | MATHNET-0c6i | MATHNET-0f6y | MATHNET-09jj | MATHNET-0c1k | MATHNET-02n9 | MATHNET-009e | MATHNET-0lbg,1.0000 | 1.0000 | 1.0000 | 1.0000 | 1.0000 | 1.0000 | 1.0000 | 0.9737 | 0.9737 | 0.9737
MATHNET-08im,MATHNET-0cey | MATHNET-09jx | MATHNET-0jv5 | MATHNET-017j | MATHNET-0dfz | MATHNET-07l2 | MATHNET-0e5q | MATHNET-0gy1 | MATHNET-0d0r | MATHNET-03w8,0.8045 | 0.7838 | 0.7772 | 0.7599 | 0.7395 | 0.7374 | 0.7358 | 0.7317 | 0.7284 | 0.7232
MATHNET-08io,MATHNET-038o | MATHNET-0cgo | MATHNET-0b7y | MATHNET-0j86 | MATHNET-03us | MATHNET-07n4 | MATHNET-0a95 | MATHNET-0c8t | MATHNET-0f8j | MATHNET-04ra,0.8159 | 0.7984 | 0.7940 | 0.7919 | 0.7686 | 0.7528 | 0.7500 | 0.7479 | 0.7382 | 0.7327
MATHNET-08kn,MATHNET-07mb | MATHNET-049z | MATHNET-0f8b | MATHNET-01bj | MATHNET-0gdx | MATHNET-0500 | MATHNET-0akb | MATHNET-01bf | MATHNET-0759 | MATHNET-0eak,0.8600 | 0.8342 | 0.8001 | 0.7812 | 0.7790 | 0.7771 | 0.7748 | 0.7720 | 0.7672 | 0.7642
MATHNET-08kq,MATHNET-0dvk | MATHNET-05gq | MATHNET-0fru | MATHNET-0hai | MATHNET-05j5 | MATHNET-0ggv | MATHNET-0fv2 | MATHNET-0bui | MATHNET-0jdx | MATHNET-09c4,0.8670 | 0.8497 | 0.8474 | 0.8460 | 0.8288 | 0.8252 | 0.8245 | 0.8210 | 0.8102 | 0.8073
MATHNET-08kv,MATHNET-0ibi | MATHNET-0bn3 | MATHNET-0dts | MATHNET-0hn5 | MATHNET-00md | MATHNET-0bxl | MATHNET-0hog | MATHNET-03di | MATHNET-0h8n | MATHNET-07r9,0.9027 | 0.8583 | 0.8391 | 0.8378 | 0.8355 | 0.8296 | 0.8284 | 0.8153 | 0.8124 | 0.8075
MATHNET-08l3,MATHNET-00nu | MATHNET-09iq | MATHNET-0gp4 | MATHNET-0gyd | MATHNET-06ct | MATHNET-0aus | MATHNET-0cz9 | MATHNET-0bot | MATHNET-0jx0 | MATHNET-0biz,0.8213 | 0.8195 | 0.8073 | 0.8072 | 0.8016 | 0.7974 | 0.7961 | 0.7911 | 0.7872 | 0.7841
MATHNET-08m2,MATHNET-051m | MATHNET-03xn | MATHNET-05uf | MATHNET-0cwk | MATHNET-0jxw | MATHNET-0lfz | MATHNET-0cu5 | MATHNET-010r | MATHNET-06ts | MATHNET-01b7,0.8247 | 0.7611 | 0.7554 | 0.7549 | 0.7428 | 0.7201 | 0.7178 | 0.7105 | 0.7086 | 0.7049
MATHNET-08n2,MATHNET-0etj | MATHNET-03w7 | MATHNET-0aj5 | MATHNET-0dpx | MATHNET-0cc6 | MATHNET-09z8 | MATHNET-0dyh | MATHNET-0925 | MATHNET-0dil | MATHNET-076g,0.8912 | 0.8308 | 0.8250 | 0.8070 | 0.8041 | 0.8021 | 0.7891 | 0.7743 | 0.7428 | 0.7408
MATHNET-08nc,MATHNET-06fc | MATHNET-07gp | MATHNET-0d92 | MATHNET-0ksl | MATHNET-0i9p | MATHNET-0jxp | MATHNET-00nm | MATHNET-0le8 | MATHNET-0b84 | MATHNET-041i,0.8723 | 0.8543 | 0.7924 | 0.7914 | 0.7869 | 0.7838 | 0.7743 | 0.7523 | 0.7489 | 0.7434
MATHNET-08o1,MATHNET-06nq | MATHNET-0dil | MATHNET-0dyh | MATHNET-0925 | MATHNET-0a9f | MATHNET-0dpx | MATHNET-06h1 | MATHNET-00k4 | MATHNET-0cnn | MATHNET-0avj,0.9072 | 0.8897 | 0.8803 | 0.8742 | 0.8575 | 0.8447 | 0.8283 | 0.8177 | 0.8125 | 0.8070
MATHNET-08of,MATHNET-0c8t | MATHNET-07n4 | MATHNET-0a95 | MATHNET-00g4 | MATHNET-0b7y | MATHNET-00l0 | MATHNET-00yo | MATHNET-0kto | MATHNET-0drf | MATHNET-037b,0.7486 | 0.7482 | 0.7359 | 0.7297 | 0.7043 | 0.6908 | 0.6908 | 0.6894 | 0.6885 | 0.6883
MATHNET-08pg,MATHNET-0bx8 | MATHNET-0jnd | MATHNET-01n3 | MATHNET-0j3m | MATHNET-01bf | MATHNET-0h1p | MATHNET-02eg | MATHNET-0a2l | MATHNET-0752 | MATHNET-01qs,0.8435 | 0.8289 | 0.8100 | 0.8032 | 0.7951 | 0.7911 | 0.7863 | 0.7803 | 0.7792 | 0.7705
MATHNET-08pi,MATHNET-077h | MATHNET-03n8 | MATHNET-0387 | MATHNET-06rf | MATHNET-0jgz | MATHNET-03e9 | MATHNET-0c66 | MATHNET-0932 | MATHNET-01u2 | MATHNET-0bth,0.8374 | 0.8339 | 0.8242 | 0.8238 | 0.8148 | 0.8128 | 0.8121 | 0.8119 | 0.8113 | 0.8045
MATHNET-08pm,MATHNET-0cg1 | MATHNET-01f7 | MATHNET-0ai8 | MATHNET-0ggp | MATHNET-00et | MATHNET-03wz | MATHNET-0gqz | MATHNET-00ul | MATHNET-06do | MATHNET-072g,0.8165 | 0.7851 | 0.7811 | 0.7803 | 0.7665 | 0.7636 | 0.7631 | 0.7628 | 0.7585 | 0.7554
MATHNET-08py,MATHNET-04k6 | MATHNET-0bfx | MATHNET-0dtj | MATHNET-03w8 | MATHNET-0e2b | MATHNET-039y | MATHNET-0hak | MATHNET-06ak | MATHNET-08im | MATHNET-017j,0.7743 | 0.7631 | 0.7497 | 0.7197 | 0.7146 | 0.7056 | 0.7043 | 0.6971 | 0.6870 | 0.6803
MATHNET-08q8,MATHNET-0lfz | MATHNET-07l8 | MATHNET-0dq2 | MATHNET-01b7 | MATHNET-08tg | MATHNET-0cy2 | MATHNET-06ts | MATHNET-00up | MATHNET-04iz | MATHNET-04t3,0.7686 | 0.7668 | 0.7657 | 0.7548 | 0.7507 | 0.7396 | 0.7309 | 0.7163 | 0.7089 | 0.7036
MATHNET-08rj,MATHNET-0kd5 | MATHNET-01u9 | MATHNET-0dyz | MATHNET-021o | MATHNET-0652 | MATHNET-0a7r | MATHNET-0adi | MATHNET-03bq | MATHNET-0bmd | MATHNET-03x3,0.8711 | 0.8168 | 0.7962 | 0.7844 | 0.7818 | 0.7776 | 0.7671 | 0.7619 | 0.7592 | 0.7537
MATHNET-08tg,MATHNET-0le8 | MATHNET-0hax | MATHNET-08q8 | MATHNET-07l8 | MATHNET-07gp | MATHNET-08nc | MATHNET-06fc | MATHNET-0dri | MATHNET-01b7 | MATHNET-0cy2,0.8053 | 0.7940 | 0.7507 | 0.7231 | 0.7209 | 0.7199 | 0.7029 | 0.7009 | 0.6996 | 0.6953
MATHNET-08wo,MATHNET-0b2x | MATHNET-0d9u | MATHNET-0hs4 | MATHNET-01dv | MATHNET-07x2 | MATHNET-02eg | MATHNET-09xc | MATHNET-0jnd | MATHNET-0iat | MATHNET-0ai8,0.8625 | 0.8335 | 0.8132 | 0.8030 | 0.7908 | 0.7900 | 0.7855 | 0.7752 | 0.7717 | 0.7648
MATHNET-08x7,MATHNET-0ia7 | MATHNET-0kqz | MATHNET-0em4 | MATHNET-0j2y | MATHNET-0jht | MATHNET-0b1j | MATHNET-0kq5 | MATHNET-0apw | MATHNET-0axv | MATHNET-0aw2,0.8971 | 0.8942 | 0.8777 | 0.8510 | 0.8499 | 0.8332 | 0.8148 | 0.7903 | 0.7857 | 0.7615
MATHNET-08y2,MATHNET-0dps | MATHNET-0inh | MATHNET-03e9 | MATHNET-0c66 | MATHNET-01u2 | MATHNET-00rl | MATHNET-07gw | MATHNET-00ny | MATHNET-0jgz | MATHNET-0212,0.8479 | 0.8276 | 0.8258 | 0.8231 | 0.8214 | 0.8154 | 0.8146 | 0.8085 | 0.8066 | 0.8064
MATHNET-08y6,MATHNET-0est | MATHNET-0inz | MATHNET-058t | MATHNET-0ena | MATHNET-03f4 | MATHNET-04a8 | MATHNET-03di | MATHNET-0bmx | MATHNET-0d5z | MATHNET-00md,0.8980 | 0.8918 | 0.8434 | 0.8337 | 0.8218 | 0.8206 | 0.8161 | 0.8144 | 0.8134 | 0.8116
MATHNET-08yd,MATHNET-0jh7 | MATHNET-0kf4 | MATHNET-0h2a | MATHNET-007d | MATHNET-032t | MATHNET-0drf | MATHNET-037b | MATHNET-0kw5 | MATHNET-00ok | MATHNET-0e06,0.8390 | 0.8117 | 0.7980 | 0.7961 | 0.7939 | 0.7894 | 0.7891 | 0.7797 | 0.7515 | 0.7461
MATHNET-08yo,MATHNET-0d7c | MATHNET-0d6e | MATHNET-04aq | MATHNET-0jcv | MATHNET-0jt8 | MATHNET-03vm | MATHNET-0cjq | MATHNET-04a3 | MATHNET-0cwp | MATHNET-05tl,0.6794 | 0.6728 | 0.6721 | 0.6673 | 0.6523 | 0.6477 | 0.6384 | 0.6249 | 0.6241 | 0.6232
MATHNET-08zz,MATHNET-06si | MATHNET-06op | MATHNET-03qq | MATHNET-090z | MATHNET-00h0 | MATHNET-05e9 | MATHNET-06y2 | MATHNET-077k | MATHNET-0784 | MATHNET-06ke,0.9612 | 0.9502 | 0.9280 | 0.9084 | 0.8874 | 0.8788 | 0.8753 | 0.8642 | 0.8563 | 0.8548
MATHNET-0901,MATHNET-07l8 | MATHNET-01b7 | MATHNET-00up | MATHNET-03n2 | MATHNET-0cy2 | MATHNET-0dri | MATHNET-01ii | MATHNET-08q8 | MATHNET-08tg | MATHNET-04t3,0.8050 | 0.7611 | 0.7568 | 0.7493 | 0.7220 | 0.7190 | 0.7177 | 0.7020 | 0.6948 | 0.6871
MATHNET-0906,MATHNET-0glc | MATHNET-0kfw | MATHNET-05dk | MATHNET-0akr | MATHNET-0455 | MATHNET-0217 | MATHNET-06pl | MATHNET-04t3 | MATHNET-04u6 | MATHNET-0bow,0.9171 | 0.9091 | 0.8835 | 0.8540 | 0.8041 | 0.8039 | 0.7848 | 0.7548 | 0.7188 | 0.7159
MATHNET-090m,MATHNET-0bzc | MATHNET-06ke | MATHNET-0784 | MATHNET-06xj | MATHNET-0i9x | MATHNET-077p | MATHNET-0inh | MATHNET-06tf | MATHNET-00hy | MATHNET-077k,0.9218 | 0.9067 | 0.8994 | 0.8978 | 0.8910 | 0.8901 | 0.8806 | 0.8475 | 0.8467 | 0.8442
MATHNET-090w,MATHNET-0fvr | MATHNET-05qv | MATHNET-05k2 | MATHNET-0gj4 | MATHNET-0bgs | MATHNET-0g60 | MATHNET-0gbv | MATHNET-0fhq | MATHNET-0cmp | MATHNET-05f6,0.9004 | 0.8844 | 0.8596 | 0.8539 | 0.8485 | 0.8477 | 0.8440 | 0.8414 | 0.8313 | 0.8313
MATHNET-090z,MATHNET-06op | MATHNET-06y2 | MATHNET-06si | MATHNET-08zz | MATHNET-05e9 | MATHNET-077k | MATHNET-03ln | MATHNET-03qq | MATHNET-00h0 | MATHNET-06ke,0.9260 | 0.9150 | 0.9115 | 0.9084 | 0.9059 | 0.8908 | 0.8884 | 0.8776 | 0.8748 | 0.8546
MATHNET-0925,MATHNET-0dil | MATHNET-0dyh | MATHNET-03w7 | MATHNET-0dpx | MATHNET-08o1 | MATHNET-00k4 | MATHNET-06nq | MATHNET-0cc6 | MATHNET-06h1 | MATHNET-0hdo,0.9437 | 0.9328 | 0.8810 | 0.8778 | 0.8742 | 0.8442 | 0.8325 | 0.8205 | 0.8144 | 0.8015
MATHNET-092p,MATHNET-0930 | MATHNET-0c1d | MATHNET-0iat | MATHNET-072s | MATHNET-020b | MATHNET-09xk | MATHNET-09xc | MATHNET-08wo | MATHNET-0b2x | MATHNET-0d9u,0.8222 | 0.8072 | 0.7942 | 0.7660 | 0.7630 | 0.7540 | 0.7428 | 0.7407 | 0.7380 | 0.7348
MATHNET-0930,MATHNET-020b | MATHNET-0c1d | MATHNET-092p | MATHNET-0b2x | MATHNET-09xc | MATHNET-09xk | MATHNET-072s | MATHNET-09mt | MATHNET-0iat | MATHNET-08wo,0.8456 | 0.8260 | 0.8222 | 0.7728 | 0.7707 | 0.7679 | 0.7671 | 0.7648 | 0.7636 | 0.7579
MATHNET-0932,MATHNET-05d6 | MATHNET-01u2 | MATHNET-06rf | MATHNET-0387 | MATHNET-0c66 | MATHNET-00h0 | MATHNET-03e9 | MATHNET-0eu5 | MATHNET-08pi | MATHNET-00hy,0.8715 | 0.8685 | 0.8520 | 0.8351 | 0.8312 | 0.8279 | 0.8276 | 0.8150 | 0.8119 | 0.8114
MATHNET-0955,MATHNET-05lk | MATHNET-08ek | MATHNET-09sr | MATHNET-023i | MATHNET-0csu | MATHNET-05ys | MATHNET-08gj | MATHNET-05zn | MATHNET-05n9 | MATHNET-05m2,0.8669 | 0.8573 | 0.8432 | 0.8243 | 0.8237 | 0.8182 | 0.8177 | 0.8170 | 0.8127 | 0.8094
MATHNET-095q,MATHNET-05zy | MATHNET-0g1b | MATHNET-0855 | MATHNET-02vo | MATHNET-09t7 | MATHNET-023i | MATHNET-0fxv | MATHNET-0fg1 | MATHNET-05qn | MATHNET-0dmc,0.9025 | 0.8990 | 0.8793 | 0.8777 | 0.8714 | 0.8586 | 0.8509 | 0.8413 | 0.8368 | 0.8349
MATHNET-099l,MATHNET-04aq | MATHNET-01bj | MATHNET-0cwp | MATHNET-02h7 | MATHNET-0gdx | MATHNET-0759 | MATHNET-03nf | MATHNET-00ac | MATHNET-03vm | MATHNET-0ijk,0.7801 | 0.7662 | 0.7628 | 0.7579 | 0.7467 | 0.7434 | 0.7307 | 0.7273 | 0.7231 | 0.7136
MATHNET-09ad,MATHNET-0j6t | MATHNET-07nh | MATHNET-01ug | MATHNET-09vr | MATHNET-0bd7 | MATHNET-0bo4 | MATHNET-00fc | MATHNET-0akk | MATHNET-00ok | MATHNET-0ck8,0.8167 | 0.8010 | 0.7872 | 0.7774 | 0.7738 | 0.7572 | 0.7556 | 0.7491 | 0.7484 | 0.7464
MATHNET-09af,MATHNET-0aj5 | MATHNET-09z8 | MATHNET-0ij0 | MATHNET-01db | MATHNET-03xa | MATHNET-05ai | MATHNET-03w7 | MATHNET-0law | MATHNET-01uc | MATHNET-01el,0.8203 | 0.8154 | 0.7987 | 0.7785 | 0.7699 | 0.7591 | 0.7376 | 0.7365 | 0.7340 | 0.7330
MATHNET-09c4,MATHNET-0fru | MATHNET-05gq | MATHNET-0dvk | MATHNET-0gbv | MATHNET-0cmw | MATHNET-090w | MATHNET-0ggv | MATHNET-0h8g | MATHNET-0fhe | MATHNET-081q,0.8684 | 0.8618 | 0.8618 | 0.8549 | 0.8414 | 0.8295 | 0.8247 | 0.8241 | 0.8226 | 0.8222
MATHNET-09cc,MATHNET-05ia | MATHNET-01os | MATHNET-0fyx | MATHNET-0fj3 | MATHNET-0ads | MATHNET-0bml | MATHNET-067b | MATHNET-0fk5 | MATHNET-0apq | MATHNET-028y,0.9302 | 0.9108 | 0.8442 | 0.8376 | 0.8373 | 0.8344 | 0.8304 | 0.8218 | 0.8178 | 0.8151
MATHNET-09do,MATHNET-0fre | MATHNET-0buy | MATHNET-022e | MATHNET-0fru | MATHNET-0dvk | MATHNET-0fjo | MATHNET-0cmk | MATHNET-05tc | MATHNET-0egg | MATHNET-0hai,0.8870 | 0.8530 | 0.8518 | 0.8352 | 0.8277 | 0.8243 | 0.8216 | 0.8214 | 0.8194 | 0.8162
MATHNET-09et,MATHNET-0hsp | MATHNET-0et0 | MATHNET-0ed9 | MATHNET-07nk | MATHNET-06vc | MATHNET-0cu8 | MATHNET-0clz | MATHNET-0lco | MATHNET-04xs | MATHNET-017x,0.8296 | 0.8167 | 0.7583 | 0.7413 | 0.7217 | 0.7203 | 0.7111 | 0.7098 | 0.7093 | 0.7007
MATHNET-09hc,MATHNET-07k2 | MATHNET-075n | MATHNET-09xk | MATHNET-0dst | MATHNET-09mt | MATHNET-03wz | MATHNET-08wo | MATHNET-072g | MATHNET-02eg | MATHNET-076c,0.8313 | 0.7520 | 0.7516 | 0.7474 | 0.7429 | 0.7353 | 0.7315 | 0.7260 | 0.7245 | 0.7216
MATHNET-09hf,MATHNET-0hog | MATHNET-0bn3 | MATHNET-0dts | MATHNET-064u | MATHNET-09iq | MATHNET-0ibi | MATHNET-03di | MATHNET-007a | MATHNET-08kv | MATHNET-0aus,0.8810 | 0.8420 | 0.8373 | 0.8233 | 0.8201 | 0.8162 | 0.8161 | 0.8125 | 0.8011 | 0.7984
MATHNET-09hn,MATHNET-0l80 | MATHNET-0f7p | MATHNET-0bq4 | MATHNET-08ic | MATHNET-0atn | MATHNET-04dz | MATHNET-0bqa | MATHNET-0c4k | MATHNET-0041 | MATHNET-004m,1.0000 | 1.0000 | 1.0000 | 0.9867 | 0.9867 | 0.9867 | 0.9867 | 0.9867 | 0.9867 | 0.9867
MATHNET-09ho,MATHNET-0eug | MATHNET-0f9k | MATHNET-0hs2 | MATHNET-0dau | MATHNET-0d7d | MATHNET-0djq | MATHNET-0jxp | MATHNET-06fe | MATHNET-0hgo | MATHNET-0ihr,0.8116 | 0.7715 | 0.7301 | 0.7274 | 0.7146 | 0.7144 | 0.7143 | 0.7005 | 0.6997 | 0.6991
MATHNET-09i8,MATHNET-0cx2 | MATHNET-0amu | MATHNET-0kqf | MATHNET-04bo | MATHNET-0e8i | MATHNET-0e84 | MATHNET-0eao | MATHNET-09wj | MATHNET-0axe | MATHNET-0jpj,1.0000 | 0.9867 | 0.9867 | 0.9737 | 0.9367 | 0.9367 | 0.9367 | 0.8298 | 0.8089 | 0.8070
MATHNET-09iq,MATHNET-0gyd | MATHNET-0cz9 | MATHNET-0hxe | MATHNET-06ct | MATHNET-00nu | MATHNET-0hog | MATHNET-0gp4 | MATHNET-09hf | MATHNET-08l3 | MATHNET-064u,0.8774 | 0.8690 | 0.8343 | 0.8333 | 0.8284 | 0.8254 | 0.8204 | 0.8201 | 0.8195 | 0.7902
MATHNET-09jj,MATHNET-0c6i | MATHNET-0c1k | MATHNET-0b09 | MATHNET-08id | MATHNET-0djw | MATHNET-0698 | MATHNET-0f6y | MATHNET-01p2 | MATHNET-000s | MATHNET-0lbg,1.0000 | 1.0000 | 1.0000 | 1.0000 | 1.0000 | 1.0000 | 1.0000 | 0.9737 | 0.9737 | 0.9737
MATHNET-09jr,MATHNET-0dgx | MATHNET-09k0 | MATHNET-0gg9 | MATHNET-0fg6 | MATHNET-01t8 | MATHNET-0f03 | MATHNET-0dgr | MATHNET-0cie | MATHNET-09ka | MATHNET-0c9v,1.0000 | 1.0000 | 1.0000 | 1.0000 | 1.0000 | 1.0000 | 1.0000 | 1.0000 | 1.0000 | 1.0000
MATHNET-09jx,MATHNET-07l2 | MATHNET-08im | MATHNET-0cey | MATHNET-0ag8 | MATHNET-0e5q | MATHNET-0jv5 | MATHNET-04p0 | MATHNET-0103 | MATHNET-0fad | MATHNET-0dfz,0.8332 | 0.7838 | 0.7806 | 0.7463 | 0.7449 | 0.7379 | 0.7366 | 0.7250 | 0.7203 | 0.7106
MATHNET-09k0,MATHNET-0fg6 | MATHNET-01nc | MATHNET-09ka | MATHNET-0cie | MATHNET-0gg9 | MATHNET-01t8 | MATHNET-0c9v | MATHNET-0f1q | MATHNET-09jr | MATHNET-0c1x,1.0000 | 1.0000 | 1.0000 | 1.0000 | 1.0000 | 1.0000 | 1.0000 | 1.0000 | 1.0000 | 1.0000
MATHNET-09ka,MATHNET-0fg6 | MATHNET-01nc | MATHNET-0f03 | MATHNET-09k0 | MATHNET-0gg9 | MATHNET-04uw | MATHNET-0c9v | MATHNET-01t8 | MATHNET-0cie | MATHNET-0eyx,1.0000 | 1.0000 | 1.0000 | 1.0000 | 1.0000 | 1.0000 | 1.0000 | 1.0000 | 1.0000 | 1.0000
MATHNET-09m6,MATHNET-0ck8 | MATHNET-01ug | MATHNET-07nh | MATHNET-0akk | MATHNET-0clz | MATHNET-00ok | MATHNET-0lco | MATHNET-0kf4 | MATHNET-0j6t | MATHNET-09ad,0.8310 | 0.7883 | 0.7758 | 0.7415 | 0.7346 | 0.7102 | 0.7101 | 0.7033 | 0.6920 | 0.6915
MATHNET-09mt,MATHNET-020b | MATHNET-0930 | MATHNET-0acz | MATHNET-09hc | MATHNET-0cg1 | MATHNET-072s | MATHNET-0c1d | MATHNET-06do | MATHNET-0ggp | MATHNET-03wz,0.7703 | 0.7648 | 0.7504 | 0.7429 | 0.7347 | 0.7340 | 0.7312 | 0.7228 | 0.7223 | 0.7134
MATHNET-09pd,MATHNET-0b2w | MATHNET-01rg | MATHNET-0bxl | MATHNET-0bq8 | MATHNET-0d6i | MATHNET-0ibi | MATHNET-0bmd | MATHNET-0a7r | MATHNET-0adi | MATHNET-023c,0.8492 | 0.8179 | 0.8144 | 0.8142 | 0.8123 | 0.8051 | 0.8031 | 0.7981 | 0.7969 | 0.7938
MATHNET-09pt,MATHNET-0f27 | MATHNET-0f2k | MATHNET-002s | MATHNET-03b4 | MATHNET-0cih | MATHNET-0gfz | MATHNET-0044 | MATHNET-0dgr | MATHNET-0f03 | MATHNET-0eyx,1.0000 | 1.0000 | 0.9487 | 0.9487 | 0.9487 | 0.9136 | 0.9098 | 0.9024 | 0.9024 | 0.9024
MATHNET-09q7,MATHNET-09vi | MATHNET-0fjo | MATHNET-05g5 | MATHNET-0g0d | MATHNET-0cr9 | MATHNET-05m2 | MATHNET-05zn | MATHNET-0g28 | MATHNET-07yc | MATHNET-081p,0.9493 | 0.8780 | 0.8754 | 0.8709 | 0.8688 | 0.8560 | 0.8548 | 0.8543 | 0.8482 | 0.8455
MATHNET-09qh,MATHNET-084e | MATHNET-0fvm | MATHNET-0cmk | MATHNET-0220 | MATHNET-02ya | MATHNET-062q | MATHNET-05tc | MATHNET-0g0v | MATHNET-0g28 | MATHNET-01l1,0.8913 | 0.8405 | 0.8404 | 0.8376 | 0.8341 | 0.8261 | 0.8256 | 0.8075 | 0.7969 | 0.7965
MATHNET-09r1,MATHNET-06zj | MATHNET-0bm7 | MATHNET-0fmk | MATHNET-05qu | MATHNET-0efx | MATHNET-0cnh | MATHNET-085n | MATHNET-0fv5 | MATHNET-05vy | MATHNET-023t,0.8037 | 0.7720 | 0.7630 | 0.7587 | 0.7491 | 0.7428 | 0.7354 | 0.7274 | 0.7252 | 0.7162
MATHNET-09rl,MATHNET-0gan | MATHNET-0fx2 | MATHNET-0doe | MATHNET-0g28 | MATHNET-0fjo | MATHNET-02lp | MATHNET-0h3f | MATHNET-0buy | MATHNET-029t | MATHNET-0fre,0.8563 | 0.8459 | 0.8382 | 0.8329 | 0.8233 | 0.8178 | 0.8139 | 0.8124 | 0.8095 | 0.8024
MATHNET-09sr,MATHNET-08ek | MATHNET-05jo | MATHNET-05zn | MATHNET-05m2 | MATHNET-05jg | MATHNET-0955 | MATHNET-05yo | MATHNET-05z2 | MATHNET-0dmc | MATHNET-05lk,0.9089 | 0.8838 | 0.8503 | 0.8492 | 0.8462 | 0.8432 | 0.8428 | 0.8390 | 0.8360 | 0.8322
MATHNET-09t7,MATHNET-0855 | MATHNET-023i | MATHNET-095q | MATHNET-08gj | MATHNET-05zy | MATHNET-0fnb | MATHNET-05jg | MATHNET-0dmc | MATHNET-00lt | MATHNET-05yo,0.9095 | 0.8848 | 0.8714 | 0.8708 | 0.8706 | 0.8613 | 0.8578 | 0.8569 | 0.8561 | 0.8550
MATHNET-09ti,MATHNET-0cvb | MATHNET-09qh | MATHNET-0cmp | MATHNET-0fvm | MATHNET-0839 | MATHNET-0fwn | MATHNET-0fv5 | MATHNET-0cnh | MATHNET-01l1 | MATHNET-062m,0.7842 | 0.7511 | 0.7417 | 0.7350 | 0.7312 | 0.7174 | 0.7101 | 0.7015 | 0.6996 | 0.6989
MATHNET-09tk,MATHNET-0g3p | MATHNET-064l | MATHNET-0fdi | MATHNET-05yo | MATHNET-0dmc | MATHNET-07yc | MATHNET-05g5 | MATHNET-0fxv | MATHNET-0cr9 | MATHNET-060t,0.9687 | 0.9428 | 0.9345 | 0.9096 | 0.8911 | 0.8887 | 0.8754 | 0.8743 | 0.8709 | 0.8689
MATHNET-09u9,MATHNET-04st | MATHNET-0ar9 | MATHNET-0490 | MATHNET-0lad | MATHNET-04ch | MATHNET-0au5 | MATHNET-0a32 | MATHNET-0gm2 | MATHNET-0br0 | MATHNET-0anq,1.0000 | 1.0000 | 1.0000 | 1.0000 | 1.0000 | 1.0000 | 1.0000 | 1.0000 | 1.0000 | 1.0000
MATHNET-09vi,MATHNET-09q7 | MATHNET-0fjo | MATHNET-0g28 | MATHNET-05m2 | MATHNET-05tc | MATHNET-05zn | MATHNET-0g0d | MATHNET-0h3f | MATHNET-0cr9 | MATHNET-05g5,0.9493 | 0.8902 | 0.8620 | 0.8605 | 0.8585 | 0.8584 | 0.8539 | 0.8521 | 0.8423 | 0.8417
MATHNET-09vr,MATHNET-0bo4 | MATHNET-09ad | MATHNET-071o | MATHNET-07du | MATHNET-07cj | MATHNET-0e06 | MATHNET-074g | MATHNET-03bp | MATHNET-07n6 | MATHNET-0kw5,0.8300 | 0.7774 | 0.7735 | 0.7547 | 0.7529 | 0.7516 | 0.7408 | 0.7401 | 0.7330 | 0.7311
MATHNET-09wj,MATHNET-0jpj | MATHNET-0amu | MATHNET-0kqf | MATHNET-0iy8 | MATHNET-09i8 | MATHNET-0cx2 | MATHNET-04bo | MATHNET-0apd | MATHNET-0axe | MATHNET-0eao,0.8863 | 0.8352 | 0.8352 | 0.8310 | 0.8298 | 0.8298 | 0.8181 | 0.8121 | 0.8103 | 0.7991
MATHNET-09xc,MATHNET-0d9u | MATHNET-07x2 | MATHNET-04qz | MATHNET-09xk | MATHNET-0jog | MATHNET-00vm | MATHNET-0hs4 | MATHNET-00rl | MATHNET-0iat | MATHNET-01zv,0.8505 | 0.8488 | 0.8239 | 0.8208 | 0.8048 | 0.8030 | 0.8018 | 0.7936 | 0.7910 | 0.7902
MATHNET-09xk,MATHNET-09xc | MATHNET-07x2 | MATHNET-0dst | MATHNET-04qz | MATHNET-07c0 | MATHNET-01b9 | MATHNET-00rl | MATHNET-0c1d | MATHNET-0iat | MATHNET-0930,0.8208 | 0.8121 | 0.7967 | 0.7912 | 0.7854 | 0.7761 | 0.7744 | 0.7708 | 0.7707 | 0.7679
MATHNET-09z8,MATHNET-0aj5 | MATHNET-03w7 | MATHNET-0ij0 | MATHNET-09af | MATHNET-0cc6 | MATHNET-08n2 | MATHNET-00k4 | MATHNET-01el | MATHNET-0law | MATHNET-0925,0.9131 | 0.8590 | 0.8349 | 0.8154 | 0.8116 | 0.8021 | 0.7848 | 0.7784 | 0.7775 | 0.7758
MATHNET-09zj,MATHNET-0khx | MATHNET-0847 | MATHNET-0kjw | MATHNET-0alb | MATHNET-0anv | MATHNET-0kn4 | MATHNET-02cu | MATHNET-02c0 | MATHNET-0epr | MATHNET-0amu,1.0000 | 0.9737 | 0.9487 | 0.9024 | 0.8409 | 0.8409 | 0.8409 | 0.8409 | 0.7781 | 0.7540
MATHNET-0a2l,MATHNET-0jtz | MATHNET-00ac | MATHNET-07mb | MATHNET-0akb | MATHNET-06dp | MATHNET-04aq | MATHNET-08pg | MATHNET-02eg | MATHNET-0ijk | MATHNET-02h7,0.8141 | 0.8039 | 0.7976 | 0.7972 | 0.7897 | 0.7811 | 0.7803 | 0.7784 | 0.7677 | 0.7665
MATHNET-0a32,MATHNET-04st | MATHNET-0ar9 | MATHNET-0490 | MATHNET-0lad | MATHNET-0br0 | MATHNET-04ch | MATHNET-0au5 | MATHNET-0gm2 | MATHNET-000t | MATHNET-0anq,1.0000 | 1.0000 | 1.0000 | 1.0000 | 1.0000 | 1.0000 | 1.0000 | 1.0000 | 1.0000 | 1.0000
MATHNET-0a4k,MATHNET-00mi | MATHNET-0gn8 | MATHNET-0hhz | MATHNET-0ibu | MATHNET-0krr | MATHNET-0528 | MATHNET-0b1m | MATHNET-0jzx | MATHNET-06mm | MATHNET-0l0n,0.9041 | 0.8740 | 0.8729 | 0.8621 | 0.8556 | 0.8492 | 0.8288 | 0.8285 | 0.8276 | 0.8260
MATHNET-0a4r,MATHNET-0752 | MATHNET-0jnd | MATHNET-0h1p | MATHNET-08pg | MATHNET-0ldf | MATHNET-01u3 | MATHNET-01n3 | MATHNET-07dr | MATHNET-0hs4 | MATHNET-0759,0.7945 | 0.7847 | 0.7772 | 0.7590 | 0.7430 | 0.7417 | 0.7396 | 0.7380 | 0.7359 | 0.7262
MATHNET-0a4y,MATHNET-0aw2 | MATHNET-0apw | MATHNET-0jht | MATHNET-0kq5 | MATHNET-0em4 | MATHNET-08x7 | MATHNET-0ia7 | MATHNET-0b1j | MATHNET-0ecu | MATHNET-0j2y,0.7566 | 0.7498 | 0.7072 | 0.6891 | 0.6871 | 0.6845 | 0.6811 | 0.6808 | 0.6783 | 0.6769
MATHNET-0a53,MATHNET-00by | MATHNET-0a9f | MATHNET-0d1o | MATHNET-04e7 | MATHNET-0avj | MATHNET-06x6 | MATHNET-06nq | MATHNET-08o1 | MATHNET-0k4h | MATHNET-0au7,0.8166 | 0.8137 | 0.8105 | 0.8043 | 0.7920 | 0.7902 | 0.7881 | 0.7846 | 0.7845 | 0.7732
MATHNET-0a5l,MATHNET-03bq | MATHNET-0ena | MATHNET-03f4 | MATHNET-058t | MATHNET-04a8 | MATHNET-0bmx | MATHNET-0d5z | MATHNET-08y6 | MATHNET-03bc | MATHNET-0est,0.8412 | 0.8407 | 0.8228 | 0.8214 | 0.8162 | 0.8146 | 0.8067 | 0.8038 | 0.8034 | 0.8017
MATHNET-0a6c,MATHNET-0710 | MATHNET-00ny | MATHNET-056b | MATHNET-08pi | MATHNET-0ax4 | MATHNET-0212 | MATHNET-03e9 | MATHNET-0bth | MATHNET-04ru | MATHNET-0lf7,0.8479 | 0.8102 | 0.7976 | 0.7946 | 0.7940 | 0.7835 | 0.7754 | 0.7690 | 0.7689 | 0.7651
MATHNET-0a7h,MATHNET-0eak | MATHNET-06i3 | MATHNET-0lbc | MATHNET-0e73 | MATHNET-0500 | MATHNET-072g | MATHNET-00va | MATHNET-06dp | MATHNET-017j | MATHNET-0gqz,0.7941 | 0.7573 | 0.7414 | 0.7402 | 0.7359 | 0.7341 | 0.7336 | 0.7333 | 0.7300 | 0.7235
MATHNET-0a7l,MATHNET-0dk0 | MATHNET-0l8o | MATHNET-0aho | MATHNET-0kfj | MATHNET-03bq | MATHNET-01u9 | MATHNET-0k65 | MATHNET-01uc | MATHNET-0bnh | MATHNET-03bc,0.8217 | 0.8181 | 0.8044 | 0.7983 | 0.7972 | 0.7925 | 0.7870 | 0.7849 | 0.7692 | 0.7632
MATHNET-0a7r,MATHNET-03x3 | MATHNET-023c | MATHNET-0kd5 | MATHNET-01rg | MATHNET-0d6i | MATHNET-0adi | MATHNET-09pd | MATHNET-0bmd | MATHNET-0jp5 | MATHNET-08rj,0.8374 | 0.8283 | 0.8158 | 0.8153 | 0.8087 | 0.7988 | 0.7981 | 0.7911 | 0.7779 | 0.7776
MATHNET-0a95,MATHNET-00ug | MATHNET-032t | MATHNET-07n4 | MATHNET-037b | MATHNET-03us | MATHNET-038o | MATHNET-078n | MATHNET-007d | MATHNET-0htx | MATHNET-0h2a,0.8436 | 0.8236 | 0.8132 | 0.7934 | 0.7927 | 0.7763 | 0.7741 | 0.7719 | 0.7693 | 0.7570
MATHNET-0a9f,MATHNET-0avj | MATHNET-06h1 | MATHNET-08o1 | MATHNET-0j4z | MATHNET-00by | MATHNET-06nq | MATHNET-065e | MATHNET-0agx | MATHNET-0bq8 | MATHNET-0bwb,0.8697 | 0.8637 | 0.8575 | 0.8439 | 0.8385 | 0.8379 | 0.8307 | 0.8289 | 0.8209 | 0.8151
MATHNET-0aae,MATHNET-06nl | MATHNET-017c | MATHNET-06i3 | MATHNET-0d0r | MATHNET-0bx8 | MATHNET-0jye | MATHNET-01kt | MATHNET-0j3m | MATHNET-02gm | MATHNET-0i5w,0.8813 | 0.7827 | 0.7771 | 0.7717 | 0.7637 | 0.7607 | 0.7577 | 0.7547 | 0.7545 | 0.7522
MATHNET-0ab4,MATHNET-0jxx | MATHNET-0iy8 | MATHNET-0axe | MATHNET-0apd | MATHNET-0gii | MATHNET-0i4x | MATHNET-0jpj | MATHNET-0iqa | MATHNET-084f | MATHNET-09wj,0.9590 | 0.8794 | 0.8452 | 0.8387 | 0.8364 | 0.8124 | 0.8115 | 0.7949 | 0.7941 | 0.7814
MATHNET-0acd,MATHNET-0hz2 | MATHNET-06mm | MATHNET-0ka4 | MATHNET-0k97 | MATHNET-0ko4 | MATHNET-0jqw | MATHNET-0j8y | MATHNET-0joq | MATHNET-07r9 | MATHNET-0jzx,0.9037 | 0.8896 | 0.8847 | 0.8752 | 0.8690 | 0.8591 | 0.8528 | 0.8476 | 0.8451 | 0.8435
MATHNET-0acz,MATHNET-03wz | MATHNET-0cg1 | MATHNET-09mt | MATHNET-072g | MATHNET-00et | MATHNET-07rd | MATHNET-0gqz | MATHNET-0e73 | MATHNET-08pm | MATHNET-0lbc,0.7746 | 0.7663 | 0.7504 | 0.7488 | 0.7463 | 0.7430 | 0.7421 | 0.7366 | 0.7286 | 0.7247
MATHNET-0adb,MATHNET-02f2 | MATHNET-0h27 | MATHNET-00kp | MATHNET-0jw5 | MATHNET-0ikl | MATHNET-0gtj | MATHNET-0fev | MATHNET-0fk4 | MATHNET-0dw6 | MATHNET-0ii2,0.9520 | 0.9326 | 0.9056 | 0.8951 | 0.8896 | 0.8848 | 0.8701 | 0.8535 | 0.8424 | 0.8375
MATHNET-0adi,MATHNET-0bmd | MATHNET-0j4z | MATHNET-03x3 | MATHNET-0b2w | MATHNET-0azg | MATHNET-01rg | MATHNET-0652 | MATHNET-0d6i | MATHNET-0bwb | MATHNET-023c,0.8847 | 0.8285 | 0.8272 | 0.8252 | 0.8156 | 0.8153 | 0.8151 | 0.8101 | 0.8039 | 0.8019
MATHNET-0ads,MATHNET-067b | MATHNET-0bml | MATHNET-0fyx | MATHNET-028y | MATHNET-0fj3 | MATHNET-0apq | MATHNET-05ia | MATHNET-05i6 | MATHNET-0ft3 | MATHNET-09cc,0.9756 | 0.9462 | 0.9180 | 0.8884 | 0.8825 | 0.8761 | 0.8439 | 0.8390 | 0.8381 | 0.8373
MATHNET-0afj,MATHNET-0iy8 | MATHNET-0i4x | MATHNET-084f | MATHNET-0kbi | MATHNET-0iqa | MATHNET-0ab4 | MATHNET-0jxx | MATHNET-0jpj | MATHNET-02kg | MATHNET-09wj,0.7944 | 0.7902 | 0.7833 | 0.7596 | 0.7582 | 0.7578 | 0.7554 | 0.7290 | 0.7188 | 0.7167
MATHNET-0ag7,MATHNET-0609 | MATHNET-0dqf | MATHNET-0413 | MATHNET-0huv | MATHNET-0idn | MATHNET-0b84 | MATHNET-0jxp | MATHNET-0ihr | MATHNET-0f9k | MATHNET-05u0,0.8316 | 0.8124 | 0.7841 | 0.7758 | 0.7080 | 0.7077 | 0.7026 | 0.7006 | 0.6854 | 0.6839
MATHNET-0ag8,MATHNET-04p0 | MATHNET-0d0r | MATHNET-09jx | MATHNET-07l2 | MATHNET-07rd | MATHNET-08im | MATHNET-017j | MATHNET-0cey | MATHNET-0103 | MATHNET-03wz,0.7611 | 0.7513 | 0.7463 | 0.7369 | 0.7176 | 0.7087 | 0.7058 | 0.6987 | 0.6963 | 0.6953
MATHNET-0agp,MATHNET-07gg | MATHNET-0ilv | MATHNET-048d | MATHNET-00qi | MATHNET-0c8t | MATHNET-034j | MATHNET-0cus | MATHNET-014r | MATHNET-00g4 | MATHNET-0kto,0.7643 | 0.7573 | 0.7473 | 0.6794 | 0.6793 | 0.6680 | 0.6552 | 0.6432 | 0.6337 | 0.6320
MATHNET-0agx,MATHNET-0j4z | MATHNET-0k4h | MATHNET-0d1o | MATHNET-0a9f | MATHNET-00by | MATHNET-06h1 | MATHNET-065e | MATHNET-0l1k | MATHNET-0avj | MATHNET-01qk,0.8456 | 0.8393 | 0.8300 | 0.8289 | 0.8238 | 0.8179 | 0.8113 | 0.7923 | 0.7923 | 0.7834
MATHNET-0aho,MATHNET-01uc | MATHNET-0dk0 | MATHNET-0l8o | MATHNET-03xa | MATHNET-0a7l | MATHNET-0kfj | MATHNET-058t | MATHNET-0k65 | MATHNET-0dbf | MATHNET-01u9,0.8574 | 0.8208 | 0.8199 | 0.8193 | 0.8044 | 0.7959 | 0.7929 | 0.7808 | 0.7771 | 0.7769
MATHNET-0ai8,MATHNET-00ul | MATHNET-03wz | MATHNET-08pm | MATHNET-01f7 | MATHNET-01dv | MATHNET-08wo | MATHNET-0397 | MATHNET-072g | MATHNET-07rd | MATHNET-07k2,0.8211 | 0.7847 | 0.7811 | 0.7780 | 0.7718 | 0.7648 | 0.7646 | 0.7627 | 0.7617 | 0.7609
MATHNET-0aj0,MATHNET-0413 | MATHNET-0huv | MATHNET-07yr | MATHNET-07ko | MATHNET-05u0 | MATHNET-0609 | MATHNET-041i | MATHNET-035k | MATHNET-0ksl | MATHNET-0ag7,0.7636 | 0.7010 | 0.6954 | 0.6815 | 0.6774 | 0.6773 | 0.6653 | 0.6590 | 0.6555 | 0.6421
MATHNET-0aj5,MATHNET-09z8 | MATHNET-03w7 | MATHNET-08n2 | MATHNET-09af | MATHNET-0ij0 | MATHNET-0cc6 | MATHNET-01db | MATHNET-0dyh | MATHNET-0dpx | MATHNET-0etj,0.9131 | 0.8479 | 0.8250 | 0.8203 | 0.8165 | 0.8105 | 0.8067 | 0.7728 | 0.7724 | 0.7679
MATHNET-0akb,MATHNET-0ijk | MATHNET-02eg | MATHNET-0jtz | MATHNET-0a2l | MATHNET-0dst | MATHNET-07dr | MATHNET-07mb | MATHNET-020t | MATHNET-06dp | MATHNET-049z,0.8288 | 0.8225 | 0.8205 | 0.7972 | 0.7967 | 0.7916 | 0.7855 | 0.7834 | 0.7824 | 0.7793
MATHNET-0akk,MATHNET-017x | MATHNET-07nh | MATHNET-0cu8 | MATHNET-03yl | MATHNET-01ug | MATHNET-0ck8 | MATHNET-00fc | MATHNET-09ad | MATHNET-0bis | MATHNET-0bd7,0.8309 | 0.8081 | 0.8010 | 0.7792 | 0.7770 | 0.7628 | 0.7507 | 0.7491 | 0.7440 | 0.7437
MATHNET-0akr,MATHNET-0217 | MATHNET-0455 | MATHNET-05dk | MATHNET-0glc | MATHNET-06pl | MATHNET-0kfw | MATHNET-0906 | MATHNET-0bow | MATHNET-04u6 | MATHNET-04t3,0.9079 | 0.9038 | 0.8816 | 0.8775 | 0.8667 | 0.8630 | 0.8540 | 0.8078 | 0.8050 | 0.7924
MATHNET-0alb,MATHNET-0kjw | MATHNET-02c0 | MATHNET-02cu | MATHNET-0kn4 | MATHNET-0anv | MATHNET-0847 | MATHNET-0khx | MATHNET-09zj | MATHNET-0epr | MATHNET-0kqf,0.9487 | 0.9250 | 0.9250 | 0.9250 | 0.9250 | 0.9250 | 0.9024 | 0.9024 | 0.7776 | 0.7645
MATHNET-0alz,MATHNET-04st | MATHNET-04ch | MATHNET-0a32 | MATHNET-0ar9 | MATHNET-0au5 | MATHNET-000t | MATHNET-09u9 | MATHNET-0anq | MATHNET-0br0 | MATHNET-0lad,1.0000 | 1.0000 | 1.0000 | 1.0000 | 1.0000 | 1.0000 | 1.0000 | 1.0000 | 1.0000 | 1.0000
MATHNET-0am0,MATHNET-0b9w | MATHNET-09u9 | MATHNET-0gm2 | MATHNET-0ar9 | MATHNET-0br0 | MATHNET-0lad | MATHNET-0anq | MATHNET-0au5 | MATHNET-0a32 | MATHNET-04ch,1.0000 | 0.7872 | 0.7872 | 0.7872 | 0.7872 | 0.7872 | 0.7872 | 0.7872 | 0.7872 | 0.7872
MATHNET-0am1,MATHNET-0l68 | MATHNET-0kje | MATHNET-0jfs | MATHNET-042z | MATHNET-0kz9 | MATHNET-0k4h | MATHNET-0l1k | MATHNET-00by | MATHNET-0agx | MATHNET-04e7,0.6788 | 0.6389 | 0.6160 | 0.6076 | 0.6050 | 0.6039 | 0.5943 | 0.5923 | 0.5919 | 0.5838
MATHNET-0amu,MATHNET-0kqf | MATHNET-09i8 | MATHNET-0cx2 | MATHNET-04bo | MATHNET-0e84 | MATHNET-0e8i | MATHNET-0eao | MATHNET-09wj | MATHNET-0jpj | MATHNET-0axe,1.0000 | 0.9867 | 0.9867 | 0.9610 | 0.9250 | 0.9250 | 0.9250 | 0.8352 | 0.8093 | 0.8062
MATHNET-0anq,MATHNET-04st | MATHNET-0ar9 | MATHNET-0490 | MATHNET-0br0 | MATHNET-04ch | MATHNET-0au5 | MATHNET-0a32 | MATHNET-0gm2 | MATHNET-0cy4 | MATHNET-0lad,1.0000 | 1.0000 | 1.0000 | 1.0000 | 1.0000 | 1.0000 | 1.0000 | 1.0000 | 1.0000 | 1.0000
MATHNET-0anv,MATHNET-02c0 | MATHNET-02cu | MATHNET-0kn4 | MATHNET-0alb | MATHNET-0kjw | MATHNET-0847 | MATHNET-0khx | MATHNET-09zj | MATHNET-0eao | MATHNET-0e8i,1.0000 | 1.0000 | 1.0000 | 0.9250 | 0.8809 | 0.8604 | 0.8409 | 0.8409 | 0.7645 | 0.7645
MATHNET-0apd,MATHNET-0axe | MATHNET-0gii | MATHNET-0jpj | MATHNET-0jxx | MATHNET-0ab4 | MATHNET-09wj | MATHNET-0iy8 | MATHNET-0eao | MATHNET-0e84 | MATHNET-0e8i,0.9315 | 0.9135 | 0.8801 | 0.8392 | 0.8387 | 0.8121 | 0.8082 | 0.8051 | 0.8051 | 0.8051
MATHNET-0apq,MATHNET-028y | MATHNET-0ft3 | MATHNET-0bml | MATHNET-0ads | MATHNET-067b | MATHNET-0fev | MATHNET-01os | MATHNET-02uo | MATHNET-05i6 | MATHNET-0fyx,0.9412 | 0.9345 | 0.9066 | 0.8761 | 0.8731 | 0.8683 | 0.8563 | 0.8346 | 0.8334 | 0.8302
MATHNET-0apw,MATHNET-0aw2 | MATHNET-0kq5 | MATHNET-0axv | MATHNET-08x7 | MATHNET-0ia7 | MATHNET-0i5e | MATHNET-0jht | MATHNET-0em4 | MATHNET-0jsa | MATHNET-0kqz,0.8655 | 0.8281 | 0.7942 | 0.7903 | 0.7757 | 0.7730 | 0.7707 | 0.7671 | 0.7651 | 0.7645
MATHNET-0ar9,MATHNET-04st | MATHNET-0a32 | MATHNET-0au5 | MATHNET-04ch | MATHNET-0anq | MATHNET-0490 | MATHNET-09u9 | MATHNET-0lad | MATHNET-0br0 | MATHNET-0gm2,1.0000 | 1.0000 | 1.0000 | 1.0000 | 1.0000 | 1.0000 | 1.0000 | 1.0000 | 1.0000 | 1.0000
MATHNET-0atn,MATHNET-0041 | MATHNET-004m | MATHNET-08ic | MATHNET-0c9x | MATHNET-049x | MATHNET-00cj | MATHNET-008t | MATHNET-0c4k | MATHNET-04dz | MATHNET-0bqa,1.0000 | 1.0000 | 1.0000 | 1.0000 | 1.0000 | 1.0000 | 1.0000 | 1.0000 | 1.0000 | 1.0000
MATHNET-0atv,MATHNET-04st | MATHNET-04ch | MATHNET-0a32 | MATHNET-0ar9 | MATHNET-0au5 | MATHNET-000t | MATHNET-09u9 | MATHNET-0anq | MATHNET-0br0 | MATHNET-0lad,1.0000 | 1.0000 | 1.0000 | 1.0000 | 1.0000 | 1.0000 | 1.0000 | 1.0000 | 1.0000 | 1.0000
MATHNET-0au5,MATHNET-04st | MATHNET-0ar9 | MATHNET-0490 | MATHNET-0lad | MATHNET-0br0 | MATHNET-04ch | MATHNET-0a32 | MATHNET-0gm2 | MATHNET-000t | MATHNET-0anq,1.0000 | 1.0000 | 1.0000 | 1.0000 | 1.0000 | 1.0000 | 1.0000 | 1.0000 | 1.0000 | 1.0000
MATHNET-0au7,MATHNET-0d1o | MATHNET-04e7 | MATHNET-06x6 | MATHNET-0dzm | MATHNET-0a53 | MATHNET-00f5 | MATHNET-0gle | MATHNET-03gy | MATHNET-03nj | MATHNET-0cnn,0.8229 | 0.8219 | 0.7793 | 0.7769 | 0.7732 | 0.7726 | 0.7707 | 0.7691 | 0.7510 | 0.7482
MATHNET-0aus,MATHNET-064u | MATHNET-07r9 | MATHNET-03di | MATHNET-0hog | MATHNET-0bn3 | MATHNET-0dts | MATHNET-00nu | MATHNET-0bot | MATHNET-0gyd | MATHNET-0kpx,0.9068 | 0.8478 | 0.8471 | 0.8337 | 0.8243 | 0.8202 | 0.8193 | 0.8084 | 0.8064 | 0.8057
MATHNET-0aut,MATHNET-04i0 | MATHNET-0bh8 | MATHNET-0l80 | MATHNET-0bq4 | MATHNET-0f7p | MATHNET-09hn | MATHNET-0ar9 | MATHNET-0c9x | MATHNET-0041 | MATHNET-0a32,1.0000 | 1.0000 | 0.9737 | 0.9737 | 0.9737 | 0.9737 | 0.9610 | 0.9610 | 0.9610 | 0.9610
MATHNET-0avj,MATHNET-0a9f | MATHNET-0bq8 | MATHNET-065e | MATHNET-06h1 | MATHNET-00by | MATHNET-0j4z | MATHNET-06nq | MATHNET-08o1 | MATHNET-0hdo | MATHNET-0bwb,0.8697 | 0.8636 | 0.8558 | 0.8497 | 0.8313 | 0.8182 | 0.8114 | 0.8070 | 0.8026 | 0.8000
MATHNET-0aw2,MATHNET-0apw | MATHNET-0axv | MATHNET-0jjl | MATHNET-0kq5 | MATHNET-043v | MATHNET-0kt8 | MATHNET-0jsa | MATHNET-0i5e | MATHNET-0b1j | MATHNET-0j2y,0.8655 | 0.8333 | 0.8229 | 0.8188 | 0.8164 | 0.8049 | 0.8008 | 0.7985 | 0.7854 | 0.7815
MATHNET-0awa,MATHNET-0b1j | MATHNET-0j2y | MATHNET-0ia7 | MATHNET-0axv | MATHNET-043v | MATHNET-08x7 | MATHNET-0em4 | MATHNET-0jjl | MATHNET-0apw | MATHNET-0kqz,0.7864 | 0.7858 | 0.7777 | 0.7517 | 0.7509 | 0.7484 | 0.7228 | 0.7127 | 0.7028 | 0.7014
MATHNET-0ax4,MATHNET-056b | MATHNET-0dqz | MATHNET-04ru | MATHNET-0212 | MATHNET-0710 | MATHNET-00ny | MATHNET-0a6c | MATHNET-03e9 | MATHNET-07uh | MATHNET-0lf7,0.9643 | 0.8215 | 0.8174 | 0.8126 | 0.8091 | 0.8011 | 0.7940 | 0.7853 | 0.7823 | 0.7797
MATHNET-0axe,MATHNET-0gii | MATHNET-0apd | MATHNET-0jpj | MATHNET-0jxx | MATHNET-0ab4 | MATHNET-0e8i | MATHNET-0eao | MATHNET-0e84 | MATHNET-04bo | MATHNET-0iy8,0.9602 | 0.9315 | 0.8670 | 0.8474 | 0.8452 | 0.8151 | 0.8151 | 0.8151 | 0.8129 | 0.8112
MATHNET-0axv,MATHNET-043v | MATHNET-0jjl | MATHNET-0i5e | MATHNET-0kq5 | MATHNET-0b1j | MATHNET-0j2y | MATHNET-0aw2 | MATHNET-0jsa | MATHNET-0kt8 | MATHNET-0ia7,0.9324 | 0.9031 | 0.8590 | 0.8460 | 0.8457 | 0.8340 | 0.8333 | 0.8240 | 0.8223 | 0.8219
MATHNET-0ay0,MATHNET-0542 | MATHNET-039t | MATHNET-0iqf | MATHNET-0juf | MATHNET-0joq | MATHNET-0h8n | MATHNET-0l5j | MATHNET-0kpf | MATHNET-0hn5 | MATHNET-02n7,0.8798 | 0.8798 | 0.8778 | 0.8596 | 0.8513 | 0.8369 | 0.8323 | 0.8260 | 0.8170 | 0.8078
MATHNET-0az2,MATHNET-0gda | MATHNET-014t | MATHNET-0jdx | MATHNET-02xm | MATHNET-0g7r | MATHNET-0dw6 | MATHNET-0h3e | MATHNET-05j5 | MATHNET-02pg | MATHNET-02ca,0.9525 | 0.8857 | 0.8742 | 0.8741 | 0.8619 | 0.8349 | 0.8316 | 0.8259 | 0.8254 | 0.8152
MATHNET-0azg,MATHNET-007a | MATHNET-00md | MATHNET-03o9 | MATHNET-01rg | MATHNET-0adi | MATHNET-0inz | MATHNET-0est | MATHNET-08y6 | MATHNET-0bot | MATHNET-0bmd,0.8654 | 0.8311 | 0.8243 | 0.8162 | 0.8156 | 0.8149 | 0.8139 | 0.8066 | 0.8042 | 0.8032
MATHNET-0b09,MATHNET-0c1k | MATHNET-0djw | MATHNET-0698 | MATHNET-0c6i | MATHNET-0f6y | MATHNET-09jj | MATHNET-08id | MATHNET-009e | MATHNET-0lbg | MATHNET-01p2,1.0000 | 1.0000 | 1.0000 | 1.0000 | 1.0000 | 1.0000 | 1.0000 | 0.9737 | 0.9737 | 0.9737
MATHNET-0b1j,MATHNET-0j2y | MATHNET-0ia7 | MATHNET-0em4 | MATHNET-0axv | MATHNET-043v | MATHNET-08x7 | MATHNET-0jjl | MATHNET-0jht | MATHNET-0kq5 | MATHNET-0kt8,0.9468 | 0.9071 | 0.8619 | 0.8457 | 0.8401 | 0.8332 | 0.8269 | 0.8204 | 0.7908 | 0.7866
MATHNET-0b1l,MATHNET-05u0 | MATHNET-05ra | MATHNET-0dqf | MATHNET-035k | MATHNET-0f3f | MATHNET-0huv | MATHNET-01ud | MATHNET-0609 | MATHNET-0ag7 | MATHNET-00xp,0.7973 | 0.6718 | 0.6682 | 0.6501 | 0.6414 | 0.6384 | 0.6304 | 0.6228 | 0.6206 | 0.6200
MATHNET-0b1m,MATHNET-0e08 | MATHNET-0jzx | MATHNET-00mi | MATHNET-0ibu | MATHNET-0hhz | MATHNET-0gqo | MATHNET-07oo | MATHNET-0hvc | MATHNET-0d0s | MATHNET-0hz2,0.9318 | 0.8853 | 0.8719 | 0.8702 | 0.8666 | 0.8645 | 0.8583 | 0.8558 | 0.8530 | 0.8444
MATHNET-0b2t,MATHNET-078n | MATHNET-00fc | MATHNET-0j6t | MATHNET-07xw | MATHNET-0cww | MATHNET-0dla | MATHNET-0kw5 | MATHNET-0jh7 | MATHNET-00ug | MATHNET-0kf4,0.8403 | 0.8205 | 0.8016 | 0.7942 | 0.7940 | 0.7902 | 0.7834 | 0.7823 | 0.7730 | 0.7720
MATHNET-0b2w,MATHNET-0bmd | MATHNET-09pd | MATHNET-0cgq | MATHNET-0l1k | MATHNET-056g | MATHNET-0adi | MATHNET-023c | MATHNET-03x3 | MATHNET-0bxl | MATHNET-00md,0.8701 | 0.8492 | 0.8326 | 0.8322 | 0.8277 | 0.8252 | 0.8217 | 0.8026 | 0.7948 | 0.7915
MATHNET-0b2x,MATHNET-08wo | MATHNET-0d9u | MATHNET-07x2 | MATHNET-0hs4 | MATHNET-09xc | MATHNET-020b | MATHNET-0jog | MATHNET-0iat | MATHNET-0930 | MATHNET-01dv,0.8625 | 0.8413 | 0.7991 | 0.7970 | 0.7785 | 0.7771 | 0.7756 | 0.7739 | 0.7728 | 0.7547
MATHNET-0b48,MATHNET-02ex | MATHNET-0jye | MATHNET-0j5i | MATHNET-0huk | MATHNET-0bx8 | MATHNET-02gm | MATHNET-0le9 | MATHNET-02ff | MATHNET-01bf | MATHNET-03nf,0.8404 | 0.8063 | 0.7952 | 0.7948 | 0.7883 | 0.7881 | 0.7702 | 0.7660 | 0.7583 | 0.7516
MATHNET-0b7n,MATHNET-07c0 | MATHNET-0i0w | MATHNET-07ad | MATHNET-06dp | MATHNET-03t6 | MATHNET-0ijk | MATHNET-0a2l | MATHNET-0ggp | MATHNET-07mb | MATHNET-0akb,0.8399 | 0.8049 | 0.8023 | 0.7958 | 0.7637 | 0.7575 | 0.7548 | 0.7527 | 0.7511 | 0.7489
MATHNET-0b7y,MATHNET-038o | MATHNET-00l0 | MATHNET-07n4 | MATHNET-04ra | MATHNET-08io | MATHNET-0blq | MATHNET-00yo | MATHNET-04yy | MATHNET-0htx | MATHNET-0e06,0.8308 | 0.8257 | 0.8181 | 0.8016 | 0.7940 | 0.7883 | 0.7775 | 0.7755 | 0.7705 | 0.7653
MATHNET-0b84,MATHNET-00xp | MATHNET-0hs2 | MATHNET-0jxp | MATHNET-07gp | MATHNET-06fc | MATHNET-08nc | MATHNET-0f9k | MATHNET-06j5 | MATHNET-0f3f | MATHNET-07w7,0.7854 | 0.7836 | 0.7823 | 0.7763 | 0.7730 | 0.7489 | 0.7388 | 0.7308 | 0.7283 | 0.7220
MATHNET-0b87,MATHNET-0652 | MATHNET-0bmd | MATHNET-0bwb | MATHNET-056g | MATHNET-0k94 | MATHNET-08y6 | MATHNET-058t | MATHNET-0hdo | MATHNET-01ef | MATHNET-0j4z,0.8450 | 0.8083 | 0.7976 | 0.7925 | 0.7822 | 0.7777 | 0.7763 | 0.7708 | 0.7700 | 0.7663
MATHNET-0b9w,MATHNET-0am0 | MATHNET-09u9 | MATHNET-0anq | MATHNET-0ar9 | MATHNET-0atv | MATHNET-0490 | MATHNET-0lad | MATHNET-0br0 | MATHNET-0au5 | MATHNET-0alz,1.0000 | 0.7872 | 0.7872 | 0.7872 | 0.7872 | 0.7872 | 0.7872 | 0.7872 | 0.7872 | 0.7872
MATHNET-0bal,MATHNET-0le9 | MATHNET-0dad | MATHNET-02ex | MATHNET-0aae | MATHNET-0b48 | MATHNET-02gm | MATHNET-04yn | MATHNET-0gdx | MATHNET-00nb | MATHNET-06i3,0.7966 | 0.7570 | 0.7516 | 0.7458 | 0.7334 | 0.7319 | 0.7306 | 0.7287 | 0.7221 | 0.7220
MATHNET-0bd7,MATHNET-0kto | MATHNET-0j6t | MATHNET-09ad | MATHNET-00qi | MATHNET-07du | MATHNET-07n6 | MATHNET-00g4 | MATHNET-0e0d | MATHNET-00ok | MATHNET-0akk,0.7812 | 0.7783 | 0.7738 | 0.7703 | 0.7655 | 0.7586 | 0.7561 | 0.7453 | 0.7444 | 0.7437
MATHNET-0bdr,MATHNET-0bw4 | MATHNET-0beo | MATHNET-0bpv | MATHNET-0c4x | MATHNET-0gfv | MATHNET-0caz | MATHNET-0002 | MATHNET-0bl4 | MATHNET-0gfg | MATHNET-0l7k,1.0000 | 1.0000 | 1.0000 | 1.0000 | 1.0000 | 1.0000 | 1.0000 | 1.0000 | 1.0000 | 1.0000
MATHNET-0beo,MATHNET-0bw4 | MATHNET-0c4x | MATHNET-0l7k | MATHNET-0bpv | MATHNET-0002 | MATHNET-0caz | MATHNET-0bl4 | MATHNET-0gfg | MATHNET-0gfv | MATHNET-0gfd,1.0000 | 1.0000 | 1.0000 | 1.0000 | 1.0000 | 1.0000 | 1.0000 | 1.0000 | 1.0000 | 1.0000
MATHNET-0bfx,MATHNET-03w8 | MATHNET-04k6 | MATHNET-0dtj | MATHNET-08py | MATHNET-0hak | MATHNET-08im | MATHNET-0jv5 | MATHNET-0cey | MATHNET-039y | MATHNET-0e2b,0.8238 | 0.8076 | 0.7763 | 0.7631 | 0.7371 | 0.7160 | 0.7082 | 0.7060 | 0.7054 | 0.6911
MATHNET-0bg5,MATHNET-02dy | MATHNET-07la | MATHNET-0hvc | MATHNET-0gqo | MATHNET-0jzx | MATHNET-07oo | MATHNET-0e08 | MATHNET-0ibu | MATHNET-0hfw | MATHNET-0l0n,0.9249 | 0.8953 | 0.8560 | 0.8553 | 0.8359 | 0.8265 | 0.8235 | 0.8233 | 0.8230 | 0.8202
MATHNET-0bgs,MATHNET-0fhq | MATHNET-090w | MATHNET-05k2 | MATHNET-0bnb | MATHNET-0fwn | MATHNET-0cmw | MATHNET-05qu | MATHNET-0cmp | MATHNET-0fvr | MATHNET-05ia,0.8982 | 0.8485 | 0.8392 | 0.8385 | 0.8344 | 0.8308 | 0.8215 | 0.8156 | 0.8129 | 0.8082
MATHNET-0bh8,MATHNET-0aut | MATHNET-04i0 | MATHNET-0l80 | MATHNET-0f7p | MATHNET-0bq4 | MATHNET-09hn | MATHNET-0alz | MATHNET-000t | MATHNET-0gm2 | MATHNET-0041,1.0000 | 1.0000 | 0.9737 | 0.9737 | 0.9737 | 0.9737 | 0.9610 | 0.9610 | 0.9610 | 0.9610
MATHNET-0bhh,MATHNET-04v9 | MATHNET-0kx0 | MATHNET-020e | MATHNET-0h61 | MATHNET-0ing | MATHNET-0cm5 | MATHNET-045v | MATHNET-05dg | MATHNET-0bhj | MATHNET-0eud,0.8817 | 0.8674 | 0.8643 | 0.8498 | 0.8491 | 0.8443 | 0.8420 | 0.8240 | 0.7966 | 0.7912
MATHNET-0bhj,MATHNET-07uh | MATHNET-0bhh | MATHNET-0eud | MATHNET-01zv | MATHNET-0h61 | MATHNET-04v9 | MATHNET-00vm | MATHNET-020t | MATHNET-07dr | MATHNET-06rf,0.8211 | 0.7966 | 0.7929 | 0.7884 | 0.7864 | 0.7807 | 0.7734 | 0.7700 | 0.7691 | 0.7677
MATHNET-0bis,MATHNET-017x | MATHNET-03yl | MATHNET-06jk | MATHNET-0akk | MATHNET-00fc | MATHNET-0cu8 | MATHNET-0bd7 | MATHNET-0j6t | MATHNET-07nh | MATHNET-0cus,0.8112 | 0.7983 | 0.7834 | 0.7440 | 0.7289 | 0.6840 | 0.6823 | 0.6787 | 0.6746 | 0.6685
MATHNET-0biz,MATHNET-0gp4 | MATHNET-0f42 | MATHNET-0gyd | MATHNET-0kpx | MATHNET-08l3 | MATHNET-0aus | MATHNET-09iq | MATHNET-0dts | MATHNET-0bn3 | MATHNET-0j50,0.8999 | 0.8767 | 0.8307 | 0.7990 | 0.7841 | 0.7755 | 0.7733 | 0.7685 | 0.7609 | 0.7602
MATHNET-0bl4,MATHNET-0bw4 | MATHNET-0beo | MATHNET-0bpv | MATHNET-0c4x | MATHNET-0gfv | MATHNET-0caz | MATHNET-0002 | MATHNET-0bdr | MATHNET-0gfg | MATHNET-0l7k,1.0000 | 1.0000 | 1.0000 | 1.0000 | 1.0000 | 1.0000 | 1.0000 | 1.0000 | 1.0000 | 1.0000
MATHNET-0blq,MATHNET-04yy | MATHNET-04ra | MATHNET-00yo | MATHNET-007d | MATHNET-00l0 | MATHNET-0b7y | MATHNET-0dz5 | MATHNET-07n4 | MATHNET-0htx | MATHNET-038o,0.8380 | 0.8178 | 0.8068 | 0.8013 | 0.7981 | 0.7883 | 0.7861 | 0.7854 | 0.7805 | 0.7792
MATHNET-0bm7,MATHNET-06zj | MATHNET-023t | MATHNET-00cv | MATHNET-0efx | MATHNET-0bnb | MATHNET-09r1 | MATHNET-00cu | MATHNET-05qu | MATHNET-0ebi | MATHNET-0bgs,0.8500 | 0.8049 | 0.7940 | 0.7900 | 0.7813 | 0.7720 | 0.7705 | 0.7679 | 0.7655 | 0.7581
MATHNET-0bmd,MATHNET-0adi | MATHNET-0652 | MATHNET-0b2w | MATHNET-0j4z | MATHNET-0bwb | MATHNET-01rg | MATHNET-0l1k | MATHNET-01qk | MATHNET-023c | MATHNET-0kd5,0.8847 | 0.8720 | 0.8701 | 0.8297 | 0.8267 | 0.8143 | 0.8128 | 0.8119 | 0.8106 | 0.8098
MATHNET-0bml,MATHNET-0ads | MATHNET-067b | MATHNET-0apq | MATHNET-028y | MATHNET-0fyx | MATHNET-0ft3 | MATHNET-0fj3 | MATHNET-01os | MATHNET-05i6 | MATHNET-0fev,0.9462 | 0.9319 | 0.9066 | 0.8996 | 0.8967 | 0.8725 | 0.8495 | 0.8463 | 0.8455 | 0.8454
MATHNET-0bmx,MATHNET-04a8 | MATHNET-0ena | MATHNET-0gx3 | MATHNET-0k97 | MATHNET-0ka4 | MATHNET-06mm | MATHNET-0d5z | MATHNET-03f4 | MATHNET-07vc | MATHNET-0jp5,0.9506 | 0.9414 | 0.9162 | 0.9051 | 0.8952 | 0.8937 | 0.8641 | 0.8535 | 0.8443 | 0.8396
MATHNET-0bn3,MATHNET-0dts | MATHNET-0hog | MATHNET-08kv | MATHNET-03di | MATHNET-09hf | MATHNET-07r9 | MATHNET-0hfw | MATHNET-0ibi | MATHNET-0aus | MATHNET-064u,0.9423 | 0.8663 | 0.8583 | 0.8583 | 0.8420 | 0.8412 | 0.8359 | 0.8286 | 0.8243 | 0.8241
MATHNET-0bnb,MATHNET-05ia | MATHNET-0efx | MATHNET-0bgs | MATHNET-0fj3 | MATHNET-067b | MATHNET-023t | MATHNET-0ads | MATHNET-09cc | MATHNET-00cv | MATHNET-01os,0.8599 | 0.8466 | 0.8385 | 0.8299 | 0.8287 | 0.8283 | 0.8194 | 0.8147 | 0.8079 | 0.8050
MATHNET-0bnh,MATHNET-0l0n | MATHNET-0jzx | MATHNET-0krr | MATHNET-0gxz | MATHNET-0ena | MATHNET-03f4 | MATHNET-03zv | MATHNET-0ig4 | MATHNET-0bmx | MATHNET-03bc,0.9062 | 0.8415 | 0.8366 | 0.8307 | 0.8288 | 0.8244 | 0.8226 | 0.8103 | 0.8090 | 0.8066
MATHNET-0bo4,MATHNET-09vr | MATHNET-07du | MATHNET-03bp | MATHNET-0e0d | MATHNET-09ad | MATHNET-0kw5 | MATHNET-071o | MATHNET-0jh7 | MATHNET-0cww | MATHNET-01ug,0.8300 | 0.8112 | 0.7982 | 0.7623 | 0.7572 | 0.7547 | 0.7542 | 0.7491 | 0.7389 | 0.7387
MATHNET-0bot,MATHNET-0jx0 | MATHNET-064u | MATHNET-06ct | MATHNET-0hog | MATHNET-01ef | MATHNET-0aus | MATHNET-0cz9 | MATHNET-00nu | MATHNET-0inz | MATHNET-0azg,0.8306 | 0.8302 | 0.8241 | 0.8238 | 0.8192 | 0.8084 | 0.8083 | 0.8074 | 0.8063 | 0.8042
MATHNET-0bow,MATHNET-04u6 | MATHNET-0217 | MATHNET-0455 | MATHNET-06pl | MATHNET-0akr | MATHNET-04t3 | MATHNET-05dk | MATHNET-0lfz | MATHNET-0glc | MATHNET-051m,0.9000 | 0.8499 | 0.8434 | 0.8426 | 0.8078 | 0.7720 | 0.7452 | 0.7418 | 0.7301 | 0.7287
MATHNET-0bpv,MATHNET-0bw4 | MATHNET-0gfg | MATHNET-0l7k | MATHNET-0c4x | MATHNET-0beo | MATHNET-0002 | MATHNET-0bl4 | MATHNET-0caz | MATHNET-0gfd | MATHNET-0bdr,1.0000 | 1.0000 | 1.0000 | 1.0000 | 1.0000 | 1.0000 | 1.0000 | 1.0000 | 1.0000 | 1.0000
MATHNET-0bq4,MATHNET-09hn | MATHNET-0l80 | MATHNET-0f7p | MATHNET-0atn | MATHNET-0c9x | MATHNET-00cj | MATHNET-0bqa | MATHNET-049x | MATHNET-004m | MATHNET-04dz,1.0000 | 1.0000 | 1.0000 | 0.9867 | 0.9867 | 0.9867 | 0.9867 | 0.9867 | 0.9867 | 0.9867
MATHNET-0bq8,MATHNET-0avj | MATHNET-0a9f | MATHNET-09pd | MATHNET-00by | MATHNET-065e | MATHNET-0bwb | MATHNET-0j4z | MATHNET-06h1 | MATHNET-01qk | MATHNET-0b2w,0.8636 | 0.8209 | 0.8142 | 0.8078 | 0.8074 | 0.8036 | 0.8021 | 0.7891 | 0.7879 | 0.7817
MATHNET-0bqa,MATHNET-0041 | MATHNET-004m | MATHNET-0c9x | MATHNET-08ic | MATHNET-04dz | MATHNET-00cj | MATHNET-008t | MATHNET-0atn | MATHNET-049x | MATHNET-0c4k,1.0000 | 1.0000 | 1.0000 | 1.0000 | 1.0000 | 1.0000 | 1.0000 | 1.0000 | 1.0000 | 1.0000
MATHNET-0br0,MATHNET-04st | MATHNET-04ch | MATHNET-0a32 | MATHNET-0ar9 | MATHNET-0au5 | MATHNET-000t | MATHNET-09u9 | MATHNET-0anq | MATHNET-0lad | MATHNET-0gm2,1.0000 | 1.0000 | 1.0000 | 1.0000 | 1.0000 | 1.0000 | 1.0000 | 1.0000 | 1.0000 | 1.0000
MATHNET-0bth,MATHNET-0387 | MATHNET-01u2 | MATHNET-01qs | MATHNET-0212 | MATHNET-06rf | MATHNET-0dqz | MATHNET-0710 | MATHNET-03e9 | MATHNET-0932 | MATHNET-08pi,0.9085 | 0.8530 | 0.8525 | 0.8486 | 0.8436 | 0.8332 | 0.8207 | 0.8120 | 0.8064 | 0.8045
MATHNET-0bui,MATHNET-0fv2 | MATHNET-0egg | MATHNET-02nt | MATHNET-0hai | MATHNET-022e | MATHNET-05qs | MATHNET-02qx | MATHNET-08kq | MATHNET-0ggv | MATHNET-024k,0.8890 | 0.8751 | 0.8411 | 0.8383 | 0.8264 | 0.8247 | 0.8246 | 0.8210 | 0.8175 | 0.8126
MATHNET-0buy,MATHNET-0cmk | MATHNET-022e | MATHNET-0fhe | MATHNET-0fre | MATHNET-09do | MATHNET-02qx | MATHNET-0egg | MATHNET-084e | MATHNET-029t | MATHNET-0h8g,0.8876 | 0.8812 | 0.8581 | 0.8549 | 0.8530 | 0.8461 | 0.8315 | 0.8231 | 0.8208 | 0.8204
MATHNET-0bvn,MATHNET-0d7c | MATHNET-00ba | MATHNET-02ex | MATHNET-02ff | MATHNET-0b48 | MATHNET-03qe | MATHNET-0jt8 | MATHNET-0e2b | MATHNET-02gm | MATHNET-06ak,0.7766 | 0.7326 | 0.7174 | 0.7148 | 0.6967 | 0.6910 | 0.6906 | 0.6903 | 0.6858 | 0.6812
MATHNET-0bw4,MATHNET-0bpv | MATHNET-0gfg | MATHNET-0l7k | MATHNET-0c4x | MATHNET-0beo | MATHNET-0002 | MATHNET-0bl4 | MATHNET-0caz | MATHNET-0gfd | MATHNET-0bdr,1.0000 | 1.0000 | 1.0000 | 1.0000 | 1.0000 | 1.0000 | 1.0000 | 1.0000 | 1.0000 | 1.0000
MATHNET-0bwb,MATHNET-0hdo | MATHNET-06h1 | MATHNET-01qk | MATHNET-0j4z | MATHNET-0bmd | MATHNET-0a9f | MATHNET-01rg | MATHNET-0adi | MATHNET-0bq8 | MATHNET-0652,0.8524 | 0.8498 | 0.8373 | 0.8338 | 0.8267 | 0.8151 | 0.8088 | 0.8039 | 0.8036 | 0.8032
MATHNET-0bx8,MATHNET-08pg | MATHNET-01bf | MATHNET-0j3m | MATHNET-02ff | MATHNET-02gm | MATHNET-0j5i | MATHNET-02ex | MATHNET-0b48 | MATHNET-0cjq | MATHNET-04yn,0.8435 | 0.8229 | 0.8058 | 0.8045 | 0.8022 | 0.7907 | 0.7885 | 0.7883 | 0.7774 | 0.7664
MATHNET-0bxl,MATHNET-0da8 | MATHNET-0ibi | MATHNET-08kv | MATHNET-07oq | MATHNET-09pd | MATHNET-0gps | MATHNET-007a | MATHNET-01l8 | MATHNET-00md | MATHNET-0b2w,0.8788 | 0.8317 | 0.8296 | 0.8211 | 0.8144 | 0.8047 | 0.8023 | 0.7967 | 0.7952 | 0.7948
MATHNET-0bxp,MATHNET-0dbf | MATHNET-01x5 | MATHNET-0cz9 | MATHNET-0hxe | MATHNET-0jx0 | MATHNET-01el | MATHNET-06ct | MATHNET-01ef | MATHNET-01ub | MATHNET-0law,0.8281 | 0.8250 | 0.8238 | 0.8201 | 0.8171 | 0.7964 | 0.7955 | 0.7807 | 0.7721 | 0.7594
MATHNET-0bzc,MATHNET-06ke | MATHNET-0784 | MATHNET-090m | MATHNET-06xj | MATHNET-077p | MATHNET-0i9x | MATHNET-06tf | MATHNET-00hy | MATHNET-090z | MATHNET-0inh,0.9351 | 0.9330 | 0.9218 | 0.9026 | 0.9002 | 0.8876 | 0.8808 | 0.8751 | 0.8537 | 0.8521
MATHNET-0c1d,MATHNET-0930 | MATHNET-092p | MATHNET-020b | MATHNET-072s | MATHNET-0iat | MATHNET-09xk | MATHNET-00rl | MATHNET-01b9 | MATHNET-07x2 | MATHNET-09xc,0.8260 | 0.8072 | 0.8061 | 0.7975 | 0.7968 | 0.7708 | 0.7490 | 0.7479 | 0.7433 | 0.7399
MATHNET-0c1k,MATHNET-0c6i | MATHNET-09jj | MATHNET-0f6y | MATHNET-08id | MATHNET-0djw | MATHNET-0b09 | MATHNET-0698 | MATHNET-01p2 | MATHNET-009e | MATHNET-000s,1.0000 | 1.0000 | 1.0000 | 1.0000 | 1.0000 | 1.0000 | 1.0000 | 0.9737 | 0.9737 | 0.9737
MATHNET-0c1x,MATHNET-0dgx | MATHNET-09k0 | MATHNET-0gg9 | MATHNET-09jr | MATHNET-01t8 | MATHNET-0f03 | MATHNET-0dgr | MATHNET-0cie | MATHNET-09ka | MATHNET-04uw,1.0000 | 1.0000 | 1.0000 | 1.0000 | 1.0000 | 1.0000 | 1.0000 | 1.0000 | 1.0000 | 1.0000
MATHNET-0c4k,MATHNET-04dz | MATHNET-0041 | MATHNET-00cj | MATHNET-004m | MATHNET-049x | MATHNET-008t | MATHNET-0bqa | MATHNET-0c9x | MATHNET-08ic | MATHNET-0atn,1.0000 | 1.0000 | 1.0000 | 1.0000 | 1.0000 | 1.0000 | 1.0000 | 1.0000 | 1.0000 | 1.0000
MATHNET-0c4x,MATHNET-0bw4 | MATHNET-0gfg | MATHNET-0l7k | MATHNET-0bpv | MATHNET-0beo | MATHNET-0002 | MATHNET-0bl4 | MATHNET-0caz | MATHNET-0gfd | MATHNET-0bdr,1.0000 | 1.0000 | 1.0000 | 1.0000 | 1.0000 | 1.0000 | 1.0000 | 1.0000 | 1.0000 | 1.0000
MATHNET-0c5d,MATHNET-0f6k | MATHNET-003j | MATHNET-0bw4 | MATHNET-0bpv | MATHNET-0c4x | MATHNET-0dgx | MATHNET-0gfg | MATHNET-09k0 | MATHNET-09ka | MATHNET-0l7k,0.9737 | 0.9737 | 0.9610 | 0.9610 | 0.9610 | 0.9610 | 0.9610 | 0.9610 | 0.9610 | 0.9610
MATHNET-0c66,MATHNET-03ln | MATHNET-03e9 | MATHNET-05d6 | MATHNET-01u2 | MATHNET-00ny | MATHNET-0dps | MATHNET-0eu5 | MATHNET-0iic | MATHNET-090z | MATHNET-00h0,0.9108 | 0.8913 | 0.8876 | 0.8731 | 0.8658 | 0.8541 | 0.8439 | 0.8390 | 0.8360 | 0.8333
MATHNET-0c6i,MATHNET-0c1k | MATHNET-0djw | MATHNET-0b09 | MATHNET-0698 | MATHNET-0f6y | MATHNET-09jj | MATHNET-08id | MATHNET-009e | MATHNET-0lbg | MATHNET-01p2,1.0000 | 1.0000 | 1.0000 | 1.0000 | 1.0000 | 1.0000 | 1.0000 | 0.9737 | 0.9737 | 0.9737
MATHNET-0c8t,MATHNET-07n4 | MATHNET-08of | MATHNET-08io | MATHNET-0cgo | MATHNET-0b7y | MATHNET-0a95 | MATHNET-03us | MATHNET-00qi | MATHNET-00l0 | MATHNET-00g4,0.7560 | 0.7486 | 0.7479 | 0.7440 | 0.7369 | 0.7359 | 0.7328 | 0.7296 | 0.7222 | 0.7188
MATHNET-0c9v,MATHNET-0dgx | MATHNET-09k0 | MATHNET-0gg9 | MATHNET-09jr | MATHNET-01t8 | MATHNET-0f03 | MATHNET-0dgr | MATHNET-0cie | MATHNET-09ka | MATHNET-04uw,1.0000 | 1.0000 | 1.0000 | 1.0000 | 1.0000 | 1.0000 | 1.0000 | 1.0000 | 1.0000 | 1.0000
MATHNET-0c9x,MATHNET-04dz | MATHNET-0c4k | MATHNET-08ic | MATHNET-004m | MATHNET-008t | MATHNET-049x | MATHNET-00cj | MATHNET-0bqa | MATHNET-0041 | MATHNET-0atn,1.0000 | 1.0000 | 1.0000 | 1.0000 | 1.0000 | 1.0000 | 1.0000 | 1.0000 | 1.0000 | 1.0000
MATHNET-0caz,MATHNET-0bw4 | MATHNET-0c4x | MATHNET-0l7k | MATHNET-0bpv | MATHNET-0beo | MATHNET-0bdr | MATHNET-0bl4 | MATHNET-0gfg | MATHNET-0gfv | MATHNET-0gfd,1.0000 | 1.0000 | 1.0000 | 1.0000 | 1.0000 | 1.0000 | 1.0000 | 1.0000 | 1.0000 | 1.0000
MATHNET-0cc6,MATHNET-03w7 | MATHNET-0ij0 | MATHNET-0dyh | MATHNET-0925 | MATHNET-09z8 | MATHNET-0aj5 | MATHNET-08n2 | MATHNET-0dpx | MATHNET-0dil | MATHNET-0kqa,0.8623 | 0.8354 | 0.8232 | 0.8205 | 0.8116 | 0.8105 | 0.8041 | 0.8039 | 0.8016 | 0.7940
MATHNET-0cey,MATHNET-08im | MATHNET-0jv5 | MATHNET-09jx | MATHNET-0k0z | MATHNET-017j | MATHNET-07l2 | MATHNET-0e5q | MATHNET-0dfz | MATHNET-04p0 | MATHNET-071d,0.8045 | 0.7942 | 0.7806 | 0.7578 | 0.7496 | 0.7489 | 0.7432 | 0.7383 | 0.7336 | 0.7179
MATHNET-0cg1,MATHNET-0gqz | MATHNET-08pm | MATHNET-0e73 | MATHNET-06do | MATHNET-07rd | MATHNET-03wz | MATHNET-0acz | MATHNET-06i3 | MATHNET-00et | MATHNET-0500,0.8372 | 0.8165 | 0.7978 | 0.7902 | 0.7898 | 0.7731 | 0.7663 | 0.7622 | 0.7561 | 0.7528
MATHNET-0cgo,MATHNET-08io | MATHNET-0j86 | MATHNET-03us | MATHNET-038o | MATHNET-07n4 | MATHNET-0c8t | MATHNET-0b7y | MATHNET-0a95 | MATHNET-00qi | MATHNET-00ug,0.7984 | 0.7971 | 0.7783 | 0.7622 | 0.7467 | 0.7440 | 0.7422 | 0.7334 | 0.7271 | 0.7267
MATHNET-0cgq,MATHNET-023c | MATHNET-02n7 | MATHNET-0b2w | MATHNET-03x3 | MATHNET-0l5r | MATHNET-07vc | MATHNET-0299 | MATHNET-0jp5 | MATHNET-09pd | MATHNET-0joq,0.8732 | 0.8710 | 0.8326 | 0.8309 | 0.8275 | 0.8192 | 0.8185 | 0.8007 | 0.7877 | 0.7842
MATHNET-0cha,MATHNET-0efx | MATHNET-023t | MATHNET-0bnb | MATHNET-067b | MATHNET-0fwn | MATHNET-0ads | MATHNET-0fyx | MATHNET-00cv | MATHNET-05qu | MATHNET-0bml,0.7867 | 0.7714 | 0.7537 | 0.7361 | 0.7348 | 0.7285 | 0.7148 | 0.7143 | 0.7129 | 0.7093
MATHNET-0cie,MATHNET-0dgx | MATHNET-09k0 | MATHNET-0gg9 | MATHNET-0fg6 | MATHNET-09jr | MATHNET-0f03 | MATHNET-01t8 | MATHNET-0dgr | MATHNET-09ka | MATHNET-0c9v,1.0000 | 1.0000 | 1.0000 | 1.0000 | 1.0000 | 1.0000 | 1.0000 | 1.0000 | 1.0000 | 1.0000
MATHNET-0cih,MATHNET-002s | MATHNET-03b4 | MATHNET-0gfz | MATHNET-0044 | MATHNET-0f27 | MATHNET-09pt | MATHNET-0f2k | MATHNET-09ka | MATHNET-0f03 | MATHNET-04uw,1.0000 | 1.0000 | 0.9610 | 0.9569 | 0.9487 | 0.9487 | 0.9487 | 0.9487 | 0.9487 | 0.9487
MATHNET-0cjq,MATHNET-02gm | MATHNET-04yn | MATHNET-0cwp | MATHNET-04aq | MATHNET-0bx8 | MATHNET-02ff | MATHNET-0dad | MATHNET-0a2l | MATHNET-02h7 | MATHNET-01bf,0.8048 | 0.8045 | 0.7906 | 0.7780 | 0.7774 | 0.7754 | 0.7716 | 0.7645 | 0.7640 | 0.7509
MATHNET-0ck8,MATHNET-01ug | MATHNET-09m6 | MATHNET-07nh | MATHNET-0clz | MATHNET-0akk | MATHNET-0kf4 | MATHNET-00fc | MATHNET-09ad | MATHNET-00ok | MATHNET-0cww,0.8555 | 0.8310 | 0.8271 | 0.7850 | 0.7628 | 0.7613 | 0.7594 | 0.7464 | 0.7442 | 0.7409
MATHNET-0ckb,MATHNET-0f3d | MATHNET-0htx | MATHNET-0dz5 | MATHNET-0if1 | MATHNET-007d | MATHNET-0blq | MATHNET-04yy | MATHNET-04ra | MATHNET-00l0 | MATHNET-0idy,0.8115 | 0.7761 | 0.7698 | 0.7532 | 0.7443 | 0.7373 | 0.7372 | 0.7329 | 0.7271 | 0.7264
MATHNET-0clu,MATHNET-06xr | MATHNET-0lgk | MATHNET-0dzm | MATHNET-08ew | MATHNET-0d0v | MATHNET-076g | MATHNET-0gle | MATHNET-0cnn | MATHNET-06x6 | MATHNET-00f5,0.9345 | 0.8271 | 0.8173 | 0.8172 | 0.7951 | 0.7934 | 0.7920 | 0.7525 | 0.7507 | 0.7438
MATHNET-0clz,MATHNET-07nh | MATHNET-0ed9 | MATHNET-0cu8 | MATHNET-0ck8 | MATHNET-01ug | MATHNET-09ad | MATHNET-071o | MATHNET-0akk | MATHNET-09m6 | MATHNET-0bo4,0.8394 | 0.7870 | 0.7850 | 0.7850 | 0.7456 | 0.7447 | 0.7440 | 0.7411 | 0.7346 | 0.7248
MATHNET-0cm5,MATHNET-0ing | MATHNET-05dg | MATHNET-0bhh | MATHNET-04v9 | MATHNET-0kx0 | MATHNET-07cc | MATHNET-020e | MATHNET-04vh | MATHNET-0dxz | MATHNET-0h61,0.9275 | 0.9167 | 0.8443 | 0.8416 | 0.8375 | 0.8145 | 0.8107 | 0.8027 | 0.8002 | 0.7923
MATHNET-0cmk,MATHNET-0buy | MATHNET-084e | MATHNET-02qx | MATHNET-0220 | MATHNET-022e | MATHNET-02ya | MATHNET-0fhe | MATHNET-0fre | MATHNET-09qh | MATHNET-05tc,0.8876 | 0.8789 | 0.8735 | 0.8706 | 0.8644 | 0.8624 | 0.8519 | 0.8408 | 0.8404 | 0.8345
MATHNET-0cmp,MATHNET-090w | MATHNET-0gj4 | MATHNET-05qv | MATHNET-0bgs | MATHNET-0fhq | MATHNET-0fvr | MATHNET-05k2 | MATHNET-05f6 | MATHNET-02ya | MATHNET-05x1,0.8313 | 0.8276 | 0.8271 | 0.8156 | 0.8113 | 0.8099 | 0.8029 | 0.8017 | 0.8000 | 0.7934
MATHNET-0cmw,MATHNET-0fhq | MATHNET-09c4 | MATHNET-0bgs | MATHNET-0fk5 | MATHNET-0ebi | MATHNET-05gq | MATHNET-00cu | MATHNET-090w | MATHNET-01os | MATHNET-05i6,0.9017 | 0.8414 | 0.8308 | 0.8282 | 0.8245 | 0.8175 | 0.8136 | 0.8035 | 0.7979 | 0.7852
MATHNET-0cnh,MATHNET-087s | MATHNET-05qu | MATHNET-0cmp | MATHNET-0fv5 | MATHNET-0fvr | MATHNET-05f6 | MATHNET-0bgs | MATHNET-0dmg | MATHNET-0fhq | MATHNET-05vy,0.8128 | 0.8055 | 0.7882 | 0.7855 | 0.7696 | 0.7686 | 0.7647 | 0.7594 | 0.7498 | 0.7434
MATHNET-0cnn,MATHNET-06x6 | MATHNET-0gle | MATHNET-0d0v | MATHNET-0lgk | MATHNET-0dpx | MATHNET-03nj | MATHNET-0dyh | MATHNET-08o1 | MATHNET-0dzm | MATHNET-0etj,0.9309 | 0.9047 | 0.8962 | 0.8873 | 0.8151 | 0.8141 | 0.8127 | 0.8125 | 0.8080 | 0.8063
MATHNET-0co7,MATHNET-01qi | MATHNET-0c4x | MATHNET-0caz | MATHNET-0bpv | MATHNET-0bw4 | MATHNET-0bdr | MATHNET-0gfv | MATHNET-0beo | MATHNET-0bl4 | MATHNET-0l7k,0.9989 | 0.8584 | 0.8584 | 0.8584 | 0.8584 | 0.8584 | 0.8584 | 0.8584 | 0.8584 | 0.8584
MATHNET-0coi,MATHNET-05lk | MATHNET-05zn | MATHNET-09sr | MATHNET-05jo | MATHNET-0dmg | MATHNET-08ek | MATHNET-05m2 | MATHNET-085n | MATHNET-0955 | MATHNET-05vy,0.8368 | 0.8317 | 0.8314 | 0.8201 | 0.8147 | 0.8136 | 0.8130 | 0.8088 | 0.8080 | 0.8029
MATHNET-0cr9,MATHNET-05g5 | MATHNET-07yc | MATHNET-05z2 | MATHNET-09tk | MATHNET-09q7 | MATHNET-05m2 | MATHNET-0302 | MATHNET-05zn | MATHNET-0g3p | MATHNET-0g0d,0.9138 | 0.8880 | 0.8866 | 0.8709 | 0.8688 | 0.8678 | 0.8639 | 0.8586 | 0.8565 | 0.8512
MATHNET-0csu,MATHNET-085n | MATHNET-05lk | MATHNET-05n9 | MATHNET-05jo | MATHNET-09sr | MATHNET-05vy | MATHNET-0955 | MATHNET-0fid | MATHNET-08gj | MATHNET-02zm,0.8752 | 0.8694 | 0.8521 | 0.8485 | 0.8273 | 0.8250 | 0.8237 | 0.8212 | 0.8202 | 0.8098
MATHNET-0cu5,MATHNET-0jxw | MATHNET-010r | MATHNET-0cwk | MATHNET-03xn | MATHNET-01ud | MATHNET-08m2 | MATHNET-051m | MATHNET-0dq2 | MATHNET-05tl | MATHNET-06ts,0.7952 | 0.7414 | 0.7345 | 0.7266 | 0.7199 | 0.7178 | 0.7008 | 0.6995 | 0.6964 | 0.6778
MATHNET-0cu8,MATHNET-0ed9 | MATHNET-04xa | MATHNET-0akk | MATHNET-07nh | MATHNET-0clz | MATHNET-017x | MATHNET-0et0 | MATHNET-06un | MATHNET-0lco | MATHNET-03yl,0.8279 | 0.8014 | 0.8010 | 0.8003 | 0.7850 | 0.7758 | 0.7682 | 0.7549 | 0.7350 | 0.7284
MATHNET-0cus,MATHNET-048d | MATHNET-0ilv | MATHNET-06jk | MATHNET-0bis | MATHNET-0agp | MATHNET-0jqi | MATHNET-07xw | MATHNET-01k3 | MATHNET-07gg | MATHNET-00fc,0.7466 | 0.6962 | 0.6823 | 0.6685 | 0.6552 | 0.6545 | 0.6362 | 0.6250 | 0.6214 | 0.6193
MATHNET-0cvb,MATHNET-062m | MATHNET-0fvm | MATHNET-01l1 | MATHNET-09ti | MATHNET-09qh | MATHNET-0fxg | MATHNET-0g0v | MATHNET-05x1 | MATHNET-02qx | MATHNET-02pg,0.8477 | 0.8254 | 0.8108 | 0.7842 | 0.7536 | 0.7510 | 0.7474 | 0.7242 | 0.7174 | 0.7143
MATHNET-0cvk,MATHNET-02xm | MATHNET-02pg | MATHNET-02ca | MATHNET-0fxg | MATHNET-05yi | MATHNET-0g2s | MATHNET-0az2 | MATHNET-0fyo | MATHNET-023f | MATHNET-02nt,0.8571 | 0.8339 | 0.8289 | 0.8188 | 0.8170 | 0.7929 | 0.7821 | 0.7746 | 0.7741 | 0.7726
MATHNET-0cwk,MATHNET-010r | MATHNET-03xn | MATHNET-0jxw | MATHNET-08m2 | MATHNET-051m | MATHNET-04iz | MATHNET-0lfz | MATHNET-0cu5 | MATHNET-01b7 | MATHNET-0dq2,0.7992 | 0.7799 | 0.7632 | 0.7549 | 0.7388 | 0.7387 | 0.7360 | 0.7345 | 0.7290 | 0.7186
MATHNET-0cwp,MATHNET-04aq | MATHNET-0cjq | MATHNET-00hu | MATHNET-099l | MATHNET-00ac | MATHNET-02h7 | MATHNET-0a2l | MATHNET-01bj | MATHNET-077h | MATHNET-0ldf,0.8461 | 0.7906 | 0.7657 | 0.7628 | 0.7624 | 0.7572 | 0.7523 | 0.7452 | 0.7328 | 0.7244
MATHNET-0cww,MATHNET-01k3 | MATHNET-0b2t | MATHNET-01ug | MATHNET-00fc | MATHNET-078n | MATHNET-0jh7 | MATHNET-0kw5 | MATHNET-0115 | MATHNET-0ck8 | MATHNET-00ok,0.7989 | 0.7940 | 0.7647 | 0.7640 | 0.7587 | 0.7570 | 0.7540 | 0.7503 | 0.7409 | 0.7397
MATHNET-0cx2,MATHNET-09i8 | MATHNET-0amu | MATHNET-0kqf | MATHNET-04bo | MATHNET-0e8i | MATHNET-0eao | MATHNET-0e84 | MATHNET-09wj | MATHNET-0axe | MATHNET-0jpj,1.0000 | 0.9867 | 0.9867 | 0.9737 | 0.9367 | 0.9367 | 0.9367 | 0.8298 | 0.8089 | 0.8070
MATHNET-0cy2,MATHNET-01b7 | MATHNET-06ts | MATHNET-0dq2 | MATHNET-07l8 | MATHNET-01ii | MATHNET-00up | MATHNET-04t3 | MATHNET-08q8 | MATHNET-03n2 | MATHNET-0lfz,0.8351 | 0.8204 | 0.8068 | 0.7772 | 0.7760 | 0.7602 | 0.7560 | 0.7396 | 0.7356 | 0.7286
MATHNET-0cy4,MATHNET-04st | MATHNET-04ch | MATHNET-0a32 | MATHNET-0ar9 | MATHNET-0au5 | MATHNET-0490 | MATHNET-09u9 | MATHNET-0anq | MATHNET-0br0 | MATHNET-0lad,1.0000 | 1.0000 | 1.0000 | 1.0000 | 1.0000 | 1.0000 | 1.0000 | 1.0000 | 1.0000 | 1.0000
MATHNET-0cz9,MATHNET-0hxe | MATHNET-09iq | MATHNET-06ct | MATHNET-0jx0 | MATHNET-0gyd | MATHNET-0bxp | MATHNET-00nu | MATHNET-0hog | MATHNET-0bot | MATHNET-01ef,0.8812 | 0.8690 | 0.8448 | 0.8422 | 0.8263 | 0.8238 | 0.8170 | 0.8106 | 0.8083 | 0.8034
MATHNET-0czk,MATHNET-009s | MATHNET-0j9k | MATHNET-07uh | MATHNET-0ax4 | MATHNET-04vh | MATHNET-056b | MATHNET-09xc | MATHNET-0jnd | MATHNET-0dxz | MATHNET-0d9u,0.8231 | 0.7803 | 0.7689 | 0.7688 | 0.7658 | 0.7644 | 0.7569 | 0.7512 | 0.7468 | 0.7462
MATHNET-0d0r,MATHNET-0aae | MATHNET-06nl | MATHNET-017j | MATHNET-0ag8 | MATHNET-0i5w | MATHNET-06i3 | MATHNET-08im | MATHNET-0fad | MATHNET-0k0z | MATHNET-0e73,0.7717 | 0.7567 | 0.7549 | 0.7513 | 0.7415 | 0.7402 | 0.7284 | 0.7233 | 0.7212 | 0.7180
MATHNET-0d0s,MATHNET-07oo | MATHNET-0gqo | MATHNET-0hvc | MATHNET-0528 | MATHNET-0b1m | MATHNET-02dy | MATHNET-07la | MATHNET-0e08 | MATHNET-0f88 | MATHNET-0f42,0.9161 | 0.9048 | 0.8954 | 0.8687 | 0.8530 | 0.8378 | 0.8296 | 0.8262 | 0.8181 | 0.8168
MATHNET-0d0v,MATHNET-0lgk | MATHNET-0gle | MATHNET-0cnn | MATHNET-06x6 | MATHNET-0dzm | MATHNET-0etj | MATHNET-06xr | MATHNET-0clu | MATHNET-076g | MATHNET-03nj,0.9154 | 0.9002 | 0.8962 | 0.8664 | 0.8250 | 0.8021 | 0.7980 | 0.7951 | 0.7938 | 0.7802
MATHNET-0d1o,MATHNET-04e7 | MATHNET-0agx | MATHNET-0au7 | MATHNET-00by | MATHNET-0k4h | MATHNET-0a53 | MATHNET-0a9f | MATHNET-065e | MATHNET-06x6 | MATHNET-0j4z,0.8632 | 0.8300 | 0.8229 | 0.8194 | 0.8140 | 0.8105 | 0.7910 | 0.7771 | 0.7740 | 0.7664
MATHNET-0d4o,MATHNET-072g | MATHNET-0i0w | MATHNET-07ad | MATHNET-07k2 | MATHNET-08pm | MATHNET-03wz | MATHNET-01f7 | MATHNET-07c0 | MATHNET-06dp | MATHNET-0dst,0.8152 | 0.7653 | 0.7609 | 0.7547 | 0.7452 | 0.7322 | 0.7288 | 0.7235 | 0.7186 | 0.7168
MATHNET-0d4q,MATHNET-0115 | MATHNET-0cww | MATHNET-01k3 | MATHNET-0jh7 | MATHNET-0jqi | MATHNET-0jc8 | MATHNET-0b2t | MATHNET-078n | MATHNET-0kw5 | MATHNET-0bo4,0.7865 | 0.7393 | 0.6971 | 0.6484 | 0.6476 | 0.6357 | 0.6331 | 0.6314 | 0.6298 | 0.6295
MATHNET-0d5z,MATHNET-04a8 | MATHNET-0gx3 | MATHNET-0ena | MATHNET-0bmx | MATHNET-06mm | MATHNET-03f4 | MATHNET-0k97 | MATHNET-08y6 | MATHNET-0a5l | MATHNET-0krr,0.8969 | 0.8920 | 0.8680 | 0.8641 | 0.8506 | 0.8375 | 0.8151 | 0.8134 | 0.8067 | 0.8064
MATHNET-0d6e,MATHNET-03vm | MATHNET-04aq | MATHNET-0gdx | MATHNET-00ac | MATHNET-0ijk | MATHNET-06nj | MATHNET-04a3 | MATHNET-0a2l | MATHNET-0jtz | MATHNET-02h7,0.8246 | 0.7640 | 0.7462 | 0.7456 | 0.7316 | 0.7310 | 0.7272 | 0.7214 | 0.7155 | 0.7097
MATHNET-0d6i,MATHNET-03o9 | MATHNET-01rg | MATHNET-09pd | MATHNET-0adi | MATHNET-0a7r | MATHNET-0bwb | MATHNET-0bmd | MATHNET-03x3 | MATHNET-0bq8 | MATHNET-0azg,0.8408 | 0.8293 | 0.8123 | 0.8101 | 0.8087 | 0.7673 | 0.7664 | 0.7660 | 0.7613 | 0.7610
MATHNET-0d7c,MATHNET-0bvn | MATHNET-02gm | MATHNET-0jcv | MATHNET-04yn | MATHNET-02ff | MATHNET-0jt8 | MATHNET-0cjq | MATHNET-00ba | MATHNET-0dad | MATHNET-03qe,0.7766 | 0.7310 | 0.7214 | 0.7136 | 0.7052 | 0.7049 | 0.7008 | 0.7001 | 0.6961 | 0.6958
MATHNET-0d7d,MATHNET-0djq | MATHNET-06fe | MATHNET-0hgo | MATHNET-0h9m | MATHNET-0dau | MATHNET-0ihr | MATHNET-0idn | MATHNET-0eug | MATHNET-09ho | MATHNET-0f9k,0.8814 | 0.8626 | 0.8595 | 0.8542 | 0.8325 | 0.8204 | 0.8124 | 0.7181 | 0.7146 | 0.6850
MATHNET-0d92,MATHNET-0ksl | MATHNET-08nc | MATHNET-0i9p | MATHNET-06fc | MATHNET-0jxp | MATHNET-041i | MATHNET-0le8 | MATHNET-07w7 | MATHNET-07ko | MATHNET-07gp,0.7978 | 0.7924 | 0.7886 | 0.7661 | 0.7634 | 0.7630 | 0.7416 | 0.7182 | 0.7120 | 0.7105
MATHNET-0d9u,MATHNET-09xc | MATHNET-0b2x | MATHNET-0hs4 | MATHNET-08wo | MATHNET-01n3 | MATHNET-0jnd | MATHNET-07x2 | MATHNET-0iat | MATHNET-01dv | MATHNET-01qs,0.8505 | 0.8413 | 0.8408 | 0.8335 | 0.8300 | 0.8049 | 0.8031 | 0.7886 | 0.7793 | 0.7715
MATHNET-0da8,MATHNET-0bxl | MATHNET-07oq | MATHNET-01l8 | MATHNET-09pd | MATHNET-056g | MATHNET-0gps | MATHNET-0bq8 | MATHNET-0jwx | MATHNET-0b2w | MATHNET-007a,0.8788 | 0.8314 | 0.8036 | 0.7905 | 0.7890 | 0.7838 | 0.7786 | 0.7769 | 0.7701 | 0.7648
MATHNET-0dad,MATHNET-04yn | MATHNET-02gm | MATHNET-0le9 | MATHNET-0cjq | MATHNET-02h7 | MATHNET-0bal | MATHNET-01bj | MATHNET-02ex | MATHNET-0bx8 | MATHNET-02ff,0.8683 | 0.8284 | 0.7887 | 0.7716 | 0.7645 | 0.7570 | 0.7565 | 0.7477 | 0.7471 | 0.7401
MATHNET-0dau,MATHNET-0djq | MATHNET-0d7d | MATHNET-0ihr | MATHNET-0idn | MATHNET-06fe | MATHNET-0hgo | MATHNET-0h9m | MATHNET-09ho | MATHNET-0eug | MATHNET-0f9k,0.8393 | 0.8325 | 0.8012 | 0.7905 | 0.7894 | 0.7856 | 0.7768 | 0.7274 | 0.6914 | 0.6658
MATHNET-0dbf,MATHNET-0bxp | MATHNET-0hxe | MATHNET-0jx0 | MATHNET-058t | MATHNET-0kfj | MATHNET-01ef | MATHNET-01uc | MATHNET-0cz9 | MATHNET-0l8o | MATHNET-07o3,0.8281 | 0.8181 | 0.8064 | 0.8023 | 0.7975 | 0.7933 | 0.7923 | 0.7865 | 0.7858 | 0.7849
MATHNET-0dd1,MATHNET-04hy | MATHNET-04up | MATHNET-0eyj | MATHNET-0f78 | MATHNET-001e | MATHNET-0f9f | MATHNET-04iq | MATHNET-0gme | MATHNET-009e | MATHNET-02n9,1.0000 | 1.0000 | 1.0000 | 1.0000 | 1.0000 | 1.0000 | 1.0000 | 1.0000 | 0.9737 | 0.9737
MATHNET-0dfz,MATHNET-071d | MATHNET-0j12 | MATHNET-017j | MATHNET-08im | MATHNET-0cey | MATHNET-0jv5 | MATHNET-0500 | MATHNET-0e73 | MATHNET-09jx | MATHNET-06i3,0.7982 | 0.7615 | 0.7407 | 0.7395 | 0.7383 | 0.7267 | 0.7186 | 0.7130 | 0.7106 | 0.7034
MATHNET-0dgr,MATHNET-0fg6 | MATHNET-01nc | MATHNET-0f03 | MATHNET-09k0 | MATHNET-0gg9 | MATHNET-04uw | MATHNET-0c9v | MATHNET-01t8 | MATHNET-0cie | MATHNET-09ka,1.0000 | 1.0000 | 1.0000 | 1.0000 | 1.0000 | 1.0000 | 1.0000 | 1.0000 | 1.0000 | 1.0000
MATHNET-0dgx,MATHNET-09k0 | MATHNET-0c9v | MATHNET-0gg9 | MATHNET-09jr | MATHNET-01t8 | MATHNET-0f03 | MATHNET-0dgr | MATHNET-0cie | MATHNET-09ka | MATHNET-0c1x,1.0000 | 1.0000 | 1.0000 | 1.0000 | 1.0000 | 1.0000 | 1.0000 | 1.0000 | 1.0000 | 1.0000
MATHNET-0dil,MATHNET-0925 | MATHNET-0dyh | MATHNET-08o1 | MATHNET-00k4 | MATHNET-03w7 | MATHNET-06nq | MATHNET-0dpx | MATHNET-06h1 | MATHNET-0hdo | MATHNET-0157,0.9437 | 0.9030 | 0.8897 | 0.8726 | 0.8541 | 0.8535 | 0.8486 | 0.8413 | 0.8279 | 0.8120
MATHNET-0djq,MATHNET-0d7d | MATHNET-0ihr | MATHNET-0dau | MATHNET-0hgo | MATHNET-06fe | MATHNET-0h9m | MATHNET-0idn | MATHNET-09ho | MATHNET-0eug | MATHNET-0f9k,0.8814 | 0.8455 | 0.8393 | 0.8360 | 0.8355 | 0.7954 | 0.7748 | 0.7144 | 0.7032 | 0.6799
MATHNET-0djw,MATHNET-08id | MATHNET-0698 | MATHNET-0b09 | MATHNET-0c6i | MATHNET-0f6y | MATHNET-09jj | MATHNET-0c1k | MATHNET-02n9 | MATHNET-009e | MATHNET-0lbg,1.0000 | 1.0000 | 1.0000 | 1.0000 | 1.0000 | 1.0000 | 1.0000 | 0.9737 | 0.9737 | 0.9737
MATHNET-0dk0,MATHNET-0l8o | MATHNET-0kfj | MATHNET-0k65 | MATHNET-01uc | MATHNET-03xa | MATHNET-0a7l | MATHNET-0aho | MATHNET-01tp | MATHNET-05ai | MATHNET-0dbf,0.9469 | 0.9190 | 0.8975 | 0.8624 | 0.8528 | 0.8217 | 0.8208 | 0.7976 | 0.7747 | 0.7691
MATHNET-0dla,MATHNET-0hjb | MATHNET-00ug | MATHNET-03ma | MATHNET-078n | MATHNET-0f8j | MATHNET-0b2t | MATHNET-0kw5 | MATHNET-037b | MATHNET-0jld | MATHNET-0h2a,0.8292 | 0.8105 | 0.8102 | 0.8077 | 0.7905 | 0.7902 | 0.7799 | 0.7760 | 0.7720 | 0.7677
MATHNET-0dmc,MATHNET-05yo | MATHNET-05jg | MATHNET-0fnb | MATHNET-0fxv | MATHNET-00lt | MATHNET-0fg1 | MATHNET-064l | MATHNET-0g3p | MATHNET-09tk | MATHNET-05qn,0.9676 | 0.9305 | 0.9214 | 0.9149 | 0.9105 | 0.9036 | 0.8950 | 0.8915 | 0.8911 | 0.8898
MATHNET-0dmg,MATHNET-05vy | MATHNET-05jo | MATHNET-08ek | MATHNET-085n | MATHNET-0coi | MATHNET-0fmk | MATHNET-087s | MATHNET-09sr | MATHNET-05zn | MATHNET-05m2,0.8568 | 0.8280 | 0.8212 | 0.8168 | 0.8147 | 0.8064 | 0.7992 | 0.7972 | 0.7950 | 0.7902
MATHNET-0dnv,MATHNET-062q | MATHNET-081p | MATHNET-05lp | MATHNET-0g0d | MATHNET-0302 | MATHNET-084e | MATHNET-09q7 | MATHNET-0g28 | MATHNET-05g5 | MATHNET-05rp,0.8785 | 0.8441 | 0.8222 | 0.8069 | 0.8017 | 0.7997 | 0.7988 | 0.7962 | 0.7945 | 0.7944
MATHNET-0doe,MATHNET-0h3f | MATHNET-0fjo | MATHNET-0gan | MATHNET-0fre | MATHNET-02lp | MATHNET-09vi | MATHNET-0fx2 | MATHNET-09rl | MATHNET-09q7 | MATHNET-0dvx,0.9181 | 0.8637 | 0.8532 | 0.8438 | 0.8393 | 0.8391 | 0.8389 | 0.8382 | 0.8266 | 0.8135
MATHNET-0dps,MATHNET-00hy | MATHNET-0jgz | MATHNET-06xj | MATHNET-077p | MATHNET-0c66 | MATHNET-0i9x | MATHNET-08y2 | MATHNET-03ln | MATHNET-0bzc | MATHNET-05d6,0.9197 | 0.8903 | 0.8795 | 0.8766 | 0.8541 | 0.8508 | 0.8479 | 0.8424 | 0.8404 | 0.8394
MATHNET-0dpx,MATHNET-0dyh | MATHNET-0925 | MATHNET-03w7 | MATHNET-0dil | MATHNET-08o1 | MATHNET-0etj | MATHNET-06nq | MATHNET-0cnn | MATHNET-08n2 | MATHNET-0cc6,0.9116 | 0.8778 | 0.8558 | 0.8486 | 0.8447 | 0.8400 | 0.8199 | 0.8151 | 0.8070 | 0.8039
MATHNET-0dq2,MATHNET-06ts | MATHNET-01b7 | MATHNET-0cy2 | MATHNET-00up | MATHNET-0lfz | MATHNET-04t3 | MATHNET-07l8 | MATHNET-08q8 | MATHNET-06pl | MATHNET-04u6,0.8372 | 0.8109 | 0.8068 | 0.8040 | 0.7953 | 0.7849 | 0.7696 | 0.7657 | 0.7619 | 0.7483
MATHNET-0dqf,MATHNET-0ag7 | MATHNET-0413 | MATHNET-0idn | MATHNET-0609 | MATHNET-0huv | MATHNET-0b84 | MATHNET-00xp | MATHNET-0f3f | MATHNET-06j5 | MATHNET-05u0,0.8124 | 0.7292 | 0.7268 | 0.7249 | 0.7193 | 0.7084 | 0.7040 | 0.7001 | 0.6967 | 0.6940
MATHNET-0dqz,MATHNET-0212 | MATHNET-01qs | MATHNET-03e9 | MATHNET-04ru | MATHNET-0iic | MATHNET-0bth | MATHNET-00ny | MATHNET-0387 | MATHNET-0ax4 | MATHNET-01u2,0.8632 | 0.8541 | 0.8432 | 0.8421 | 0.8389 | 0.8332 | 0.8331 | 0.8294 | 0.8215 | 0.8206
MATHNET-0drf,MATHNET-007d | MATHNET-037b | MATHNET-08yd | MATHNET-0htx | MATHNET-032t | MATHNET-00yo | MATHNET-0h2a | MATHNET-0a95 | MATHNET-0f3d | MATHNET-0e06,0.8778 | 0.8088 | 0.7894 | 0.7840 | 0.7711 | 0.7605 | 0.7505 | 0.7481 | 0.7453 | 0.7445
MATHNET-0dri,MATHNET-0901 | MATHNET-01b7 | MATHNET-08tg | MATHNET-08q8 | MATHNET-0lfz | MATHNET-04iz | MATHNET-07l8 | MATHNET-0hax | MATHNET-00up | MATHNET-0l9s,0.7190 | 0.7132 | 0.7009 | 0.6952 | 0.6896 | 0.6805 | 0.6789 | 0.6756 | 0.6749 | 0.6691
MATHNET-0dsa,MATHNET-0jld | MATHNET-0hjb | MATHNET-0f8j | MATHNET-0f0z | MATHNET-0590 | MATHNET-0dla | MATHNET-00ug | MATHNET-0jfo | MATHNET-078n | MATHNET-03us,0.8848 | 0.8412 | 0.8337 | 0.8203 | 0.7745 | 0.7662 | 0.7651 | 0.7639 | 0.7533 | 0.7397
MATHNET-0dst,MATHNET-02eg | MATHNET-0akb | MATHNET-09xk | MATHNET-07c0 | MATHNET-07ad | MATHNET-09xc | MATHNET-07dr | MATHNET-03z3 | MATHNET-01zv | MATHNET-00vm,0.8020 | 0.7967 | 0.7967 | 0.7920 | 0.7821 | 0.7681 | 0.7636 | 0.7613 | 0.7590 | 0.7555
MATHNET-0dtj,MATHNET-0bfx | MATHNET-04k6 | MATHNET-0hak | MATHNET-0e2b | MATHNET-08py | MATHNET-039y | MATHNET-03w8 | MATHNET-0jv5 | MATHNET-071d | MATHNET-08im,0.7763 | 0.7606 | 0.7597 | 0.7538 | 0.7497 | 0.7343 | 0.7234 | 0.7050 | 0.6791 | 0.6711
MATHNET-0dts,MATHNET-0bn3 | MATHNET-03di | MATHNET-0hfw | MATHNET-0hog | MATHNET-08kv | MATHNET-09hf | MATHNET-07r9 | MATHNET-0aus | MATHNET-064u | MATHNET-0ibi,0.9423 | 0.8422 | 0.8396 | 0.8391 | 0.8391 | 0.8373 | 0.8205 | 0.8202 | 0.8107 | 0.8078
MATHNET-0dv1,MATHNET-0dvb | MATHNET-05qs | MATHNET-014t | MATHNET-0jdx | MATHNET-0az2 | MATHNET-029k | MATHNET-023f | MATHNET-0bui | MATHNET-0gda | MATHNET-05j5,0.8868 | 0.8364 | 0.8263 | 0.8058 | 0.7963 | 0.7907 | 0.7906 | 0.7893 | 0.7879 | 0.7868
MATHNET-0dvb,MATHNET-0dv1 | MATHNET-05qs | MATHNET-0bui | MATHNET-0eex | MATHNET-023f | MATHNET-0egg | MATHNET-014t | MATHNET-0jdx | MATHNET-08kq | MATHNET-02nt,0.8868 | 0.8059 | 0.7934 | 0.7909 | 0.7887 | 0.7713 | 0.7527 | 0.7481 | 0.7474 | 0.7382
MATHNET-0dvk,MATHNET-0fru | MATHNET-05gq | MATHNET-0hai | MATHNET-08kq | MATHNET-09c4 | MATHNET-0fv2 | MATHNET-0fhe | MATHNET-0ggv | MATHNET-09do | MATHNET-081q,0.9717 | 0.8836 | 0.8821 | 0.8670 | 0.8618 | 0.8489 | 0.8440 | 0.8396 | 0.8277 | 0.8251
MATHNET-0dvx,MATHNET-0gan | MATHNET-0h39 | MATHNET-02zm | MATHNET-02lp | MATHNET-0fid | MATHNET-0g60 | MATHNET-0fx2 | MATHNET-05f6 | MATHNET-0h3f | MATHNET-02ya,0.9138 | 0.9070 | 0.8656 | 0.8592 | 0.8510 | 0.8499 | 0.8449 | 0.8375 | 0.8340 | 0.8280
MATHNET-0dw6,MATHNET-0h3e | MATHNET-0ii2 | MATHNET-0ig6 | MATHNET-0g7r | MATHNET-02ca | MATHNET-0h46 | MATHNET-0irf | MATHNET-0hj7 | MATHNET-0fti | MATHNET-0f3n,0.9284 | 0.9196 | 0.9147 | 0.8861 | 0.8804 | 0.8662 | 0.8604 | 0.8603 | 0.8588 | 0.8588
MATHNET-0dxz,MATHNET-04vh | MATHNET-05dg | MATHNET-0cm5 | MATHNET-0ing | MATHNET-0j9k | MATHNET-056b | MATHNET-0ax4 | MATHNET-07uh | MATHNET-0h61 | MATHNET-0czk,0.9170 | 0.8428 | 0.8002 | 0.7771 | 0.7733 | 0.7697 | 0.7672 | 0.7577 | 0.7475 | 0.7468
MATHNET-0dyh,MATHNET-0925 | MATHNET-0dpx | MATHNET-0dil | MATHNET-08o1 | MATHNET-03w7 | MATHNET-00k4 | MATHNET-06nq | MATHNET-0cc6 | MATHNET-0etj | MATHNET-0cnn,0.9328 | 0.9116 | 0.9030 | 0.8803 | 0.8802 | 0.8314 | 0.8297 | 0.8232 | 0.8182 | 0.8127
MATHNET-0dyz,MATHNET-05ai | MATHNET-0kqa | MATHNET-08rj | MATHNET-01u9 | MATHNET-00k4 | MATHNET-0652 | MATHNET-0kd5 | MATHNET-0bwb | MATHNET-01db | MATHNET-01qk,0.8200 | 0.8063 | 0.7962 | 0.7912 | 0.7886 | 0.7657 | 0.7650 | 0.7629 | 0.7616 | 0.7607
MATHNET-0dz5,MATHNET-0if1 | MATHNET-0blq | MATHNET-07n4 | MATHNET-04ra | MATHNET-0ckb | MATHNET-0idy | MATHNET-0b7y | MATHNET-0htx | MATHNET-0j86 | MATHNET-038o,0.8182 | 0.7861 | 0.7845 | 0.7759 | 0.7698 | 0.7650 | 0.7607 | 0.7492 | 0.7473 | 0.7391
MATHNET-0dzm,MATHNET-0lgk | MATHNET-0gle | MATHNET-06xr | MATHNET-076g | MATHNET-0d0v | MATHNET-0clu | MATHNET-08ew | MATHNET-06x6 | MATHNET-0cnn | MATHNET-00f5,0.8477 | 0.8381 | 0.8283 | 0.8264 | 0.8250 | 0.8173 | 0.8161 | 0.8100 | 0.8080 | 0.7820
MATHNET-0e06,MATHNET-00yo | MATHNET-038o | MATHNET-037b | MATHNET-007d | MATHNET-00l0 | MATHNET-00g4 | MATHNET-0b7y | MATHNET-0blq | MATHNET-07n4 | MATHNET-09vr,0.8252 | 0.7879 | 0.7774 | 0.7731 | 0.7709 | 0.7685 | 0.7653 | 0.7581 | 0.7575 | 0.7516
MATHNET-0e08,MATHNET-0b1m | MATHNET-0jzx | MATHNET-0ibu | MATHNET-0gqo | MATHNET-07oo | MATHNET-0hhz | MATHNET-0ko4 | MATHNET-0hz2 | MATHNET-0kpx | MATHNET-0hvc,0.9318 | 0.8920 | 0.8601 | 0.8578 | 0.8556 | 0.8533 | 0.8460 | 0.8457 | 0.8434 | 0.8410
MATHNET-0e0d,MATHNET-0kto | MATHNET-03bp | MATHNET-00g4 | MATHNET-07du | MATHNET-0bo4 | MATHNET-00qi | MATHNET-0bd7 | MATHNET-0b2t | MATHNET-0e06 | MATHNET-07xw,0.8245 | 0.8218 | 0.8096 | 0.7670 | 0.7623 | 0.7486 | 0.7453 | 0.7426 | 0.7384 | 0.7344
MATHNET-0e2b,MATHNET-0hak | MATHNET-0dtj | MATHNET-04k6 | MATHNET-06ak | MATHNET-08py | MATHNET-03qe | MATHNET-03w8 | MATHNET-0d7c | MATHNET-0bfx | MATHNET-0bvn,0.7542 | 0.7538 | 0.7278 | 0.7176 | 0.7146 | 0.7142 | 0.7004 | 0.6930 | 0.6911 | 0.6903
MATHNET-0e4b,MATHNET-0l31 | MATHNET-0b2t | MATHNET-0dla | MATHNET-0kw5 | MATHNET-0jc8 | MATHNET-00fc | MATHNET-0j6t | MATHNET-07xw | MATHNET-0jld | MATHNET-0kf4,0.7753 | 0.7639 | 0.7519 | 0.7357 | 0.7348 | 0.7308 | 0.7260 | 0.7252 | 0.7194 | 0.7188
MATHNET-0e5q,MATHNET-07l2 | MATHNET-09jx | MATHNET-0cey | MATHNET-04p0 | MATHNET-08im | MATHNET-0jv5 | MATHNET-0gy1 | MATHNET-01oe | MATHNET-0k0z | MATHNET-0ag8,0.7934 | 0.7449 | 0.7432 | 0.7415 | 0.7358 | 0.7149 | 0.7117 | 0.7116 | 0.6909 | 0.6824
MATHNET-0e73,MATHNET-0500 | MATHNET-07rd | MATHNET-06i3 | MATHNET-0cg1 | MATHNET-0gqz | MATHNET-0eak | MATHNET-03wz | MATHNET-01bf | MATHNET-0f8b | MATHNET-0a7h,0.8358 | 0.8315 | 0.8034 | 0.7978 | 0.7907 | 0.7676 | 0.7493 | 0.7410 | 0.7408 | 0.7402
MATHNET-0e84,MATHNET-0eao | MATHNET-0e8i | MATHNET-04bo | MATHNET-0cx2 | MATHNET-09i8 | MATHNET-0amu | MATHNET-0kqf | MATHNET-0axe | MATHNET-0apd | MATHNET-09wj,1.0000 | 1.0000 | 0.9610 | 0.9367 | 0.9367 | 0.9250 | 0.9250 | 0.8151 | 0.8051 | 0.7991
MATHNET-0e8i,MATHNET-0eao | MATHNET-0e84 | MATHNET-04bo | MATHNET-0cx2 | MATHNET-09i8 | MATHNET-0amu | MATHNET-0kqf | MATHNET-0axe | MATHNET-0apd | MATHNET-09wj,1.0000 | 1.0000 | 0.9610 | 0.9367 | 0.9367 | 0.9250 | 0.9250 | 0.8151 | 0.8051 | 0.7991
MATHNET-0eak,MATHNET-0500 | MATHNET-06i3 | MATHNET-0a7h | MATHNET-02ex | MATHNET-06dp | MATHNET-0le9 | MATHNET-03t6 | MATHNET-0e73 | MATHNET-02h7 | MATHNET-08kn,0.8191 | 0.8128 | 0.7941 | 0.7871 | 0.7834 | 0.7793 | 0.7691 | 0.7676 | 0.7655 | 0.7642
MATHNET-0eao,MATHNET-0e8i | MATHNET-0e84 | MATHNET-04bo | MATHNET-0cx2 | MATHNET-09i8 | MATHNET-0kqf | MATHNET-0amu | MATHNET-0axe | MATHNET-0apd | MATHNET-09wj,1.0000 | 1.0000 | 0.9610 | 0.9367 | 0.9367 | 0.9250 | 0.9250 | 0.8151 | 0.8051 | 0.7991
MATHNET-0ebi,MATHNET-00cu | MATHNET-0g60 | MATHNET-00cv | MATHNET-0fhq | MATHNET-0g57 | MATHNET-0cmw | MATHNET-023t | MATHNET-0gbv | MATHNET-05qu | MATHNET-0bgs,0.9749 | 0.8431 | 0.8426 | 0.8299 | 0.8278 | 0.8245 | 0.8126 | 0.8039 | 0.8026 | 0.8002
MATHNET-0ec2,MATHNET-0b9w | MATHNET-0am0 | MATHNET-0k1e | MATHNET-0a32 | MATHNET-0gm2 | MATHNET-0ar9 | MATHNET-0490 | MATHNET-0lad | MATHNET-0alz | MATHNET-0au5,0.7872 | 0.7872 | 0.7123 | 0.6491 | 0.6491 | 0.6491 | 0.6491 | 0.6491 | 0.6491 | 0.6491
MATHNET-0ecu,MATHNET-03tp | MATHNET-0l47 | MATHNET-0edn | MATHNET-0apw | MATHNET-0aw2 | MATHNET-03qo | MATHNET-0kig | MATHNET-0kq5 | MATHNET-08x7 | MATHNET-0axv,0.8258 | 0.7883 | 0.7732 | 0.7596 | 0.7387 | 0.7362 | 0.7343 | 0.7209 | 0.7137 | 0.7091
MATHNET-0ed9,MATHNET-0cu8 | MATHNET-0et0 | MATHNET-0clz | MATHNET-0hsp | MATHNET-04xa | MATHNET-09et | MATHNET-07nh | MATHNET-06un | MATHNET-0lco | MATHNET-04xs,0.8279 | 0.8163 | 0.7870 | 0.7844 | 0.7636 | 0.7583 | 0.7335 | 0.7260 | 0.7235 | 0.7207
MATHNET-0edn,MATHNET-03tp | MATHNET-0l47 | MATHNET-0kig | MATHNET-0ecu | MATHNET-03qo | MATHNET-08x7 | MATHNET-0jht | MATHNET-0kqz | MATHNET-0em4 | MATHNET-0kq5,0.8047 | 0.7913 | 0.7767 | 0.7732 | 0.7670 | 0.7509 | 0.7500 | 0.7448 | 0.7335 | 0.7277
MATHNET-0eex,MATHNET-023f | MATHNET-0egg | MATHNET-024k | MATHNET-01l1 | MATHNET-0dvb | MATHNET-02qx | MATHNET-0fxg | MATHNET-02nt | MATHNET-0bui | MATHNET-0dv1,0.8241 | 0.8046 | 0.8012 | 0.7979 | 0.7909 | 0.7851 | 0.7773 | 0.7699 | 0.7668 | 0.7642
MATHNET-0ef5,MATHNET-02uo | MATHNET-02x1 | MATHNET-05i6 | MATHNET-0i3q | MATHNET-0fev | MATHNET-0ft3 | MATHNET-0jdx | MATHNET-0g7r | MATHNET-06c9 | MATHNET-0fk5,0.9466 | 0.8891 | 0.8746 | 0.8653 | 0.8420 | 0.8403 | 0.8366 | 0.8359 | 0.8356 | 0.8317
MATHNET-0eff,MATHNET-0l66 | MATHNET-0er4 | MATHNET-0ekm | MATHNET-0ek6 | MATHNET-0ehs | MATHNET-02jw | MATHNET-02kg | MATHNET-08a3 | MATHNET-0awa | MATHNET-02lc,0.6902 | 0.6757 | 0.6491 | 0.6488 | 0.6483 | 0.6394 | 0.6355 | 0.6338 | 0.6314 | 0.6259
MATHNET-0efx,MATHNET-023t | MATHNET-0bnb | MATHNET-00cv | MATHNET-0fj3 | MATHNET-05qu | MATHNET-0fwn | MATHNET-067b | MATHNET-0ads | MATHNET-0bgs | MATHNET-0bm7,0.8774 | 0.8466 | 0.8312 | 0.8292 | 0.8266 | 0.8149 | 0.8109 | 0.7980 | 0.7933 | 0.7900
MATHNET-0efy,MATHNET-0k1e | MATHNET-0cha | MATHNET-05k2 | MATHNET-05i6 | MATHNET-0ig4 | MATHNET-0fwn | MATHNET-0fv2 | MATHNET-0hai | MATHNET-0g57 | MATHNET-02uo,0.7010 | 0.6720 | 0.6389 | 0.6349 | 0.6317 | 0.6314 | 0.6311 | 0.6278 | 0.6258 | 0.6228
MATHNET-0egg,MATHNET-024k | MATHNET-022e | MATHNET-0bui | MATHNET-02qx | MATHNET-0buy | MATHNET-09do | MATHNET-0fv2 | MATHNET-02nt | MATHNET-0eex | MATHNET-0hai,0.8934 | 0.8871 | 0.8751 | 0.8477 | 0.8315 | 0.8194 | 0.8171 | 0.8085 | 0.8046 | 0.7957
MATHNET-0ehs,MATHNET-0ek6 | MATHNET-0ekm | MATHNET-087w | MATHNET-02lc | MATHNET-0ej1 | MATHNET-085e | MATHNET-02jw | MATHNET-08a3 | MATHNET-02kg | MATHNET-0epr,0.9724 | 0.9552 | 0.9190 | 0.9066 | 0.8844 | 0.8676 | 0.8614 | 0.8610 | 0.8547 | 0.8063
MATHNET-0ej1,MATHNET-085e | MATHNET-02lc | MATHNET-08a3 | MATHNET-087w | MATHNET-0ehs | MATHNET-0ek6 | MATHNET-0ekm | MATHNET-0epr | MATHNET-02kg | MATHNET-08bm,0.9706 | 0.9551 | 0.9088 | 0.8848 | 0.8844 | 0.8738 | 0.8573 | 0.8388 | 0.8385 | 0.8299
MATHNET-0ek6,MATHNET-0ekm | MATHNET-0ehs | MATHNET-087w | MATHNET-02lc | MATHNET-0ej1 | MATHNET-02jw | MATHNET-085e | MATHNET-08a3 | MATHNET-02kg | MATHNET-0epr,0.9740 | 0.9724 | 0.9136 | 0.8905 | 0.8738 | 0.8622 | 0.8554 | 0.8490 | 0.8459 | 0.8044
MATHNET-0ekm,MATHNET-0ek6 | MATHNET-0ehs | MATHNET-087w | MATHNET-02lc | MATHNET-02jw | MATHNET-0ej1 | MATHNET-02kg | MATHNET-085e | MATHNET-08a3 | MATHNET-0epr,0.9740 | 0.9552 | 0.9138 | 0.8725 | 0.8624 | 0.8573 | 0.8393 | 0.8392 | 0.8306 | 0.7971
MATHNET-0em4,MATHNET-0ia7 | MATHNET-0j2y | MATHNET-08x7 | MATHNET-0b1j | MATHNET-0jht | MATHNET-0kqz | MATHNET-0kt8 | MATHNET-0kq5 | MATHNET-0axv | MATHNET-0jjl,0.9103 | 0.8871 | 0.8777 | 0.8619 | 0.8601 | 0.8454 | 0.8170 | 0.8061 | 0.7991 | 0.7894
MATHNET-0ena,MATHNET-0bmx | MATHNET-04a8 | MATHNET-0gx3 | MATHNET-03f4 | MATHNET-06mm | MATHNET-0ka4 | MATHNET-0d5z | MATHNET-0k97 | MATHNET-07vc | MATHNET-0jp5,0.9414 | 0.9362 | 0.8890 | 0.8879 | 0.8851 | 0.8696 | 0.8680 | 0.8648 | 0.8508 | 0.8457
MATHNET-0epr,MATHNET-0ej1 | MATHNET-085e | MATHNET-02lc | MATHNET-087w | MATHNET-0ehs | MATHNET-08a3 | MATHNET-0ek6 | MATHNET-0ekm | MATHNET-0kjw | MATHNET-0847,0.8388 | 0.8330 | 0.8259 | 0.8184 | 0.8063 | 0.8051 | 0.8044 | 0.7971 | 0.7810 | 0.7803
MATHNET-0er4,MATHNET-0eff | MATHNET-0awa | MATHNET-0l66 | MATHNET-0b1j | MATHNET-0j2y | MATHNET-0ia7 | MATHNET-043v | MATHNET-0axv | MATHNET-03qo | MATHNET-0ecu,0.6757 | 0.6142 | 0.5824 | 0.5342 | 0.5332 | 0.5304 | 0.5299 | 0.5286 | 0.5282 | 0.5275
MATHNET-0est,MATHNET-08y6 | MATHNET-0inz | MATHNET-03bq | MATHNET-01rg | MATHNET-0azg | MATHNET-0ena | MATHNET-058t | MATHNET-0a5l | MATHNET-0bmx | MATHNET-03zv,0.8980 | 0.8610 | 0.8407 | 0.8177 | 0.8139 | 0.8123 | 0.8108 | 0.8017 | 0.7926 | 0.7901
MATHNET-0et0,MATHNET-0hsp | MATHNET-09et | MATHNET-0ed9 | MATHNET-0cu8 | MATHNET-04xs | MATHNET-0lco | MATHNET-06vc | MATHNET-0clz | MATHNET-07nk | MATHNET-07nh,0.8262 | 0.8167 | 0.8163 | 0.7682 | 0.7573 | 0.7440 | 0.7394 | 0.7204 | 0.7071 | 0.7053
MATHNET-0etj,MATHNET-08n2 | MATHNET-0dpx | MATHNET-0dyh | MATHNET-03w7 | MATHNET-0cnn | MATHNET-0lgk | MATHNET-0d0v | MATHNET-0925 | MATHNET-0cc6 | MATHNET-076g,0.8912 | 0.8400 | 0.8182 | 0.8153 | 0.8063 | 0.8046 | 0.8021 | 0.7959 | 0.7913 | 0.7887
MATHNET-0eu5,MATHNET-00h0 | MATHNET-03e9 | MATHNET-03ln | MATHNET-05d6 | MATHNET-03qq | MATHNET-01u2 | MATHNET-0c66 | MATHNET-077p | MATHNET-0212 | MATHNET-08zz,0.8837 | 0.8708 | 0.8591 | 0.8537 | 0.8480 | 0.8443 | 0.8439 | 0.8337 | 0.8265 | 0.8242
MATHNET-0eud,MATHNET-04v9 | MATHNET-07cc | MATHNET-01zv | MATHNET-0h61 | MATHNET-00vm | MATHNET-0ing | MATHNET-0eu5 | MATHNET-0kx0 | MATHNET-0bhj | MATHNET-0bhh,0.8482 | 0.8395 | 0.8225 | 0.8074 | 0.8060 | 0.8016 | 0.7968 | 0.7950 | 0.7929 | 0.7912
MATHNET-0eug,MATHNET-0f9k | MATHNET-09ho | MATHNET-06fe | MATHNET-0hgo | MATHNET-0h9m | MATHNET-0d7d | MATHNET-0jxp | MATHNET-0djq | MATHNET-0dau | MATHNET-0ihr,0.8217 | 0.8116 | 0.7345 | 0.7333 | 0.7325 | 0.7181 | 0.7061 | 0.7032 | 0.6914 | 0.6888
MATHNET-0eyj,MATHNET-04hy | MATHNET-0f78 | MATHNET-0gme | MATHNET-001e | MATHNET-04iq | MATHNET-0f9f | MATHNET-0dd1 | MATHNET-04up | MATHNET-000s | MATHNET-009e,1.0000 | 1.0000 | 1.0000 | 1.0000 | 1.0000 | 1.0000 | 1.0000 | 1.0000 | 0.9737 | 0.9737
MATHNET-0eyx,MATHNET-0dgx | MATHNET-09k0 | MATHNET-0gg9 | MATHNET-09jr | MATHNET-01t8 | MATHNET-0f03 | MATHNET-0dgr | MATHNET-0cie | MATHNET-09ka | MATHNET-04uw,1.0000 | 1.0000 | 1.0000 | 1.0000 | 1.0000 | 1.0000 | 1.0000 | 1.0000 | 1.0000 | 1.0000
MATHNET-0f03,MATHNET-0dgx | MATHNET-09k0 | MATHNET-0gg9 | MATHNET-0fg6 | MATHNET-01t8 | MATHNET-09jr | MATHNET-0dgr | MATHNET-0cie | MATHNET-09ka | MATHNET-0c9v,1.0000 | 1.0000 | 1.0000 | 1.0000 | 1.0000 | 1.0000 | 1.0000 | 1.0000 | 1.0000 | 1.0000
MATHNET-0f0z,MATHNET-0jld | MATHNET-0dsa | MATHNET-0f8j | MATHNET-0hjb | MATHNET-0jfo | MATHNET-0dla | MATHNET-0gk7 | MATHNET-0h2a | MATHNET-0jc8 | MATHNET-0j86,0.8481 | 0.8203 | 0.7972 | 0.7803 | 0.7385 | 0.7315 | 0.7231 | 0.7208 | 0.7146 | 0.7146
MATHNET-0f1q,MATHNET-0dgx | MATHNET-09k0 | MATHNET-0gg9 | MATHNET-09jr | MATHNET-01t8 | MATHNET-0f03 | MATHNET-0dgr | MATHNET-0cie | MATHNET-09ka | MATHNET-04uw,1.0000 | 1.0000 | 1.0000 | 1.0000 | 1.0000 | 1.0000 | 1.0000 | 1.0000 | 1.0000 | 1.0000
MATHNET-0f27,MATHNET-09pt | MATHNET-0f2k | MATHNET-0cih | MATHNET-03b4 | MATHNET-002s | MATHNET-0gfz | MATHNET-0044 | MATHNET-01t8 | MATHNET-04uw | MATHNET-09jr,1.0000 | 1.0000 | 0.9487 | 0.9487 | 0.9487 | 0.9136 | 0.9098 | 0.9024 | 0.9024 | 0.9024
MATHNET-0f2k,MATHNET-09pt | MATHNET-0f27 | MATHNET-002s | MATHNET-0cih | MATHNET-03b4 | MATHNET-0gfz | MATHNET-0044 | MATHNET-0f03 | MATHNET-0dgr | MATHNET-0fg6,1.0000 | 1.0000 | 0.9487 | 0.9487 | 0.9487 | 0.9136 | 0.9098 | 0.9024 | 0.9024 | 0.9024
MATHNET-0f3d,MATHNET-0htx | MATHNET-0ckb | MATHNET-007d | MATHNET-0drf | MATHNET-0h2a | MATHNET-0if1 | MATHNET-0jfo | MATHNET-0idy | MATHNET-0dz5 | MATHNET-04ra,0.8190 | 0.8115 | 0.7719 | 0.7453 | 0.7410 | 0.7400 | 0.7241 | 0.7198 | 0.7144 | 0.7065
MATHNET-0f3f,MATHNET-06j5 | MATHNET-0j0k | MATHNET-00xp | MATHNET-0b84 | MATHNET-0553 | MATHNET-0dqf | MATHNET-0jxp | MATHNET-07gp | MATHNET-0f9k | MATHNET-035k,0.8381 | 0.8241 | 0.8181 | 0.7283 | 0.7271 | 0.7001 | 0.6787 | 0.6638 | 0.6567 | 0.6545
MATHNET-0f3n,MATHNET-0fti | MATHNET-0hj7 | MATHNET-0g61 | MATHNET-0hpb | MATHNET-06c9 | MATHNET-0fyo | MATHNET-0dw6 | MATHNET-0fw2 | MATHNET-05j5 | MATHNET-0ii2,0.9978 | 0.9229 | 0.9037 | 0.9012 | 0.8917 | 0.8693 | 0.8588 | 0.8577 | 0.8518 | 0.8420
MATHNET-0f42,MATHNET-0biz | MATHNET-0gp4 | MATHNET-07oo | MATHNET-0kpx | MATHNET-0gqo | MATHNET-0d0s | MATHNET-0gyd | MATHNET-0dts | MATHNET-0hvc | MATHNET-0e08,0.8767 | 0.8482 | 0.8401 | 0.8346 | 0.8176 | 0.8168 | 0.8102 | 0.8002 | 0.7998 | 0.7938
MATHNET-0f6k,MATHNET-003j | MATHNET-09k0 | MATHNET-09ka | MATHNET-0dgx | MATHNET-01t8 | MATHNET-0dgr | MATHNET-09jr | MATHNET-0c1x | MATHNET-0f1q | MATHNET-0eyx,1.0000 | 0.9867 | 0.9867 | 0.9867 | 0.9867 | 0.9867 | 0.9867 | 0.9867 | 0.9867 | 0.9867
MATHNET-0f6y,MATHNET-0c6i | MATHNET-0c1k | MATHNET-0b09 | MATHNET-08id | MATHNET-0djw | MATHNET-0698 | MATHNET-09jj | MATHNET-01p2 | MATHNET-000s | MATHNET-0lbg,1.0000 | 1.0000 | 1.0000 | 1.0000 | 1.0000 | 1.0000 | 1.0000 | 0.9737 | 0.9737 | 0.9737
MATHNET-0f78,MATHNET-04hy | MATHNET-0eyj | MATHNET-0gme | MATHNET-001e | MATHNET-04iq | MATHNET-0f9f | MATHNET-0dd1 | MATHNET-04up | MATHNET-000s | MATHNET-009e,1.0000 | 1.0000 | 1.0000 | 1.0000 | 1.0000 | 1.0000 | 1.0000 | 1.0000 | 0.9737 | 0.9737
MATHNET-0f7p,MATHNET-09hn | MATHNET-0l80 | MATHNET-0bq4 | MATHNET-0atn | MATHNET-0c9x | MATHNET-00cj | MATHNET-0bqa | MATHNET-049x | MATHNET-004m | MATHNET-04dz,1.0000 | 1.0000 | 1.0000 | 0.9867 | 0.9867 | 0.9867 | 0.9867 | 0.9867 | 0.9867 | 0.9867
MATHNET-0f88,MATHNET-0hfw | MATHNET-0j8y | MATHNET-0jqw | MATHNET-0h8n | MATHNET-0ko4 | MATHNET-0iaq | MATHNET-0hls | MATHNET-07oo | MATHNET-0hz2 | MATHNET-039t,0.8928 | 0.8587 | 0.8514 | 0.8480 | 0.8372 | 0.8371 | 0.8345 | 0.8315 | 0.8314 | 0.8195
MATHNET-0f8b,MATHNET-03wz | MATHNET-08kn | MATHNET-0500 | MATHNET-04zy | MATHNET-072g | MATHNET-017c | MATHNET-00ul | MATHNET-06i3 | MATHNET-07mb | MATHNET-07rd,0.8341 | 0.8001 | 0.7921 | 0.7827 | 0.7787 | 0.7725 | 0.7704 | 0.7692 | 0.7606 | 0.7602
MATHNET-0f8j,MATHNET-0dsa | MATHNET-0jld | MATHNET-03us | MATHNET-0f0z | MATHNET-0j86 | MATHNET-0hjb | MATHNET-0dla | MATHNET-00ug | MATHNET-038o | MATHNET-08io,0.8337 | 0.8118 | 0.8081 | 0.7972 | 0.7924 | 0.7917 | 0.7905 | 0.7677 | 0.7508 | 0.7382
MATHNET-0f9f,MATHNET-04hy | MATHNET-0f78 | MATHNET-04up | MATHNET-0eyj | MATHNET-001e | MATHNET-04iq | MATHNET-0gme | MATHNET-0dd1 | MATHNET-02n9 | MATHNET-009e,1.0000 | 1.0000 | 1.0000 | 1.0000 | 1.0000 | 1.0000 | 1.0000 | 1.0000 | 0.9737 | 0.9737
MATHNET-0f9k,MATHNET-0eug | MATHNET-09ho | MATHNET-0jxp | MATHNET-0b84 | MATHNET-0hs2 | MATHNET-00xp | MATHNET-00nm | MATHNET-0ihr | MATHNET-06fe | MATHNET-0hgo,0.8217 | 0.7715 | 0.7615 | 0.7388 | 0.7154 | 0.7114 | 0.7016 | 0.7003 | 0.6997 | 0.6990
MATHNET-0fad,MATHNET-0103 | MATHNET-0i5w | MATHNET-0jv5 | MATHNET-071d | MATHNET-06nl | MATHNET-0d0r | MATHNET-0j12 | MATHNET-09jx | MATHNET-07l2 | MATHNET-0aae,0.8550 | 0.8264 | 0.7867 | 0.7658 | 0.7408 | 0.7233 | 0.7229 | 0.7203 | 0.7140 | 0.7119
MATHNET-0fam,MATHNET-0ay0 | MATHNET-0h8n | MATHNET-0jar | MATHNET-0l5j | MATHNET-0juf | MATHNET-0hn5 | MATHNET-0joq | MATHNET-0299 | MATHNET-0cgq | MATHNET-02n7,0.8062 | 0.7936 | 0.7927 | 0.7906 | 0.7887 | 0.7839 | 0.7799 | 0.7788 | 0.7730 | 0.7719
MATHNET-0fdi,MATHNET-0g3p | MATHNET-09tk | MATHNET-064l | MATHNET-07yc | MATHNET-05g5 | MATHNET-05yo | MATHNET-0fxv | MATHNET-0dmc | MATHNET-060t | MATHNET-0cr9,0.9594 | 0.9345 | 0.9140 | 0.8993 | 0.8778 | 0.8766 | 0.8694 | 0.8689 | 0.8540 | 0.8459
MATHNET-0feu,MATHNET-0fk4 | MATHNET-0ikl | MATHNET-0adb | MATHNET-0fw2 | MATHNET-0hj7 | MATHNET-02f2 | MATHNET-0fyo | MATHNET-0jw5 | MATHNET-0f3n | MATHNET-0fti,0.8796 | 0.8340 | 0.8326 | 0.8307 | 0.8299 | 0.8270 | 0.8253 | 0.8244 | 0.8174 | 0.8172
MATHNET-0fev,MATHNET-0ft3 | MATHNET-02f2 | MATHNET-0gtj | MATHNET-0adb | MATHNET-0apq | MATHNET-00kp | MATHNET-0ikl | MATHNET-0h27 | MATHNET-0bml | MATHNET-0ef5,0.9015 | 0.9005 | 0.9000 | 0.8701 | 0.8683 | 0.8647 | 0.8581 | 0.8569 | 0.8454 | 0.8420
MATHNET-0fg1,MATHNET-0fxv | MATHNET-05qn | MATHNET-00lt | MATHNET-0dmc | MATHNET-060t | MATHNET-05yo | MATHNET-05jg | MATHNET-0fnb | MATHNET-064l | MATHNET-0855,0.9230 | 0.9210 | 0.9041 | 0.9036 | 0.9024 | 0.9003 | 0.8996 | 0.8919 | 0.8762 | 0.8624
MATHNET-0fg6,MATHNET-01nc | MATHNET-0cie | MATHNET-09ka | MATHNET-09k0 | MATHNET-0dgx | MATHNET-0dgr | MATHNET-0c9v | MATHNET-0eyx | MATHNET-0gg9 | MATHNET-04uw,1.0000 | 1.0000 | 1.0000 | 1.0000 | 1.0000 | 1.0000 | 1.0000 | 1.0000 | 1.0000 | 1.0000
MATHNET-0fhe,MATHNET-0h8g | MATHNET-081q | MATHNET-0ggv | MATHNET-0fv2 | MATHNET-0buy | MATHNET-0g57 | MATHNET-0fru | MATHNET-0cmk | MATHNET-0dvk | MATHNET-0g60,0.8964 | 0.8730 | 0.8696 | 0.8613 | 0.8581 | 0.8571 | 0.8543 | 0.8519 | 0.8440 | 0.8400
MATHNET-0fhq,MATHNET-0cmw | MATHNET-0bgs | MATHNET-090w | MATHNET-0ebi | MATHNET-00cu | MATHNET-0cmp | MATHNET-09c4 | MATHNET-05k2 | MATHNET-0bnb | MATHNET-0fvr,0.9017 | 0.8982 | 0.8414 | 0.8299 | 0.8189 | 0.8113 | 0.8088 | 0.8056 | 0.8015 | 0.8014
MATHNET-0fid,MATHNET-02zm | MATHNET-05ys | MATHNET-0fx2 | MATHNET-0h39 | MATHNET-05n9 | MATHNET-0gan | MATHNET-0dvx | MATHNET-05m2 | MATHNET-0g28 | MATHNET-05zn,0.9037 | 0.8995 | 0.8896 | 0.8811 | 0.8636 | 0.8536 | 0.8510 | 0.8457 | 0.8449 | 0.8372
MATHNET-0fj3,MATHNET-067b | MATHNET-0ads | MATHNET-0fyx | MATHNET-05ia | MATHNET-0bml | MATHNET-028y | MATHNET-09cc | MATHNET-0bnb | MATHNET-0efx | MATHNET-0apq,0.8856 | 0.8825 | 0.8782 | 0.8585 | 0.8495 | 0.8434 | 0.8376 | 0.8299 | 0.8292 | 0.8214
MATHNET-0fjo,MATHNET-0fre | MATHNET-09vi | MATHNET-05tc | MATHNET-09q7 | MATHNET-0h3f | MATHNET-0doe | MATHNET-0g28 | MATHNET-0fx2 | MATHNET-062q | MATHNET-09do,0.9040 | 0.8902 | 0.8840 | 0.8780 | 0.8703 | 0.8637 | 0.8347 | 0.8285 | 0.8249 | 0.8243
MATHNET-0fk4,MATHNET-0feu | MATHNET-0jw5 | MATHNET-0adb | MATHNET-0h27 | MATHNET-0hj7 | MATHNET-01qi | MATHNET-0co7 | MATHNET-02f2 | MATHNET-0g61 | MATHNET-00kp,0.8796 | 0.8588 | 0.8535 | 0.8528 | 0.8441 | 0.8379 | 0.8377 | 0.8347 | 0.8314 | 0.8291
MATHNET-0fk5,MATHNET-0hpb | MATHNET-05gq | MATHNET-05i6 | MATHNET-01os | MATHNET-0fyo | MATHNET-06c9 | MATHNET-02uo | MATHNET-05ta | MATHNET-0ef5 | MATHNET-0cmw,0.8849 | 0.8497 | 0.8452 | 0.8447 | 0.8446 | 0.8376 | 0.8366 | 0.8327 | 0.8317 | 0.8282
MATHNET-0fmk,MATHNET-05vy | MATHNET-0dmg | MATHNET-085n | MATHNET-09r1 | MATHNET-05jo | MATHNET-0coi | MATHNET-0csu | MATHNET-09sr | MATHNET-087s | MATHNET-0cnh,0.8202 | 0.8064 | 0.7990 | 0.7630 | 0.7569 | 0.7403 | 0.7383 | 0.7275 | 0.7266 | 0.7222
MATHNET-0fnb,MATHNET-0dmc | MATHNET-05yo | MATHNET-05jg | MATHNET-00lt | MATHNET-0fg1 | MATHNET-064l | MATHNET-0fxv | MATHNET-09tk | MATHNET-09t7 | MATHNET-0g3p,0.9214 | 0.9176 | 0.9110 | 0.9004 | 0.8919 | 0.8712 | 0.8660 | 0.8628 | 0.8613 | 0.8606
MATHNET-0fre,MATHNET-0fjo | MATHNET-09do | MATHNET-0h3f | MATHNET-05tc | MATHNET-0buy | MATHNET-05qv | MATHNET-0doe | MATHNET-0cmk | MATHNET-09vi | MATHNET-0gj4,0.9040 | 0.8870 | 0.8711 | 0.8709 | 0.8549 | 0.8536 | 0.8438 | 0.8408 | 0.8272 | 0.8271
MATHNET-0fru,MATHNET-0dvk | MATHNET-05gq | MATHNET-0hai | MATHNET-09c4 | MATHNET-0fhe | MATHNET-08kq | MATHNET-0fv2 | MATHNET-0ggv | MATHNET-09do | MATHNET-081q,0.9717 | 0.8732 | 0.8691 | 0.8684 | 0.8543 | 0.8474 | 0.8431 | 0.8380 | 0.8352 | 0.8281
MATHNET-0ft3,MATHNET-0apq | MATHNET-0fev | MATHNET-028y | MATHNET-0bml | MATHNET-02f2 | MATHNET-02uo | MATHNET-0ef5 | MATHNET-0ads | MATHNET-067b | MATHNET-01os,0.9345 | 0.9015 | 0.8974 | 0.8725 | 0.8468 | 0.8441 | 0.8403 | 0.8381 | 0.8356 | 0.8304
MATHNET-0fti,MATHNET-0f3n | MATHNET-0hj7 | MATHNET-0g61 | MATHNET-0hpb | MATHNET-06c9 | MATHNET-0fyo | MATHNET-0dw6 | MATHNET-0fw2 | MATHNET-05j5 | MATHNET-0ii2,0.9978 | 0.9241 | 0.9052 | 0.8995 | 0.8921 | 0.8682 | 0.8588 | 0.8574 | 0.8522 | 0.8427
MATHNET-0fv2,MATHNET-0bui | MATHNET-0ggv | MATHNET-0fhe | MATHNET-081q | MATHNET-0hai | MATHNET-0dvk | MATHNET-0fru | MATHNET-02nt | MATHNET-05gq | MATHNET-08kq,0.8890 | 0.8694 | 0.8613 | 0.8506 | 0.8503 | 0.8489 | 0.8431 | 0.8397 | 0.8249 | 0.8245
MATHNET-0fv5,MATHNET-0839 | MATHNET-0cnh | MATHNET-05qu | MATHNET-0efx | MATHNET-0fwn | MATHNET-0fj3 | MATHNET-09r1 | MATHNET-0bnb | MATHNET-0bgs | MATHNET-06zj,0.8340 | 0.7855 | 0.7644 | 0.7559 | 0.7457 | 0.7452 | 0.7274 | 0.7173 | 0.7151 | 0.7110
MATHNET-0fvm,MATHNET-01l1 | MATHNET-062m | MATHNET-09qh | MATHNET-0cvb | MATHNET-0g0v | MATHNET-084e | MATHNET-062q | MATHNET-05tc | MATHNET-0cmk | MATHNET-02qx,0.8780 | 0.8530 | 0.8405 | 0.8254 | 0.8080 | 0.8055 | 0.7860 | 0.7670 | 0.7632 | 0.7626
MATHNET-0fvr,MATHNET-090w | MATHNET-087s | MATHNET-05qv | MATHNET-05f6 | MATHNET-0gj4 | MATHNET-0g60 | MATHNET-0gbv | MATHNET-0h39 | MATHNET-02ya | MATHNET-0h3f,0.9004 | 0.8725 | 0.8586 | 0.8572 | 0.8553 | 0.8441 | 0.8282 | 0.8280 | 0.8226 | 0.8188
MATHNET-0fw2,MATHNET-0hj7 | MATHNET-0f3n | MATHNET-0fti | MATHNET-0fyo | MATHNET-02ca | MATHNET-0hpb | MATHNET-0feu | MATHNET-0dw6 | MATHNET-0ig6 | MATHNET-0h3p,0.8753 | 0.8577 | 0.8574 | 0.8469 | 0.8375 | 0.8311 | 0.8307 | 0.8289 | 0.8250 | 0.8214
MATHNET-0fwn,MATHNET-05qu | MATHNET-0bgs | MATHNET-0efx | MATHNET-0fj3 | MATHNET-05k2 | MATHNET-0fyx | MATHNET-0bnb | MATHNET-067b | MATHNET-05i6 | MATHNET-0ads,0.8370 | 0.8344 | 0.8149 | 0.8129 | 0.7941 | 0.7937 | 0.7924 | 0.7906 | 0.7892 | 0.7871
MATHNET-0fx2,MATHNET-0gan | MATHNET-0fid | MATHNET-0g28 | MATHNET-05ys | MATHNET-02lp | MATHNET-0h39 | MATHNET-02zm | MATHNET-09rl | MATHNET-0dvx | MATHNET-09vi,0.8909 | 0.8896 | 0.8739 | 0.8685 | 0.8658 | 0.8589 | 0.8464 | 0.8459 | 0.8449 | 0.8403
MATHNET-0fxg,MATHNET-02pg | MATHNET-02nt | MATHNET-05yi | MATHNET-0g2s | MATHNET-02qx | MATHNET-05x1 | MATHNET-0cvk | MATHNET-05ta | MATHNET-02xm | MATHNET-01l1,0.8924 | 0.8759 | 0.8450 | 0.8365 | 0.8328 | 0.8209 | 0.8188 | 0.8116 | 0.8064 | 0.7992
MATHNET-0fxv,MATHNET-05qn | MATHNET-060t | MATHNET-0fg1 | MATHNET-0dmc | MATHNET-05yo | MATHNET-064l | MATHNET-05jg | MATHNET-0g3p | MATHNET-00lt | MATHNET-09tk,0.9480 | 0.9401 | 0.9230 | 0.9149 | 0.9125 | 0.9010 | 0.8864 | 0.8778 | 0.8750 | 0.8743
MATHNET-0fyo,MATHNET-0hpb | MATHNET-0f3n | MATHNET-0fti | MATHNET-0hj7 | MATHNET-02ca | MATHNET-0fw2 | MATHNET-0fk5 | MATHNET-0g7r | MATHNET-0dw6 | MATHNET-06c9,0.8902 | 0.8693 | 0.8682 | 0.8549 | 0.8511 | 0.8469 | 0.8446 | 0.8394 | 0.8357 | 0.8266
MATHNET-0fyx,MATHNET-0ads | MATHNET-067b | MATHNET-0bml | MATHNET-0fj3 | MATHNET-0il8 | MATHNET-05ia | MATHNET-09cc | MATHNET-028y | MATHNET-0apq | MATHNET-01os,0.9180 | 0.9018 | 0.8967 | 0.8782 | 0.8524 | 0.8509 | 0.8442 | 0.8310 | 0.8302 | 0.8170
MATHNET-0g0d,MATHNET-05g5 | MATHNET-07yc | MATHNET-09q7 | MATHNET-05zn | MATHNET-09vi | MATHNET-0cr9 | MATHNET-05m2 | MATHNET-05lp | MATHNET-081p | MATHNET-05z2,0.8802 | 0.8727 | 0.8709 | 0.8601 | 0.8539 | 0.8512 | 0.8454 | 0.8411 | 0.8394 | 0.8333
MATHNET-0g0v,MATHNET-05tc | MATHNET-05x1 | MATHNET-02qx | MATHNET-01l1 | MATHNET-024k | MATHNET-022e | MATHNET-0cmk | MATHNET-0fvm | MATHNET-09do | MATHNET-09qh,0.8532 | 0.8398 | 0.8181 | 0.8167 | 0.8148 | 0.8097 | 0.8083 | 0.8080 | 0.8076 | 0.8075
MATHNET-0g1b,MATHNET-05zy | MATHNET-095q | MATHNET-02vo | MATHNET-023i | MATHNET-09t7 | MATHNET-0fdi | MATHNET-0g3p | MATHNET-0dmc | MATHNET-0fxv | MATHNET-0855,0.9043 | 0.8990 | 0.8484 | 0.8386 | 0.8331 | 0.8324 | 0.8259 | 0.8208 | 0.8197 | 0.8172
MATHNET-0g1n,MATHNET-05jo | MATHNET-05m2 | MATHNET-05zn | MATHNET-05vy | MATHNET-087s | MATHNET-05z2 | MATHNET-0fid | MATHNET-02zm | MATHNET-0g9d | MATHNET-0h39,0.8903 | 0.8757 | 0.8546 | 0.8478 | 0.8432 | 0.8417 | 0.8348 | 0.8308 | 0.8262 | 0.8193
MATHNET-0g28,MATHNET-05ys | MATHNET-0fx2 | MATHNET-081p | MATHNET-0220 | MATHNET-09vi | MATHNET-09q7 | MATHNET-062q | MATHNET-0fid | MATHNET-02ya | MATHNET-0h39,0.8869 | 0.8739 | 0.8715 | 0.8669 | 0.8620 | 0.8543 | 0.8492 | 0.8449 | 0.8425 | 0.8407
MATHNET-0g2s,MATHNET-05ta | MATHNET-02pg | MATHNET-05yi | MATHNET-05x1 | MATHNET-0fxg | MATHNET-02nt | MATHNET-0fyo | MATHNET-0fk5 | MATHNET-05gq | MATHNET-0cvk,0.8922 | 0.8634 | 0.8527 | 0.8463 | 0.8365 | 0.8060 | 0.7984 | 0.7978 | 0.7973 | 0.7929
MATHNET-0g3p,MATHNET-09tk | MATHNET-0fdi | MATHNET-064l | MATHNET-05yo | MATHNET-07yc | MATHNET-0dmc | MATHNET-0fxv | MATHNET-05g5 | MATHNET-060t | MATHNET-0fnb,0.9687 | 0.9594 | 0.9340 | 0.9037 | 0.8947 | 0.8915 | 0.8778 | 0.8752 | 0.8641 | 0.8606
MATHNET-0g45,MATHNET-04ru | MATHNET-0iic | MATHNET-0gq8 | MATHNET-077k | MATHNET-03e9 | MATHNET-07gw | MATHNET-06y4 | MATHNET-0c66 | MATHNET-03ln | MATHNET-00ny,0.8398 | 0.8378 | 0.8355 | 0.8292 | 0.8277 | 0.8273 | 0.8224 | 0.8180 | 0.8174 | 0.8075
MATHNET-0g57,MATHNET-0g60 | MATHNET-0fhe | MATHNET-0gbv | MATHNET-0h8g | MATHNET-081q | MATHNET-0ebi | MATHNET-090w | MATHNET-00cu | MATHNET-09c4 | MATHNET-0ggv,0.9053 | 0.8571 | 0.8423 | 0.8420 | 0.8280 | 0.8278 | 0.8274 | 0.8261 | 0.8097 | 0.8072
MATHNET-0g60,MATHNET-0g57 | MATHNET-05f6 | MATHNET-0dvx | MATHNET-090w | MATHNET-0fvr | MATHNET-00cu | MATHNET-0h8g | MATHNET-0ebi | MATHNET-0gbv | MATHNET-0fhe,0.9053 | 0.8714 | 0.8499 | 0.8477 | 0.8441 | 0.8438 | 0.8436 | 0.8431 | 0.8409 | 0.8400
MATHNET-0g61,MATHNET-06c9 | MATHNET-0fti | MATHNET-0f3n | MATHNET-0hj7 | MATHNET-05j5 | MATHNET-0ii2 | MATHNET-02x1 | MATHNET-0h46 | MATHNET-0h3e | MATHNET-0dw6,0.9203 | 0.9052 | 0.9037 | 0.8985 | 0.8582 | 0.8479 | 0.8471 | 0.8349 | 0.8337 | 0.8333
MATHNET-0g7r,MATHNET-0h3e | MATHNET-0dw6 | MATHNET-0az2 | MATHNET-0gda | MATHNET-0ii2 | MATHNET-0ig6 | MATHNET-02ca | MATHNET-0fyo | MATHNET-0i3q | MATHNET-0ef5,0.8873 | 0.8861 | 0.8619 | 0.8611 | 0.8508 | 0.8466 | 0.8430 | 0.8394 | 0.8372 | 0.8359
MATHNET-0g9d,MATHNET-05z2 | MATHNET-0cr9 | MATHNET-0g1n | MATHNET-05jo | MATHNET-05m2 | MATHNET-05n9 | MATHNET-09sr | MATHNET-0fid | MATHNET-05zn | MATHNET-09tk,0.8645 | 0.8292 | 0.8262 | 0.8111 | 0.8053 | 0.7986 | 0.7954 | 0.7875 | 0.7861 | 0.7855
MATHNET-0gan,MATHNET-0dvx | MATHNET-02lp | MATHNET-0fx2 | MATHNET-0h39 | MATHNET-09rl | MATHNET-0h3f | MATHNET-0fid | MATHNET-0doe | MATHNET-0g28 | MATHNET-02zm,0.9138 | 0.8934 | 0.8909 | 0.8721 | 0.8563 | 0.8555 | 0.8536 | 0.8532 | 0.8369 | 0.8363
MATHNET-0gbv,MATHNET-09c4 | MATHNET-090w | MATHNET-0g57 | MATHNET-0g60 | MATHNET-0fvr | MATHNET-0h8g | MATHNET-05qv | MATHNET-00cu | MATHNET-0ebi | MATHNET-0fru,0.8549 | 0.8440 | 0.8423 | 0.8409 | 0.8282 | 0.8226 | 0.8093 | 0.8080 | 0.8039 | 0.8012
MATHNET-0gda,MATHNET-0az2 | MATHNET-0jdx | MATHNET-014t | MATHNET-0g7r | MATHNET-02xm | MATHNET-05j5 | MATHNET-0h3e | MATHNET-0dw6 | MATHNET-02pg | MATHNET-05gq,0.9525 | 0.8763 | 0.8701 | 0.8611 | 0.8399 | 0.8221 | 0.8188 | 0.8176 | 0.8128 | 0.8107
MATHNET-0gdx,MATHNET-01bj | MATHNET-02h7 | MATHNET-0le9 | MATHNET-08kn | MATHNET-0ijk | MATHNET-049z | MATHNET-0759 | MATHNET-07mb | MATHNET-099l | MATHNET-0d6e,0.8431 | 0.8061 | 0.7810 | 0.7790 | 0.7737 | 0.7629 | 0.7562 | 0.7519 | 0.7467 | 0.7462
MATHNET-0gfd,MATHNET-0bw4 | MATHNET-0beo | MATHNET-0bpv | MATHNET-0c4x | MATHNET-0caz | MATHNET-0gfv | MATHNET-0bdr | MATHNET-0bl4 | MATHNET-0gfg | MATHNET-0l7k,1.0000 | 1.0000 | 1.0000 | 1.0000 | 1.0000 | 1.0000 | 1.0000 | 1.0000 | 1.0000 | 1.0000
MATHNET-0gfg,MATHNET-0bw4 | MATHNET-0l7k | MATHNET-0c4x | MATHNET-0bpv | MATHNET-0beo | MATHNET-0002 | MATHNET-0bl4 | MATHNET-0caz | MATHNET-0gfd | MATHNET-0bdr,1.0000 | 1.0000 | 1.0000 | 1.0000 | 1.0000 | 1.0000 | 1.0000 | 1.0000 | 1.0000 | 1.0000
MATHNET-0gfv,MATHNET-0bw4 | MATHNET-0c4x | MATHNET-0l7k | MATHNET-0bpv | MATHNET-0beo | MATHNET-0caz | MATHNET-0bl4 | MATHNET-0gfd | MATHNET-0gfg | MATHNET-0bdr,1.0000 | 1.0000 | 1.0000 | 1.0000 | 1.0000 | 1.0000 | 1.0000 | 1.0000 | 1.0000 | 1.0000
MATHNET-0gfz,MATHNET-0044 | MATHNET-0dgx | MATHNET-09ka | MATHNET-0f03 | MATHNET-0cie | MATHNET-0dgr | MATHNET-0gg9 | MATHNET-0f1q | MATHNET-01nc | MATHNET-0fg6,0.9955 | 0.9867 | 0.9867 | 0.9867 | 0.9867 | 0.9867 | 0.9867 | 0.9867 | 0.9867 | 0.9867
MATHNET-0gg9,MATHNET-01t8 | MATHNET-0dgx | MATHNET-09ka | MATHNET-0dgr | MATHNET-04uw | MATHNET-0c1x | MATHNET-0fg6 | MATHNET-01nc | MATHNET-0f03 | MATHNET-09jr,1.0000 | 1.0000 | 1.0000 | 1.0000 | 1.0000 | 1.0000 | 1.0000 | 1.0000 | 1.0000 | 1.0000
MATHNET-0ggp,MATHNET-08pm | MATHNET-00et | MATHNET-0gqz | MATHNET-04x6 | MATHNET-0b7n | MATHNET-00rl | MATHNET-0930 | MATHNET-0cg1 | MATHNET-047k | MATHNET-0c1d,0.7803 | 0.7795 | 0.7603 | 0.7593 | 0.7527 | 0.7463 | 0.7397 | 0.7396 | 0.7370 | 0.7369
MATHNET-0ggv,MATHNET-081q | MATHNET-0fhe | MATHNET-0fv2 | MATHNET-0h8g | MATHNET-0dvk | MATHNET-0fru | MATHNET-08kq | MATHNET-09c4 | MATHNET-0bui | MATHNET-0g57,0.9457 | 0.8696 | 0.8694 | 0.8645 | 0.8396 | 0.8380 | 0.8252 | 0.8247 | 0.8175 | 0.8072
MATHNET-0gii,MATHNET-0axe | MATHNET-0apd | MATHNET-0jpj | MATHNET-0jxx | MATHNET-0ab4 | MATHNET-0iy8 | MATHNET-0eao | MATHNET-0e84 | MATHNET-0e8i | MATHNET-04bo,0.9602 | 0.9135 | 0.8560 | 0.8451 | 0.8364 | 0.8022 | 0.7952 | 0.7952 | 0.7952 | 0.7933
MATHNET-0gj4,MATHNET-05qv | MATHNET-0h3f | MATHNET-0fvr | MATHNET-090w | MATHNET-02ya | MATHNET-0cmp | MATHNET-0fre | MATHNET-05f6 | MATHNET-0h39 | MATHNET-087s,0.9324 | 0.8561 | 0.8553 | 0.8539 | 0.8320 | 0.8276 | 0.8271 | 0.8257 | 0.8244 | 0.8173
MATHNET-0gk7,MATHNET-0f0z | MATHNET-014r | MATHNET-0jld | MATHNET-0dsa | MATHNET-0f8j | MATHNET-0j86 | MATHNET-0590 | MATHNET-02er | MATHNET-03us | MATHNET-0jqi,0.7231 | 0.7068 | 0.6991 | 0.6946 | 0.6775 | 0.6526 | 0.6516 | 0.6503 | 0.6420 | 0.6376
MATHNET-0glc,MATHNET-0kfw | MATHNET-0906 | MATHNET-05dk | MATHNET-0akr | MATHNET-0217 | MATHNET-0455 | MATHNET-06pl | MATHNET-04t3 | MATHNET-0bow | MATHNET-04u6,0.9543 | 0.9171 | 0.9135 | 0.8775 | 0.8154 | 0.8108 | 0.7876 | 0.7398 | 0.7301 | 0.7255
MATHNET-0gle,MATHNET-06x6 | MATHNET-0cnn | MATHNET-0d0v | MATHNET-0lgk | MATHNET-0dzm | MATHNET-00f5 | MATHNET-06xr | MATHNET-03nj | MATHNET-0clu | MATHNET-0h10,0.9272 | 0.9047 | 0.9002 | 0.8977 | 0.8381 | 0.8025 | 0.7978 | 0.7948 | 0.7920 | 0.7765
MATHNET-0gm2,MATHNET-04st | MATHNET-04ch | MATHNET-0a32 | MATHNET-0ar9 | MATHNET-0au5 | MATHNET-000t | MATHNET-09u9 | MATHNET-0anq | MATHNET-0br0 | MATHNET-0lad,1.0000 | 1.0000 | 1.0000 | 1.0000 | 1.0000 | 1.0000 | 1.0000 | 1.0000 | 1.0000 | 1.0000
MATHNET-0gme,MATHNET-04hy | MATHNET-0dd1 | MATHNET-0eyj | MATHNET-0f78 | MATHNET-001e | MATHNET-0f9f | MATHNET-04iq | MATHNET-04up | MATHNET-02n9 | MATHNET-009e,1.0000 | 1.0000 | 1.0000 | 1.0000 | 1.0000 | 1.0000 | 1.0000 | 1.0000 | 0.9737 | 0.9737
MATHNET-0gn8,MATHNET-0a4k | MATHNET-0528 | MATHNET-0hhz | MATHNET-00mi | MATHNET-0ibu | MATHNET-0krr | MATHNET-0iaq | MATHNET-0gx3 | MATHNET-06mm | MATHNET-0j50,0.8740 | 0.8262 | 0.8080 | 0.8046 | 0.8002 | 0.7865 | 0.7791 | 0.7725 | 0.7702 | 0.7659
MATHNET-0gp4,MATHNET-0gyd | MATHNET-0biz | MATHNET-0f42 | MATHNET-09iq | MATHNET-0kpx | MATHNET-00nu | MATHNET-08l3 | MATHNET-0j50 | MATHNET-0aus | MATHNET-0hog,0.9051 | 0.8999 | 0.8482 | 0.8204 | 0.8157 | 0.8085 | 0.8073 | 0.8036 | 0.8001 | 0.7938
MATHNET-0gps,MATHNET-0bxl | MATHNET-01l8 | MATHNET-0k94 | MATHNET-0hog | MATHNET-0da8 | MATHNET-01ef | MATHNET-0bot | MATHNET-0aus | MATHNET-064u | MATHNET-08kv,0.8047 | 0.7988 | 0.7940 | 0.7872 | 0.7838 | 0.7759 | 0.7726 | 0.7623 | 0.7607 | 0.7551
MATHNET-0gq8,MATHNET-06y4 | MATHNET-04qz | MATHNET-0g45 | MATHNET-07gw | MATHNET-01b9 | MATHNET-00rl | MATHNET-00ps | MATHNET-0iic | MATHNET-04ru | MATHNET-07x2,0.8586 | 0.8411 | 0.8355 | 0.8283 | 0.8179 | 0.7922 | 0.7905 | 0.7887 | 0.7857 | 0.7855
MATHNET-0gqo,MATHNET-0hvc | MATHNET-07oo | MATHNET-0d0s | MATHNET-02dy | MATHNET-07la | MATHNET-0b1m | MATHNET-0e08 | MATHNET-0bg5 | MATHNET-0528 | MATHNET-0jzx,0.9446 | 0.9284 | 0.9048 | 0.9028 | 0.8739 | 0.8645 | 0.8578 | 0.8553 | 0.8476 | 0.8444
MATHNET-0gqz,MATHNET-0cg1 | MATHNET-0e73 | MATHNET-03t6 | MATHNET-00et | MATHNET-08pm | MATHNET-0ggp | MATHNET-06dp | MATHNET-0500 | MATHNET-0eak | MATHNET-00va,0.8372 | 0.7907 | 0.7824 | 0.7824 | 0.7631 | 0.7603 | 0.7541 | 0.7532 | 0.7507 | 0.7485
MATHNET-0gtj,MATHNET-0ikl | MATHNET-02f2 | MATHNET-0fev | MATHNET-00kp | MATHNET-0adb | MATHNET-0h27 | MATHNET-0il8 | MATHNET-0ft3 | MATHNET-0h46 | MATHNET-0jw5,0.9176 | 0.9088 | 0.9000 | 0.8879 | 0.8848 | 0.8545 | 0.8464 | 0.8256 | 0.8178 | 0.8171
MATHNET-0gx3,MATHNET-04a8 | MATHNET-06mm | MATHNET-0bmx | MATHNET-0k97 | MATHNET-0d5z | MATHNET-0ena | MATHNET-0ka4 | MATHNET-03f4 | MATHNET-0acd | MATHNET-07vc,0.9457 | 0.9216 | 0.9162 | 0.9000 | 0.8920 | 0.8890 | 0.8562 | 0.8466 | 0.8356 | 0.8194
MATHNET-0gxz,MATHNET-0l0n | MATHNET-03bc | MATHNET-0bnh | MATHNET-03zv | MATHNET-0bmx | MATHNET-0bg5 | MATHNET-0hc1 | MATHNET-0ena | MATHNET-0ka4 | MATHNET-03bq,0.8409 | 0.8350 | 0.8307 | 0.7989 | 0.7987 | 0.7969 | 0.7956 | 0.7951 | 0.7934 | 0.7911
MATHNET-0gy1,MATHNET-08im | MATHNET-0j12 | MATHNET-0e5q | MATHNET-04p0 | MATHNET-0d0r | MATHNET-0fad | MATHNET-09jx | MATHNET-0k0z | MATHNET-0jv5 | MATHNET-0cey,0.7317 | 0.7183 | 0.7117 | 0.6973 | 0.6904 | 0.6886 | 0.6838 | 0.6782 | 0.6734 | 0.6674
MATHNET-0gyd,MATHNET-0gp4 | MATHNET-09iq | MATHNET-00nu | MATHNET-0hog | MATHNET-0hxe | MATHNET-0biz | MATHNET-0cz9 | MATHNET-0j50 | MATHNET-0bn3 | MATHNET-0kpx,0.9051 | 0.8774 | 0.8505 | 0.8335 | 0.8326 | 0.8307 | 0.8263 | 0.8198 | 0.8147 | 0.8146
MATHNET-0h10,MATHNET-00s2 | MATHNET-03nj | MATHNET-00f5 | MATHNET-03gy | MATHNET-0cnn | MATHNET-0lgk | MATHNET-05aq | MATHNET-06x6 | MATHNET-0gle | MATHNET-0dzm,0.9354 | 0.9028 | 0.8407 | 0.8027 | 0.7849 | 0.7845 | 0.7812 | 0.7807 | 0.7765 | 0.7722
MATHNET-0h1p,MATHNET-01kt | MATHNET-0j3m | MATHNET-0752 | MATHNET-08pg | MATHNET-0jnd | MATHNET-0a4r | MATHNET-0jgr | MATHNET-02eg | MATHNET-0bx8 | MATHNET-01dv,0.7993 | 0.7939 | 0.7911 | 0.7911 | 0.7775 | 0.7772 | 0.7696 | 0.7686 | 0.7661 | 0.7530
MATHNET-0h27,MATHNET-0adb | MATHNET-00kp | MATHNET-02f2 | MATHNET-0jw5 | MATHNET-0fev | MATHNET-0gtj | MATHNET-0fk4 | MATHNET-0ikl | MATHNET-0ii2 | MATHNET-0h46,0.9326 | 0.9238 | 0.9021 | 0.8962 | 0.8569 | 0.8545 | 0.8528 | 0.8398 | 0.8364 | 0.8332
MATHNET-0h2a,MATHNET-007d | MATHNET-037b | MATHNET-08yd | MATHNET-00ug | MATHNET-032t | MATHNET-0htx | MATHNET-0hjb | MATHNET-0jc8 | MATHNET-0jh7 | MATHNET-03ma,0.7989 | 0.7989 | 0.7980 | 0.7897 | 0.7842 | 0.7840 | 0.7818 | 0.7816 | 0.7793 | 0.7747
MATHNET-0h39,MATHNET-02zm | MATHNET-0dvx | MATHNET-0fid | MATHNET-05f6 | MATHNET-02ya | MATHNET-0gan | MATHNET-0fx2 | MATHNET-0g28 | MATHNET-02lp | MATHNET-05ys,0.9349 | 0.9070 | 0.8811 | 0.8769 | 0.8764 | 0.8721 | 0.8589 | 0.8407 | 0.8361 | 0.8335
MATHNET-0h3e,MATHNET-0ig6 | MATHNET-0ii2 | MATHNET-0dw6 | MATHNET-0g7r | MATHNET-0h3p | MATHNET-0hj7 | MATHNET-014t | MATHNET-02ca | MATHNET-0h46 | MATHNET-0fti,0.9432 | 0.9364 | 0.9284 | 0.8873 | 0.8575 | 0.8568 | 0.8556 | 0.8480 | 0.8374 | 0.8367
MATHNET-0h3f,MATHNET-0doe | MATHNET-0fre | MATHNET-0fjo | MATHNET-05qv | MATHNET-0gj4 | MATHNET-0gan | MATHNET-09vi | MATHNET-02lp | MATHNET-0fx2 | MATHNET-0dvx,0.9181 | 0.8711 | 0.8703 | 0.8644 | 0.8561 | 0.8555 | 0.8521 | 0.8435 | 0.8340 | 0.8340
MATHNET-0h3p,MATHNET-0ig6 | MATHNET-0ii2 | MATHNET-0h3e | MATHNET-029k | MATHNET-0dw6 | MATHNET-0jw5 | MATHNET-0hj7 | MATHNET-01qj | MATHNET-0irf | MATHNET-0fw2,0.9034 | 0.8715 | 0.8575 | 0.8566 | 0.8448 | 0.8308 | 0.8255 | 0.8251 | 0.8236 | 0.8214
MATHNET-0h46,MATHNET-0irf | MATHNET-01qj | MATHNET-02x1 | MATHNET-0ii2 | MATHNET-0dw6 | MATHNET-00kp | MATHNET-0ig6 | MATHNET-0fti | MATHNET-0f3n | MATHNET-0h3e,0.9774 | 0.9615 | 0.9018 | 0.8794 | 0.8662 | 0.8473 | 0.8400 | 0.8384 | 0.8378 | 0.8374
MATHNET-0h61,MATHNET-020e | MATHNET-045v | MATHNET-04v9 | MATHNET-0479 | MATHNET-0bhh | MATHNET-077p | MATHNET-07uh | MATHNET-03e9 | MATHNET-06xj | MATHNET-00hy,0.9037 | 0.8893 | 0.8765 | 0.8595 | 0.8498 | 0.8264 | 0.8183 | 0.8179 | 0.8170 | 0.8144
MATHNET-0h6j,MATHNET-0hls | MATHNET-0iaq | MATHNET-0j8y | MATHNET-0jqw | MATHNET-0ibu | MATHNET-0b1m | MATHNET-0f88 | MATHNET-0d0s | MATHNET-0hhz | MATHNET-07oo,0.8360 | 0.7966 | 0.7858 | 0.7779 | 0.7762 | 0.7749 | 0.7716 | 0.7715 | 0.7713 | 0.7667
MATHNET-0h8g,MATHNET-0fhe | MATHNET-081q | MATHNET-0ggv | MATHNET-02lp | MATHNET-0g60 | MATHNET-0g57 | MATHNET-09c4 | MATHNET-0gbv | MATHNET-0buy | MATHNET-0fru,0.8964 | 0.8851 | 0.8645 | 0.8552 | 0.8436 | 0.8420 | 0.8241 | 0.8226 | 0.8204 | 0.8174
MATHNET-0h8n,MATHNET-0hn5 | MATHNET-0hfw | MATHNET-0542 | MATHNET-039t | MATHNET-0iqf | MATHNET-0f88 | MATHNET-0juf | MATHNET-0joq | MATHNET-0ay0 | MATHNET-0l5j,0.9129 | 0.8604 | 0.8597 | 0.8509 | 0.8490 | 0.8480 | 0.8440 | 0.8395 | 0.8369 | 0.8168
MATHNET-0h9m,MATHNET-06fe | MATHNET-0hgo | MATHNET-0d7d | MATHNET-0djq | MATHNET-0idn | MATHNET-0dau | MATHNET-0ihr | MATHNET-0eug | MATHNET-09ho | MATHNET-0f9k,0.9131 | 0.9052 | 0.8542 | 0.7954 | 0.7818 | 0.7768 | 0.7646 | 0.7325 | 0.6912 | 0.6901
MATHNET-0hai,MATHNET-0dvk | MATHNET-0fru | MATHNET-05gq | MATHNET-0fv2 | MATHNET-08kq | MATHNET-05x1 | MATHNET-0bui | MATHNET-05ta | MATHNET-02nt | MATHNET-05k2,0.8821 | 0.8691 | 0.8674 | 0.8503 | 0.8460 | 0.8415 | 0.8383 | 0.8370 | 0.8367 | 0.8280
MATHNET-0hak,MATHNET-0dtj | MATHNET-0e2b | MATHNET-0bfx | MATHNET-03w8 | MATHNET-04k6 | MATHNET-039y | MATHNET-0k0z | MATHNET-08py | MATHNET-0cey | MATHNET-0jv5,0.7597 | 0.7542 | 0.7371 | 0.7304 | 0.7194 | 0.7129 | 0.7068 | 0.7043 | 0.6979 | 0.6877
MATHNET-0hax,MATHNET-035k | MATHNET-08tg | MATHNET-07gp | MATHNET-04iz | MATHNET-010r | MATHNET-08nc | MATHNET-07ko | MATHNET-0le8 | MATHNET-0cwk | MATHNET-01ud,0.7944 | 0.7940 | 0.7640 | 0.7394 | 0.7359 | 0.7305 | 0.7246 | 0.7240 | 0.7180 | 0.7144
MATHNET-0hc1,MATHNET-00p6 | MATHNET-03zv | MATHNET-00nu | MATHNET-0j50 | MATHNET-03di | MATHNET-0l0n | MATHNET-0kpx | MATHNET-0hhz | MATHNET-0ibu | MATHNET-064u,0.9755 | 0.9286 | 0.8630 | 0.8627 | 0.8367 | 0.8312 | 0.8303 | 0.8171 | 0.8159 | 0.8094
MATHNET-0hdo,MATHNET-06h1 | MATHNET-0bwb | MATHNET-0dil | MATHNET-00k4 | MATHNET-0avj | MATHNET-0925 | MATHNET-0j4z | MATHNET-0157 | MATHNET-0a9f | MATHNET-065e,0.8834 | 0.8524 | 0.8279 | 0.8057 | 0.8026 | 0.8015 | 0.7954 | 0.7933 | 0.7882 | 0.7803
MATHNET-0hfw,MATHNET-0f88 | MATHNET-0h8n | MATHNET-0hn5 | MATHNET-0hz2 | MATHNET-0j8y | MATHNET-0ko4 | MATHNET-02dy | MATHNET-0dts | MATHNET-07la | MATHNET-0jqw,0.8928 | 0.8604 | 0.8553 | 0.8503 | 0.8479 | 0.8477 | 0.8405 | 0.8396 | 0.8365 | 0.8363
MATHNET-0hgo,MATHNET-06fe | MATHNET-0h9m | MATHNET-0d7d | MATHNET-0djq | MATHNET-0ihr | MATHNET-0dau | MATHNET-0idn | MATHNET-0eug | MATHNET-09ho | MATHNET-0f9k,0.9855 | 0.9052 | 0.8595 | 0.8360 | 0.7890 | 0.7856 | 0.7638 | 0.7333 | 0.6997 | 0.6990
MATHNET-0hhz,MATHNET-0ibu | MATHNET-0a4k | MATHNET-0jzx | MATHNET-0b1m | MATHNET-07la | MATHNET-00mi | MATHNET-0e08 | MATHNET-02dy | MATHNET-0l0n | MATHNET-0hvc,0.9844 | 0.8729 | 0.8675 | 0.8666 | 0.8609 | 0.8586 | 0.8533 | 0.8496 | 0.8486 | 0.8459
MATHNET-0hj7,MATHNET-0fti | MATHNET-0f3n | MATHNET-0g61 | MATHNET-0fw2 | MATHNET-0ii2 | MATHNET-0dw6 | MATHNET-06c9 | MATHNET-0ig6 | MATHNET-0h3e | MATHNET-0fyo,0.9241 | 0.9229 | 0.8985 | 0.8753 | 0.8624 | 0.8603 | 0.8589 | 0.8580 | 0.8568 | 0.8549
MATHNET-0hjb,MATHNET-0dsa | MATHNET-0dla | MATHNET-0jld | MATHNET-00ug | MATHNET-03ma | MATHNET-078n | MATHNET-0jc8 | MATHNET-037b | MATHNET-0f8j | MATHNET-0h2a,0.8412 | 0.8292 | 0.8189 | 0.8172 | 0.8104 | 0.8056 | 0.8025 | 0.7924 | 0.7917 | 0.7818
MATHNET-0hls,MATHNET-0iaq | MATHNET-0j8y | MATHNET-0kpf | MATHNET-0jqw | MATHNET-0h6j | MATHNET-0f88 | MATHNET-039t | MATHNET-0iqf | MATHNET-0542 | MATHNET-0ko4,0.8883 | 0.8726 | 0.8596 | 0.8503 | 0.8360 | 0.8345 | 0.8318 | 0.8314 | 0.8201 | 0.8058
MATHNET-0hn5,MATHNET-0h8n | MATHNET-0hfw | MATHNET-0joq | MATHNET-0542 | MATHNET-08kv | MATHNET-0juf | MATHNET-0ay0 | MATHNET-07vc | MATHNET-0ibi | MATHNET-02n7,0.9129 | 0.8553 | 0.8523 | 0.8401 | 0.8378 | 0.8320 | 0.8170 | 0.8142 | 0.8104 | 0.8102
MATHNET-0hog,MATHNET-09hf | MATHNET-0bn3 | MATHNET-01ef | MATHNET-064u | MATHNET-0dts | MATHNET-0aus | MATHNET-0gyd | MATHNET-08kv | MATHNET-03di | MATHNET-09iq,0.8810 | 0.8663 | 0.8567 | 0.8561 | 0.8391 | 0.8337 | 0.8335 | 0.8284 | 0.8269 | 0.8254
MATHNET-0hpb,MATHNET-0f3n | MATHNET-0fti | MATHNET-0fyo | MATHNET-0fk5 | MATHNET-06c9 | MATHNET-0hj7 | MATHNET-0g61 | MATHNET-0fw2 | MATHNET-0dw6 | MATHNET-0ef5,0.9012 | 0.8995 | 0.8902 | 0.8849 | 0.8548 | 0.8461 | 0.8321 | 0.8311 | 0.8299 | 0.8262
MATHNET-0hs2,MATHNET-0b84 | MATHNET-07w7 | MATHNET-0jxp | MATHNET-06fc | MATHNET-09ho | MATHNET-041i | MATHNET-00jk | MATHNET-0f9k | MATHNET-00xp | MATHNET-08nc,0.7836 | 0.7802 | 0.7691 | 0.7468 | 0.7301 | 0.7272 | 0.7255 | 0.7154 | 0.7115 | 0.7006
MATHNET-0hs4,MATHNET-0d9u | MATHNET-0iat | MATHNET-08wo | MATHNET-0jnd | MATHNET-09xc | MATHNET-01n3 | MATHNET-0b2x | MATHNET-07x2 | MATHNET-01dv | MATHNET-02eg,0.8408 | 0.8255 | 0.8132 | 0.8025 | 0.8018 | 0.7999 | 0.7970 | 0.7859 | 0.7804 | 0.7791
MATHNET-0hsp,MATHNET-09et | MATHNET-0et0 | MATHNET-06vc | MATHNET-0ed9 | MATHNET-04xs | MATHNET-07nk | MATHNET-0lco | MATHNET-0cu8 | MATHNET-0clz | MATHNET-0akk,0.8296 | 0.8262 | 0.8042 | 0.7844 | 0.7841 | 0.7752 | 0.7692 | 0.7213 | 0.7035 | 0.6759
MATHNET-0htx,MATHNET-007d | MATHNET-038o | MATHNET-0f3d | MATHNET-04ra | MATHNET-0h2a | MATHNET-0drf | MATHNET-0blq | MATHNET-037b | MATHNET-0ckb | MATHNET-04yy,0.8393 | 0.8210 | 0.8190 | 0.7927 | 0.7840 | 0.7840 | 0.7805 | 0.7773 | 0.7761 | 0.7747
MATHNET-0huk,MATHNET-0b48 | MATHNET-0jye | MATHNET-02ex | MATHNET-0bx8 | MATHNET-02gm | MATHNET-06nl | MATHNET-03nf | MATHNET-02ff | MATHNET-0j5i | MATHNET-0aae,0.7948 | 0.7571 | 0.7324 | 0.7290 | 0.7215 | 0.7196 | 0.7096 | 0.7060 | 0.7055 | 0.7033
MATHNET-0huv,MATHNET-0609 | MATHNET-0413 | MATHNET-0ag7 | MATHNET-05u0 | MATHNET-0dqf | MATHNET-05ra | MATHNET-0aj0 | MATHNET-0jxp | MATHNET-035k | MATHNET-0b84,0.8220 | 0.7882 | 0.7758 | 0.7393 | 0.7193 | 0.7108 | 0.7010 | 0.6958 | 0.6752 | 0.6711
MATHNET-0hvc,MATHNET-0gqo | MATHNET-02dy | MATHNET-07la | MATHNET-0d0s | MATHNET-07oo | MATHNET-0528 | MATHNET-0bg5 | MATHNET-0b1m | MATHNET-0hhz | MATHNET-0ibu,0.9446 | 0.9160 | 0.8991 | 0.8954 | 0.8923 | 0.8836 | 0.8560 | 0.8558 | 0.8459 | 0.8459
MATHNET-0hxe,MATHNET-0cz9 | MATHNET-01ef | MATHNET-00nu | MATHNET-09iq | MATHNET-0gyd | MATHNET-07o3 | MATHNET-06ct | MATHNET-0jx0 | MATHNET-0hog | MATHNET-0bxp,0.8812 | 0.8384 | 0.8373 | 0.8343 | 0.8326 | 0.8325 | 0.8313 | 0.8280 | 0.8208 | 0.8201
MATHNET-0hz2,MATHNET-0ko4 | MATHNET-0jqw | MATHNET-0j8y | MATHNET-0acd | MATHNET-0ka4 | MATHNET-0hfw | MATHNET-0iaq | MATHNET-0e08 | MATHNET-0b1m | MATHNET-0k97,0.9541 | 0.9116 | 0.9045 | 0.9037 | 0.8506 | 0.8503 | 0.8498 | 0.8457 | 0.8444 | 0.8425
MATHNET-0i0w,MATHNET-07ad | MATHNET-06dp | MATHNET-0b7n | MATHNET-07c0 | MATHNET-0d4o | MATHNET-072g | MATHNET-07mb | MATHNET-0akb | MATHNET-08kn | MATHNET-00ul,0.8636 | 0.8064 | 0.8049 | 0.8026 | 0.7653 | 0.7572 | 0.7523 | 0.7457 | 0.7424 | 0.7416
MATHNET-0i3q,MATHNET-02uo | MATHNET-0ef5 | MATHNET-02x1 | MATHNET-0g7r | MATHNET-06c9 | MATHNET-0jdx | MATHNET-0ft3 | MATHNET-0gda | MATHNET-05i6 | MATHNET-0g61,0.8702 | 0.8653 | 0.8391 | 0.8372 | 0.8358 | 0.8223 | 0.8220 | 0.8086 | 0.8063 | 0.8006
MATHNET-0i4x,MATHNET-0iy8 | MATHNET-084f | MATHNET-0iqa | MATHNET-0jxx | MATHNET-0jpj | MATHNET-0ab4 | MATHNET-0afj | MATHNET-0gii | MATHNET-0axe | MATHNET-0apd,0.8607 | 0.8333 | 0.8263 | 0.8261 | 0.8180 | 0.8124 | 0.7902 | 0.7864 | 0.7807 | 0.7804
MATHNET-0i5e,MATHNET-0jsa | MATHNET-0axv | MATHNET-043v | MATHNET-0jjl | MATHNET-0kq5 | MATHNET-0aw2 | MATHNET-0kt8 | MATHNET-0apw | MATHNET-0b1j | MATHNET-0j2y,0.8724 | 0.8590 | 0.8487 | 0.8339 | 0.8053 | 0.7985 | 0.7971 | 0.7730 | 0.7471 | 0.7460
MATHNET-0i5w,MATHNET-0103 | MATHNET-0fad | MATHNET-06nl | MATHNET-0aae | MATHNET-0d0r | MATHNET-071d | MATHNET-07j1 | MATHNET-0jv5 | MATHNET-06i3 | MATHNET-01kt,0.8702 | 0.8264 | 0.7746 | 0.7522 | 0.7415 | 0.7349 | 0.7280 | 0.7254 | 0.7100 | 0.7085
MATHNET-0i9p,MATHNET-0d92 | MATHNET-08nc | MATHNET-0le8 | MATHNET-06fc | MATHNET-0ksl | MATHNET-041i | MATHNET-07gp | MATHNET-0jxp | MATHNET-07w7 | MATHNET-0l9s,0.7886 | 0.7869 | 0.7833 | 0.7682 | 0.7481 | 0.7383 | 0.7165 | 0.6986 | 0.6986 | 0.6903
MATHNET-0i9x,MATHNET-077p | MATHNET-090m | MATHNET-0bzc | MATHNET-06ke | MATHNET-06xj | MATHNET-0784 | MATHNET-00hy | MATHNET-03qq | MATHNET-06tf | MATHNET-00h0,0.9147 | 0.8910 | 0.8876 | 0.8839 | 0.8746 | 0.8717 | 0.8692 | 0.8623 | 0.8565 | 0.8521
MATHNET-0ia7,MATHNET-0j2y | MATHNET-0em4 | MATHNET-0b1j | MATHNET-08x7 | MATHNET-0jht | MATHNET-0kqz | MATHNET-0axv | MATHNET-043v | MATHNET-0kq5 | MATHNET-0jjl,0.9414 | 0.9103 | 0.9071 | 0.8971 | 0.8331 | 0.8317 | 0.8219 | 0.8065 | 0.8012 | 0.7932
MATHNET-0iaq,MATHNET-0j8y | MATHNET-0jqw | MATHNET-0hls | MATHNET-0juf | MATHNET-0l5j | MATHNET-0hz2 | MATHNET-0kpf | MATHNET-0f88 | MATHNET-0ko4 | MATHNET-0542,0.9242 | 0.9077 | 0.8883 | 0.8526 | 0.8516 | 0.8498 | 0.8447 | 0.8371 | 0.8369 | 0.8342
MATHNET-0ias,MATHNET-01u3 | MATHNET-020y | MATHNET-04kx | MATHNET-07j1 | MATHNET-06au | MATHNET-0a4r | MATHNET-0759 | MATHNET-0k0l | MATHNET-07dr | MATHNET-0h1p,0.7216 | 0.7048 | 0.6763 | 0.6756 | 0.6546 | 0.6469 | 0.6424 | 0.6339 | 0.6242 | 0.6218
MATHNET-0iat,MATHNET-0hs4 | MATHNET-0c1d | MATHNET-092p | MATHNET-09xc | MATHNET-0d9u | MATHNET-07x2 | MATHNET-0b2x | MATHNET-08wo | MATHNET-09xk | MATHNET-0930,0.8255 | 0.7968 | 0.7942 | 0.7910 | 0.7886 | 0.7780 | 0.7739 | 0.7717 | 0.7707 | 0.7636
MATHNET-0ibi,MATHNET-08kv | MATHNET-00md | MATHNET-01rg | MATHNET-0bxl | MATHNET-0bn3 | MATHNET-007a | MATHNET-0hog | MATHNET-09hf | MATHNET-0hn5 | MATHNET-03di,0.9027 | 0.8489 | 0.8344 | 0.8317 | 0.8286 | 0.8263 | 0.8209 | 0.8162 | 0.8104 | 0.8102
MATHNET-0ibu,MATHNET-0hhz | MATHNET-0b1m | MATHNET-0jzx | MATHNET-07la | MATHNET-0a4k | MATHNET-0e08 | MATHNET-02dy | MATHNET-00mi | MATHNET-0hvc | MATHNET-0l0n,0.9844 | 0.8702 | 0.8676 | 0.8633 | 0.8621 | 0.8601 | 0.8523 | 0.8518 | 0.8459 | 0.8437
MATHNET-0icq,MATHNET-0k1e | MATHNET-0gk7 | MATHNET-0ec2 | MATHNET-0b9w | MATHNET-0am0 | MATHNET-0efy | MATHNET-0f0z | MATHNET-0irf | MATHNET-0h46 | MATHNET-01qj,0.6408 | 0.6050 | 0.6002 | 0.5822 | 0.5822 | 0.5750 | 0.5717 | 0.5637 | 0.5636 | 0.5636
MATHNET-0idn,MATHNET-0ihr | MATHNET-0d7d | MATHNET-0dau | MATHNET-0h9m | MATHNET-0djq | MATHNET-06fe | MATHNET-0hgo | MATHNET-0dqf | MATHNET-0ag7 | MATHNET-0f9k,0.8324 | 0.8124 | 0.7905 | 0.7818 | 0.7748 | 0.7692 | 0.7638 | 0.7268 | 0.7080 | 0.6884
MATHNET-0idy,MATHNET-0if1 | MATHNET-04ra | MATHNET-0dz5 | MATHNET-0blq | MATHNET-0htx | MATHNET-0a95 | MATHNET-0jfo | MATHNET-07n4 | MATHNET-007d | MATHNET-0ckb,0.9027 | 0.7878 | 0.7650 | 0.7535 | 0.7500 | 0.7472 | 0.7393 | 0.7342 | 0.7279 | 0.7264
MATHNET-0ie4,MATHNET-0e08 | MATHNET-0b1m | MATHNET-07oo | MATHNET-0ko4 | MATHNET-0d0s | MATHNET-0gqo | MATHNET-0hz2 | MATHNET-0jqw | MATHNET-0kpx | MATHNET-0f42,0.8402 | 0.8362 | 0.8189 | 0.8008 | 0.7997 | 0.7937 | 0.7916 | 0.7835 | 0.7827 | 0.7825
MATHNET-0iew,MATHNET-0jht | MATHNET-03us | MATHNET-08x7 | MATHNET-0kqz | MATHNET-0kq5 | MATHNET-0if1 | MATHNET-0idy | MATHNET-0em4 | MATHNET-0dz5 | MATHNET-0kzt,0.6341 | 0.6288 | 0.6221 | 0.6220 | 0.6215 | 0.6213 | 0.6182 | 0.6179 | 0.6161 | 0.6131
MATHNET-0if1,MATHNET-0idy | MATHNET-0dz5 | MATHNET-04ra | MATHNET-0blq | MATHNET-0htx | MATHNET-07n4 | MATHNET-0ckb | MATHNET-0a95 | MATHNET-007d | MATHNET-0b7y,0.9027 | 0.8182 | 0.7979 | 0.7762 | 0.7688 | 0.7573 | 0.7532 | 0.7458 | 0.7436 | 0.7407
MATHNET-0ig4,MATHNET-03f4 | MATHNET-0bnh | MATHNET-0ena | MATHNET-0inz | MATHNET-03bq | MATHNET-0a5l | MATHNET-07vc | MATHNET-08y6 | MATHNET-06mm | MATHNET-0jp5,0.8497 | 0.8103 | 0.8039 | 0.8037 | 0.7998 | 0.7962 | 0.7864 | 0.7776 | 0.7728 | 0.7726
MATHNET-0ig6,MATHNET-0h3e | MATHNET-0ii2 | MATHNET-0dw6 | MATHNET-0h3p | MATHNET-0hj7 | MATHNET-02ca | MATHNET-0g7r | MATHNET-014t | MATHNET-0irf | MATHNET-0h46,0.9432 | 0.9344 | 0.9147 | 0.9034 | 0.8580 | 0.8511 | 0.8466 | 0.8428 | 0.8404 | 0.8400
MATHNET-0ihr,MATHNET-0djq | MATHNET-0idn | MATHNET-0d7d | MATHNET-0dau | MATHNET-06fe | MATHNET-0hgo | MATHNET-0h9m | MATHNET-0ag7 | MATHNET-0f9k | MATHNET-09ho,0.8455 | 0.8324 | 0.8204 | 0.8012 | 0.7898 | 0.7890 | 0.7646 | 0.7006 | 0.7003 | 0.6991
MATHNET-0ii2,MATHNET-0h3e | MATHNET-0ig6 | MATHNET-0dw6 | MATHNET-0h46 | MATHNET-0irf | MATHNET-01qj | MATHNET-0h3p | MATHNET-0hj7 | MATHNET-02x1 | MATHNET-014t,0.9364 | 0.9344 | 0.9196 | 0.8794 | 0.8764 | 0.8756 | 0.8715 | 0.8624 | 0.8570 | 0.8566
MATHNET-0iic,MATHNET-0c66 | MATHNET-0dqz | MATHNET-0g45 | MATHNET-00ps | MATHNET-03e9 | MATHNET-04ru | MATHNET-00ny | MATHNET-01qs | MATHNET-05bk | MATHNET-03ln,0.8390 | 0.8389 | 0.8378 | 0.8373 | 0.8337 | 0.8215 | 0.8211 | 0.8118 | 0.8113 | 0.8110
MATHNET-0ij0,MATHNET-0cc6 | MATHNET-09z8 | MATHNET-0aj5 | MATHNET-01ub | MATHNET-03w7 | MATHNET-09af | MATHNET-0law | MATHNET-0157 | MATHNET-0kqa | MATHNET-00k4,0.8354 | 0.8349 | 0.8165 | 0.8086 | 0.8037 | 0.7987 | 0.7862 | 0.7843 | 0.7820 | 0.7810
MATHNET-0ijk,MATHNET-0akb | MATHNET-020t | MATHNET-00ac | MATHNET-03z3 | MATHNET-0jtz | MATHNET-0gdx | MATHNET-0a2l | MATHNET-02h7 | MATHNET-07mb | MATHNET-0b7n,0.8288 | 0.8065 | 0.8031 | 0.7951 | 0.7749 | 0.7737 | 0.7677 | 0.7642 | 0.7616 | 0.7575
MATHNET-0ikl,MATHNET-0gtj | MATHNET-02f2 | MATHNET-0adb | MATHNET-0fev | MATHNET-0il8 | MATHNET-00kp | MATHNET-0h27 | MATHNET-0feu | MATHNET-0jw5 | MATHNET-0dw6,0.9176 | 0.9110 | 0.8896 | 0.8581 | 0.8515 | 0.8509 | 0.8398 | 0.8340 | 0.8292 | 0.8274
MATHNET-0il8,MATHNET-0fyx | MATHNET-0ikl | MATHNET-0gtj | MATHNET-0bml | MATHNET-0ads | MATHNET-0fev | MATHNET-09cc | MATHNET-02f2 | MATHNET-067b | MATHNET-0apq,0.8524 | 0.8515 | 0.8464 | 0.8331 | 0.8162 | 0.8106 | 0.8050 | 0.8032 | 0.7998 | 0.7969
MATHNET-0ilv,MATHNET-048d | MATHNET-07gg | MATHNET-0agp | MATHNET-0cus | MATHNET-00qi | MATHNET-07xw | MATHNET-0bis | MATHNET-06jk | MATHNET-0cgo | MATHNET-0kto,0.8111 | 0.7810 | 0.7573 | 0.6962 | 0.6938 | 0.6568 | 0.6481 | 0.6471 | 0.6431 | 0.6367
MATHNET-0ing,MATHNET-0cm5 | MATHNET-04v9 | MATHNET-05dg | MATHNET-0bhh | MATHNET-0kx0 | MATHNET-07cc | MATHNET-020e | MATHNET-0eud | MATHNET-0h61 | MATHNET-04vh,0.9275 | 0.8724 | 0.8711 | 0.8491 | 0.8438 | 0.8411 | 0.8058 | 0.8016 | 0.8014 | 0.7796
MATHNET-0inh,MATHNET-090m | MATHNET-06ke | MATHNET-0bzc | MATHNET-0479 | MATHNET-077p | MATHNET-0i9x | MATHNET-07gw | MATHNET-06xj | MATHNET-03ln | MATHNET-077k,0.8806 | 0.8557 | 0.8521 | 0.8478 | 0.8465 | 0.8445 | 0.8425 | 0.8356 | 0.8313 | 0.8310
MATHNET-0inz,MATHNET-08y6 | MATHNET-03di | MATHNET-0est | MATHNET-07r9 | MATHNET-00md | MATHNET-03zv | MATHNET-0ena | MATHNET-03f4 | MATHNET-0azg | MATHNET-0bmx,0.8918 | 0.8665 | 0.8610 | 0.8558 | 0.8534 | 0.8311 | 0.8292 | 0.8283 | 0.8149 | 0.8126
MATHNET-0iqa,MATHNET-084f | MATHNET-0kbi | MATHNET-0i4x | MATHNET-0jxx | MATHNET-0ab4 | MATHNET-0iy8 | MATHNET-0afj | MATHNET-024e | MATHNET-08bm | MATHNET-02xf,0.9401 | 0.8597 | 0.8263 | 0.8135 | 0.7949 | 0.7885 | 0.7582 | 0.7548 | 0.7509 | 0.7404
MATHNET-0iqf,MATHNET-039t | MATHNET-0542 | MATHNET-0kpf | MATHNET-0ay0 | MATHNET-0juf | MATHNET-0l5j | MATHNET-0j8y | MATHNET-0h8n | MATHNET-0jqw | MATHNET-0joq,0.9892 | 0.9076 | 0.8800 | 0.8778 | 0.8705 | 0.8550 | 0.8521 | 0.8490 | 0.8441 | 0.8397
MATHNET-0irf,MATHNET-0h46 | MATHNET-01qj | MATHNET-02x1 | MATHNET-0ii2 | MATHNET-0dw6 | MATHNET-00kp | MATHNET-0ig6 | MATHNET-0h3e | MATHNET-0fti | MATHNET-0f3n,0.9774 | 0.9750 | 0.8834 | 0.8764 | 0.8604 | 0.8449 | 0.8404 | 0.8330 | 0.8324 | 0.8318
MATHNET-0iwd,MATHNET-0j09 | MATHNET-0jet | MATHNET-024e | MATHNET-02xf | MATHNET-02jz | MATHNET-0jfs | MATHNET-042z | MATHNET-0kbi | MATHNET-084f | MATHNET-0iqa,0.9594 | 0.8934 | 0.8107 | 0.7762 | 0.7541 | 0.7194 | 0.7029 | 0.6794 | 0.6783 | 0.6670
MATHNET-0iy8,MATHNET-0ab4 | MATHNET-0jxx | MATHNET-0i4x | MATHNET-0jpj | MATHNET-09wj | MATHNET-0axe | MATHNET-0apd | MATHNET-0gii | MATHNET-0afj | MATHNET-084f,0.8794 | 0.8694 | 0.8607 | 0.8404 | 0.8310 | 0.8112 | 0.8082 | 0.8022 | 0.7944 | 0.7886
MATHNET-0iyz,MATHNET-00a6 | MATHNET-0325 | MATHNET-07n6 | MATHNET-071o | MATHNET-00ok | MATHNET-07du | MATHNET-0bd7 | MATHNET-00g4 | MATHNET-0kto | MATHNET-032t,0.7886 | 0.7654 | 0.7618 | 0.7561 | 0.7445 | 0.7432 | 0.7391 | 0.7338 | 0.7335 | 0.7174
MATHNET-0j09,MATHNET-0iwd | MATHNET-0jet | MATHNET-024e | MATHNET-02xf | MATHNET-02jz | MATHNET-0jfs | MATHNET-042z | MATHNET-0kbi | MATHNET-084f | MATHNET-0iqa,0.9594 | 0.8691 | 0.8061 | 0.7621 | 0.7491 | 0.7213 | 0.7045 | 0.6749 | 0.6748 | 0.6659
MATHNET-0j0k,MATHNET-06j5 | MATHNET-0f3f | MATHNET-00xp | MATHNET-0b84 | MATHNET-0dqf | MATHNET-0553 | MATHNET-0jxp | MATHNET-07gp | MATHNET-0f9k | MATHNET-00nm,0.9311 | 0.8241 | 0.7465 | 0.7138 | 0.6884 | 0.6755 | 0.6718 | 0.6716 | 0.6710 | 0.6708
MATHNET-0j12,MATHNET-071d | MATHNET-0dfz | MATHNET-06nl | MATHNET-0fad | MATHNET-0gy1 | MATHNET-0103 | MATHNET-0jv5 | MATHNET-08im | MATHNET-0cey | MATHNET-0k0z,0.7643 | 0.7615 | 0.7377 | 0.7229 | 0.7183 | 0.7154 | 0.7081 | 0.7039 | 0.7032 | 0.7028
MATHNET-0j20,MATHNET-00fc | MATHNET-09vr | MATHNET-07xw | MATHNET-0kf4 | MATHNET-0bo4 | MATHNET-09ad | MATHNET-0ck8 | MATHNET-0e06 | MATHNET-0e0d | MATHNET-0kw5,0.6162 | 0.6162 | 0.6087 | 0.6043 | 0.6000 | 0.5995 | 0.5935 | 0.5928 | 0.5925 | 0.5923
MATHNET-0j2y,MATHNET-0b1j | MATHNET-0ia7 | MATHNET-0em4 | MATHNET-08x7 | MATHNET-0axv | MATHNET-043v | MATHNET-0jht | MATHNET-0jjl | MATHNET-0kt8 | MATHNET-0kqz,0.9468 | 0.9414 | 0.8871 | 0.8510 | 0.8340 | 0.8292 | 0.8153 | 0.8141 | 0.7921 | 0.7919
MATHNET-0j3m,MATHNET-0397 | MATHNET-06ze | MATHNET-0bx8 | MATHNET-00ul | MATHNET-08pg | MATHNET-01dv | MATHNET-0h1p | MATHNET-01kt | MATHNET-06i3 | MATHNET-00nb,0.8677 | 0.8519 | 0.8058 | 0.8047 | 0.8032 | 0.7968 | 0.7939 | 0.7920 | 0.7843 | 0.7806
MATHNET-0j4z,MATHNET-065e | MATHNET-00by | MATHNET-0agx | MATHNET-0a9f | MATHNET-0bwb | MATHNET-06h1 | MATHNET-0bmd | MATHNET-0adi | MATHNET-0k4h | MATHNET-0avj,0.8754 | 0.8494 | 0.8456 | 0.8439 | 0.8338 | 0.8312 | 0.8297 | 0.8285 | 0.8182 | 0.8182
MATHNET-0j50,MATHNET-0kpx | MATHNET-00p6 | MATHNET-00nu | MATHNET-03zv | MATHNET-0hc1 | MATHNET-07r9 | MATHNET-00mi | MATHNET-07o3 | MATHNET-0jzx | MATHNET-0a4k,0.8787 | 0.8757 | 0.8679 | 0.8673 | 0.8627 | 0.8409 | 0.8385 | 0.8381 | 0.8271 | 0.8255
MATHNET-0j5i,MATHNET-01bf | MATHNET-0b48 | MATHNET-0bx8 | MATHNET-049z | MATHNET-02ex | MATHNET-0500 | MATHNET-08kn | MATHNET-02ff | MATHNET-08pg | MATHNET-0j3m,0.8438 | 0.7952 | 0.7907 | 0.7795 | 0.7761 | 0.7631 | 0.7620 | 0.7499 | 0.7459 | 0.7425
MATHNET-0j6t,MATHNET-09ad | MATHNET-0b2t | MATHNET-00fc | MATHNET-0bd7 | MATHNET-01ug | MATHNET-00ok | MATHNET-07nh | MATHNET-06jk | MATHNET-0kf4 | MATHNET-078n,0.8167 | 0.8016 | 0.7859 | 0.7783 | 0.7773 | 0.7659 | 0.7582 | 0.7509 | 0.7410 | 0.7386
MATHNET-0j86,MATHNET-03us | MATHNET-0cgo | MATHNET-038o | MATHNET-0f8j | MATHNET-08io | MATHNET-04ra | MATHNET-0a95 | MATHNET-00ug | MATHNET-0dz5 | MATHNET-0b7y,0.8452 | 0.7971 | 0.7938 | 0.7924 | 0.7919 | 0.7743 | 0.7549 | 0.7516 | 0.7473 | 0.7404
MATHNET-0j8y,MATHNET-0jqw | MATHNET-0iaq | MATHNET-0hz2 | MATHNET-0ko4 | MATHNET-0hls | MATHNET-0f88 | MATHNET-039t | MATHNET-0acd | MATHNET-0iqf | MATHNET-0juf,0.9542 | 0.9242 | 0.9045 | 0.8972 | 0.8726 | 0.8587 | 0.8550 | 0.8528 | 0.8521 | 0.8494
MATHNET-0j9k,MATHNET-06nj | MATHNET-009s | MATHNET-0jtz | MATHNET-0czk | MATHNET-04vh | MATHNET-0dxz | MATHNET-0710 | MATHNET-07uh | MATHNET-0ax4 | MATHNET-056b,0.8320 | 0.7936 | 0.7844 | 0.7803 | 0.7736 | 0.7733 | 0.7716 | 0.7672 | 0.7666 | 0.7654
MATHNET-0jag,MATHNET-0hax | MATHNET-0cwk | MATHNET-04iz | MATHNET-0jxw | MATHNET-01ud | MATHNET-08tg | MATHNET-06ts | MATHNET-0l68 | MATHNET-01b7 | MATHNET-051m,0.6320 | 0.6254 | 0.6203 | 0.6140 | 0.6084 | 0.6017 | 0.5976 | 0.5956 | 0.5945 | 0.5856
MATHNET-0jar,MATHNET-0l5j | MATHNET-0juf | MATHNET-0fam | MATHNET-0kpf | MATHNET-0joq | MATHNET-0iaq | MATHNET-0h8n | MATHNET-0hn5 | MATHNET-0542 | MATHNET-0gx3,0.8167 | 0.8033 | 0.7927 | 0.7823 | 0.7813 | 0.7785 | 0.7750 | 0.7663 | 0.7589 | 0.7576
MATHNET-0jc8,MATHNET-037b | MATHNET-0hjb | MATHNET-0jh7 | MATHNET-0kw5 | MATHNET-0l31 | MATHNET-0h2a | MATHNET-03ma | MATHNET-0dla | MATHNET-078n | MATHNET-032t,0.8039 | 0.8025 | 0.8004 | 0.7968 | 0.7849 | 0.7816 | 0.7700 | 0.7644 | 0.7626 | 0.7542
MATHNET-0jcv,MATHNET-0jt8 | MATHNET-0d7c | MATHNET-0cwp | MATHNET-00ba | MATHNET-0cjq | MATHNET-04aq | MATHNET-0bvn | MATHNET-08yo | MATHNET-0dad | MATHNET-02gm,0.7695 | 0.7214 | 0.7016 | 0.6937 | 0.6910 | 0.6771 | 0.6718 | 0.6673 | 0.6593 | 0.6494
MATHNET-0jdx,MATHNET-014t | MATHNET-0gda | MATHNET-0az2 | MATHNET-05j5 | MATHNET-02x1 | MATHNET-05qs | MATHNET-0ef5 | MATHNET-02xm | MATHNET-0dw6 | MATHNET-0g7r,0.9068 | 0.8763 | 0.8742 | 0.8622 | 0.8506 | 0.8454 | 0.8366 | 0.8330 | 0.8287 | 0.8281
MATHNET-0je9,MATHNET-07cj | MATHNET-0677 | MATHNET-07cz | MATHNET-074g | MATHNET-00a6 | MATHNET-0325 | MATHNET-07n6 | MATHNET-09vr | MATHNET-0kto | MATHNET-071o,0.7597 | 0.7584 | 0.7577 | 0.7561 | 0.7363 | 0.7254 | 0.7200 | 0.6890 | 0.6809 | 0.6798
MATHNET-0jet,MATHNET-0iwd | MATHNET-0j09 | MATHNET-024e | MATHNET-02xf | MATHNET-02jz | MATHNET-0jfs | MATHNET-042z | MATHNET-0kbi | MATHNET-084f | MATHNET-084e,0.8934 | 0.8691 | 0.7748 | 0.7510 | 0.7445 | 0.6954 | 0.6787 | 0.6603 | 0.6553 | 0.6471
MATHNET-0jfo,MATHNET-0hjb | MATHNET-0dsa | MATHNET-0idy | MATHNET-0f0z | MATHNET-0if1 | MATHNET-0htx | MATHNET-0jld | MATHNET-0f3d | MATHNET-0f8j | MATHNET-0h2a,0.7779 | 0.7639 | 0.7393 | 0.7385 | 0.7264 | 0.7260 | 0.7244 | 0.7241 | 0.7146 | 0.7131
MATHNET-0jfs,MATHNET-042z | MATHNET-0kq5 | MATHNET-0jsa | MATHNET-0j09 | MATHNET-0iwd | MATHNET-024e | MATHNET-0apw | MATHNET-0i5e | MATHNET-0kig | MATHNET-02xf,0.8039 | 0.7304 | 0.7236 | 0.7213 | 0.7194 | 0.7172 | 0.7100 | 0.7021 | 0.7008 | 0.6993
MATHNET-0jgr,MATHNET-00nb | MATHNET-04a3 | MATHNET-020y | MATHNET-0jye | MATHNET-0h1p | MATHNET-017c | MATHNET-0le9 | MATHNET-0bx8 | MATHNET-0752 | MATHNET-01kt,0.8374 | 0.8163 | 0.7814 | 0.7794 | 0.7696 | 0.7554 | 0.7495 | 0.7467 | 0.7435 | 0.7423
MATHNET-0jgz,MATHNET-0dps | MATHNET-00hy | MATHNET-03n8 | MATHNET-06xj | MATHNET-045v | MATHNET-01b8 | MATHNET-0c66 | MATHNET-077p | MATHNET-0bzc | MATHNET-03ln,0.8903 | 0.8778 | 0.8710 | 0.8378 | 0.8370 | 0.8273 | 0.8257 | 0.8246 | 0.8204 | 0.8174
MATHNET-0jh7,MATHNET-0kf4 | MATHNET-08yd | MATHNET-0kw5 | MATHNET-037b | MATHNET-032t | MATHNET-0jc8 | MATHNET-078n | MATHNET-00ok | MATHNET-0b2t | MATHNET-0h2a,0.8439 | 0.8390 | 0.8321 | 0.8195 | 0.8169 | 0.8004 | 0.7849 | 0.7828 | 0.7823 | 0.7793
MATHNET-0jht,MATHNET-0em4 | MATHNET-08x7 | MATHNET-0kq5 | MATHNET-0ia7 | MATHNET-0b1j | MATHNET-0j2y | MATHNET-0kqz | MATHNET-0axv | MATHNET-0kt8 | MATHNET-0aw2,0.8601 | 0.8499 | 0.8421 | 0.8331 | 0.8204 | 0.8153 | 0.8066 | 0.7843 | 0.7823 | 0.7733
MATHNET-0jjl,MATHNET-043v | MATHNET-0axv | MATHNET-0kt8 | MATHNET-0i5e | MATHNET-0jsa | MATHNET-0b1j | MATHNET-0aw2 | MATHNET-0j2y | MATHNET-0kq5 | MATHNET-0ia7,0.9229 | 0.9031 | 0.8605 | 0.8339 | 0.8304 | 0.8269 | 0.8229 | 0.8141 | 0.8110 | 0.7932
MATHNET-0jld,MATHNET-0dsa | MATHNET-0f0z | MATHNET-0hjb | MATHNET-0f8j | MATHNET-0dla | MATHNET-0590 | MATHNET-078n | MATHNET-00ug | MATHNET-03ma | MATHNET-0jfo,0.8848 | 0.8481 | 0.8189 | 0.8118 | 0.7720 | 0.7374 | 0.7306 | 0.7304 | 0.7264 | 0.7244
MATHNET-0jnd,MATHNET-01n3 | MATHNET-08pg | MATHNET-038c | MATHNET-01qs | MATHNET-0d9u | MATHNET-0hs4 | MATHNET-02eg | MATHNET-0752 | MATHNET-0a4r | MATHNET-0jtz,0.8493 | 0.8289 | 0.8249 | 0.8064 | 0.8049 | 0.8025 | 0.7995 | 0.7916 | 0.7847 | 0.7830
MATHNET-0jog,MATHNET-04qz | MATHNET-07x2 | MATHNET-00rl | MATHNET-09xc | MATHNET-0dqz | MATHNET-01qs | MATHNET-0iic | MATHNET-00ps | MATHNET-04x6 | MATHNET-01b9,0.8818 | 0.8501 | 0.8227 | 0.8048 | 0.8037 | 0.8010 | 0.8001 | 0.8001 | 0.7857 | 0.7845
MATHNET-0joq,MATHNET-0juf | MATHNET-0542 | MATHNET-0l5j | MATHNET-07vc | MATHNET-0hn5 | MATHNET-0ay0 | MATHNET-0acd | MATHNET-0k97 | MATHNET-039t | MATHNET-02n7,0.9290 | 0.8856 | 0.8700 | 0.8558 | 0.8523 | 0.8513 | 0.8476 | 0.8471 | 0.8460 | 0.8457
MATHNET-0jp5,MATHNET-07vc | MATHNET-023c | MATHNET-02n7 | MATHNET-0ena | MATHNET-03x3 | MATHNET-0bmx | MATHNET-0ka4 | MATHNET-04a8 | MATHNET-00md | MATHNET-03bq,0.9117 | 0.8704 | 0.8528 | 0.8457 | 0.8407 | 0.8396 | 0.8258 | 0.8227 | 0.8147 | 0.8141
MATHNET-0jpj,MATHNET-09wj | MATHNET-0apd | MATHNET-0axe | MATHNET-0gii | MATHNET-0iy8 | MATHNET-0i4x | MATHNET-0ab4 | MATHNET-0jxx | MATHNET-0amu | MATHNET-0kqf,0.8863 | 0.8801 | 0.8670 | 0.8560 | 0.8404 | 0.8180 | 0.8115 | 0.8100 | 0.8093 | 0.8093
MATHNET-0jqi,MATHNET-0590 | MATHNET-078n | MATHNET-0b2t | MATHNET-01k3 | MATHNET-07xw | MATHNET-0dsa | MATHNET-0cww | MATHNET-0jld | MATHNET-0hjb | MATHNET-00ug,0.7967 | 0.7750 | 0.7686 | 0.7623 | 0.7369 | 0.7300 | 0.7248 | 0.7227 | 0.7206 | 0.7196
MATHNET-0jqw,MATHNET-0j8y | MATHNET-0hz2 | MATHNET-0iaq | MATHNET-0ko4 | MATHNET-0acd | MATHNET-0f88 | MATHNET-0hls | MATHNET-039t | MATHNET-0iqf | MATHNET-0l5j,0.9542 | 0.9116 | 0.9077 | 0.8978 | 0.8591 | 0.8514 | 0.8503 | 0.8475 | 0.8441 | 0.8439
MATHNET-0jsa,MATHNET-0i5e | MATHNET-0kt8 | MATHNET-0kq5 | MATHNET-0jjl | MATHNET-0axv | MATHNET-043v | MATHNET-0aw2 | MATHNET-0apw | MATHNET-0jht | MATHNET-0em4,0.8724 | 0.8307 | 0.8306 | 0.8304 | 0.8240 | 0.8068 | 0.8008 | 0.7651 | 0.7374 | 0.7336
MATHNET-0jt8,MATHNET-0jcv | MATHNET-00ba | MATHNET-0d7c | MATHNET-0cwp | MATHNET-099l | MATHNET-04aq | MATHNET-0bvn | MATHNET-01bj | MATHNET-03nf | MATHNET-0cjq,0.7695 | 0.7551 | 0.7049 | 0.6985 | 0.6941 | 0.6913 | 0.6906 | 0.6846 | 0.6820 | 0.6755
MATHNET-0jtz,MATHNET-06nj | MATHNET-0akb | MATHNET-0a2l | MATHNET-020t | MATHNET-00ac | MATHNET-01qs | MATHNET-0j9k | MATHNET-0jnd | MATHNET-01n3 | MATHNET-0387,0.8297 | 0.8205 | 0.8141 | 0.8117 | 0.8030 | 0.8002 | 0.7844 | 0.7830 | 0.7786 | 0.7777
MATHNET-0juf,MATHNET-0joq | MATHNET-0l5j | MATHNET-0542 | MATHNET-039t | MATHNET-0iqf | MATHNET-0kpf | MATHNET-0ay0 | MATHNET-0iaq | MATHNET-0j8y | MATHNET-0h8n,0.9290 | 0.9197 | 0.9046 | 0.8784 | 0.8705 | 0.8652 | 0.8596 | 0.8526 | 0.8494 | 0.8440
MATHNET-0jv5,MATHNET-0cey | MATHNET-071d | MATHNET-0fad | MATHNET-08im | MATHNET-09jx | MATHNET-0k0z | MATHNET-07l2 | MATHNET-0dfz | MATHNET-0i5w | MATHNET-0103,0.7942 | 0.7878 | 0.7867 | 0.7772 | 0.7379 | 0.7367 | 0.7331 | 0.7267 | 0.7254 | 0.7174
MATHNET-0jw5,MATHNET-0h27 | MATHNET-0adb | MATHNET-00kp | MATHNET-0fk4 | MATHNET-02f2 | MATHNET-08id | MATHNET-0c6i | MATHNET-0djw | MATHNET-0c1k | MATHNET-0f6y,0.8962 | 0.8951 | 0.8685 | 0.8588 | 0.8574 | 0.8410 | 0.8410 | 0.8410 | 0.8410 | 0.8410
MATHNET-0jwx,MATHNET-056g | MATHNET-0da8 | MATHNET-050a | MATHNET-0l1k | MATHNET-0bxl | MATHNET-07oq | MATHNET-0b2w | MATHNET-0k94 | MATHNET-0b87 | MATHNET-0gps,0.8258 | 0.7769 | 0.7713 | 0.7506 | 0.7470 | 0.7451 | 0.7414 | 0.7412 | 0.7136 | 0.7106
MATHNET-0jx0,MATHNET-06ct | MATHNET-0cz9 | MATHNET-0bot | MATHNET-00nu | MATHNET-0hxe | MATHNET-0bxp | MATHNET-0dbf | MATHNET-01ef | MATHNET-08l3 | MATHNET-09iq,0.8541 | 0.8422 | 0.8306 | 0.8289 | 0.8280 | 0.8171 | 0.8064 | 0.7886 | 0.7872 | 0.7770
MATHNET-0jxp,MATHNET-08nc | MATHNET-0ksl | MATHNET-0b84 | MATHNET-00xp | MATHNET-0hs2 | MATHNET-06fc | MATHNET-07gp | MATHNET-0d92 | MATHNET-0f9k | MATHNET-041i,0.7838 | 0.7834 | 0.7823 | 0.7756 | 0.7691 | 0.7654 | 0.7635 | 0.7634 | 0.7615 | 0.7389
MATHNET-0jxw,MATHNET-0cu5 | MATHNET-010r | MATHNET-0cwk | MATHNET-01ud | MATHNET-08m2 | MATHNET-03xn | MATHNET-035k | MATHNET-051m | MATHNET-0hax | MATHNET-06ts,0.7952 | 0.7746 | 0.7632 | 0.7548 | 0.7428 | 0.7056 | 0.6985 | 0.6940 | 0.6855 | 0.6837
MATHNET-0jxx,MATHNET-0ab4 | MATHNET-0iy8 | MATHNET-0axe | MATHNET-0gii | MATHNET-0apd | MATHNET-0i4x | MATHNET-0iqa | MATHNET-084f | MATHNET-0jpj | MATHNET-09wj,0.9590 | 0.8694 | 0.8474 | 0.8451 | 0.8392 | 0.8261 | 0.8135 | 0.8125 | 0.8100 | 0.7705
MATHNET-0jye,MATHNET-0b48 | MATHNET-02gm | MATHNET-0jgr | MATHNET-04yn | MATHNET-0le9 | MATHNET-02ex | MATHNET-0bx8 | MATHNET-0aae | MATHNET-0huk | MATHNET-03nf,0.8063 | 0.7820 | 0.7794 | 0.7793 | 0.7692 | 0.7692 | 0.7608 | 0.7607 | 0.7571 | 0.7514
MATHNET-0jzx,MATHNET-0e08 | MATHNET-0b1m | MATHNET-0l0n | MATHNET-00mi | MATHNET-0ibu | MATHNET-0hhz | MATHNET-02dy | MATHNET-0hvc | MATHNET-0gqo | MATHNET-0acd,0.8920 | 0.8853 | 0.8848 | 0.8798 | 0.8676 | 0.8675 | 0.8474 | 0.8444 | 0.8444 | 0.8435
MATHNET-0k0l,MATHNET-06au | MATHNET-020y | MATHNET-04kx | MATHNET-0jye | MATHNET-03nf | MATHNET-07j1 | MATHNET-0jgr | MATHNET-0ias | MATHNET-0le9 | MATHNET-04yn,0.6721 | 0.6695 | 0.6687 | 0.6572 | 0.6439 | 0.6422 | 0.6365 | 0.6339 | 0.6293 | 0.6155
MATHNET-0k0z,MATHNET-0cey | MATHNET-0jv5 | MATHNET-04p0 | MATHNET-0d0r | MATHNET-01oe | MATHNET-0hak | MATHNET-0j12 | MATHNET-08im | MATHNET-017j | MATHNET-0fad,0.7578 | 0.7367 | 0.7330 | 0.7212 | 0.7165 | 0.7068 | 0.7028 | 0.7010 | 0.6964 | 0.6953
MATHNET-0k1e,MATHNET-0ec2 | MATHNET-0efy | MATHNET-0am0 | MATHNET-0b9w | MATHNET-02x1 | MATHNET-0h46 | MATHNET-0irf | MATHNET-01qj | MATHNET-0icq | MATHNET-0ef5,0.7123 | 0.7010 | 0.6735 | 0.6735 | 0.6481 | 0.6476 | 0.6463 | 0.6454 | 0.6408 | 0.6394
MATHNET-0k4h,MATHNET-00by | MATHNET-0agx | MATHNET-04e7 | MATHNET-0j4z | MATHNET-0d1o | MATHNET-0a9f | MATHNET-06nw | MATHNET-0l1k | MATHNET-065e | MATHNET-0a53,0.8614 | 0.8393 | 0.8281 | 0.8182 | 0.8140 | 0.8121 | 0.8116 | 0.8086 | 0.7910 | 0.7845
MATHNET-0k65,MATHNET-0kfj | MATHNET-0dk0 | MATHNET-0l8o | MATHNET-01tp | MATHNET-01uc | MATHNET-03xa | MATHNET-0a7l | MATHNET-0dbf | MATHNET-0aho | MATHNET-05ai,0.9137 | 0.8975 | 0.8847 | 0.8371 | 0.8265 | 0.7962 | 0.7870 | 0.7818 | 0.7808 | 0.7693
MATHNET-0k6m,MATHNET-0h9m | MATHNET-0idn | MATHNET-0k1e | MATHNET-0efy | MATHNET-0d7d | MATHNET-06fe | MATHNET-0hgo | MATHNET-0huv | MATHNET-0dqf | MATHNET-0413,0.6147 | 0.6135 | 0.6029 | 0.5991 | 0.5981 | 0.5876 | 0.5857 | 0.5852 | 0.5819 | 0.5777
MATHNET-0k94,MATHNET-064u | MATHNET-0gps | MATHNET-0bxl | MATHNET-01ef | MATHNET-0b87 | MATHNET-0aus | MATHNET-056g | MATHNET-08kv | MATHNET-050a | MATHNET-0hog,0.8016 | 0.7940 | 0.7932 | 0.7835 | 0.7822 | 0.7792 | 0.7760 | 0.7750 | 0.7731 | 0.7697
MATHNET-0k97,MATHNET-0ka4 | MATHNET-0bmx | MATHNET-0gx3 | MATHNET-06mm | MATHNET-04a8 | MATHNET-0acd | MATHNET-0ena | MATHNET-0joq | MATHNET-0hz2 | MATHNET-0j8y,0.9261 | 0.9051 | 0.9000 | 0.8976 | 0.8899 | 0.8752 | 0.8648 | 0.8471 | 0.8425 | 0.8377
MATHNET-0ka4,MATHNET-0k97 | MATHNET-0bmx | MATHNET-0acd | MATHNET-06mm | MATHNET-0ena | MATHNET-04a8 | MATHNET-0gx3 | MATHNET-0hz2 | MATHNET-03di | MATHNET-07vc,0.9261 | 0.8952 | 0.8847 | 0.8712 | 0.8696 | 0.8671 | 0.8562 | 0.8506 | 0.8442 | 0.8406
MATHNET-0kbi,MATHNET-084f | MATHNET-0iqa | MATHNET-024e | MATHNET-0jxx | MATHNET-0afj | MATHNET-0ab4 | MATHNET-0i4x | MATHNET-02kg | MATHNET-02xf | MATHNET-0iy8,0.8715 | 0.8597 | 0.7961 | 0.7694 | 0.7596 | 0.7590 | 0.7488 | 0.7439 | 0.7412 | 0.7383
MATHNET-0kd5,MATHNET-08rj | MATHNET-021o | MATHNET-0a7r | MATHNET-06nw | MATHNET-0bmd | MATHNET-0652 | MATHNET-0adi | MATHNET-03x3 | MATHNET-023c | MATHNET-01qk,0.8711 | 0.8251 | 0.8158 | 0.8109 | 0.8098 | 0.8015 | 0.8003 | 0.7986 | 0.7840 | 0.7768
MATHNET-0kf4,MATHNET-0jh7 | MATHNET-08yd | MATHNET-00ok | MATHNET-01ug | MATHNET-0kw5 | MATHNET-0b2t | MATHNET-0h2a | MATHNET-0ck8 | MATHNET-032t | MATHNET-09ad,0.8439 | 0.8117 | 0.7988 | 0.7974 | 0.7916 | 0.7720 | 0.7633 | 0.7613 | 0.7511 | 0.7462
MATHNET-0kfj,MATHNET-0l8o | MATHNET-0dk0 | MATHNET-0k65 | MATHNET-01uc | MATHNET-01tp | MATHNET-03xa | MATHNET-0a7l | MATHNET-0dbf | MATHNET-0aho | MATHNET-058t,0.9437 | 0.9190 | 0.9137 | 0.8488 | 0.8249 | 0.8162 | 0.7983 | 0.7975 | 0.7959 | 0.7678
MATHNET-0kfw,MATHNET-0glc | MATHNET-05dk | MATHNET-0906 | MATHNET-0akr | MATHNET-0217 | MATHNET-0455 | MATHNET-06pl | MATHNET-0bow | MATHNET-04t3 | MATHNET-04u6,0.9543 | 0.9341 | 0.9091 | 0.8630 | 0.8097 | 0.8030 | 0.7733 | 0.7237 | 0.7233 | 0.7163
MATHNET-0khx,MATHNET-09zj | MATHNET-0847 | MATHNET-0kjw | MATHNET-0alb | MATHNET-0anv | MATHNET-0kn4 | MATHNET-02cu | MATHNET-02c0 | MATHNET-0epr | MATHNET-0amu,1.0000 | 0.9737 | 0.9487 | 0.9024 | 0.8409 | 0.8409 | 0.8409 | 0.8409 | 0.7781 | 0.7540
MATHNET-0kig,MATHNET-03tp | MATHNET-0edn | MATHNET-0ecu | MATHNET-042z | MATHNET-0l47 | MATHNET-0jfs | MATHNET-0kq5 | MATHNET-0kqz | MATHNET-0apw | MATHNET-08x7,0.7818 | 0.7767 | 0.7343 | 0.7199 | 0.7178 | 0.7008 | 0.6943 | 0.6873 | 0.6850 | 0.6837
MATHNET-0kje,MATHNET-0kz9 | MATHNET-0l68 | MATHNET-0am1 | MATHNET-042z | MATHNET-0jfs | MATHNET-0kig | MATHNET-0l56 | MATHNET-0jag | MATHNET-0ecu | MATHNET-0l0y,0.7953 | 0.7471 | 0.6389 | 0.6243 | 0.6106 | 0.5968 | 0.5844 | 0.5787 | 0.5770 | 0.5715
MATHNET-0kjw,MATHNET-0847 | MATHNET-09zj | MATHNET-0khx | MATHNET-0alb | MATHNET-02c0 | MATHNET-02cu | MATHNET-0anv | MATHNET-0kn4 | MATHNET-0epr | MATHNET-0kqf,0.9737 | 0.9487 | 0.9487 | 0.9487 | 0.8809 | 0.8809 | 0.8809 | 0.8809 | 0.7810 | 0.7618
MATHNET-0kkw,MATHNET-0le9 | MATHNET-06ak | MATHNET-00ba | MATHNET-0bal | MATHNET-02ex | MATHNET-02h7 | MATHNET-0bvn | MATHNET-03qe | MATHNET-0gy1 | MATHNET-0jcv,0.5291 | 0.5255 | 0.5201 | 0.5197 | 0.5152 | 0.5142 | 0.5135 | 0.5089 | 0.5084 | 0.5083
MATHNET-0kn4,MATHNET-02c0 | MATHNET-02cu | MATHNET-0anv | MATHNET-0alb | MATHNET-0kjw | MATHNET-0847 | MATHNET-09zj | MATHNET-0khx | MATHNET-0eao | MATHNET-0e84,1.0000 | 1.0000 | 1.0000 | 0.9250 | 0.8809 | 0.8604 | 0.8409 | 0.8409 | 0.7645 | 0.7645
MATHNET-0ko4,MATHNET-0hz2 | MATHNET-0jqw | MATHNET-0j8y | MATHNET-0acd | MATHNET-0hfw | MATHNET-0e08 | MATHNET-0f88 | MATHNET-0iaq | MATHNET-0ka4 | MATHNET-0b1m,0.9541 | 0.8978 | 0.8972 | 0.8690 | 0.8477 | 0.8460 | 0.8372 | 0.8369 | 0.8356 | 0.8353
MATHNET-0kpf,MATHNET-039t | MATHNET-0iqf | MATHNET-0542 | MATHNET-0l5j | MATHNET-0juf | MATHNET-0hls | MATHNET-0iaq | MATHNET-0j8y | MATHNET-0ay0 | MATHNET-0joq,0.8832 | 0.8800 | 0.8721 | 0.8653 | 0.8652 | 0.8596 | 0.8447 | 0.8280 | 0.8260 | 0.8152
MATHNET-0kpx,MATHNET-0j50 | MATHNET-0e08 | MATHNET-00p6 | MATHNET-0b1m | MATHNET-0f42 | MATHNET-03zv | MATHNET-0hc1 | MATHNET-0jzx | MATHNET-07r9 | MATHNET-00nu,0.8787 | 0.8434 | 0.8411 | 0.8386 | 0.8346 | 0.8323 | 0.8303 | 0.8300 | 0.8281 | 0.8233
MATHNET-0kq5,MATHNET-0axv | MATHNET-0jht | MATHNET-0jsa | MATHNET-0apw | MATHNET-0aw2 | MATHNET-08x7 | MATHNET-0jjl | MATHNET-0kt8 | MATHNET-0em4 | MATHNET-0i5e,0.8460 | 0.8421 | 0.8306 | 0.8281 | 0.8188 | 0.8148 | 0.8110 | 0.8096 | 0.8061 | 0.8053
MATHNET-0kqa,MATHNET-00k4 | MATHNET-0dyz | MATHNET-0157 | MATHNET-0cc6 | MATHNET-0dyh | MATHNET-0dil | MATHNET-0ij0 | MATHNET-08o1 | MATHNET-01db | MATHNET-0925,0.8269 | 0.8063 | 0.8063 | 0.7940 | 0.7912 | 0.7888 | 0.7820 | 0.7807 | 0.7784 | 0.7769
MATHNET-0kqf,MATHNET-0amu | MATHNET-09i8 | MATHNET-0cx2 | MATHNET-04bo | MATHNET-0e84 | MATHNET-0e8i | MATHNET-0eao | MATHNET-09wj | MATHNET-0jpj | MATHNET-0axe,1.0000 | 0.9867 | 0.9867 | 0.9610 | 0.9250 | 0.9250 | 0.9250 | 0.8352 | 0.8093 | 0.8062
MATHNET-0kqz,MATHNET-08x7 | MATHNET-0em4 | MATHNET-0ia7 | MATHNET-0jht | MATHNET-0j2y | MATHNET-0kq5 | MATHNET-0b1j | MATHNET-0apw | MATHNET-0edn | MATHNET-0kt8,0.8942 | 0.8454 | 0.8317 | 0.8066 | 0.7919 | 0.7777 | 0.7691 | 0.7645 | 0.7448 | 0.7377
MATHNET-0krr,MATHNET-0a4k | MATHNET-03zn | MATHNET-00mi | MATHNET-0l0n | MATHNET-0bnh | MATHNET-03f4 | MATHNET-06mm | MATHNET-04a8 | MATHNET-0d5z | MATHNET-0jzx,0.8556 | 0.8502 | 0.8502 | 0.8445 | 0.8366 | 0.8336 | 0.8158 | 0.8070 | 0.8064 | 0.8024
MATHNET-0ksl,MATHNET-041i | MATHNET-0d92 | MATHNET-08nc | MATHNET-0jxp | MATHNET-07w7 | MATHNET-06fc | MATHNET-0i9p | MATHNET-00jk | MATHNET-07ko | MATHNET-0413,0.8356 | 0.7978 | 0.7914 | 0.7834 | 0.7758 | 0.7665 | 0.7481 | 0.7223 | 0.7148 | 0.7148
MATHNET-0kt8,MATHNET-0jjl | MATHNET-0jsa | MATHNET-043v | MATHNET-0axv | MATHNET-0em4 | MATHNET-0kq5 | MATHNET-0aw2 | MATHNET-0i5e | MATHNET-0j2y | MATHNET-0b1j,0.8605 | 0.8307 | 0.8225 | 0.8223 | 0.8170 | 0.8096 | 0.8049 | 0.7971 | 0.7921 | 0.7866
MATHNET-0kto,MATHNET-00g4 | MATHNET-0e0d | MATHNET-00qi | MATHNET-0bd7 | MATHNET-07n6 | MATHNET-0e06 | MATHNET-0325 | MATHNET-07du | MATHNET-03bp | MATHNET-0iyz,0.8768 | 0.8245 | 0.8024 | 0.7812 | 0.7606 | 0.7492 | 0.7461 | 0.7439 | 0.7354 | 0.7335
MATHNET-0kw5,MATHNET-0jh7 | MATHNET-0l31 | MATHNET-0jc8 | MATHNET-0kf4 | MATHNET-0b2t | MATHNET-0dla | MATHNET-08yd | MATHNET-037b | MATHNET-03ma | MATHNET-01ug,0.8321 | 0.8202 | 0.7968 | 0.7916 | 0.7834 | 0.7799 | 0.7797 | 0.7778 | 0.7686 | 0.7606
MATHNET-0kx0,MATHNET-04v9 | MATHNET-0bhh | MATHNET-020e | MATHNET-06tf | MATHNET-0ing | MATHNET-0cm5 | MATHNET-0h61 | MATHNET-07cc | MATHNET-045v | MATHNET-0bzc,0.8710 | 0.8674 | 0.8483 | 0.8470 | 0.8438 | 0.8375 | 0.8113 | 0.8083 | 0.8000 | 0.7998
MATHNET-0kz9,MATHNET-0kje | MATHNET-0l68 | MATHNET-0ecu | MATHNET-0kig | MATHNET-0l56 | MATHNET-042z | MATHNET-0jfs | MATHNET-03tp | MATHNET-0apw | MATHNET-0am1,0.7953 | 0.7340 | 0.6494 | 0.6294 | 0.6257 | 0.6249 | 0.6223 | 0.6178 | 0.6145 | 0.6050
MATHNET-0kzn,MATHNET-08cg | MATHNET-08bm | MATHNET-08a3 | MATHNET-085e | MATHNET-0ej1 | MATHNET-02lc | MATHNET-02xf | MATHNET-02jz | MATHNET-03tp | MATHNET-0kig,0.6082 | 0.5985 | 0.5941 | 0.5926 | 0.5878 | 0.5866 | 0.5852 | 0.5833 | 0.5810 | 0.5790
MATHNET-0kzt,MATHNET-0l0v | MATHNET-0kf4 | MATHNET-0b2t | MATHNET-0iew | MATHNET-0iyz | MATHNET-00ug | MATHNET-01ug | MATHNET-0kto | MATHNET-078n | MATHNET-00g4,0.7060 | 0.6165 | 0.6138 | 0.6131 | 0.6089 | 0.6077 | 0.6066 | 0.6066 | 0.6062 | 0.6053
MATHNET-0l0n,MATHNET-0bnh | MATHNET-0jzx | MATHNET-0hhz | MATHNET-0krr | MATHNET-03zv | MATHNET-0ibu | MATHNET-00mi | MATHNET-0gxz | MATHNET-0ena | MATHNET-0bmx,0.9062 | 0.8848 | 0.8486 | 0.8445 | 0.8439 | 0.8437 | 0.8427 | 0.8409 | 0.8404 | 0.8387
MATHNET-0l0v,MATHNET-0kzt | MATHNET-0l14 | MATHNET-0iew | MATHNET-042z | MATHNET-0kig | MATHNET-0kto | MATHNET-0e0d | MATHNET-00g4 | MATHNET-07xw | MATHNET-0b2t,0.7060 | 0.6085 | 0.5824 | 0.5364 | 0.5323 | 0.5275 | 0.5224 | 0.5216 | 0.5200 | 0.5184
MATHNET-0l0y,MATHNET-0l56 | MATHNET-042z | MATHNET-0dk0 | MATHNET-0l8o | MATHNET-0kfj | MATHNET-03xa | MATHNET-0k65 | MATHNET-0kig | MATHNET-0a7l | MATHNET-01tp,0.7357 | 0.6728 | 0.6394 | 0.6350 | 0.6308 | 0.6308 | 0.6282 | 0.6253 | 0.6192 | 0.6157
MATHNET-0l14,MATHNET-0l0v | MATHNET-0kzt | MATHNET-0677 | MATHNET-00a6 | MATHNET-06un | MATHNET-0akk | MATHNET-0iyz | MATHNET-0325 | MATHNET-0je9 | MATHNET-0kto,0.6085 | 0.5931 | 0.5322 | 0.5271 | 0.5258 | 0.5088 | 0.5068 | 0.5061 | 0.5024 | 0.5018
MATHNET-0l1k,MATHNET-0b2w | MATHNET-056g | MATHNET-0bmd | MATHNET-01qk | MATHNET-0k4h | MATHNET-0j4z | MATHNET-0agx | MATHNET-06nw | MATHNET-0bq8 | MATHNET-0299,0.8322 | 0.8271 | 0.8128 | 0.8096 | 0.8086 | 0.7943 | 0.7923 | 0.7832 | 0.7750 | 0.7689
MATHNET-0l20,MATHNET-038c | MATHNET-00vm | MATHNET-01qs | MATHNET-0387 | MATHNET-0bth | MATHNET-0dqz | MATHNET-06rf | MATHNET-0jnd | MATHNET-0jtz | MATHNET-020t,0.6431 | 0.6335 | 0.6311 | 0.6299 | 0.6285 | 0.6280 | 0.6276 | 0.6272 | 0.6262 | 0.6229
MATHNET-0l31,MATHNET-0kw5 | MATHNET-0jc8 | MATHNET-0e4b | MATHNET-03ma | MATHNET-0jh7 | MATHNET-0dla | MATHNET-0b2t | MATHNET-0kf4 | MATHNET-0hjb | MATHNET-0cww,0.8202 | 0.7849 | 0.7753 | 0.7448 | 0.7416 | 0.7326 | 0.7227 | 0.7196 | 0.7182 | 0.7151
MATHNET-0l47,MATHNET-03tp | MATHNET-0edn | MATHNET-0ecu | MATHNET-03qo | MATHNET-0kt8 | MATHNET-0kq5 | MATHNET-0em4 | MATHNET-0kig | MATHNET-0kqz | MATHNET-0jsa,0.8268 | 0.7913 | 0.7883 | 0.7529 | 0.7377 | 0.7280 | 0.7256 | 0.7178 | 0.7162 | 0.7127
MATHNET-0l56,MATHNET-0l0y | MATHNET-042z | MATHNET-0a4y | MATHNET-0kqz | MATHNET-0apw | MATHNET-0kig | MATHNET-08x7 | MATHNET-0jht | MATHNET-0edn | MATHNET-03xa,0.7357 | 0.6825 | 0.6750 | 0.6723 | 0.6679 | 0.6555 | 0.6493 | 0.6459 | 0.6401 | 0.6385
MATHNET-0l5j,MATHNET-0juf | MATHNET-0joq | MATHNET-0kpf | MATHNET-039t | MATHNET-0iqf | MATHNET-0542 | MATHNET-0iaq | MATHNET-0jqw | MATHNET-0j8y | MATHNET-0ay0,0.9197 | 0.8700 | 0.8653 | 0.8628 | 0.8550 | 0.8518 | 0.8516 | 0.8439 | 0.8383 | 0.8323
MATHNET-0l5r,MATHNET-0299 | MATHNET-0cgq | MATHNET-023c | MATHNET-07vc | MATHNET-0b2w | MATHNET-02n7 | MATHNET-0bmd | MATHNET-03x3 | MATHNET-0652 | MATHNET-0joq,0.8464 | 0.8275 | 0.7959 | 0.7814 | 0.7810 | 0.7803 | 0.7796 | 0.7699 | 0.7684 | 0.7620
MATHNET-0l66,MATHNET-0eff | MATHNET-0kbi | MATHNET-024e | MATHNET-0k1e | MATHNET-0jxx | MATHNET-0ab4 | MATHNET-0awa | MATHNET-02kg | MATHNET-084f | MATHNET-0efy,0.6902 | 0.6473 | 0.6209 | 0.6209 | 0.6176 | 0.6152 | 0.6114 | 0.6110 | 0.6099 | 0.6084
MATHNET-0l68,MATHNET-0kje | MATHNET-0kz9 | MATHNET-0am1 | MATHNET-042z | MATHNET-0jfs | MATHNET-0j4z | MATHNET-0agx | MATHNET-065e | MATHNET-056g | MATHNET-00by,0.7471 | 0.7340 | 0.6788 | 0.6550 | 0.6544 | 0.6404 | 0.6383 | 0.6377 | 0.6291 | 0.6289
MATHNET-0l7k,MATHNET-0bw4 | MATHNET-0gfg | MATHNET-0c4x | MATHNET-0bpv | MATHNET-0beo | MATHNET-0002 | MATHNET-0bl4 | MATHNET-0caz | MATHNET-0gfd | MATHNET-0bdr,1.0000 | 1.0000 | 1.0000 | 1.0000 | 1.0000 | 1.0000 | 1.0000 | 1.0000 | 1.0000 | 1.0000
MATHNET-0l80,MATHNET-0f7p | MATHNET-09hn | MATHNET-0bq4 | MATHNET-08ic | MATHNET-0c4k | MATHNET-0bqa | MATHNET-04dz | MATHNET-049x | MATHNET-0041 | MATHNET-004m,1.0000 | 1.0000 | 1.0000 | 0.9867 | 0.9867 | 0.9867 | 0.9867 | 0.9867 | 0.9867 | 0.9867
MATHNET-0l8o,MATHNET-0dk0 | MATHNET-0kfj | MATHNET-0k65 | MATHNET-01uc | MATHNET-03xa | MATHNET-0aho | MATHNET-0a7l | MATHNET-01tp | MATHNET-0dbf | MATHNET-058t,0.9469 | 0.9437 | 0.8847 | 0.8615 | 0.8461 | 0.8199 | 0.8181 | 0.7969 | 0.7858 | 0.7663
MATHNET-0l9s,MATHNET-0457 | MATHNET-0553 | MATHNET-06fc | MATHNET-0le8 | MATHNET-0d92 | MATHNET-00jk | MATHNET-0i9p | MATHNET-041i | MATHNET-0hs2 | MATHNET-08nc,0.7326 | 0.7174 | 0.7102 | 0.7089 | 0.6969 | 0.6907 | 0.6903 | 0.6846 | 0.6812 | 0.6771
MATHNET-0lad,MATHNET-04st | MATHNET-04ch | MATHNET-0a32 | MATHNET-0ar9 | MATHNET-0au5 | MATHNET-000t | MATHNET-09u9 | MATHNET-0anq | MATHNET-0br0 | MATHNET-0gm2,1.0000 | 1.0000 | 1.0000 | 1.0000 | 1.0000 | 1.0000 | 1.0000 | 1.0000 | 1.0000 | 1.0000
MATHNET-0law,MATHNET-01x5 | MATHNET-01el | MATHNET-0ij0 | MATHNET-01ub | MATHNET-09z8 | MATHNET-05ai | MATHNET-0bxp | MATHNET-03w7 | MATHNET-0hdo | MATHNET-00k4,0.8128 | 0.8015 | 0.7862 | 0.7816 | 0.7775 | 0.7687 | 0.7594 | 0.7578 | 0.7550 | 0.7495
MATHNET-0lbc,MATHNET-00f0 | MATHNET-06bz | MATHNET-072g | MATHNET-017j | MATHNET-01f7 | MATHNET-0ai8 | MATHNET-08pm | MATHNET-0a7h | MATHNET-00va | MATHNET-00ul,0.8866 | 0.7804 | 0.7671 | 0.7667 | 0.7645 | 0.7540 | 0.7427 | 0.7414 | 0.7351 | 0.7291
MATHNET-0lbg,MATHNET-01p2 | MATHNET-003m | MATHNET-004m | MATHNET-08ic | MATHNET-0c9x | MATHNET-0041 | MATHNET-049x | MATHNET-0bqa | MATHNET-0atn | MATHNET-09jj,1.0000 | 0.9867 | 0.9737 | 0.9737 | 0.9737 | 0.9737 | 0.9737 | 0.9737 | 0.9737 | 0.9737
MATHNET-0lco,MATHNET-04xs | MATHNET-06vc | MATHNET-0hsp | MATHNET-0et0 | MATHNET-06un | MATHNET-0cu8 | MATHNET-03yl | MATHNET-07nk | MATHNET-0akk | MATHNET-0ed9,0.8685 | 0.8599 | 0.7692 | 0.7440 | 0.7410 | 0.7350 | 0.7327 | 0.7321 | 0.7318 | 0.7235
MATHNET-0ldf,MATHNET-0759 | MATHNET-0387 | MATHNET-0bth | MATHNET-06rf | MATHNET-01qs | MATHNET-03n8 | MATHNET-00hu | MATHNET-020t | MATHNET-01u2 | MATHNET-0a4r,0.8086 | 0.7955 | 0.7930 | 0.7863 | 0.7744 | 0.7707 | 0.7498 | 0.7474 | 0.7459 | 0.7430
MATHNET-0le8,MATHNET-08tg | MATHNET-0i9p | MATHNET-08nc | MATHNET-0d92 | MATHNET-06fc | MATHNET-07gp | MATHNET-0hax | MATHNET-0l9s | MATHNET-0553 | MATHNET-00nm,0.8053 | 0.7833 | 0.7523 | 0.7416 | 0.7359 | 0.7252 | 0.7240 | 0.7089 | 0.7002 | 0.6938
MATHNET-0le9,MATHNET-02h7 | MATHNET-0bal | MATHNET-0dad | MATHNET-02ex | MATHNET-04yn | MATHNET-0gdx | MATHNET-0eak | MATHNET-0b48 | MATHNET-0jye | MATHNET-00nb,0.8272 | 0.7966 | 0.7887 | 0.7881 | 0.7871 | 0.7810 | 0.7793 | 0.7702 | 0.7692 | 0.7661
MATHNET-0lf7,MATHNET-0dqz | MATHNET-07uh | MATHNET-0h61 | MATHNET-01qs | MATHNET-01b8 | MATHNET-03n8 | MATHNET-0bth | MATHNET-0jgz | MATHNET-0387 | MATHNET-03e9,0.8142 | 0.8130 | 0.8128 | 0.8069 | 0.8034 | 0.7954 | 0.7914 | 0.7912 | 0.7907 | 0.7907
MATHNET-0lfz,MATHNET-01b7 | MATHNET-0dq2 | MATHNET-06pl | MATHNET-04t3 | MATHNET-08q8 | MATHNET-00up | MATHNET-051m | MATHNET-06ts | MATHNET-04u6 | MATHNET-0bow,0.8044 | 0.7953 | 0.7948 | 0.7920 | 0.7686 | 0.7670 | 0.7615 | 0.7562 | 0.7432 | 0.7418
MATHNET-0lgk,MATHNET-0d0v | MATHNET-0gle | MATHNET-0cnn | MATHNET-06x6 | MATHNET-0dzm | MATHNET-06xr | MATHNET-0clu | MATHNET-076g | MATHNET-0etj | MATHNET-0h10,0.9154 | 0.8977 | 0.8873 | 0.8643 | 0.8477 | 0.8364 | 0.8271 | 0.8165 | 0.8046 | 0.7845
