problem_id,domain,subtopic,concepts,problem_type,length_score,equation_score,reasoning_score,proof_score,case_score,steps_score,problem_type_score,domain_score,difficulty_score
MATHNET-009s,Discrete Mathematics,Combinatorics,"Coloring schemes, extremal arguments | Invariants / monovariants",proof and answer,0.804567180031864,0.7462606837606838,0.9221668742216688,0.6109422492401216,0.552827380952381,0.8061603823685608,0.8461538461538461,1.0,0.7827247010415328
MATHNET-00hy,Discrete Mathematics | Geometry,Combinatorics | Plane Geometry,"Miscellaneous > Constructions and loci | Coloring schemes, extremal arguments | Invariants / monovariants",proof only,0.9776951672862454,0.9332264957264957,0.8549190535491905,0.9224924012158056,0.9278273809523812,0.9835369091874668,1.0,0.9459459459459459,0.9430693069306931
MATHNET-00k4,Geometry,Plane Geometry | Solid Geometry,3D Shapes | Quadrilaterals > Cyclic quadrilaterals | Miscellaneous > Angle chasing,proof only,0.5570897503983006,0.6917735042735044,0.7540473225404732,0.0,0.0,0.4843335103558152,1.0,0.8918918918918919,0.517841069821268
MATHNET-00rl,Geometry,Plane Geometry,"Triangles > Triangle centers: centroid, incenter, circumcenter, orthocenter, Euler line, nine-point circle | Quadrilaterals > Inscribed/circumscribed quadrilaterals | Circles > Tangents | Miscellaneous > Angle chasing",proof only,0.8555496548061604,0.8931623931623932,0.8188044831880449,0.8882978723404256,0.8757440476190478,0.6016994158258099,1.0,0.8918918918918919,0.8424521023530926
MATHNET-00xp,Discrete Mathematics,Combinatorics,"Coloring schemes, extremal arguments",proof and answer,0.4041423260754115,0.1917735042735043,0.34993773349937735,0.6109422492401216,0.0,0.4843335103558152,0.8461538461538461,1.0,0.3807702198791308
MATHNET-01l1,Discrete Mathematics,Combinatorics,Games / greedy algorithms | Invariants / monovariants,proof and answer,0.5639936271906532,0.1917735042735043,0.0,0.0,0.0,0.8061603823685608,0.8461538461538461,1.0,0.30863443487205866
MATHNET-0217,Geometry,Plane Geometry,"Triangles > Triangle centers: centroid, incenter, circumcenter, orthocenter, Euler line, nine-point circle | Quadrilaterals > Cyclic quadrilaterals | Circles > Tangents | Circles > Radical axis theorem | Advanced Configurations > Miquel point | Circles > Circle of Apollonius | Miscellaneous > Angle chasing",proof only,0.9734466277217206,0.985042735042735,0.975093399750934,0.7545592705167175,0.0,0.9198088157195964,1.0,0.8918918918918919,0.865725858300116
MATHNET-021o,Algebra,Prealgebra / Basic Algebra,Simple Equations,proof and answer,0.767392458842273,0.4738247863247863,0.34993773349937735,0.0,0.0,0.6016994158258099,0.8461538461538461,0.8108108108108109,0.4518130384467019
MATHNET-03e9,Discrete Mathematics | Geometry,Combinatorics | Plane Geometry,Combinatorial Geometry > Helly's theorem | Combinatorial Geometry > Convex hulls | Miscellaneous > Constructions and loci | Miscellaneous > Angle chasing | Pigeonhole principle,proof and answer,0.9330855018587361,0.9182692307692307,0.8549190535491905,0.8366261398176291,0.9002976190476191,0.8672331386086033,0.8461538461538461,0.9459459459459459,0.8957824353863959
MATHNET-03nj,Geometry,Plane Geometry,Circles > Tangents | Quadrilaterals > Inscribed/circumscribed quadrilaterals | Triangles > Triangle trigonometry | Analytic / Coordinate Methods > Trigonometry | Miscellaneous > Angle chasing,proof only,0.8343069569835369,0.8215811965811965,0.6587795765877957,0.0,0.0,0.7594264471587892,1.0,0.8918918918918919,0.622026488363122
MATHNET-03qq,Discrete Mathematics,Combinatorics,"Invariants / monovariants | Coloring schemes, extremal arguments",proof and answer,0.9840679766330324,0.9893162393162394,0.975093399750934,0.9779635258358662,0.9970238095238096,0.9198088157195964,0.8461538461538461,1.0,0.9797158287257297
MATHNET-04aq,Discrete Mathematics,Combinatorics,"Invariants / monovariants | Coloring schemes, extremal arguments",proof and answer,0.810939989378651,0.7954059829059829,0.34993773349937735,0.7545592705167175,0.783482142857143,0.9038767923526289,0.8461538461538461,1.0,0.7249582101067249
MATHNET-04u6,Geometry,Plane Geometry,"Triangles > Triangle centers: centroid, incenter, circumcenter, Euler line, nine-point circle | Circles > Coaxal circles | Quadrilaterals > Cyclic quadrilaterals | Advanced Configurations > Isogonal/isotomic conjugates, barycentric coordinates | Miscellaneous > Angle chasing",proof only,0.9298990971853426,0.9492521367521367,0.9589041095890412,0.6109422492401216,0.0,0.8672331386086033,1.0,0.8918918918918919,0.820785649993571
MATHNET-04xa,Geometry,Plane Geometry,Circles | Triangles > Triangle trigonometry | Miscellaneous > Angle chasing | Miscellaneous > Distance chasing,proof only,0.8725438130642592,0.906517094017094,0.7540473225404732,0.0,0.6845238095238095,0.4843335103558152,1.0,0.8918918918918919,0.6921370708499424
MATHNET-051m,Geometry,Plane Geometry,Miscellaneous > Angle chasing | Miscellaneous > Distance chasing | Analytic / Coordinate Methods > Trigonometry | Miscellaneous > Constructions and loci,proof and answer,0.9288369622942113,0.8338675213675214,0.6587795765877957,0.7545592705167175,0.0,0.9038767923526289,0.8461538461538461,0.8918918918918919,0.7539539668252543
MATHNET-05dg,Geometry,Plane Geometry,"Triangles > Triangle trigonometry | Triangles > Triangle centers: centroid, incenter, circumcenter, orthocenter, Euler line, nine-point circle | Analytic / Coordinate Methods > Vectors | Analytic / Coordinate Methods > Complex numbers in geometry | Analytic / Coordinate Methods > Trigonometry | Miscellaneous > Distance chasing | Transformations > Translation",proof only,0.9585767392458842,0.9529914529914529,0.9906600249066002,0.7545592705167175,0.552827380952381,0.9750398300584174,1.0,0.8918918918918919,0.914009258068664
MATHNET-05rp,Discrete Mathematics,Combinatorics,"Coloring schemes, extremal arguments | Counting two ways",proof and answer,0.9245884227296868,0.5096153846153847,0.0,0.0,0.0,0.9750398300584174,0.8461538461538461,1.0,0.47376880545197375
MATHNET-064l,Geometry,Plane Geometry,Quadrilaterals > Cyclic quadrilaterals | Circles > Tangents | Circles > Radical axis theorem | Concurrency and Collinearity > Pappus theorem | Miscellaneous > Angle chasing,proof only,0.8173127987254382,0.8509615384615385,0.0,0.0,0.0,0.9320233669676048,1.0,0.8918918918918919,0.5080686640092581
MATHNET-06au,Discrete Mathematics,Combinatorics | Graph Theory,"Pigeonhole principle | Coloring schemes, extremal arguments",proof and answer,0.8438661710037174,0.17254273504273504,0.5292652552926526,0.7545592705167175,0.9501488095238098,0.9500796601168348,0.8461538461538461,1.0,0.6775106082036775
MATHNET-06j5,Discrete Mathematics,Combinatorics,"Coloring schemes, extremal arguments | Counting two ways | Invariants / monovariants",proof and answer,0.20552310143388205,0.1917735042735043,0.34993773349937735,0.6109422492401216,0.0,0.6919808815719597,0.8461538461538461,1.0,0.3578179246496078
MATHNET-06op,Algebra | Discrete Mathematics | Geometry,Graph Theory | Linear Algebra | Solid Geometry,Other 3D problems | Euler characteristic: V-E+F | Vectors,proof and answer,0.9978757302177377,0.9967948717948718,0.9925280199252803,0.9908814589665654,1.0,0.9766330323951141,0.8461538461538461,0.9009009009009008,0.9944280142299947
MATHNET-0710,Geometry,Plane Geometry,Geometric Inequalities > Optimization in geometry | Analytic / Coordinate Methods > Trigonometry | Miscellaneous > Angle chasing | Triangles > Triangle trigonometry,proof and answer,0.8576739245884227,0.8247863247863247,0.7540473225404732,0.6109422492401216,0.8415178571428571,0.9670738183749337,0.8461538461538461,0.8918918918918919,0.8168959753118169
MATHNET-077h,Geometry,Plane Geometry,"Concurrency and Collinearity > Ceva's theorem | Miscellaneous > Constructions and loci | Triangles > Triangle centers: centroid, incenter, circumcenter, orthocenter, Euler line, nine-point circle",proof and answer,0.9192777482740309,0.9433760683760684,0.5292652552926526,0.952887537993921,0.9278273809523812,0.9569835369091875,0.8461538461538461,0.8918918918918919,0.8564356435643565
MATHNET-07d3,Algebra | Discrete Mathematics,Combinatorics | Linear Algebra,"Counting two ways | Coloring schemes, extremal arguments | Vectors",proof and answer,0.9670738183749337,0.9647435897435898,0.5292652552926526,0.96048632218845,0.9501488095238098,0.7594264471587892,0.8461538461538461,0.9054054054054054,0.8511636877973513
MATHNET-07nk,Discrete Mathematics,Combinatorics,"Enumeration with symmetry | Coloring schemes, extremal arguments",proof and answer,0.9607010090281466,0.6260683760683762,0.9489414694894147,0.0,0.6845238095238095,0.9941582580987786,0.8461538461538461,1.0,0.760961810466761
MATHNET-0855,Geometry,Plane Geometry,"Triangles > Triangle centers: centroid, incenter, circumcenter, orthocenter, Euler line, nine-point circle | Transformations > Translation | Transformations > Homothety | Miscellaneous > Constructions and loci | Miscellaneous > Angle chasing | Analytic / Coordinate Methods > Vectors",proof and answer,0.9437068507700478,0.9732905982905983,0.0,0.0,0.0,0.9320233669676048,0.8461538461538461,0.8918918918918919,0.5543268612575544
MATHNET-08m2,Discrete Mathematics,Combinatorics | Graph Theory,"Matchings, Marriage Lemma, Tutte's theorem | Coloring schemes, extremal arguments | Counting two ways",proof and answer,0.8449283058948486,0.8338675213675214,0.5292652552926526,0.8366261398176291,0.0,0.9500796601168348,0.8461538461538461,1.0,0.7254725472547255
MATHNET-08yo,Discrete Mathematics,Combinatorics,Invariants / monovariants | Games / greedy algorithms,proof and answer,0.7419012214551248,0.9391025641025641,0.0,0.6109422492401216,0.552827380952381,0.8374933616569304,0.8461538461538461,1.0,0.6157258583001158
MATHNET-090w,Geometry,Plane Geometry,"Circles > Tangents | Triangles > Triangle centers: centroid, incenter, circumcenter, orthocenter, Euler line, nine-point circle | Miscellaneous > Angle chasing",proof only,0.4843335103558152,0.5261752136752137,0.0,0.0,0.0,0.4843335103558152,1.0,0.8918918918918919,0.3146136042175646
MATHNET-090z,Geometry,Plane Geometry,Miscellaneous > Angle chasing | Analytic / Coordinate Methods > Cartesian coordinates | Analytic / Coordinate Methods > Vectors | Quadrilaterals,proof and answer,0.9830058417419013,0.9780982905982907,0.9221668742216688,0.9832826747720366,0.9903273809523808,0.9883165161975571,0.8461538461538461,0.8918918918918919,0.9723222322232227
MATHNET-095q,Geometry,Solid Geometry,3D Shapes | Volume,proof and answer,0.9256505576208178,0.8509615384615385,0.0,0.0,0.0,0.9883165161975571,0.8461538461538461,0.8918918918918919,0.5346856114182846
MATHNET-09et,Algebra | Discrete Mathematics,Algebraic Expressions | Combinatorics | Graph Theory,"Generating functions | Recursion, bijection | Sequences and Series > Recurrence relations",proof and answer,0.8810408921933085,0.844551282051282,0.7540473225404732,0.0,0.552827380952381,0.9500796601168348,0.8461538461538461,0.9054054054054054,0.7219043332904719
MATHNET-09tk,Geometry,Plane Geometry,Circles > Tangents | Quadrilaterals > Cyclic quadrilaterals | Miscellaneous > Angle chasing,proof only,0.8141263940520446,0.8092948717948718,0.0,0.0,0.0,0.8900690387679234,1.0,0.8918918918918919,0.49469589816124465
MATHNET-0a6c,Algebra | Number Theory,Algebraic Expressions | Divisibility / Factorization,Factorization techniques | Sequences and Series > Sums and products,proof and answer,0.9660116834838024,0.9391025641025641,0.7540473225404732,0.6109422492401216,0.9002976190476191,0.9941582580987786,0.8461538461538461,0.8783783783783784,0.8718014658608716
MATHNET-0a7r,Geometry,Plane Geometry,Miscellaneous > Angle chasing | Analytic / Coordinate Methods > Cartesian coordinates | Miscellaneous > Constructions and loci,proof only,0.43972384492830585,0.576388888888889,0.34993773349937735,0.0,0.0,0.6016994158258099,1.0,0.8918918918918919,0.3993506493506494
MATHNET-0akr,Geometry,Plane Geometry,"Advanced Configurations > Simson line | Concurrency and Collinearity > Menelaus' theorem | Quadrilaterals > Cyclic quadrilaterals | Triangles > Triangle centers: centroid, incenter, circumcenter, orthocenter, Euler line, nine-point circle | Miscellaneous > Angle chasing",proof only,0.9490175252257037,0.9353632478632479,0.9682440846824408,0.8366261398176291,0.0,0.9405204460966543,1.0,0.8918918918918919,0.8623505207663625
MATHNET-0b1l,Discrete Mathematics,Combinatorics,"Invariants / monovariants | Coloring schemes, extremal arguments | Counting two ways",proof and answer,0.6866702071163038,0.33653846153846156,0.0,0.7545592705167175,0.0,0.8374933616569304,0.8461538461538461,1.0,0.46402854571171415
MATHNET-0bzc,Geometry,Plane Geometry,Quadrilaterals > Quadrilaterals with perpendicular diagonals | Quadrilaterals > Cyclic quadrilaterals | Circles > Radical axis theorem | Concurrency and Collinearity > Desargues theorem | Analytic / Coordinate Methods > Trigonometry | Miscellaneous > Angle chasing,proof only,0.9787573021773766,0.9839743589743589,0.9489414694894147,0.9878419452887538,0.9278273809523812,0.9569835369091875,1.0,0.8918918918918919,0.9756975697569756
MATHNET-0cm5,Geometry,Plane Geometry,"Circles > Tangents | Circles > Radical axis theorem | Advanced Configurations > Brocard point, symmedians | Advanced Configurations > Isogonal/isotomic conjugates, barycentric coordinates | Transformations > Spiral similarity | Quadrilaterals > Cyclic quadrilaterals | Miscellaneous > Angle chasing",proof only,0.9723844928305896,0.9818376068376068,0.985678704856787,0.8366261398176291,0.552827380952381,0.960169941582581,1.0,0.8918918918918919,0.9301465860871805
MATHNET-0cnn,Geometry,Plane Geometry,"Advanced Configurations > Isogonal/isotomic conjugates, barycentric coordinates | Quadrilaterals > Cyclic quadrilaterals | Miscellaneous > Angle chasing",proof only,0.7291556027615508,0.8247863247863247,0.8549190535491905,0.0,0.0,0.8061603823685608,1.0,0.8918918918918919,0.6433071878616435
MATHNET-0d1o,Discrete Mathematics,Combinatorics,Enumeration with symmetry,proof and answer,0.651619755708975,0.7051282051282051,0.6587795765877957,0.0,0.0,0.9038767923526289,0.8461538461538461,1.0,0.5703998971325704
MATHNET-0dnv,Discrete Mathematics,Combinatorics,Invariants / monovariants | Induction / smoothing,proof and answer,0.6771109930961231,0.560363247863248,0.0,0.0,0.0,0.9569835369091875,0.8461538461538461,1.0,0.4208242252796707
MATHNET-0dq2,Geometry,Plane Geometry,"Triangles > Triangle centers: centroid, incenter, circumcenter, orthocenter, Euler line, nine-point circle | Advanced Configurations > Brocard point, symmedians | Quadrilaterals > Cyclic quadrilaterals | Triangles > Triangle trigonometry | Miscellaneous > Angle chasing",proof only,0.7907594264471589,0.8584401709401709,0.7540473225404732,0.6109422492401216,0.0,0.6919808815719597,1.0,0.8918918918918919,0.7071814324289573
MATHNET-0dri,Discrete Mathematics,Combinatorics,"Coloring schemes, extremal arguments | Counting two ways | Invariants / monovariants",proof and answer,0.6048858204992034,0.49198717948717957,0.8188044831880449,0.9224924012158056,0.0,0.6919808815719597,0.8461538461538461,1.0,0.645075221807895
MATHNET-0dxz,Geometry,Plane Geometry,"Triangles > Triangle centers: centroid, incenter, circumcenter, orthocenter, Euler line, nine-point circle | Quadrilaterals > Cyclic quadrilaterals | Analytic / Coordinate Methods > Vectors | Miscellaneous > Angle chasing",proof only,0.98194370685077,0.9780982905982907,0.9221668742216688,0.6109422492401216,0.552827380952381,0.8900690387679234,1.0,0.8918918918918919,0.8815417256011319
MATHNET-0et0,Geometry,Plane Geometry,Miscellaneous > Angle chasing | Analytic / Coordinate Methods > Trigonometry | Triangles > Triangle trigonometry | Quadrilaterals > Inscribed/circumscribed quadrilaterals,proof only,0.9033457249070632,0.9294871794871795,0.7540473225404732,0.0,0.6845238095238095,0.9405204460966543,1.0,0.8918918918918919,0.7589687540182593
MATHNET-0eu5,Discrete Mathematics,Combinatorics,"Recursion, bijection | Induction / smoothing",proof and answer,0.8757302177376527,0.9118589743589743,0.9371108343711084,0.9224924012158056,0.9278273809523812,0.8900690387679234,0.8461538461538461,1.0,0.9150379323646652
MATHNET-0f3f,Discrete Mathematics,Combinatorics,"Coloring schemes, extremal arguments | Counting two ways",proof and answer,0.38077535847052574,0.11591880341880342,0.34993773349937735,0.6109422492401216,0.0,0.6919808815719597,0.8461538461538461,1.0,0.3865565127941366
MATHNET-0fg1,Geometry,Plane Geometry,"Triangles > Triangle centers: centroid, incenter, circumcenter, orthocenter, Euler line, nine-point circle | Circles > Tangents | Miscellaneous > Constructions and loci | Miscellaneous > Angle chasing",proof only,0.9118428040361126,0.9471153846153846,0.0,0.0,0.0,0.9405204460966543,1.0,0.8918918918918919,0.5493442201362994
MATHNET-0fv5,Discrete Mathematics,Combinatorics,"Invariants / monovariants | Coloring schemes, extremal arguments | Induction / smoothing | Games / greedy algorithms",proof and answer,0.8151885289431757,0.43589743589743596,0.0,0.0,0.0,0.1486988847583643,0.8461538461538461,1.0,0.3339333933393339
MATHNET-0g7r,Discrete Mathematics,Combinatorics,"Invariants / monovariants | Coloring schemes, extremal arguments",proof and answer,0.20127456186935738,0.24145299145299148,0.0,0.0,0.0,0.32713754646840143,0.8461538461538461,1.0,0.17178860743217175
MATHNET-0glc,Geometry,Plane Geometry,Analytic / Coordinate Methods > Complex numbers in geometry | Analytic / Coordinate Methods > Trigonometry | Circles > Radical axis theorem | Quadrilaterals > Cyclic quadrilaterals | Miscellaneous > Angle chasing,proof only,0.9373340414232607,0.9519230769230769,0.9813200498132005,0.9703647416413373,0.0,0.9633563462559744,1.0,0.8918918918918919,0.8849492092066351
MATHNET-0gn8,Discrete Mathematics,Combinatorics,Inclusion-exclusion,proof and answer,0.42007434944237915,0.09455128205128205,0.34993773349937735,0.0,0.0,0.1486988847583643,0.8461538461538461,1.0,0.24890703356049898
MATHNET-0h10,Geometry,Plane Geometry,"Advanced Configurations > Brocard point, symmedians | Circles > Tangents | Concurrency and Collinearity > Menelaus' theorem | Triangles > Triangle trigonometry | Miscellaneous > Angle chasing",proof only,0.8969729155602761,0.9038461538461539,0.6587795765877957,0.0,0.0,0.7594264471587892,1.0,0.8918918918918919,0.6520509193776521
MATHNET-0hsp,Geometry,Plane Geometry | Solid Geometry,Volume | 3D Shapes | Analytic / Coordinate Methods > Trigonometry | Triangles > Triangle trigonometry,proof and answer,0.938396176314392,0.8830128205128205,0.8804483188044833,0.0,0.6845238095238095,0.9670738183749337,0.8461538461538461,0.8918918918918919,0.7819531953195322
MATHNET-0l9s,Discrete Mathematics,Combinatorics,"Invariants / monovariants | Coloring schemes, extremal arguments",proof and answer,0.553903345724907,0.24145299145299148,0.6587795765877957,0.8882978723404256,0.0,0.32713754646840143,0.8461538461538461,1.0,0.505947023273756
MATHNET-0lgk,Geometry,Plane Geometry,Circles > Tangents | Concurrency and Collinearity > Menelaus' theorem | Miscellaneous > Angle chasing,proof only,0.807222517259692,0.8931623931623932,0.9034869240348692,0.0,0.0,0.8374933616569304,1.0,0.8918918918918919,0.6883759804551886
MATHNET-00ac,Discrete Mathematics | Geometry,Combinatorics | Plane Geometry,"Coloring schemes, extremal arguments | Geometric Inequalities > Optimization in geometry | Miscellaneous > Constructions and loci",proof and answer,0.8640467339352098,0.8728632478632478,0.5292652552926526,0.8882978723404256,0.783482142857143,0.8374933616569304,0.8461538461538461,0.9459459459459459,0.7964832197505465
MATHNET-00f5,Geometry,Plane Geometry,Miscellaneous > Constructions and loci,proof only,0.9054699946893255,0.8034188034188033,0.6587795765877957,0.0,0.0,0.9198088157195964,1.0,0.8918918918918919,0.6553941108396556
MATHNET-00ny,Discrete Mathematics | Geometry,Combinatorics | Plane Geometry,Miscellaneous > Distance chasing | Miscellaneous > Constructions and loci | Games / greedy algorithms,proof and answer,0.9553903345724907,0.9455128205128206,0.8549190535491905,0.7545592705167175,0.9501488095238098,0.8672331386086033,0.8461538461538461,0.9459459459459459,0.8999935707856501
MATHNET-00s2,Geometry,Plane Geometry,"Triangles > Triangle centers: centroid, incenter, circumcenter, orthocenter, Euler line, nine-point circle | Quadrilaterals > Cyclic quadrilaterals | Circles > Radical axis theorem | Circles > Tangents | Miscellaneous > Angle chasing | Miscellaneous > Constructions and loci",proof only,0.895910780669145,0.8931623931623932,0.6587795765877957,0.0,0.0,0.6919808815719597,1.0,0.8918918918918919,0.6416998842741419
MATHNET-0115,Discrete Mathematics,Combinatorics,"Invariants / monovariants | Counting two ways | Coloring schemes, extremal arguments",proof and answer,0.6749867233138607,0.15224358974358973,0.8188044831880449,0.0,0.6845238095238095,0.6919808815719597,0.8461538461538461,1.0,0.5427864214992929
MATHNET-01u2,Discrete Mathematics,Combinatorics,"Invariants / monovariants | Coloring schemes, extremal arguments",proof and answer,0.9415825809877855,0.8338675213675214,0.8188044831880449,0.8366261398176291,0.9501488095238098,0.8672331386086033,0.8461538461538461,1.0,0.8807380738073809
MATHNET-020e,Geometry,Plane Geometry,"Triangles > Triangle centers: centroid, incenter, circumcenter, orthocenter, Euler line, nine-point circle | Circles > Tangents | Quadrilaterals > Cyclic quadrilaterals | Transformations > Inversion | Analytic / Coordinate Methods > Cartesian coordinates | Miscellaneous > Angle chasing",proof only,0.9458311205523102,0.9615384615384616,0.9906600249066002,0.8366261398176291,0.783482142857143,0.9500796601168348,1.0,0.8918918918918919,0.9397904076121899
MATHNET-023i,Geometry,Plane Geometry,Circles > Tangents | Triangles | Miscellaneous > Angle chasing | Miscellaneous > Distance chasing,proof and answer,0.8215613382899629,0.8477564102564102,0.0,0.0,0.0,0.8672331386086033,0.8461538461538461,0.8918918918918919,0.4942458531567443
MATHNET-03bq,Geometry,Plane Geometry,"Circles > Radical axis theorem | Advanced Configurations > Polar triangles, harmonic conjugates | Miscellaneous > Constructions and loci",proof and answer,0.38183749336165684,0.5966880341880343,0.34993773349937735,0.0,0.0,0.32713754646840143,0.8461538461538461,0.8918918918918919,0.3493313617075994
MATHNET-03nf,Discrete Mathematics,Combinatorics,"Recursion, bijection",proof and answer,0.700477960701009,0.3888888888888889,0.34993773349937735,0.7545592705167175,0.9278273809523812,0.8672331386086033,0.8461538461538461,1.0,0.6328597145428829
MATHNET-0455,Geometry,Plane Geometry,"Concurrency and Collinearity | Transformations > Homothety | Analytic / Coordinate Methods > Trigonometry | Analytic / Coordinate Methods > Complex numbers in geometry | Miscellaneous > Angle chasing | Triangles > Triangle centers: centroid, incenter, circumcenter, orthocenter, Euler line, nine-point circle",proof only,0.9766330323951141,0.9706196581196581,0.975093399750934,0.7545592705167175,0.0,0.8900690387679234,1.0,0.8918918918918919,0.8602931721743605
MATHNET-048d,Geometry,Plane Geometry,Miscellaneous > Angle chasing | Triangles,proof and answer,0.6240042485395646,0.560363247863248,0.0,0.0,0.6845238095238095,0.6016994158258099,0.8461538461538461,0.8918918918918919,0.4215314388581715
MATHNET-04v9,Geometry,Plane Geometry,"Quadrilaterals > Cyclic quadrilaterals | Transformations > Rotation | Triangles > Triangle centers: centroid, incenter, circumcenter, orthocenter, Euler line, nine-point circle | Miscellaneous > Angle chasing",proof only,0.9001593202336696,0.9391025641025641,0.9682440846824408,0.9224924012158056,0.6845238095238095,0.9038767923526289,1.0,0.8918918918918919,0.9168059663109168
MATHNET-04xs,Discrete Mathematics,Combinatorics | Graph Theory,"Coloring schemes, extremal arguments | Invariants / monovariants",proof and answer,0.9405204460966543,0.9118589743589743,0.8188044831880449,0.0,0.9278273809523812,0.9670738183749337,0.8461538461538461,1.0,0.7985405683425485
MATHNET-056b,Geometry,Plane Geometry,"Miscellaneous > Angle chasing | Quadrilaterals > Cyclic quadrilaterals | Triangles > Triangle centers: centroid, incenter, circumcenter, orthocenter, Euler line, nine-point circle | Miscellaneous > Constructions and loci",proof and answer,0.8906001062134892,0.9204059829059829,0.9221668742216688,0.6109422492401216,0.783482142857143,0.8672331386086033,0.8461538461538461,0.8918918918918919,0.8597466889546099
MATHNET-05dk,Geometry,Plane Geometry,"Circles > Tangents | Transformations > Homothety | Transformations > Inversion | Miscellaneous > Angle chasing | Quadrilaterals > Cyclic quadrilaterals | Analytic / Coordinate Methods > Complex numbers in geometry | Advanced Configurations > Brocard point, symmedians | Triangles > Triangle centers: centroid, incenter, circumcenter, orthocenter, Euler line, nine-point circle",proof only,0.9957514604354752,0.998931623931624,0.9987546699875468,0.9224924012158056,0.0,0.9792883696229421,1.0,0.8918918918918919,0.9070335604989074
MATHNET-05uf,Discrete Mathematics | Geometry,Combinatorics | Graph Theory | Plane Geometry,Miscellaneous > Constructions and loci | Miscellaneous > Angle chasing | Quadrilaterals > Cyclic quadrilaterals | Analytic / Coordinate Methods > Cartesian coordinates | Combinatorial Geometry > Convex hulls | Turán's theorem | Counting two ways,proof and answer,0.9989378651088688,1.0,0.34993773349937735,0.952887537993921,0.0,1.0,0.8461538461538461,0.9459459459459459,0.7752346663237754
MATHNET-062m,Discrete Mathematics,Combinatorics,"Invariants / monovariants | Coloring schemes, extremal arguments",proof and answer,0.6930430164630907,0.08173076923076925,0.0,0.0,0.0,0.8672331386086033,0.8461538461538461,1.0,0.32740774077407747
MATHNET-065e,Geometry,Plane Geometry,"Triangles > Triangle centers: centroid, incenter, circumcenter, orthocenter, Euler line, nine-point circle | Quadrilaterals > Cyclic quadrilaterals | Miscellaneous > Angle chasing",proof and answer,0.4753053637812002,0.6260683760683762,0.7540473225404732,0.0,0.0,0.7594264471587892,0.8461538461538461,0.8918918918918919,0.5130513051305131
MATHNET-06ke,Geometry,Plane Geometry,Combinatorial Geometry > Convex hulls | Transformations > Homothety | Miscellaneous > Angle chasing | Miscellaneous > Distance chasing | Geometric Inequalities > Optimization in geometry,proof only,0.9628252788104089,0.9663461538461537,0.985678704856787,0.9962006079027356,0.9784226190476192,0.9713223579394583,1.0,0.8918918918918919,0.9834126269769837
MATHNET-06si,Discrete Mathematics | Geometry | Number Theory,Combinatorics | Modular Arithmetic | Number-Theoretic Functions | Plane Geometry,"Enumeration with symmetry | Recursion, bijection | Induction / smoothing | φ (Euler's totient) | Inverses mod n | Miscellaneous > Constructions and loci",proof and answer,0.9925650557620818,0.9946581196581197,0.9950186799501868,0.9650455927051672,0.9985119047619049,0.9915029208709506,0.8461538461538461,0.9459459459459459,0.9927349877844928
MATHNET-06ze,Geometry,Plane Geometry,Circles > Tangents | Analytic / Coordinate Methods > Cartesian coordinates | Miscellaneous > Constructions and loci | Miscellaneous > Angle chasing,proof and answer,0.4614976101964949,0.7692307692307693,0.6587795765877957,0.6109422492401216,0.552827380952381,0.6016994158258099,0.8461538461538461,0.8918918918918919,0.6220907805066223
MATHNET-0759,Discrete Mathematics | Geometry,Combinatorics | Plane Geometry,Quadrilaterals > Cyclic quadrilaterals | Miscellaneous > Angle chasing | Pigeonhole principle,proof only,0.75570897503983,0.5096153846153847,0.5292652552926526,0.8882978723404256,0.9002976190476191,0.8061603823685608,1.0,0.9459459459459459,0.7174038832454674
MATHNET-07cz,Geometry,Plane Geometry,Circles > Tangents | Quadrilaterals > Cyclic quadrilaterals | Miscellaneous > Angle chasing | Miscellaneous > Constructions and loci,proof only,0.8783855549654805,0.7895299145299146,0.9887920298879203,0.0,0.552827380952381,0.32713754646840143,1.0,0.8918918918918919,0.6904976211906908
MATHNET-07uh,Geometry,Plane Geometry,Circles > Tangents | Quadrilaterals > Cyclic quadrilaterals | Miscellaneous > Angle chasing,proof only,0.7801380775358471,0.8402777777777778,0.8804483188044833,0.7545592705167175,0.6845238095238095,0.8900690387679234,1.0,0.8918918918918919,0.828790021859329
MATHNET-081p,Geometry,Plane Geometry,Analytic / Coordinate Methods > Cartesian coordinates | Transformations > Rotation | Miscellaneous > Constructions and loci | Miscellaneous > Distance chasing,proof and answer,0.7381837493361656,0.6260683760683762,0.0,0.0,0.0,0.8374933616569304,0.8461538461538461,0.8918918918918919,0.43043590073293037
MATHNET-08n2,Geometry,Plane Geometry,"Quadrilaterals > Cyclic quadrilaterals | Triangles > Triangle centers: centroid, incenter, circumcenter, orthocenter, Euler line, nine-point circle | Miscellaneous > Angle chasing | Miscellaneous > Distance chasing",proof only,0.8013807753584705,0.8637820512820513,0.9813200498132005,0.0,0.0,0.4843335103558152,1.0,0.8918918918918919,0.6549762119069052
MATHNET-08tg,Geometry,Plane Geometry,Circles > Tangents | Transformations > Homothety | Transformations > Rotation | Miscellaneous > Angle chasing,proof and answer,0.52947424322889,0.6116452991452992,0.7540473225404732,0.6109422492401216,0.0,0.4843335103558152,0.8461538461538461,0.8918918918918919,0.5677960653208178
MATHNET-0932,Discrete Mathematics,Combinatorics,"Invariants / monovariants | Coloring schemes, extremal arguments | Counting two ways",proof and answer,0.9681359532660648,0.7825854700854701,0.8188044831880449,0.8882978723404256,0.9278273809523812,0.9941582580987786,0.8461538461538461,1.0,0.8979040761218977
MATHNET-0955,Algebra | Geometry,Equations and Inequalities | Intermediate Algebra | Plane Geometry,Analytic / Coordinate Methods > Cartesian coordinates | Circles > Tangents | Quadratic functions | Linear and quadratic inequalities,proof and answer,0.8821030270844398,0.7537393162393162,0.0,0.0,0.0,0.6919808815719597,0.8461538461538461,0.8513513513513513,0.46975054648321996
MATHNET-099l,Discrete Mathematics,Combinatorics | Other,"Coloring schemes, extremal arguments | Counting two ways",proof and answer,0.8661710037174721,0.5865384615384616,0.34993773349937735,0.9224924012158056,0.783482142857143,0.9713223579394583,0.8461538461538461,1.0,0.7301015815867301
MATHNET-09wj,Discrete Mathematics,Algorithms,,final answer only,0.06213489113117364,0.0,0.0,0.0,0.0,0.1486988847583643,0.3076923076923077,1.0,0.05040504050405043
MATHNET-0a53,Geometry,Plane Geometry,Circles > Tangents | Transformations > Homothety | Miscellaneous > Angle chasing,proof only,0.5342538502389803,0.7692307692307693,0.6587795765877957,0.0,0.0,0.9405204460966543,1.0,0.8918918918918919,0.561849042047062
MATHNET-0a9f,Geometry,Plane Geometry,Triangles > Triangle trigonometry | Miscellaneous > Angle chasing | Analytic / Coordinate Methods > Trigonometry,proof only,0.5677110993096123,0.6383547008547008,0.6587795765877957,0.0,0.0,0.7594264471587892,1.0,0.8918918918918919,0.5243988684582744
MATHNET-0agx,Algebra | Discrete Mathematics | Geometry,Algebraic Expressions | Combinatorics | Plane Geometry,Combinatorial Geometry | Enumeration with symmetry | Sequences and Series > Sums and products,proof and answer,0.6702071163037705,0.560363247863248,0.6587795765877957,0.0,0.0,0.8061603823685608,0.8461538461538461,0.9009009009009008,0.5345784578457848
MATHNET-0avj,Geometry,Plane Geometry,"Triangles > Triangle centers: centroid, incenter, circumcenter, orthocenter, Euler line, nine-point circle | Quadrilaterals > Cyclic quadrilaterals | Miscellaneous > Angle chasing | Miscellaneous > Constructions and loci",proof only,0.48220924057355274,0.576388888888889,0.7540473225404732,0.0,0.0,0.8061603823685608,1.0,0.8918918918918919,0.517841069821268
MATHNET-0bow,Geometry,Plane Geometry,"Triangles > Triangle centers: centroid, incenter, circumcenter, orthocenter, Euler line, nine-point circle | Circles > Radical axis theorem | Analytic / Coordinate Methods > Vectors | Miscellaneous > Angle chasing",proof only,0.9214020180562931,0.9572649572649573,0.9221668742216688,0.6109422492401216,0.0,0.9713223579394583,1.0,0.8918918918918919,0.8251896618233254
MATHNET-0clz,Geometry,Plane Geometry,"Quadrilaterals > Cyclic quadrilaterals | Circles > Tangents | Advanced Configurations > Polar triangles, harmonic conjugates | Triangles > Triangle centers: centroid, incenter, circumcenter, orthocenter, Euler line, nine-point circle",proof only,0.6325013276686139,0.8034188034188033,0.9034869240348692,0.0,0.6845238095238095,0.7594264471587892,1.0,0.8918918918918919,0.6795679567956797
MATHNET-0cr9,Geometry,Plane Geometry,Quadrilaterals > Cyclic quadrilaterals | Circles > Radical axis theorem | Circles > Tangents | Miscellaneous > Angle chasing,proof only,0.6919808815719597,0.7612179487179486,0.0,0.0,0.0,0.8374933616569304,1.0,0.8918918918918919,0.45007715057220005
MATHNET-0d4q,Discrete Mathematics,Combinatorics,"Coloring schemes, extremal arguments | Recursion, bijection",proof and answer,0.7541157727031332,0.13301282051282054,0.7540473225404732,0.0,0.6845238095238095,0.9405204460966543,0.8461538461538461,1.0,0.5751896618233252
MATHNET-0dmc,Geometry,Plane Geometry,"Triangles > Triangle centers: centroid, incenter, circumcenter, orthocenter, Euler line, nine-point circle | Circles > Tangents | Transformations > Homothety | Analytic / Coordinate Methods > Complex numbers in geometry | Miscellaneous > Angle chasing",proof only,0.9107806691449813,0.8728632478632478,0.0,0.0,0.0,0.8672331386086033,1.0,0.8918918918918919,0.5268098238395268
MATHNET-0dpx,Geometry,Plane Geometry,Quadrilaterals > Cyclic quadrilaterals | Circles > Tangents | Transformations > Homothety | Miscellaneous > Angle chasing,proof only,0.6441848114710568,0.8541666666666667,0.8549190535491905,0.0,0.0,0.6016994158258099,1.0,0.8918918918918919,0.6032853285328533
MATHNET-0dst,Geometry,Plane Geometry,Miscellaneous > Angle chasing | Miscellaneous > Constructions and loci,proof and answer,0.8035050451407328,0.7371794871794872,0.8188044831880449,0.8882978723404256,0.552827380952381,0.6016994158258099,0.8461538461538461,0.8918918918918919,0.7673588787450175
MATHNET-0dzm,Geometry,Plane Geometry,Triangles > Triangle trigonometry | Miscellaneous > Angle chasing | Miscellaneous > Distance chasing,proof and answer,0.8481147105682422,0.906517094017094,0.8549190535491905,0.0,0.0,0.9038767923526289,0.8461538461538461,0.8918918918918919,0.6922656551369426
MATHNET-0etj,Geometry,Plane Geometry,Quadrilaterals > Cyclic quadrilaterals | Miscellaneous > Angle chasing | Miscellaneous > Distance chasing,proof only,0.798194370685077,0.8685897435897436,0.9489414694894147,0.0,0.0,0.6016994158258099,1.0,0.8918918918918919,0.6625948309116626
MATHNET-0fad,Geometry,Plane Geometry,Triangles > Triangle trigonometry | Analytic / Coordinate Methods > Trigonometry | Miscellaneous > Constructions and loci | Miscellaneous > Distance chasing,proof and answer,0.2819968135953266,0.21901709401709404,0.5292652552926526,0.6109422492401216,0.552827380952381,0.4843335103558152,0.8461538461538461,0.8918918918918919,0.43834383438343844
MATHNET-0fjo,Geometry,Plane Geometry,Quadrilaterals | Transformations > Homothety | Miscellaneous > Constructions and loci,proof only,0.5310674455655868,0.560363247863248,0.0,0.0,0.0,0.8061603823685608,1.0,0.8918918918918919,0.37106210621062113
MATHNET-0fvm,Discrete Mathematics,Combinatorics,"Invariants / monovariants | Coloring schemes, extremal arguments",proof and answer,0.6877323420074349,0.24145299145299148,0.0,0.0,0.0,0.8061603823685608,0.8461538461538461,1.0,0.34756332776134763
MATHNET-0g9d,Geometry,Plane Geometry,"Circles > Tangents | Circles > Radical axis theorem | Transformations > Inversion | Advanced Configurations > Polar triangles, harmonic conjugates | Triangles > Triangle centers: centroid, incenter, circumcenter, orthocenter, Euler line, nine-point circle | Miscellaneous > Angle chasing",proof only,0.6144450345193839,0.9353632478632479,0.0,0.0,0.0,0.7594264471587892,1.0,0.8918918918918919,0.45329175774720326
MATHNET-0gle,Geometry,Plane Geometry,"Quadrilaterals > Cyclic quadrilaterals | Triangles > Triangle centers: centroid, incenter, circumcenter, orthocenter, Euler line, nine-point circle | Circles > Radical axis theorem | Miscellaneous > Angle chasing",proof only,0.761019649495486,0.8338675213675214,0.8549190535491905,0.0,0.0,0.9038767923526289,1.0,0.8918918918918919,0.6644914491449146
MATHNET-0gq8,Geometry,Plane Geometry,Analytic / Coordinate Methods > Cartesian coordinates | Quadrilaterals > Cyclic quadrilaterals | Miscellaneous > Distance chasing,proof and answer,0.944768985661179,0.9444444444444444,0.985678704856787,0.8882978723404256,0.9278273809523812,0.6016994158258099,0.8461538461538461,0.8918918918918919,0.905844155844156
MATHNET-0h61,Geometry,Plane Geometry,"Miscellaneous > Angle chasing | Circles > Tangents | Quadrilaterals > Cyclic quadrilaterals | Advanced Configurations > Napoleon and Fermat points | Advanced Configurations > Brocard point, symmedians | Advanced Configurations > Isogonal/isotomic conjugates, barycentric coordinates | Geometric Inequalities > Triangle inequalities",proof only,0.8884758364312267,0.9556623931623931,0.9221668742216688,0.8366261398176291,0.783482142857143,0.9038767923526289,1.0,0.8918918918918919,0.9051047961939052
MATHNET-0k0l,Algebra | Discrete Mathematics | Geometry,Abstract Algebra | Combinatorics | Solid Geometry,Enumeration with symmetry | Group Theory | 3D Shapes,proof and answer,0.8980350504514074,0.09455128205128205,0.34993773349937735,0.6109422492401216,0.552827380952381,0.9500796601168348,0.8461538461538461,0.9009009009009008,0.5845977454888349
MATHNET-0lco,Discrete Mathematics | Geometry,Combinatorics | Solid Geometry,"Counting two ways | Coloring schemes, extremal arguments | Other 3D problems",proof and answer,0.8704195432819968,0.8034188034188033,0.8188044831880449,0.0,0.9501488095238098,0.9320233669676048,0.8461538461538461,0.9459459459459459,0.7583901247267585
MATHNET-0lfz,Geometry,Plane Geometry,"Advanced Configurations > Isogonal/isotomic conjugates, barycentric coordinates | Circles > Circle of Apollonius | Miscellaneous > Angle chasing",proof only,0.7169410515135424,0.7895299145299146,0.8188044831880449,0.7545592705167175,0.0,0.8672331386086033,1.0,0.8918918918918919,0.72968368265398
MATHNET-00ba,Discrete Mathematics | Geometry,Combinatorics | Plane Geometry,"Games / greedy algorithms | Coloring schemes, extremal arguments | Miscellaneous > Angle chasing",proof and answer,0.7865108868826342,0.6501068376068376,0.0,0.9414893617021277,0.9501488095238098,0.6919808815719597,0.8461538461538461,0.9459459459459459,0.6317346020316319
MATHNET-00hu,Discrete Mathematics | Geometry,Combinatorics | Plane Geometry,Combinatorial Geometry | Miscellaneous > Constructions and loci | Induction / smoothing | Games / greedy algorithms,proof only,0.9341476367498672,0.8990384615384615,0.5292652552926526,0.7545592705167175,0.9278273809523812,0.8374933616569304,1.0,0.9459459459459459,0.8201105824868201
MATHNET-00lt,Geometry,Plane Geometry,"Triangles | Triangles > Triangle centers: centroid, incenter, circumcenter, orthocenter, Euler line, nine-point circle | Miscellaneous > Constructions and loci | Miscellaneous > Distance chasing",proof only,0.9309612320764737,0.9626068376068376,0.0,0.0,0.0,0.8374933616569304,1.0,0.8918918918918919,0.5442972868715443
MATHNET-00vm,Geometry,Plane Geometry,Circles > Tangents | Miscellaneous > Distance chasing | Geometric Inequalities > Optimization in geometry,proof and answer,0.7992565055762083,0.7761752136752136,0.9589041095890412,0.8882978723404256,0.783482142857143,0.7594264471587892,0.8461538461538461,0.8918918918918919,0.8413269898418415
MATHNET-010r,Geometry,Plane Geometry,Miscellaneous > Angle chasing | Transformations > Rotation,proof only,0.6431226765799256,0.6917735042735044,0.5292652552926526,0.6109422492401216,0.0,0.8672331386086033,1.0,0.8918918918918919,0.6161437572328662
MATHNET-01u3,Discrete Mathematics,Combinatorics,"Invariants / monovariants | Coloring schemes, extremal arguments",proof and answer,0.8863515666489644,0.3888888888888889,0.8188044831880449,0.8366261398176291,0.783482142857143,0.9198088157195964,0.8461538461538461,1.0,0.7789957567185289
MATHNET-0212,Discrete Mathematics,Combinatorics,"Induction / smoothing | Invariants / monovariants | Coloring schemes, extremal arguments",proof and answer,0.9235262878385555,0.8728632478632478,0.8549190535491905,0.7545592705167175,0.9002976190476191,0.8374933616569304,0.8461538461538461,1.0,0.8725408255111224
MATHNET-024e,Algebra,Algebraic Expressions | Equations and Inequalities | Prealgebra / Basic Algebra,Sequences and Series > Floors and ceilings | Integers | Linear and quadratic inequalities,final answer only,0.29952203929899096,0.3888888888888889,0.0,0.0,0.0,0.6919808815719597,0.3076923076923077,0.8108108108108109,0.23935965025073935
MATHNET-0caz,Algebra,Algebraic Expressions,Functional Equations > Injectivity / surjectivity,proof only,0.0,0.0,0.0,0.0,0.0,0.0,1.0,0.8108108108108109,0.04178989327504179
MATHNET-07vc,Algebra | Geometry,Algebraic Expressions | Plane Geometry,Triangles | Miscellaneous > Distance chasing | Sequences and Series > Telescoping series,proof and answer,0.2942113648433351,0.3888888888888889,0.34993773349937735,0.0,0.0,0.4843335103558152,0.8461538461538461,0.8513513513513513,0.30866658094380867
MATHNET-0awa,Precalculus,Trigonometric functions,,final answer only,0.15241635687732344,0.13301282051282054,0.34993773349937735,0.0,0.0,0.1486988847583643,0.3076923076923077,0.5405405405405406,0.15761218979040767
MATHNET-0609,Number Theory,Divisibility / Factorization,Factorization techniques,proof only,0.34200743494423785,0.5966880341880343,0.0,0.6109422492401216,0.0,0.4843335103558152,1.0,0.9459459459459459,0.3717050276456217
MATHNET-05gq,Geometry,Plane Geometry,Miscellaneous > Angle chasing,proof only,0.2963356346255974,0.36111111111111116,0.0,0.0,0.0,0.4843335103558152,1.0,0.8918918918918919,0.23929535810723926
MATHNET-0kq5,Geometry,Plane Geometry,Transformations > Rotation | Triangles > Triangle trigonometry | Miscellaneous > Angle chasing | Quadrilaterals,final answer only,0.1800318640467339,0.31143162393162394,0.34993773349937735,0.0,0.0,0.32713754646840143,0.3076923076923077,0.8918918918918919,0.2264690754789765
MATHNET-074g,Algebra,Algebraic Expressions | Intermediate Algebra,Polynomials > Roots of unity | Polynomials > Polynomial operations | Complex numbers,proof only,0.5454062665958577,0.6260683760683762,0.9034869240348692,0.0,0.552827380952381,0.1486988847583643,1.0,0.8108108108108109,0.5392182075350392
MATHNET-0413,Geometry,Plane Geometry,Quadrilaterals > Cyclic quadrilaterals | Triangles > Triangle trigonometry | Miscellaneous > Angle chasing,proof only,0.48061603823685606,0.4551282051282052,0.0,0.6109422492401216,0.0,0.32713754646840143,1.0,0.8918918918918919,0.3593930821653594
MATHNET-0dgx,Geometry,Plane Geometry,Circles > Tangents | Miscellaneous > Angle chasing | Quadrilaterals,proof only,0.0,0.0,0.0,0.0,0.0,0.0,1.0,0.8918918918918919,0.04371865758004375
MATHNET-0hpb,Algebra | Number Theory,Algebraic Expressions | Divisibility / Factorization | Prealgebra / Basic Algebra,Integers | Polynomials > Polynomial operations | Factorization techniques,proof only,0.2734997344662772,0.17254273504273504,0.0,0.0,0.0,0.32713754646840143,1.0,0.8783783783783784,0.18037160858943038
MATHNET-0beo,Algebra,Algebraic Expressions,Functional Equations > Injectivity / surjectivity | Functional Equations > Existential quantifiers,proof only,0.0,0.0,0.0,0.0,0.0,0.0,1.0,0.8108108108108109,0.04178989327504179
MATHNET-0cih,Number Theory,Diophantine Equations | Divisibility / Factorization,"Factorization techniques | Techniques: modulo, size analysis, order analysis, inequalities",proof only,0.0,0.0,0.0,0.0,0.0,0.0,1.0,0.9459459459459459,0.045004500450045004
MATHNET-0bmx,Number Theory,Divisibility / Factorization | Number-Theoretic Functions,τ (number of divisors) | Factorization techniques,proof and answer,0.3064259160913436,0.3888888888888889,0.34993773349937735,0.0,0.0,0.32713754646840143,0.8461538461538461,0.9459459459459459,0.2948437700912949
MATHNET-067b,Algebra,Algebraic Expressions | Prealgebra / Basic Algebra,Simple Equations | Polynomials > Symmetric functions,proof and answer,0.4232607541157727,0.36111111111111116,0.0,0.0,0.0,0.1486988847583643,0.8461538461538461,0.8108108108108109,0.22103638935322106
MATHNET-00g4,Algebra,Algebraic Expressions | Equations and Inequalities,Polynomials > Vieta's formulas | Polynomials > Symmetric functions | Cauchy-Schwarz | QM-AM-GM-HM / Power Mean,proof and answer,0.682421667551779,0.5422008547008548,0.5292652552926526,0.0,0.6845238095238095,0.32713754646840143,0.8461538461538461,0.8108108108108109,0.5065256525652565
MATHNET-0f88,Geometry,Plane Geometry,Quadrilaterals > Cyclic quadrilaterals | Triangles > Triangle trigonometry | Miscellaneous > Angle chasing,proof only,0.10568242166755176,0.13301282051282054,0.34993773349937735,0.0,0.0,0.32713754646840143,1.0,0.8918918918918919,0.2051883759804552
MATHNET-0akb,Algebra | Geometry,Algebraic Expressions | Plane Geometry,"Analytic / Coordinate Methods > Cartesian coordinates | Polynomials > Irreducibility: Rational Root Theorem, Gauss's Lemma, Eisenstein | Transformations > Homothety | Miscellaneous > Distance chasing | Sequences and Series > Sums and products",proof and answer,0.7148167817312799,0.7270299145299145,0.6587795765877957,0.8366261398176291,0.6845238095238095,0.6919808815719597,0.8461538461538461,0.8513513513513513,0.7257940079722259
MATHNET-0ijk,Algebra,Equations and Inequalities | Intermediate Algebra,QM-AM-GM-HM / Power Mean | Quadratic functions,proof and answer,0.7833244822092407,0.7612179487179486,0.5292652552926526,0.952887537993921,0.6845238095238095,0.7594264471587892,0.8461538461538461,0.8108108108108109,0.7437636620804938
MATHNET-0cvb,Discrete Mathematics,Combinatorics,Invariants / monovariants | Games / greedy algorithms,proof and answer,0.7280934678704196,0.07158119658119658,0.0,0.0,0.0,0.6919808815719597,0.8461538461538461,1.0,0.3128455702713129
MATHNET-0lf7,Geometry,Plane Geometry,"Circles > Tangents | Concurrency and Collinearity > Desargues theorem | Advanced Configurations > Isogonal/isotomic conjugates, barycentric coordinates | Advanced Configurations > Polar triangles, harmonic conjugates | Miscellaneous > Angle chasing | Triangles > Triangle centers: centroid, incenter, circumcenter, orthocenter, Euler line, nine-point circle",proof only,0.7960701009028148,0.9471153846153846,0.7540473225404732,0.7545592705167175,0.8415178571428571,0.8672331386086033,1.0,0.8918918918918919,0.8366336633663368
MATHNET-00nu,Algebra | Discrete Mathematics,Algebraic Expressions | Combinatorics,Counting two ways | Sequences and Series > Sums and products,proof and answer,0.27987254381306426,0.2884615384615385,0.6587795765877957,0.0,0.0,0.1486988847583643,0.8461538461538461,0.9054054054054054,0.31149543525781137
MATHNET-084f,Geometry,Plane Geometry,Circles > Tangents | Miscellaneous > Distance chasing | Triangles,final answer only,0.17472118959107805,0.24145299145299148,0.0,0.0,0.0,0.4843335103558152,0.3076923076923077,0.8918918918918919,0.1593159315931593
MATHNET-0325,Algebra,Algebraic Expressions | Intermediate Algebra,Polynomials > Vieta's formulas | Quadratic functions,proof and answer,0.5528412108337758,0.6623931623931625,0.7540473225404732,0.0,0.783482142857143,0.1486988847583643,0.8461538461538461,0.8108108108108109,0.5302173074450303
MATHNET-0cu8,Algebra | Geometry,Algebraic Expressions | Intermediate Algebra | Plane Geometry,Transformations > Translation | Analytic / Coordinate Methods > Cartesian coordinates | Analytic / Coordinate Methods > Trigonometry | Quadratic functions | Polynomials > Polynomial operations,proof only,0.8183749336165692,0.844551282051282,0.7540473225404732,0.0,0.783482142857143,0.6919808815719597,1.0,0.8513513513513513,0.7005593416484508
MATHNET-0gan,Algebra | Number Theory,Algebraic Expressions | Other | Prealgebra / Basic Algebra,Functional Equations | Decimals | Integers,proof and answer,0.4885820499203399,0.7051282051282051,0.0,0.0,0.0,0.6919808815719597,0.8461538461538461,0.8783783783783784,0.36633663366336633
MATHNET-0ekm,Algebra,Algebraic Expressions,Functional Equations,MCQ,0.06638343069569834,0.08173076923076925,0.0,0.0,0.0,0.32713754646840143,0.0,0.8108108108108109,0.07043204320432042
MATHNET-058t,Geometry,Plane Geometry,Circles > Tangents | Transformations > Rotation | Miscellaneous > Constructions and loci,proof only,0.5055762081784386,0.43589743589743596,0.5292652552926526,0.0,0.0,0.32713754646840143,1.0,0.8918918918918919,0.3937250867943938
MATHNET-08of,Number Theory,Divisibility / Factorization | Other,Factorization techniques,proof and answer,0.7031332979288369,0.2884615384615385,0.5292652552926526,0.0,0.552827380952381,0.1486988847583643,0.8461538461538461,0.9459459459459459,0.435965025073936
MATHNET-05ta,Geometry,Plane Geometry,Circles > Tangents | Quadrilaterals > Cyclic quadrilaterals | Miscellaneous > Angle chasing,proof only,0.4306956983536909,0.24145299145299148,0.0,0.0,0.0,0.4843335103558152,1.0,0.8918918918918919,0.2502250225022502
MATHNET-00yo,Algebra,Algebraic Expressions,Functional Equations > Injectivity / surjectivity | Functional Equations > Existential quantifiers,proof and answer,0.41582580987785445,0.5096153846153847,0.7540473225404732,0.0,0.552827380952381,0.1486988847583643,0.8461538461538461,0.8108108108108109,0.4495306673524497
MATHNET-0g3p,Geometry,Plane Geometry,Quadrilaterals > Cyclic quadrilaterals | Concurrency and Collinearity > Menelaus' theorem | Miscellaneous > Angle chasing,proof only,0.8353690918746681,0.7895299145299146,0.0,0.0,0.0,0.9038767923526289,1.0,0.8918918918918919,0.4979426514079981
MATHNET-0ias,Discrete Mathematics | Geometry,Combinatorics | Plane Geometry,"Combinatorial Geometry | Coloring schemes, extremal arguments | Miscellaneous > Angle chasing",proof only,0.8619224641529475,0.17254273504273504,0.7540473225404732,0.952887537993921,0.552827380952381,0.9038767923526289,1.0,0.9459459459459459,0.7186897261154687
MATHNET-05tc,Geometry,Plane Geometry,"Quadrilaterals > Cyclic quadrilaterals | Triangles > Triangle centers: centroid, incenter, circumcenter, orthocenter, Euler line, nine-point circle | Miscellaneous > Angle chasing",proof only,0.5932023366967605,0.4551282051282052,0.0,0.0,0.0,0.7594264471587892,1.0,0.8918918918918919,0.36145043075736144
MATHNET-0i4x,Discrete Mathematics,Combinatorics,"Recursion, bijection",final answer only,0.15772703133297925,0.1917735042735043,0.0,0.0,0.0,0.32713754646840143,0.3076923076923077,1.0,0.12977369165487976
MATHNET-0h3p,Discrete Mathematics,Combinatorics | Graph Theory,"Coloring schemes, extremal arguments | Matchings, Marriage Lemma, Tutte's theorem",proof and answer,0.06532129580456716,0.0,0.0,0.0,0.0,0.32713754646840143,0.8461538461538461,1.0,0.09528095666709528
MATHNET-0ar9,Algebra,Algebraic Expressions,Polynomials > Polynomial operations,proof and answer,0.0,0.0,0.0,0.0,0.0,0.0,0.8461538461538461,0.8108108108108109,0.03536067892503536
MATHNET-038c,Discrete Mathematics,Combinatorics,"Coloring schemes, extremal arguments | Pigeonhole principle | Counting two ways",proof and answer,0.6654275092936802,0.7371794871794872,0.9221668742216688,0.7545592705167175,0.8415178571428571,0.8061603823685608,0.8461538461538461,1.0,0.7905683425485406
MATHNET-0c9x,Geometry,Plane Geometry,Analytic / Coordinate Methods > Vectors | Analytic / Coordinate Methods > Trigonometry | Geometric Inequalities > Optimization in geometry,proof and answer,0.0,0.0,0.0,0.0,0.0,0.0,0.8461538461538461,0.8918918918918919,0.03728944323003732
MATHNET-0adb,Algebra | Discrete Mathematics,Combinatorics | Prealgebra / Basic Algebra,Integers | Invariants / monovariants,proof and answer,0.14604354753053636,0.15224358974358973,0.0,0.0,0.0,0.1486988847583643,0.8461538461538461,0.9054054054054054,0.11845827439886844
MATHNET-0c6i,Number Theory,Diophantine Equations | Divisibility / Factorization,"Techniques: modulo, size analysis, order analysis, inequalities",proof and answer,0.0,0.0,0.0,0.0,0.0,0.0,0.8461538461538461,0.9459459459459459,0.038575286100038575
MATHNET-06nw,Discrete Mathematics,Combinatorics,"Pigeonhole principle | Coloring schemes, extremal arguments",proof and answer,0.6059479553903345,0.560363247863248,0.34993773349937735,0.0,0.0,0.8061603823685608,0.8461538461538461,1.0,0.4575993313617077
MATHNET-02kg,Algebra,Prealgebra / Basic Algebra,Simple Equations,MCQ,0.15878916622411043,0.11591880341880342,0.0,0.0,0.0,0.4843335103558152,0.0,0.8108108108108109,0.11800822939436799
MATHNET-09q7,Geometry,Plane Geometry,Quadrilaterals > Cyclic quadrilaterals | Circles > Tangents | Miscellaneous > Angle chasing,proof only,0.6468401486988847,0.6260683760683762,0.0,0.0,0.0,0.8061603823685608,1.0,0.8918918918918919,0.41095538125241093
MATHNET-0d6e,Discrete Mathematics | Number Theory,Divisibility / Factorization | Modular Arithmetic | Other,Greatest common divisors (gcd) | Inverses mod n,proof only,0.8693574083908657,0.8509615384615385,0.34993773349937735,0.8366261398176291,0.552827380952381,0.8374933616569304,1.0,0.972972972972973,0.7373665938022376
MATHNET-05e9,Algebra,Algebraic Expressions,"Polynomials > Polynomial operations | Polynomials > Polynomial interpolation: Newton, Lagrange",proof and answer,0.9893786510886883,0.9882478632478633,0.9813200498132005,0.9924012158054711,0.9947916666666667,0.9713223579394583,0.8461538461538461,0.8108108108108109,0.9854699755689855
MATHNET-0cy2,Algebra | Geometry,Equations and Inequalities | Plane Geometry,"Triangles > Triangle centers: centroid, incenter, circumcenter, orthocenter, Euler line, nine-point circle | Analytic / Coordinate Methods > Cartesian coordinates | Cauchy-Schwarz | Miscellaneous > Angle chasing",proof and answer,0.8523632501327668,0.7954059829059829,0.8804483188044833,0.6109422492401216,0.0,0.6016994158258099,0.8461538461538461,0.8513513513513513,0.7184968496849685
MATHNET-00up,Geometry,Plane Geometry,"Quadrilaterals > Cyclic quadrilaterals | Advanced Configurations > Simson line | Advanced Configurations > Miquel point | Circles > Radical axis theorem | Advanced Configurations > Polar triangles, harmonic conjugates | Miscellaneous > Angle chasing | Triangles > Triangle centers: centroid, incenter, circumcenter, orthocenter, Euler line, nine-point circle",proof only,0.7950079660116836,0.8584401709401709,0.7540473225404732,0.8366261398176291,0.0,0.6016994158258099,1.0,0.8918918918918919,0.7259225922592262
MATHNET-0edn,Geometry,Plane Geometry,Triangles > Triangle trigonometry | Miscellaneous > Distance chasing | Miscellaneous > Angle chasing,MCQ,0.2851832182687201,0.36111111111111116,0.34993773349937735,0.0,0.0,0.1486988847583643,0.0,0.8918918918918919,0.2264369294072264
MATHNET-0gfv,Algebra,Algebraic Expressions | Intermediate Algebra,Polynomials | Complex numbers,proof only,0.0,0.0,0.0,0.0,0.0,0.0,1.0,0.8108108108108109,0.04178989327504179
MATHNET-0e06,Algebra,Algebraic Expressions,Polynomials > Polynomial operations,proof and answer,0.4482209240573552,0.560363247863248,0.6587795765877957,0.0,0.552827380952381,0.32713754646840143,0.8461538461538461,0.8108108108108109,0.46846470361321857
MATHNET-05j5,Geometry,Plane Geometry,"Triangles > Triangle centers: centroid, incenter, circumcenter, orthocenter, Euler line, nine-point circle | Miscellaneous > Angle chasing",proof only,0.12108337758895378,0.20566239316239318,0.0,0.0,0.0,0.4843335103558152,1.0,0.8918918918918919,0.16879902275941883
MATHNET-0f0z,Algebra,Algebraic Expressions,Functional Equations,proof and answer,0.14976101964949548,0.2884615384615385,0.34993773349937735,0.0,0.552827380952381,0.6016994158258099,0.8461538461538461,0.8108108108108109,0.3165745145943166
MATHNET-034j,Algebra | Number Theory,Diophantine Equations | Equations and Inequalities,"Techniques: modulo, size analysis, order analysis, inequalities | Linear and quadratic inequalities",proof only,0.3834306956983537,0.4551282051282052,0.0,0.0,0.6845238095238095,0.1486988847583643,1.0,0.8783783783783784,0.2955509836697955
MATHNET-0d0v,Geometry,Plane Geometry,"Triangles > Triangle centers: centroid, incenter, circumcenter, orthocenter, Euler line, nine-point circle | Quadrilaterals > Cyclic quadrilaterals | Triangles > Triangle trigonometry | Miscellaneous > Angle chasing | Miscellaneous > Constructions and loci",proof only,0.8088157195963888,0.8034188034188033,0.9221668742216688,0.0,0.0,0.8374933616569304,1.0,0.8918918918918919,0.6764176417641767
MATHNET-0ec2,Statistics,Probability,Counting Methods > Permutations,proof and answer,0.0,0.0,0.0,0.0,0.0,0.0,0.8461538461538461,0.2702702702702703,0.022502250225022502
MATHNET-0kfj,Algebra,Algebraic Expressions,Polynomials > Vieta's formulas | Polynomials > Polynomial operations | Polynomials > Symmetric functions,proof and answer,0.6590546999468933,0.5096153846153847,0.5292652552926526,0.0,0.0,0.1486988847583643,0.8461538461538461,0.8108108108108109,0.4142342805709143
MATHNET-0kqz,Algebra | Geometry,Algebraic Expressions | Linear Algebra | Plane Geometry,Analytic / Coordinate Methods > Complex numbers in geometry | Linear transformations | Determinants | Polynomials > Roots of unity,final answer only,0.3940520446096654,0.2676282051282051,0.34993773349937735,0.0,0.0,0.1486988847583643,0.3076923076923077,0.8513513513513513,0.24781406712099788
MATHNET-03ma,Discrete Mathematics | Number Theory,Combinatorics | Modular Arithmetic,Pigeonhole principle,proof only,0.22889006903876788,0.4150641025641026,0.6587795765877957,0.0,0.552827380952381,0.6016994158258099,1.0,0.972972972972973,0.4326539796836826
MATHNET-01b9,Algebra | Discrete Mathematics,Algebraic Expressions | Combinatorics,Polynomials | Functional Equations | Induction / smoothing,proof only,0.8491768454593733,0.8931623931623932,0.9371108343711084,0.9414893617021277,0.8415178571428571,0.6016994158258099,1.0,0.9054054054054054,0.8694548026231196
MATHNET-0f27,Discrete Mathematics,Combinatorics,Pigeonhole principle,proof only,0.0,0.0,0.0,0.0,0.0,0.0,1.0,1.0,0.046290343320046314
MATHNET-0fk5,Geometry,Solid Geometry,Volume | Surface Area | Other 3D problems,proof only,0.3207647371216144,0.2884615384615385,0.0,0.0,0.0,0.32713754646840143,1.0,0.8918918918918919,0.21306416355921304
MATHNET-0bgs,Algebra | Number Theory,Algebraic Expressions | Divisibility / Factorization,Sequences and Series > Sums and products | Prime numbers | Factorization techniques,proof only,0.5215082315454063,0.4551282051282052,0.0,0.0,0.0,0.32713754646840143,1.0,0.8783783783783784,0.2914362864857914
MATHNET-0l56,Discrete Mathematics | Number Theory,Combinatorics | Modular Arithmetic,,final answer only,0.49654806160382364,0.576388888888889,0.6587795765877957,0.0,0.0,0.1486988847583643,0.3076923076923077,0.972972972972973,0.39504307573614506
MATHNET-0l8o,Algebra,Equations and Inequalities,Cauchy-Schwarz | QM-AM-GM-HM / Power Mean,proof and answer,0.6277217206585236,0.560363247863248,0.5292652552926526,0.0,0.0,0.1486988847583643,0.8461538461538461,0.8108108108108109,0.41580943808666593
MATHNET-05ra,Number Theory,Diophantine Equations | Divisibility / Factorization | Number-Theoretic Functions,"τ (number of divisors) | Factorization techniques | Techniques: modulo, size analysis, order analysis, inequalities",proof only,0.5055762081784386,0.7270299145299145,0.0,0.6109422492401216,0.0,0.7594264471587892,1.0,0.9459459459459459,0.4681432428957181
MATHNET-00ok,Discrete Mathematics | Number Theory,Combinatorics | Modular Arithmetic,Invariants / monovariants | Games / greedy algorithms,proof only,0.4885820499203399,0.49198717948717957,0.7540473225404732,0.0,0.8415178571428571,0.6016994158258099,1.0,0.972972972972973,0.5540375466118042
MATHNET-0fid,Number Theory,Divisibility / Factorization | Modular Arithmetic,Factorization techniques,proof and answer,0.6367498672331385,0.7371794871794872,0.0,0.0,0.0,0.6919808815719597,0.8461538461538461,0.9459459459459459,0.40960524623890965
MATHNET-0jt8,Geometry | Number Theory,Diophantine Equations | Divisibility / Factorization | Plane Geometry,"Analytic / Coordinate Methods > Cartesian coordinates | Miscellaneous > Distance chasing | Factorization techniques | Techniques: modulo, size analysis, order analysis, inequalities",proof and answer,0.6951672862453532,0.6501068376068376,0.0,0.8366261398176291,0.9002976190476191,0.9792883696229421,0.8461538461538461,0.918918918918919,0.6261411855471263
MATHNET-0fmk,Algebra | Number Theory,Algebraic Expressions | Divisibility / Factorization,Factorization techniques | Sequences and Series > Telescoping series | Sequences and Series > Sums and products,proof only,0.9097185342538503,0.8856837606837606,0.0,0.0,0.0,0.32713754646840143,1.0,0.8783783783783784,0.4631606017744631
MATHNET-007d,Geometry,Plane Geometry,Triangles | Transformations > Homothety | Miscellaneous > Distance chasing,proof and answer,0.31492299522039296,0.33653846153846156,0.7540473225404732,0.0,0.552827380952381,0.32713754646840143,0.8461538461538461,0.8918918918918919,0.41738459560241753
MATHNET-0inh,Algebra | Number Theory,Algebraic Expressions | Diophantine Equations | Divisibility / Factorization,Greatest common divisors (gcd) | Infinite descent / root flipping | Polynomials > Polynomial operations,proof only,0.8990971853425385,0.923611111111111,0.9589041095890412,0.96048632218845,0.9836309523809524,0.8374933616569304,1.0,0.8783783783783784,0.9341326989841843
MATHNET-05k2,Algebra,Algebraic Expressions | Equations and Inequalities,Sequences and Series > Sums and products | Linear and quadratic inequalities,proof only,0.46680828465215074,0.3888888888888889,0.0,0.0,0.0,0.4843335103558152,1.0,0.8108108108108109,0.2836569371222837
MATHNET-09vi,Geometry,Plane Geometry,"Quadrilaterals > Cyclic quadrilaterals | Miscellaneous > Angle chasing | Triangles > Triangle centers: centroid, incenter, circumcenter, orthocenter, Euler line, nine-point circle",proof only,0.6293149229952204,0.6116452991452992,0.0,0.0,0.0,0.7594264471587892,1.0,0.8918918918918919,0.39845055934164847
MATHNET-0f03,Geometry,Plane Geometry,Miscellaneous > Angle chasing | Transformations > Rotation | Miscellaneous > Constructions and loci,proof only,0.0,0.0,0.0,0.0,0.0,0.0,1.0,0.8918918918918919,0.04371865758004375
MATHNET-023c,Algebra | Number Theory,Divisibility / Factorization | Modular Arithmetic | Prealgebra / Basic Algebra,Fractions | Least common multiples (lcm) | Greatest common divisors (gcd) | Factorization techniques,proof and answer,0.3584705257567711,0.4738247863247863,0.34993773349937735,0.0,0.0,0.6016994158258099,0.8461538461538461,0.8783783783783784,0.3544104410441044
MATHNET-0jcv,Algebra,Algebraic Expressions,Polynomials > Vieta's formulas,proof and answer,0.7588953797132235,0.7692307692307693,0.0,0.6109422492401216,0.9732142857142859,0.9198088157195964,0.8461538461538461,0.8108108108108109,0.6309630963096311
MATHNET-0bth,Discrete Mathematics,Combinatorics,"Coloring schemes, extremal arguments",proof and answer,0.8300584174190122,0.7895299145299146,0.7540473225404732,0.7545592705167175,0.9278273809523812,0.8900690387679234,0.8461538461538461,1.0,0.822778706442073
MATHNET-08bm,Number Theory,Divisibility / Factorization | Modular Arithmetic,Least common multiples (lcm),MCQ,0.22782793414763672,0.2676282051282051,0.0,0.0,0.0,0.4843335103558152,0.0,0.9459459459459459,0.16532724701041532
MATHNET-0jqi,Algebra | Discrete Mathematics,Algebraic Expressions | Combinatorics,"Recursion, bijection | Sequences and Series > Recurrence relations",proof and answer,0.5326606479022836,0.2884615384615385,0.34993773349937735,0.0,0.6845238095238095,0.7594264471587892,0.8461538461538461,0.9054054054054054,0.442008486562942
MATHNET-0l1k,Geometry,Plane Geometry,Analytic / Coordinate Methods > Trigonometry | Analytic / Coordinate Methods > Cartesian coordinates,proof and answer,0.548592671269251,0.3888888888888889,0.5292652552926526,0.0,0.0,0.8061603823685608,0.8461538461538461,0.8918918918918919,0.4472161501864473
MATHNET-0ing,Geometry,Plane Geometry,"Circles > Tangents | Quadrilaterals > Cyclic quadrilaterals | Advanced Configurations > Brocard point, symmedians | Advanced Configurations > Miquel point | Circles > Circle of Apollonius | Triangles > Triangle trigonometry | Miscellaneous > Angle chasing | Triangles > Triangle centers: centroid, incenter, circumcenter, orthocenter, Euler line, nine-point circle",proof only,0.9468932554434413,0.9599358974358975,0.9632627646326276,0.8882978723404256,0.552827380952381,0.9198088157195964,1.0,0.8918918918918919,0.9170631348849174
MATHNET-0kzn,Algebra | Discrete Mathematics,Combinatorics | Prealgebra / Basic Algebra,Invariants / monovariants | Integers,MCQ,0.3775889537971322,0.3888888888888889,0.0,0.6109422492401216,0.0,0.32713754646840143,0.0,0.9054054054054054,0.28102095923878107
MATHNET-0ek6,Algebra,Prealgebra / Basic Algebra,Simple Equations | Fractions,MCQ,0.07700477960701008,0.10523504273504274,0.0,0.0,0.0,0.32713754646840143,0.0,0.8108108108108109,0.07724701041532725
MATHNET-0g2s,Discrete Mathematics,Combinatorics,Invariants / monovariants | Games / greedy algorithms,proof only,0.4519383961763143,0.1917735042735043,0.0,0.0,0.0,0.4843335103558152,1.0,1.0,0.248971325703999
MATHNET-05jo,Geometry,Plane Geometry,Quadrilaterals | Geometric Inequalities > Optimization in geometry | Geometric Inequalities > Triangle inequalities | Triangles > Triangle inequalities | Miscellaneous > Distance chasing,proof only,0.7525225703664365,0.8338675213675214,0.0,0.0,0.0,0.6016994158258099,1.0,0.8918918918918919,0.44930564485019925
MATHNET-0fk4,Number Theory,Divisibility / Factorization,Prime numbers | Factorization techniques,proof only,0.08550185873605948,0.13301282051282054,0.0,0.0,0.0,0.1486988847583643,1.0,0.9459459459459459,0.10772148643435775
MATHNET-08ew,Discrete Mathematics | Number Theory,Combinatorics | Modular Arithmetic,"Catalan numbers, partitions | Pigeonhole principle | Induction / smoothing | Recursion, bijection | Chinese remainder theorem",proof and answer,1.0,0.9935897435897436,0.8188044831880449,0.0,0.0,0.9978757302177377,0.8461538461538461,0.972972972972973,0.7506107753632506
MATHNET-05qv,Number Theory,Divisibility / Factorization | Modular Arithmetic,Greatest common divisors (gcd),proof only,0.4933616569304301,0.5261752136752137,0.0,0.0,0.0,0.6016994158258099,1.0,0.9459459459459459,0.3322939436800823
MATHNET-0b1m,Algebra,Algebraic Expressions,Polynomials > Symmetric functions,proof and answer,0.1933085501858736,0.1917735042735043,0.34993773349937735,0.0,0.0,0.1486988847583643,0.8461538461538461,0.8108108108108109,0.207052848141957
MATHNET-0ksl,Geometry,Plane Geometry,Quadrilaterals > Cyclic quadrilaterals | Triangles > Triangle trigonometry,proof only,0.42644715878916617,0.4738247863247863,0.34993773349937735,0.6109422492401216,0.0,0.1486988847583643,1.0,0.8918918918918919,0.4003150315031503
MATHNET-0eud,Number Theory,Modular Arithmetic | Residues and Primitive Roots,Multiplicative order | Fermat / Euler / Wilson theorems,proof and answer,0.8682952734997345,0.9166666666666667,0.9489414694894147,0.9650455927051672,0.6845238095238095,0.8672331386086033,0.8461538461538461,0.9459459459459459,0.8968754018258969
MATHNET-0397,Algebra,Equations and Inequalities,QM-AM-GM-HM / Power Mean | Jensen / smoothing,proof and answer,0.5517790759426446,0.6501068376068376,0.6587795765877957,0.6109422492401216,0.6845238095238095,0.4843335103558152,0.8461538461538461,0.8108108108108109,0.6176867686768678
MATHNET-02pg,Discrete Mathematics,Combinatorics,"Coloring schemes, extremal arguments",proof and answer,0.4179500796601168,0.1917735042735043,0.0,0.0,0.0,0.4843335103558152,0.8461538461538461,1.0,0.23431271698598433
MATHNET-0blq,Number Theory,Divisibility / Factorization | Modular Arithmetic,Inverses mod n | Polynomials mod p | Prime numbers,proof and answer,0.2639405204460966,0.4551282051282052,0.6587795765877957,0.0,0.552827380952381,0.1486988847583643,0.8461538461538461,0.9459459459459459,0.38646007457888654
MATHNET-064u,Number Theory,Divisibility / Factorization | Modular Arithmetic,Inverses mod n | Polynomials mod p | Greatest common divisors (gcd),proof and answer,0.21933085501858735,0.2884615384615385,0.6587795765877957,0.0,0.0,0.32713754646840143,0.8461538461538461,0.9459459459459459,0.31940336890831944
MATHNET-0930,Algebra,Algebraic Expressions,Polynomials > Polynomial operations | Functional Equations > Injectivity / surjectivity,proof and answer,0.7939458311205524,0.8878205128205128,0.8804483188044833,0.7545592705167175,0.8757440476190478,0.32713754646840143,0.8461538461538461,0.8108108108108109,0.780731644593031
MATHNET-0ie4,Calculus,Differential Calculus,Derivatives | Applications,proof and answer,0.07169410515135421,0.13301282051282054,0.34993773349937735,0.0,0.0,0.1486988847583643,0.8461538461538461,0.6756756756756757,0.1637842355664138
MATHNET-0kf4,Algebra,Algebraic Expressions,Functional Equations,proof and answer,0.3993627190653213,0.5261752136752137,0.7540473225404732,0.0,0.783482142857143,0.6016994158258099,0.8461538461538461,0.8108108108108109,0.5233059020187734
MATHNET-0d5z,Discrete Mathematics,Combinatorics,Games / greedy algorithms | Invariants / monovariants,proof and answer,0.4482209240573552,0.36111111111111116,0.34993773349937735,0.0,0.0,0.32713754646840143,0.8461538461538461,1.0,0.32544683039732547
MATHNET-0c4k,Geometry,Plane Geometry,Quadrilaterals | Analytic / Coordinate Methods > Vectors | Miscellaneous > Constructions and loci,proof and answer,0.0,0.0,0.0,0.0,0.0,0.0,0.8461538461538461,0.8918918918918919,0.03728944323003732
MATHNET-07l2,Algebra | Discrete Mathematics | Number Theory,Combinatorics | Other | Prealgebra / Basic Algebra,"Integers | Coloring schemes, extremal arguments",proof only,0.1444503451938396,0.24145299145299148,0.5292652552926526,0.6109422492401216,0.552827380952381,0.1486988847583643,1.0,0.918918918918919,0.37553041018387556
MATHNET-0i9p,Algebra,Algebraic Expressions,Polynomials > Symmetric functions,proof only,0.4604354753053638,0.3888888888888889,0.6587795765877957,0.6109422492401216,0.0,0.1486988847583643,1.0,0.8108108108108109,0.4550597916934551
MATHNET-0bq4,Algebra | Number Theory,Diophantine Equations | Intermediate Algebra,"Techniques: modulo, size analysis, order analysis, inequalities | Quadratic functions",proof and answer,0.0,0.0,0.0,0.0,0.0,0.0,0.8461538461538461,0.8783783783783784,0.03696798251253697
MATHNET-04a8,Number Theory,Divisibility / Factorization | Number-Theoretic Functions,Factorization techniques | τ (number of divisors),proof and answer,0.3499734466277217,0.36111111111111116,0.34993773349937735,0.0,0.0,0.32713754646840143,0.8461538461538461,0.9459459459459459,0.3003728944323003
MATHNET-05x1,Geometry,Plane Geometry,Quadrilaterals > Cyclic quadrilaterals | Miscellaneous > Angle chasing,proof only,0.4790228359001593,0.2676282051282051,0.0,0.0,0.0,0.6016994158258099,1.0,0.8918918918918919,0.28086022888003087
MATHNET-02dy,Geometry,Plane Geometry,Analytic / Coordinate Methods > Complex numbers in geometry | Transformations > Rotation,proof only,0.1917153478491768,0.2884615384615385,0.34993773349937735,0.0,0.0,0.1486988847583643,1.0,0.8918918918918919,0.2324803908962325
MATHNET-0dla,Number Theory,Diophantine Equations,"Techniques: modulo, size analysis, order analysis, inequalities",proof and answer,0.2979288369622942,0.5096153846153847,0.5292652552926526,0.0,0.552827380952381,0.6016994158258099,0.8461538461538461,0.9459459459459459,0.4326218336119328
MATHNET-0bnh,Algebra,Algebraic Expressions,Functional Equations,proof and answer,0.34200743494423785,0.4551282051282052,0.34993773349937735,0.0,0.0,0.1486988847583643,0.8461538461538461,0.8108108108108109,0.2906004886202906
MATHNET-0dqf,Algebra | Discrete Mathematics,Algebraic Expressions | Combinatorics | Equations and Inequalities,Sequences and Series > Telescoping series | Induction / smoothing | Linear and quadratic inequalities,proof only,0.3563462559745087,0.24145299145299148,0.0,0.6109422492401216,0.0,0.6016994158258099,1.0,0.9054054054054054,0.3242895718143243
MATHNET-0jqw,Algebra | Geometry,Equations and Inequalities | Plane Geometry,Quadrilaterals | Triangles > Triangle trigonometry | Miscellaneous > Angle chasing | Geometric Inequalities > Optimization in geometry | QM-AM-GM-HM / Power Mean,proof and answer,0.1768454593733404,0.13301282051282054,0.34993773349937735,0.0,0.0,0.32713754646840143,0.8461538461538461,0.8513513513513513,0.21502507393596512
MATHNET-0j6t,Number Theory,Divisibility / Factorization | Number-Theoretic Functions,φ (Euler's totient) | Greatest common divisors (gcd),proof only,0.45300053106744553,0.6623931623931625,0.5292652552926526,0.0,0.783482142857143,0.6919808815719597,1.0,0.9459459459459459,0.5350392182075352
MATHNET-0k97,Number Theory,Diophantine Equations | Divisibility / Factorization,"Techniques: modulo, size analysis, order analysis, inequalities",proof and answer,0.24216675517790756,0.31143162393162394,0.34993773349937735,0.0,0.0,0.32713754646840143,0.8461538461538461,0.9459459459459459,0.2653015301530154
MATHNET-05ai,Geometry,Plane Geometry,Analytic / Coordinate Methods > Trigonometry,proof only,0.7243759957514606,0.5966880341880343,0.6587795765877957,0.0,0.0,0.32713754646840143,1.0,0.8918918918918919,0.5024752475247525
MATHNET-0gdx,Algebra | Number Theory,Divisibility / Factorization | Equations and Inequalities,Greatest common divisors (gcd) | QM-AM-GM-HM / Power Mean,proof only,0.7349973446627721,0.6260683760683762,0.34993773349937735,0.9414893617021277,0.6845238095238095,0.7594264471587892,1.0,0.8783783783783784,0.6772212935579273
MATHNET-0jp5,Geometry,Plane Geometry,"Analytic / Coordinate Methods > Cartesian coordinates | Triangles > Triangle centers: centroid, incenter, circumcenter, orthocenter, Euler line, nine-point circle | Circles | Quadrilaterals",proof and answer,0.27456186935740834,0.4738247863247863,0.34993773349937735,0.0,0.0,0.4843335103558152,0.8461538461538461,0.8918918918918919,0.32020702070207024
MATHNET-0dmg,Algebra,Algebraic Expressions | Equations and Inequalities,Muirhead / majorization | QM-AM-GM-HM / Power Mean | Polynomials > Symmetric functions,proof only,0.8587360594795539,0.7270299145299145,0.0,0.0,0.0,0.4843335103558152,1.0,0.8108108108108109,0.4395975311816896
MATHNET-03zv,Algebra | Number Theory,Algebraic Expressions | Divisibility / Factorization,Sequences and Series > Sums and products,proof and answer,0.2692511949017525,0.3888888888888889,0.5292652552926526,0.0,0.0,0.1486988847583643,0.8461538461538461,0.8783783783783784,0.29966568085379963
MATHNET-07c0,Algebra | Number Theory,Algebraic Expressions | Intermediate Algebra | Modular Arithmetic,Polynomials | Exponential functions | Fermat / Euler / Wilson theorems,proof and answer,0.8746680828465215,0.8931623931623932,0.6587795765877957,0.8882978723404256,0.552827380952381,0.4843335103558152,0.8461538461538461,0.8783783783783784,0.7651729458660151
MATHNET-0cg1,Geometry,Plane Geometry,Concurrency and Collinearity > Menelaus' theorem,proof and answer,0.6569304301646309,0.6116452991452992,0.6587795765877957,0.8366261398176291,0.8757440476190478,0.32713754646840143,0.8461538461538461,0.8918918918918919,0.6642664266426644
MATHNET-0kbi,Algebra,Algebraic Expressions,Polynomials > Vieta's formulas,final answer only,0.16516197557089746,0.20566239316239318,0.0,0.0,0.0,0.6016994158258099,0.3076923076923077,0.8108108108108109,0.1628198534139129
MATHNET-0dvx,Algebra | Number Theory,Divisibility / Factorization | Prealgebra / Basic Algebra,Integers,proof and answer,0.5124800849707912,0.7179487179487178,0.0,0.0,0.0,0.6016994158258099,0.8461538461538461,0.8783783783783784,0.3635077793493635
MATHNET-09do,Algebra,Algebraic Expressions | Equations and Inequalities,QM-AM-GM-HM / Power Mean | Muirhead / majorization | Polynomials > Symmetric functions,proof only,0.3993627190653213,0.43589743589743596,0.0,0.0,0.0,0.7594264471587892,1.0,0.8108108108108109,0.3091166259483091
MATHNET-0hz2,Algebra,Algebraic Expressions,Polynomials > Polynomial operations,proof and answer,0.16091343600637278,0.21901709401709404,0.34993773349937735,0.0,0.0,0.32713754646840143,0.8461538461538461,0.8108108108108109,0.22572971582872578
MATHNET-0aus,Geometry,Plane Geometry,Miscellaneous > Angle chasing,proof and answer,0.1725969198088157,0.21901709401709404,0.6587795765877957,0.0,0.0,0.32713754646840143,0.8461538461538461,0.8918918918918919,0.2942651407997943
MATHNET-0hc1,Number Theory,Modular Arithmetic,Polynomials mod p,proof and answer,0.24694636218799787,0.36111111111111116,0.5292652552926526,0.0,0.0,0.1486988847583643,0.8461538461538461,0.9459459459459459,0.2908576571942909
MATHNET-0l47,Discrete Mathematics,Combinatorics,Enumeration with symmetry | Counting two ways,MCQ,0.32819968135953265,0.20566239316239318,0.34993773349937735,0.0,0.0,0.32713754646840143,0.0,1.0,0.232962581972483
MATHNET-001e,Discrete Mathematics,Combinatorics,"Coloring schemes, extremal arguments | Counting two ways | Recursion, bijection",proof and answer,0.0,0.0,0.0,0.0,0.0,0.0,0.8461538461538461,1.0,0.039861128970039884
MATHNET-07ko,Algebra | Discrete Mathematics | Number Theory,Combinatorics | Other | Prealgebra / Basic Algebra,Integers | Induction / smoothing | Counting two ways,proof and answer,0.6224110462028677,0.6501068376068376,0.34993773349937735,0.7545592705167175,0.0,0.32713754646840143,0.8461538461538461,0.918918918918919,0.5136299344220138
MATHNET-0h8g,Number Theory,Divisibility / Factorization,Prime numbers | Factorization techniques,proof and answer,0.32819968135953265,0.5865384615384616,0.0,0.0,0.0,0.6016994158258099,0.8461538461538461,0.9459459459459459,0.2967725343962968
MATHNET-0hs4,Algebra | Number Theory,Equations and Inequalities | Other,Linear and quadratic inequalities,proof only,0.7758895379713224,0.7612179487179486,0.8188044831880449,0.6109422492401216,0.783482142857143,0.6016994158258099,1.0,0.8783783783783784,0.7558505850585059
MATHNET-04uw,Geometry,Plane Geometry,"Triangles > Triangle centers: centroid, incenter, circumcenter, orthocenter, Euler line, nine-point circle | Circles > Tangents | Transformations > Inversion | Miscellaneous > Angle chasing",proof only,0.0,0.0,0.0,0.0,0.0,0.0,1.0,0.8918918918918919,0.04371865758004375
MATHNET-0gp4,Algebra | Geometry,Equations and Inequalities | Plane Geometry,"Geometric Inequalities > Triangle inequalities | Triangles > Triangle centers: centroid, incenter, circumcenter, orthocenter, Euler line, nine-point circle | Cauchy-Schwarz",proof only,0.18428040361125864,0.15224358974358973,0.6587795765877957,0.0,0.0,0.1486988847583643,1.0,0.8513513513513513,0.268901890189019
MATHNET-0ax4,Geometry,Plane Geometry,Transformations > Homothety | Triangles > Triangle trigonometry | Analytic / Coordinate Methods > Trigonometry | Miscellaneous > Constructions and loci,proof and answer,0.8874137015400957,0.9294871794871795,0.9034869240348692,0.6109422492401216,0.783482142857143,0.8374933616569304,0.8461538461538461,0.8918918918918919,0.8531567442458533
MATHNET-09c4,Number Theory,Diophantine Equations | Divisibility / Factorization,"Prime numbers | Techniques: modulo, size analysis, order analysis, inequalities",proof only,0.2926181625066383,0.5096153846153847,0.0,0.0,0.0,0.4843335103558152,1.0,0.9459459459459459,0.2664909348077665
MATHNET-0gps,Geometry,Plane Geometry,"Triangles > Triangle centers: centroid, incenter, circumcenter, orthocenter, Euler line, nine-point circle | Miscellaneous > Angle chasing",proof only,0.2942113648433351,0.17254273504273504,0.8188044831880449,0.0,0.0,0.4843335103558152,1.0,0.8918918918918919,0.3738266683811239
MATHNET-08nc,Geometry,Plane Geometry,Circles | Quadrilaterals | Miscellaneous > Angle chasing | Miscellaneous > Distance chasing,proof only,0.3738714816781731,0.49198717948717957,0.5292652552926526,0.6109422492401216,0.0,0.32713754646840143,1.0,0.8918918918918919,0.44949852128069945
MATHNET-07mb,Algebra | Number Theory,Algebraic Expressions | Divisibility / Factorization | Modular Arithmetic,Factorization techniques | Sequences and Series > Sums and products | Polynomials > Polynomial operations,proof only,0.7100371747211897,0.7462606837606838,0.5292652552926526,0.8366261398176291,0.8415178571428571,0.6016994158258099,1.0,0.8783783783783784,0.7110711071107113
MATHNET-08y6,Geometry,Plane Geometry,Circles > Radical axis theorem | Miscellaneous > Distance chasing | Triangles,proof and answer,0.4062665958576739,0.43589743589743596,0.5292652552926526,0.0,0.0,0.32713754646840143,0.8461538461538461,0.8918918918918919,0.36325061077536325
MATHNET-00ul,Geometry,Plane Geometry,"Quadrilaterals > Inscribed/circumscribed quadrilaterals | Triangles > Triangle centers: centroid, incenter, circumcenter, orthocenter, Euler line, nine-point circle | Circles > Tangents | Miscellaneous > Distance chasing",proof only,0.6208178438661709,0.7371794871794872,0.6587795765877957,0.6109422492401216,0.6845238095238095,0.4843335103558152,1.0,0.8918918918918919,0.6584801337276586
MATHNET-071d,Discrete Mathematics,Combinatorics,"Invariants / monovariants | Recursion, bijection",proof and answer,0.28412108337758896,0.3888888888888889,0.34993773349937735,0.7545592705167175,0.552827380952381,0.4843335103558152,0.8461538461538461,1.0,0.45329175774720326
MATHNET-0lbc,Algebra | Number Theory,Algebraic Expressions | Diophantine Equations | Divisibility / Factorization,Infinite descent / root flipping | Sequences and Series > Recurrence relations | Greatest common divisors (gcd),proof only,0.6399362719065321,0.6842948717948718,0.5292652552926526,0.6109422492401216,0.6845238095238095,0.1486988847583643,1.0,0.8783783783783784,0.5858621576443359
MATHNET-0490,Algebra,Equations and Inequalities | Intermediate Algebra,Linear and quadratic inequalities | Quadratic functions,proof and answer,0.0,0.0,0.0,0.0,0.0,0.0,0.8461538461538461,0.8108108108108109,0.03536067892503536
MATHNET-0cz9,Algebra,Algebraic Expressions,Polynomials,proof only,0.31386086032926175,0.36111111111111116,0.7540473225404732,0.0,0.0,0.1486988847583643,1.0,0.8108108108108109,0.3566928121383567
MATHNET-05lk,Discrete Mathematics,Combinatorics,Counting two ways | Enumeration with symmetry,proof and answer,0.8470525756771109,0.7692307692307693,0.0,0.0,0.0,0.6919808815719597,0.8461538461538461,1.0,0.46759675967596775
MATHNET-0cmk,Algebra | Discrete Mathematics,Combinatorics | Prealgebra / Basic Algebra,Invariants / monovariants | Simple Equations,proof and answer,0.49867233138608597,0.43589743589743596,0.0,0.0,0.0,0.6919808815719597,0.8461538461538461,0.9054054054054054,0.32081779606532085
MATHNET-0cy4,Algebra,Algebraic Expressions | Prealgebra / Basic Algebra,Polynomials > Polynomial operations | Simple Equations,proof and answer,0.0,0.0,0.0,0.0,0.0,0.0,0.8461538461538461,0.8108108108108109,0.03536067892503536
MATHNET-024k,Algebra,Prealgebra / Basic Algebra,Simple Equations | Fractions,proof and answer,0.43441317047265,0.2676282051282051,0.0,0.0,0.0,0.8061603823685608,0.8461538461538461,0.8108108108108109,0.2864536453645365
MATHNET-0atn,Geometry,Plane Geometry,Transformations > Homothety | Triangles,proof and answer,0.0,0.0,0.0,0.0,0.0,0.0,0.8461538461538461,0.8918918918918919,0.03728944323003732
MATHNET-0906,Number Theory,Diophantine Equations | Divisibility / Factorization | Residues and Primitive Roots,"Techniques: modulo, size analysis, order analysis, inequalities | Infinite descent / root flipping | Quadratic residues | Greatest common divisors (gcd) | Factorization techniques",proof only,0.9638874137015401,0.9636752136752136,0.9589041095890412,0.9893617021276595,0.0,0.9038767923526289,1.0,0.9459459459459459,0.8853671081393855
MATHNET-0044,Algebra | Discrete Mathematics | Geometry,Combinatorics | Linear Algebra | Plane Geometry,Invariants / monovariants | Vectors | Miscellaneous > Constructions and loci,proof only,0.0,0.0,0.0,0.0,0.0,0.0,1.0,0.9009009009009008,0.04393296472504395
MATHNET-02ex,Geometry,Plane Geometry,Geometric Inequalities > Optimization in geometry | Triangles > Triangle trigonometry | Miscellaneous > Angle chasing,proof and answer,0.5438130642591609,0.5096153846153847,0.34993773349937735,0.7545592705167175,0.8415178571428571,0.6016994158258099,0.8461538461538461,0.8918918918918919,0.5745467403883247
MATHNET-0eyx,Geometry,Plane Geometry,Analytic / Coordinate Methods > Trigonometry,proof only,0.0,0.0,0.0,0.0,0.0,0.0,1.0,0.8918918918918919,0.04371865758004375
MATHNET-04e2,Geometry,Plane Geometry,Analytic / Coordinate Methods > Cartesian coordinates | Circles > Tangents,proof only,0.0,0.0,0.0,0.0,0.0,0.0,1.0,0.8918918918918919,0.04371865758004375
MATHNET-0atv,Algebra,Equations and Inequalities | Intermediate Algebra,Linear and quadratic inequalities | Exponential functions | Logarithmic functions,proof and answer,0.0,0.0,0.0,0.0,0.0,0.0,0.8461538461538461,0.8108108108108109,0.03536067892503536
MATHNET-0c1x,Geometry,Plane Geometry,Concurrency and Collinearity | Analytic / Coordinate Methods > Cartesian coordinates,proof only,0.0,0.0,0.0,0.0,0.0,0.0,1.0,0.8918918918918919,0.04371865758004375
MATHNET-0aj5,Geometry,Plane Geometry,Circles > Radical axis theorem | Quadrilaterals > Cyclic quadrilaterals | Miscellaneous > Angle chasing,proof only,0.7397769516728625,0.8157051282051282,0.8804483188044833,0.0,0.0,0.32713754646840143,1.0,0.8918918918918919,0.5915198662723417
MATHNET-09sr,Geometry,Plane Geometry,Quadrilaterals > Cyclic quadrilaterals | Miscellaneous > Angle chasing,proof only,0.8417419012214551,0.8402777777777778,0.0,0.0,0.0,0.6919808815719597,1.0,0.8918918918918919,0.48299472804423305
MATHNET-06xr,Geometry,Plane Geometry,"Quadrilaterals > Cyclic quadrilaterals | Circles > Tangents | Transformations > Spiral similarity | Advanced Configurations > Polar triangles, harmonic conjugates | Miscellaneous > Angle chasing | Triangles > Triangle centers: centroid, incenter, circumcenter, orthocenter, Euler line, nine-point circle",proof only,0.9500796601168348,0.9797008547008547,0.8804483188044833,0.0,0.0,0.9198088157195964,1.0,0.8918918918918919,0.743795808152244
MATHNET-08q8,Geometry,Plane Geometry,"Triangles > Triangle centers: centroid, incenter, circumcenter, orthocenter, Euler line, nine-point circle | Quadrilaterals > Cyclic quadrilaterals | Miscellaneous > Angle chasing",proof only,0.5687732342007434,0.7179487179487178,0.9034869240348692,0.6109422492401216,0.0,0.6919808815719597,1.0,0.8918918918918919,0.658930178732159
MATHNET-06zj,Discrete Mathematics | Number Theory,Combinatorics | Other,Counting two ways,proof and answer,0.5438130642591609,0.7371794871794872,0.0,0.0,0.0,0.1486988847583643,0.8461538461538461,0.972972972972973,0.32197505464832193
MATHNET-09af,Algebra,Algebraic Expressions,Sequences and Series > Recurrence relations,proof only,0.6962294211364842,0.7825854700854701,0.8188044831880449,0.0,0.0,0.1486988847583643,1.0,0.8108108108108109,0.5387360164587887
MATHNET-0huv,Algebra,Equations and Inequalities,QM-AM-GM-HM / Power Mean,proof and answer,0.40254912373871476,0.560363247863248,0.0,0.6109422492401216,0.0,0.4843335103558152,0.8461538461538461,0.8108108108108109,0.37016201620162026
MATHNET-028y,Algebra | Number Theory,Equations and Inequalities | Other | Prealgebra / Basic Algebra,Integers | Linear and quadratic inequalities,proof and answer,0.33085501858736055,0.3888888888888889,0.0,0.0,0.0,0.1486988847583643,0.8461538461538461,0.8783783783783784,0.2052848141957053
MATHNET-0f6y,Discrete Mathematics | Geometry,Combinatorics | Plane Geometry,"Coloring schemes, extremal arguments | Analytic / Coordinate Methods > Cartesian coordinates",proof and answer,0.0,0.0,0.0,0.0,0.0,0.0,0.8461538461538461,0.9459459459459459,0.038575286100038575
MATHNET-06y2,Algebra,Algebraic Expressions,Functional Equations > Existential quantifiers,proof and answer,0.9851301115241635,0.9861111111111112,0.9632627646326276,0.9939209726443768,0.9947916666666667,0.9792883696229421,0.8461538461538461,0.8108108108108109,0.9814838626719815
MATHNET-0cjq,Discrete Mathematics,Combinatorics,"Induction / smoothing | Coloring schemes, extremal arguments",proof and answer,0.7259691980881573,0.6752136752136753,0.34993773349937735,0.6109422492401216,0.9002976190476191,0.7594264471587892,0.8461538461538461,1.0,0.657065706570657
MATHNET-0e4b,Algebra,Prealgebra / Basic Algebra,Simple Equations,proof and answer,0.26128518321826866,0.5261752136752137,0.5292652552926526,0.0,0.6845238095238095,0.8672331386086033,0.8461538461538461,0.8108108108108109,0.46705027645621716
MATHNET-0ka4,Geometry,Plane Geometry,Quadrilaterals > Cyclic quadrilaterals | Triangles > Triangle trigonometry | Miscellaneous > Angle chasing | Miscellaneous > Constructions and loci | Miscellaneous > Distance chasing,proof and answer,0.21083377588953794,0.36111111111111116,0.34993773349937735,0.0,0.0,0.32713754646840143,0.8461538461538461,0.8918918918918919,0.26539796836826546
MATHNET-0cgo,Algebra,Abstract Algebra,Field Theory,proof only,0.3940520446096654,0.5096153846153847,0.34993773349937735,0.0,0.783482142857143,0.32713754646840143,1.0,0.8108108108108109,0.40876944837340873
MATHNET-0hxe,Geometry,Plane Geometry,Triangles > Triangle trigonometry | Quadrilaterals > Cyclic quadrilaterals | Miscellaneous > Angle chasing,proof only,0.36378120021242694,0.36111111111111116,0.6587795765877957,0.0,0.0,0.1486988847583643,1.0,0.8918918918918919,0.35103510351035105
MATHNET-0h3f,Geometry,Plane Geometry,"Circles > Tangents | Triangles > Triangle centers: centroid, incenter, circumcenter, orthocenter, Euler line, nine-point circle | Miscellaneous > Angle chasing",proof only,0.4768985661178968,0.6383547008547008,0.0,0.0,0.0,0.6919808815719597,1.0,0.8918918918918919,0.3582036775106082
MATHNET-0hax,Algebra | Number Theory,Divisibility / Factorization | Intermediate Algebra,Quadratic functions | Greatest common divisors (gcd),proof and answer,0.5273499734466277,0.576388888888889,0.5292652552926526,0.6109422492401216,0.0,0.6016994158258099,0.8461538461538461,0.8783783783783784,0.5283849813552784
MATHNET-09jx,Algebra | Number Theory,Algebraic Expressions | Diophantine Equations,"Techniques: modulo, size analysis, order analysis, inequalities | Polynomials > Polynomial operations",proof and answer,0.1566648964418481,0.36111111111111116,0.5292652552926526,0.6109422492401216,0.552827380952381,0.1486988847583643,0.8461538461538461,0.8783783783783784,0.39269641249839266
MATHNET-06ts,Discrete Mathematics,Combinatorics,"Counting two ways | Coloring schemes, extremal arguments",proof and answer,0.8236856080722251,0.8215811965811965,0.7540473225404732,0.6109422492401216,0.0,0.6919808815719597,0.8461538461538461,1.0,0.7046418927607044
MATHNET-0h2a,Algebra,Algebraic Expressions,Functional Equations,proof and answer,0.24375995751460433,0.36111111111111116,0.6587795765877957,0.0,0.6845238095238095,0.4843335103558152,0.8461538461538461,0.8108108108108109,0.4133984827054135
MATHNET-0kqf,Geometry,Solid Geometry,Volume | Other 3D problems,final answer only,0.0,0.0,0.0,0.0,0.0,0.0,0.3076923076923077,0.8918918918918919,0.014787193005014816
MATHNET-0j50,Algebra | Geometry,Equations and Inequalities | Plane Geometry,"Triangles > Triangle centers: centroid, incenter, circumcenter, orthocenter, Euler line, nine-point circle | Geometric Inequalities > Optimization in geometry | QM-AM-GM-HM / Power Mean",proof and answer,0.290493892724376,0.24145299145299148,0.5292652552926526,0.0,0.0,0.1486988847583643,0.8461538461538461,0.8513513513513513,0.27754918348977764
MATHNET-0jc8,Algebra,Algebraic Expressions | Intermediate Algebra,Functional Equations | Exponential functions | Logarithmic functions,proof and answer,0.35156664896441847,0.2884615384615385,0.6587795765877957,0.0,0.552827380952381,0.6919808815719597,0.8461538461538461,0.8108108108108109,0.44014401440144024
MATHNET-0f1q,Geometry,Plane Geometry,Miscellaneous > Constructions and loci | Combinatorial Geometry > Convex hulls,proof only,0.0,0.0,0.0,0.0,0.0,0.0,1.0,0.8918918918918919,0.04371865758004375
MATHNET-0acd,Algebra,Algebraic Expressions | Prealgebra / Basic Algebra,Simple Equations | Fractions | Sequences and Series > Sums and products,proof and answer,0.25066383430695693,0.2676282051282051,0.34993773349937735,0.0,0.0,0.32713754646840143,0.8461538461538461,0.8108108108108109,0.25623633791950623
MATHNET-0axv,Algebra,Algebraic Expressions,Polynomials > Vieta's formulas | Polynomials > Polynomial operations,final answer only,0.1072756240042485,0.17254273504273504,0.34993773349937735,0.0,0.0,0.32713754646840143,0.3076923076923077,0.8108108108108109,0.18185032788993188
MATHNET-04bo,Algebra | Geometry,Plane Geometry | Prealgebra / Basic Algebra,Triangles | Circles | Miscellaneous > Angle chasing | Simple Equations,final answer only,0.0,0.0,0.0,0.0,0.0,0.0,0.3076923076923077,0.8513513513513513,0.013822810852513814
MATHNET-0784,Geometry,Plane Geometry,"Advanced Configurations > Brocard point, symmedians | Circles > Circle of Apollonius | Circles > Tangents | Circles > Radical axis theorem | Circles > Coaxal circles | Transformations > Inversion | Transformations > Homothety | Transformations > Spiral similarity | Analytic / Coordinate Methods > Complex numbers in geometry | Analytic / Coordinate Methods > Cartesian coordinates | Advanced Configurations > Polar triangles, harmonic conjugates | Miscellaneous > Angle chasing",proof only,0.9968135953266065,0.9978632478632479,1.0,1.0,0.9501488095238098,0.9851301115241635,1.0,0.8918918918918919,1.0
MATHNET-0i5e,Algebra,Algebraic Expressions | Prealgebra / Basic Algebra,Integers | Sequences and Series > Sums and products,final answer only,0.14285714285714285,0.15224358974358973,0.34993773349937735,0.0,0.0,0.4843335103558152,0.3076923076923077,0.8108108108108109,0.2058312974154558
MATHNET-0hog,Geometry,Plane Geometry,Circles > Tangents | Miscellaneous > Angle chasing,proof only,0.2490706319702602,0.31143162393162394,0.6587795765877957,0.0,0.0,0.32713754646840143,1.0,0.8918918918918919,0.3358943037160858
MATHNET-0fv2,Algebra,Algebraic Expressions,Functional Equations,proof and answer,0.2819968135953266,0.3888888888888889,0.0,0.0,0.0,0.6016994158258099,0.8461538461538461,0.8108108108108109,0.24668895460974669
MATHNET-09xc,Algebra,Intermediate Algebra | Prealgebra / Basic Algebra,Simple Equations | Quadratic functions,proof and answer,0.8194370685077005,0.8279914529914529,0.8804483188044833,0.7545592705167175,0.783482142857143,0.6016994158258099,0.8461538461538461,0.8108108108108109,0.8013694226565514
MATHNET-0adi,Algebra,Intermediate Algebra,Logarithmic functions,proof and answer,0.4482209240573552,0.576388888888889,0.5292652552926526,0.0,0.0,0.6016994158258099,0.8461538461538461,0.8108108108108109,0.4300822939436802
MATHNET-0fyx,Algebra,Equations and Inequalities | Prealgebra / Basic Algebra,Integers | Simple Equations | Linear and quadratic inequalities,proof and answer,0.4790228359001593,0.2676282051282051,0.0,0.0,0.0,0.1486988847583643,0.8461538461538461,0.8108108108108109,0.21766105181946765
MATHNET-0akk,Number Theory,Diophantine Equations | Divisibility / Factorization,"Techniques: modulo, size analysis, order analysis, inequalities | Greatest common divisors (gcd)",proof and answer,0.7057886351566649,0.8092948717948718,0.6587795765877957,0.0,0.8415178571428571,0.6919808815719597,0.8461538461538461,0.9459459459459459,0.6480969525523982
MATHNET-0est,Geometry,Plane Geometry,Miscellaneous > Angle chasing | Miscellaneous > Distance chasing,proof and answer,0.36749867233138606,0.5422008547008548,0.5292652552926526,0.0,0.0,0.32713754646840143,0.8461538461538461,0.8918918918918919,0.3730551626591231
MATHNET-0jsa,Number Theory,Divisibility / Factorization | Modular Arithmetic,Chinese remainder theorem | Greatest common divisors (gcd),final answer only,0.12851832182687198,0.20566239316239318,0.34993773349937735,0.0,0.0,0.4843335103558152,0.3076923076923077,0.9459459459459459,0.21521795036646524
MATHNET-09r1,Algebra | Number Theory,Divisibility / Factorization | Prealgebra / Basic Algebra,Greatest common divisors (gcd) | Integers,proof and answer,0.7567711099309613,0.7825854700854701,0.0,0.0,0.0,0.1486988847583643,0.8461538461538461,0.8783783783783784,0.3794843770091295
MATHNET-0au7,Discrete Mathematics,Combinatorics,Enumeration with symmetry,proof and answer,0.7089750398300584,0.8830128205128205,0.6587795765877957,0.0,0.0,0.9941582580987786,0.8461538461538461,1.0,0.6273305902018773
MATHNET-0egg,Algebra,Algebraic Expressions | Prealgebra / Basic Algebra,Polynomials > Polynomial operations | Fractions,proof and answer,0.3250132766861391,0.31143162393162394,0.0,0.0,0.0,0.8061603823685608,0.8461538461538461,0.8108108108108109,0.2678732158930179
MATHNET-049z,Algebra,Equations and Inequalities | Intermediate Algebra,Quadratic functions | QM-AM-GM-HM / Power Mean,proof only,0.6112586298459903,0.6917735042735044,0.5292652552926526,0.8366261398176291,0.8415178571428571,0.6919808815719597,1.0,0.8108108108108109,0.6866400925806867
MATHNET-0ads,Algebra,Algebraic Expressions,Sequences and Series > Recurrence relations,proof and answer,0.4221986192246415,0.33653846153846156,0.0,0.0,0.0,0.1486988847583643,0.8461538461538461,0.8108108108108109,0.21634306287771635
MATHNET-07w7,Algebra | Geometry,Equations and Inequalities | Plane Geometry,Quadrilaterals > Cyclic quadrilaterals | QM-AM-GM-HM / Power Mean,proof only,0.3690918746680828,0.43589743589743596,0.34993773349937735,0.8882978723404256,0.0,0.1486988847583643,1.0,0.8513513513513513,0.4138163816381639
MATHNET-00by,Geometry,Plane Geometry,Quadrilaterals | Miscellaneous > Angle chasing | Miscellaneous > Constructions and loci,proof and answer,0.4864577801380775,0.6623931623931625,0.6587795765877957,0.0,0.0,0.8374933616569304,0.8461538461538461,0.8918918918918919,0.5120869229780122
MATHNET-03w7,Geometry,Plane Geometry,"Triangles > Triangle centers: centroid, incenter, circumcenter, orthocenter, Euler line, nine-point circle | Quadrilaterals > Cyclic quadrilaterals | Analytic / Coordinate Methods > Trigonometry | Miscellaneous > Angle chasing",proof only,0.6887944768985662,0.7462606837606838,0.8804483188044833,0.0,0.0,0.4843335103558152,1.0,0.8918918918918919,0.5856692812138359
MATHNET-0e2b,Geometry,Plane Geometry,Quadrilaterals > Cyclic quadrilaterals | Miscellaneous > Angle chasing,proof only,0.4105151354221986,0.4150641025641026,0.0,0.6109422492401216,0.6845238095238095,0.4843335103558152,1.0,0.8918918918918919,0.4133663366336633
MATHNET-0aho,Geometry,Plane Geometry,"Circles > Tangents | Triangles > Triangle centers: centroid, incenter, circumcenter, orthocenter, Euler line, nine-point circle | Transformations > Homothety | Miscellaneous > Angle chasing",proof only,0.5108868826340945,0.6260683760683762,0.5292652552926526,0.0,0.0,0.1486988847583643,1.0,0.8918918918918919,0.40774077407740783
MATHNET-0f9f,Discrete Mathematics,Combinatorics | Graph Theory,"Coloring schemes, extremal arguments | Matchings, Marriage Lemma, Tutte's theorem",proof and answer,0.0,0.0,0.0,0.0,0.0,0.0,0.8461538461538461,1.0,0.039861128970039884
MATHNET-0efx,Algebra,Algebraic Expressions | Equations and Inequalities | Intermediate Algebra,Logarithmic functions | Linear and quadratic inequalities | Polynomials > Polynomial operations,proof and answer,0.5740839086563992,0.5261752136752137,0.0,0.0,0.0,0.1486988847583643,0.8461538461538461,0.8108108108108109,0.28735373537353737
MATHNET-072s,Algebra | Discrete Mathematics,Algebraic Expressions | Combinatorics,Generating functions | Algebraic properties of binomial coefficients | Polynomials > Roots of unity | Polynomials > Symmetric functions,proof only,0.8204992033988316,0.8584401709401709,0.9489414694894147,0.6109422492401216,0.9002976190476191,0.1486988847583643,1.0,0.9054054054054054,0.7669731258840169
MATHNET-05aq,Algebra | Discrete Mathematics | Number Theory,Divisibility / Factorization | Other | Prealgebra / Basic Algebra,Factorization techniques | Integers,proof and answer,0.8125331917153478,0.9017094017094017,0.5292652552926526,0.0,0.0,0.6016994158258099,0.8461538461538461,0.918918918918919,0.5795936736530797
MATHNET-0e8i,Algebra,Algebraic Expressions | Prealgebra / Basic Algebra,Simple Equations | Polynomials > Polynomial operations,final answer only,0.0,0.0,0.0,0.0,0.0,0.0,0.3076923076923077,0.8108108108108109,0.012858428700012858
MATHNET-06vc,Discrete Mathematics | Geometry,Combinatorics | Plane Geometry,Miscellaneous > Constructions and loci | Induction / smoothing | Invariants / monovariants | Analytic / Coordinate Methods > Cartesian coordinates,proof and answer,0.9575146043547531,0.7462606837606838,0.9034869240348692,0.0,0.8757440476190478,0.9792883696229421,0.8461538461538461,0.9459459459459459,0.785939308216536
MATHNET-0hvc,Algebra | Geometry,Equations and Inequalities | Plane Geometry,Triangles > Triangle inequalities | Geometric Inequalities > Triangle inequalities | QM-AM-GM-HM / Power Mean,proof only,0.23579394583112057,0.21901709401709404,0.34993773349937735,0.0,0.0,0.1486988847583643,1.0,0.8513513513513513,0.22965153658222962
MATHNET-037b,Geometry,Plane Geometry,Circles > Tangents | Triangles > Triangle trigonometry | Miscellaneous > Angle chasing,proof and answer,0.4381306425916091,0.33653846153846156,0.6587795765877957,0.0,0.552827380952381,0.4843335103558152,0.8461538461538461,0.8918918918918919,0.44657322875144667
MATHNET-0ck8,Algebra | Number Theory,Diophantine Equations | Equations and Inequalities | Prealgebra / Basic Algebra,"Integers | Techniques: modulo, size analysis, order analysis, inequalities | Linear and quadratic inequalities",proof and answer,0.5390334572490706,0.6623931623931625,0.8188044831880449,0.0,0.783482142857143,0.8061603823685608,0.8461538461538461,0.8783783783783784,0.6214478590716216
MATHNET-0br0,Algebra,Abstract Algebra,Group Theory,proof and answer,0.0,0.0,0.0,0.0,0.0,0.0,0.8461538461538461,0.8108108108108109,0.03536067892503536
MATHNET-0h9m,Algebra,Equations and Inequalities,Cauchy-Schwarz,proof only,0.1476367498672331,0.08173076923076925,0.0,0.6109422492401216,0.0,0.1486988847583643,1.0,0.8108108108108109,0.18782949723543782
MATHNET-0iwd,Geometry,Plane Geometry,Miscellaneous > Angle chasing | Miscellaneous > Distance chasing | Miscellaneous > Constructions and loci,final answer only,0.4572490706319702,0.5261752136752137,0.0,0.0,0.0,0.6919808815719597,0.3076923076923077,0.8918918918918919,0.30426256911405425
MATHNET-00cj,Geometry,Plane Geometry,Miscellaneous > Constructions and loci | Analytic / Coordinate Methods > Vectors,proof and answer,0.0,0.0,0.0,0.0,0.0,0.0,0.8461538461538461,0.8918918918918919,0.03728944323003732
MATHNET-0jzx,Algebra,Algebraic Expressions | Equations and Inequalities,Linear and quadratic inequalities | Sequences and Series > Recurrence relations,proof and answer,0.23207647371216145,0.31143162393162394,0.34993773349937735,0.0,0.0,0.1486988847583643,0.8461538461538461,0.8108108108108109,0.23804166130898805
MATHNET-0g61,Geometry,Plane Geometry,"Triangles > Triangle centers: centroid, incenter, circumcenter, orthocenter, Euler line, nine-point circle | Quadrilaterals > Cyclic quadrilaterals | Miscellaneous > Angle chasing",proof only,0.07912904938927244,0.20566239316239318,0.0,0.0,0.0,0.32713754646840143,1.0,0.8918918918918919,0.1396103896103896
MATHNET-01qj,Algebra,Algebraic Expressions | Prealgebra / Basic Algebra,Sequences and Series > Recurrence relations | Integers,proof and answer,0.0685077004779607,0.09455128205128205,0.0,0.0,0.0,0.32713754646840143,0.8461538461538461,0.8108108108108109,0.1086215764433586
MATHNET-0fdi,Algebra | Discrete Mathematics,Algebraic Expressions | Combinatorics,Games / greedy algorithms | Polynomials > Polynomial operations,proof only,0.8396176314391927,0.7612179487179486,0.0,0.0,0.0,0.9320233669676048,1.0,0.9054054054054054,0.4975890446187477
MATHNET-045v,Algebra | Geometry,Algebraic Expressions | Intermediate Algebra | Plane Geometry,Polynomials | Polynomials > Vieta's formulas | Complex numbers | Analytic / Coordinate Methods > Complex numbers in geometry,proof only,0.9617631439192779,0.906517094017094,0.9034869240348692,0.8366261398176291,0.8415178571428571,0.9500796601168348,1.0,0.8513513513513513,0.9197634049119199
MATHNET-042z,Geometry,Plane Geometry | Solid Geometry,"Other 3D problems | Triangles > Triangle centers: centroid, incenter, circumcenter, Euler line, nine-point circle | Triangles > Triangle trigonometry",final answer only,0.4864577801380775,0.6116452991452992,0.34993773349937735,0.0,0.0,0.4843335103558152,0.3076923076923077,0.8918918918918919,0.37389096052462395
MATHNET-0h6j,Discrete Mathematics,Combinatorics,"Coloring schemes, extremal arguments",proof and answer,0.09824747742963355,0.0,0.34993773349937735,0.0,0.0,0.1486988847583643,0.8461538461538461,1.0,0.15391539153915396
MATHNET-00ps,Algebra | Number Theory,Diophantine Equations | Divisibility / Factorization | Equations and Inequalities,"Techniques: modulo, size analysis, order analysis, inequalities | Prime numbers | QM-AM-GM-HM / Power Mean",proof and answer,0.8056293149229952,0.8584401709401709,0.9034869240348692,0.9703647416413373,0.9903273809523808,0.7594264471587892,0.8461538461538461,0.8783783783783784,0.8742445673138742
MATHNET-0gg9,Geometry,Plane Geometry,"Advanced Configurations > Polar triangles, harmonic conjugates | Advanced Configurations > Brocard point, symmedians | Transformations > Inversion | Miscellaneous > Angle chasing",proof only,0.0,0.0,0.0,0.0,0.0,0.0,1.0,0.8918918918918919,0.04371865758004375
MATHNET-0l5r,Algebra | Number Theory,Algebraic Expressions | Modular Arithmetic,Polynomials mod p | Sequences and Series > Sums and products,proof and answer,0.5108868826340945,0.2676282051282051,0.34993773349937735,0.0,0.0,0.6016994158258099,0.8461538461538461,0.8783783783783784,0.3540889803266041
MATHNET-04kx,Discrete Mathematics,Combinatorics,Pigeonhole principle | Invariants / monovariants,proof only,0.8162506638343069,0.17254273504273504,0.5292652552926526,0.7545592705167175,0.9002976190476191,0.8061603823685608,1.0,1.0,0.6555226951266554
MATHNET-0220,Algebra,Prealgebra / Basic Algebra,Fractions,proof and answer,0.602761550716941,0.4738247863247863,0.0,0.0,0.0,0.6919808815719597,0.8461538461538461,0.8108108108108109,0.35061720457760065
MATHNET-09rl,Algebra,Algebraic Expressions,Functional Equations > Injectivity / surjectivity,proof and answer,0.4646840148698885,0.6623931623931625,0.0,0.0,0.0,0.8374933616569304,0.8461538461538461,0.8108108108108109,0.36884402725986887
MATHNET-04vh,Geometry,Plane Geometry,"Triangles > Triangle centers: centroid, incenter, circumcenter, orthocenter, Euler line, nine-point circle | Transformations > Homothety | Miscellaneous > Angle chasing | Miscellaneous > Distance chasing",proof only,0.920339883165162,0.9417735042735043,0.9682440846824408,0.6109422492401216,0.552827380952381,0.9198088157195964,1.0,0.8918918918918919,0.8731837469461234
MATHNET-007a,Geometry,Plane Geometry,Miscellaneous > Distance chasing | Miscellaneous > Angle chasing,proof and answer,0.22145512480084972,0.43589743589743596,0.6587795765877957,0.0,0.0,0.4843335103558152,0.8461538461538461,0.8918918918918919,0.3642792850713643
MATHNET-07l8,Geometry,Plane Geometry,"Triangles > Triangle centers: centroid, incenter, circumcenter, orthocenter, Euler line, nine-point circle | Quadrilaterals > Cyclic quadrilaterals | Miscellaneous > Angle chasing | Triangles > Triangle trigonometry",proof only,0.7047265002655337,0.8092948717948718,0.8804483188044833,0.7545592705167175,0.0,0.4843335103558152,1.0,0.8918918918918919,0.6966696669666967
MATHNET-0b48,Number Theory,Diophantine Equations | Divisibility / Factorization,"Factorization techniques | Techniques: modulo, size analysis, order analysis, inequalities",proof and answer,0.48220924057355274,0.5422008547008548,0.34993773349937735,0.7545592705167175,0.783482142857143,0.7594264471587892,0.8461538461538461,0.9459459459459459,0.580879516523081
MATHNET-0jht,Number Theory,Divisibility / Factorization | Number-Theoretic Functions,Greatest common divisors (gcd) | τ (number of divisors),final answer only,0.18215613382899626,0.31143162393162394,0.34993773349937735,0.0,0.0,0.1486988847583643,0.3076923076923077,0.9459459459459459,0.2066670952809567
MATHNET-0iic,Algebra,Algebraic Expressions | Equations and Inequalities | Prealgebra / Basic Algebra,Integers | QM-AM-GM-HM / Power Mean | Polynomials > Polynomial operations,proof and answer,0.884227296866702,0.8931623931623932,0.8188044831880449,0.8366261398176291,0.9665178571428571,0.7594264471587892,0.8461538461538461,0.8108108108108109,0.8614182846856115
MATHNET-0kfw,Geometry,Plane Geometry,"Transformations > Inversion | Transformations > Homothety | Advanced Configurations > Isogonal/isotomic conjugates, barycentric coordinates | Circles > Tangents | Miscellaneous > Angle chasing | Triangles > Triangle centers: centroid, incenter, circumcenter, orthocenter, Euler line, nine-point circle | Miscellaneous > Constructions and loci",proof only,0.9702602230483272,0.9743589743589743,0.975093399750934,0.9779635258358662,0.0,0.9835369091874668,1.0,0.8918918918918919,0.8990934807766491
MATHNET-08pi,Discrete Mathematics | Geometry,Combinatorics | Plane Geometry,"Coloring schemes, extremal arguments | Miscellaneous > Constructions and loci",proof and answer,0.9362719065321295,0.9155982905982906,0.6587795765877957,0.8366261398176291,0.8757440476190478,0.98194370685077,0.8461538461538461,0.9459459459459459,0.8673331618876173
MATHNET-08y2,Discrete Mathematics | Number Theory,Combinatorics | Other,"Counting two ways | Coloring schemes, extremal arguments",proof only,0.9426447158789165,0.923611111111111,0.8188044831880449,0.8882978723404256,0.9665178571428571,0.7594264471587892,1.0,0.972972972972973,0.8979040761218979
MATHNET-07r9,Algebra,Algebraic Expressions | Intermediate Algebra | Prealgebra / Basic Algebra,Polynomials > Polynomial operations | Simple Equations | Quadratic functions,proof and answer,0.2533191715347849,0.2676282051282051,0.5292652552926526,0.0,0.0,0.32713754646840143,0.8461538461538461,0.8108108108108109,0.29391153401054393
MATHNET-0l5j,Geometry,Plane Geometry,Quadrilaterals > Quadrilaterals with perpendicular diagonals | Miscellaneous > Distance chasing,proof and answer,0.25066383430695693,0.09455128205128205,0.34993773349937735,0.0,0.0,0.4843335103558152,0.8461538461538461,0.8918918918918919,0.24594959495949598
MATHNET-008t,Geometry,Plane Geometry,"Triangles > Triangle centers: centroid, incenter, circumcenter, orthocenter, Euler line, nine-point circle | Circles > Tangents | Miscellaneous > Angle chasing",proof and answer,0.0,0.0,0.0,0.0,0.0,0.0,0.8461538461538461,0.8918918918918919,0.03728944323003732
MATHNET-0le9,Algebra,Equations and Inequalities,Cauchy-Schwarz | Linear and quadratic inequalities,proof and answer,0.7169410515135424,0.5422008547008548,0.34993773349937735,0.7545592705167175,0.6845238095238095,0.6919808815719597,0.8461538461538461,0.8108108108108109,0.617783206892118
MATHNET-0jye,Discrete Mathematics,Combinatorics,Invariants / monovariants | Pigeonhole principle,proof and answer,0.5953266064790228,0.43589743589743596,0.34993773349937735,0.6109422492401216,0.6845238095238095,0.7594264471587892,0.8461538461538461,1.0,0.5635849299215637
MATHNET-0g28,Algebra | Geometry,Equations and Inequalities | Plane Geometry,Quadrilaterals > Cyclic quadrilaterals | Triangles > Triangle trigonometry | Miscellaneous > Angle chasing | Geometric Inequalities > Optimization in geometry | QM-AM-GM-HM / Power Mean,proof and answer,0.6314391927774826,0.5966880341880343,0.0,0.0,0.0,0.7594264471587892,0.8461538461538461,0.8513513513513513,0.38887102996013895
MATHNET-0cwp,Discrete Mathematics | Geometry,Combinatorics | Solid Geometry,"Coloring schemes, extremal arguments | Counting two ways | 3D Shapes",proof and answer,0.8406797663303239,0.7612179487179486,0.34993773349937735,0.7545592705167175,0.9501488095238098,0.8900690387679234,0.8461538461538461,0.9459459459459459,0.7374308859457376
MATHNET-0jw5,Number Theory,Divisibility / Factorization,Prime numbers | Factorization techniques,proof and answer,0.06744556558682951,0.08173076923076925,0.0,0.0,0.0,0.1486988847583643,0.8461538461538461,0.9459459459459459,0.08766233766233765
MATHNET-0b87,Discrete Mathematics,Combinatorics,"Coloring schemes, extremal arguments | Pigeonhole principle",proof and answer,0.5501858736059478,0.3888888888888889,0.6587795765877957,0.0,0.0,0.4843335103558152,0.8461538461538461,1.0,0.43795808152243804
MATHNET-0jld,Number Theory,Divisibility / Factorization | Number-Theoretic Functions,σ (sum of divisors) | Factorization techniques,proof and answer,0.1964949548592671,0.33653846153846156,0.34993773349937735,0.0,0.552827380952381,0.6919808815719597,0.8461538461538461,0.9459459459459459,0.3507136427928508
MATHNET-0c66,Algebra | Discrete Mathematics,Algebraic Expressions | Combinatorics,Games / greedy algorithms | Invariants / monovariants | Counting two ways | Sequences and Series > Recurrence relations,proof and answer,0.9543281996813595,0.9139957264957265,0.8188044831880449,0.8882978723404256,0.9903273809523808,0.8900690387679234,0.8461538461538461,0.9054054054054054,0.9088337405169091
MATHNET-09pt,Discrete Mathematics,Combinatorics,"Counting two ways | Recursion, bijection",proof only,0.0,0.0,0.0,0.0,0.0,0.0,1.0,1.0,0.046290343320046314
MATHNET-0f3n,Geometry,Plane Geometry,Miscellaneous > Constructions and loci,proof only,0.17047265002655332,0.15224358974358973,0.0,0.0,0.0,0.32713754646840143,1.0,0.8918918918918919,0.15208306544940206
MATHNET-0299,Algebra | Geometry,Equations and Inequalities | Plane Geometry,Geometric Inequalities > Optimization in geometry | Triangles > Triangle inequalities | Cauchy-Schwarz,proof and answer,0.47158789166224097,0.1917735042735043,0.34993773349937735,0.0,0.0,0.7594264471587892,0.8461538461538461,0.8513513513513513,0.3493313617075994
MATHNET-03zn,Algebra,Algebraic Expressions,Sequences and Series > Recurrence relations,proof only,0.5400955921402018,0.31143162393162394,0.34993773349937735,0.0,0.0,0.1486988847583643,1.0,0.8108108108108109,0.31904976211906905
MATHNET-0gtj,Algebra,Equations and Inequalities,QM-AM-GM-HM / Power Mean,proof and answer,0.23207647371216145,0.13301282051282054,0.0,0.0,0.0,0.1486988847583643,0.8461538461538461,0.8108108108108109,0.13356692812138357
MATHNET-0bdr,Algebra,Algebraic Expressions | Intermediate Algebra,Sequences and Series > Floors and ceilings | Quadratic functions,proof only,0.0,0.0,0.0,0.0,0.0,0.0,1.0,0.8108108108108109,0.04178989327504179
MATHNET-02gm,Discrete Mathematics | Geometry,Combinatorics | Plane Geometry,Miscellaneous > Constructions and loci | Games / greedy algorithms,proof only,0.6176314391927774,0.576388888888889,0.34993773349937735,0.6109422492401216,0.8415178571428571,0.6919808815719597,1.0,0.9459459459459459,0.6048926321203552
MATHNET-039y,Discrete Mathematics,Graph Theory,,proof only,0.4423791821561338,0.5096153846153847,0.0,0.8366261398176291,0.552827380952381,0.1486988847583643,1.0,1.0,0.4173524495306673
MATHNET-06xj,Algebra | Discrete Mathematics | Geometry,Algebraic Expressions | Combinatorics | Equations and Inequalities | Plane Geometry,Induction / smoothing | Sequences and Series > Floors and ceilings | Miscellaneous > Distance chasing | Transformations > Rotation | Linear and quadratic inequalities,proof only,0.993627190653213,0.9925213675213674,0.9221668742216688,0.8882978723404256,0.9501488095238098,0.9633563462559744,1.0,0.9009009009009008,0.9655929878702159
MATHNET-0457,Discrete Mathematics,Combinatorics,"Counting two ways | Pigeonhole principle | Coloring schemes, extremal arguments",proof only,0.580987785448752,0.4738247863247863,0.5292652552926526,0.9650455927051672,0.0,0.1486988847583643,1.0,1.0,0.5222772277227724
MATHNET-04zy,Algebra | Number Theory,Algebraic Expressions | Diophantine Equations | Divisibility / Factorization,"Techniques: modulo, size analysis, order analysis, inequalities | Polynomials > Polynomial operations | Factorization techniques",proof and answer,0.474243228890069,0.5422008547008548,0.8188044831880449,0.8366261398176291,0.6845238095238095,0.4843335103558152,0.8461538461538461,0.8783783783783784,0.6427285585701429
MATHNET-085n,Number Theory,Diophantine Equations | Divisibility / Factorization,"Factorization techniques | Techniques: modulo, size analysis, order analysis, inequalities",proof and answer,0.8374933616569304,0.8157051282051282,0.0,0.0,0.0,0.4843335103558152,0.8461538461538461,0.9459459459459459,0.44724829625819723
MATHNET-085e,Geometry,Plane Geometry,Transformations > Spiral similarity | Miscellaneous > Constructions and loci,MCQ,0.1768454593733404,0.20566239316239318,0.0,0.0,0.0,0.32713754646840143,0.0,0.8918918918918919,0.12148000514337151
MATHNET-07o3,Algebra,Algebraic Expressions | Equations and Inequalities,Polynomials > Polynomial operations | Linear and quadratic inequalities,proof only,0.39564524694636216,0.24145299145299148,0.5292652552926526,0.0,0.0,0.1486988847583643,1.0,0.8108108108108109,0.30847370451330847
MATHNET-062q,Number Theory,Diophantine Equations | Modular Arithmetic | Residues and Primitive Roots,"Techniques: modulo, size analysis, order analysis, inequalities | Fermat / Euler / Wilson theorems | Multiplicative order",proof and answer,0.6303770578863516,0.49198717948717957,0.0,0.0,0.0,0.8672331386086033,0.8461538461538461,0.9459459459459459,0.385013501350135
MATHNET-06nq,Geometry,Plane Geometry,"Triangles > Triangle centers: centroid, incenter, circumcenter, orthocenter, Euler line, nine-point circle | Circles > Tangents | Miscellaneous > Angle chasing | Miscellaneous > Distance chasing",proof only,0.5013276686139139,0.7761752136752136,0.7540473225404732,0.0,0.0,0.6919808815719597,1.0,0.8918918918918919,0.5447151858042947
MATHNET-0iat,Algebra | Geometry,Equations and Inequalities | Intermediate Algebra | Linear Algebra | Plane Geometry,Cauchy-Schwarz | Linear and quadratic inequalities | Quadratic functions | Vectors | Analytic / Coordinate Methods > Vectors | Triangles > Triangle trigonometry,proof only,0.913967073818375,0.8509615384615385,0.8549190535491905,0.6109422492401216,0.783482142857143,0.4843335103558152,1.0,0.8513513513513513,0.7980905233380481
MATHNET-03wz,Geometry,Plane Geometry,"Quadrilaterals > Cyclic quadrilaterals | Miscellaneous > Angle chasing | Triangles > Triangle centers: centroid, incenter, circumcenter, orthocenter, Euler line, nine-point circle | Miscellaneous > Constructions and loci",proof only,0.5310674455655868,0.6383547008547008,0.7540473225404732,0.8366261398176291,0.6845238095238095,0.32713754646840143,1.0,0.8918918918918919,0.6481933907676484
MATHNET-0icq,Statistics,Probability,Counting Methods > Other,proof and answer,0.08178438661710037,0.09455128205128205,0.0,0.0,0.552827380952381,0.32713754646840143,0.8461538461538461,0.2702702702702703,0.14674681753889673
MATHNET-0idy,Discrete Mathematics,Combinatorics,"Recursion, bijection",proof and answer,0.23844928305894847,0.17254273504273504,0.5292652552926526,0.0,0.552827380952381,0.1486988847583643,0.8461538461538461,1.0,0.30381252410955384
MATHNET-01tp,Algebra,Equations and Inequalities,QM-AM-GM-HM / Power Mean,proof and answer,0.8024429102496016,0.43589743589743596,0.6587795765877957,0.0,0.0,0.1486988847583643,0.8461538461538461,0.8108108108108109,0.4623890960524623
MATHNET-07rd,Number Theory,Divisibility / Factorization,Greatest common divisors (gcd) | Prime numbers,proof and answer,0.43972384492830585,0.5966880341880343,0.6587795765877957,0.7545592705167175,0.783482142857143,0.32713754646840143,0.8461538461538461,0.9459459459459459,0.5918734730615919
MATHNET-0g0d,Discrete Mathematics,Combinatorics,Counting two ways | Enumeration with symmetry,proof only,0.7434944237918215,0.6383547008547008,0.0,0.0,0.0,0.8061603823685608,1.0,1.0,0.43914748617718924
MATHNET-014r,Discrete Mathematics,Combinatorics,"Coloring schemes, extremal arguments | Pigeonhole principle | Induction / smoothing",proof only,0.30483271375464677,0.33653846153846156,0.0,0.0,0.783482142857143,0.32713754646840143,1.0,1.0,0.28815738716728817
MATHNET-08cg,Algebra,Algebraic Expressions | Prealgebra / Basic Algebra,Polynomials > Polynomial operations | Simple Equations,MCQ,0.4211364843335103,0.24145299145299148,0.0,0.0,0.0,0.32713754646840143,0.0,0.8108108108108109,0.1851613732801852
MATHNET-0l66,Statistics,Probability,Counting Methods > Other,final answer only,0.20711630377057885,0.15224358974358973,0.0,0.0,0.0,0.6016994158258099,0.3076923076923077,0.2702702702702703,0.15047576186190045
MATHNET-0l80,Algebra | Number Theory,Algebraic Expressions | Other,Sequences and Series > Recurrence relations,proof and answer,0.0,0.0,0.0,0.0,0.0,0.0,0.8461538461538461,0.8783783783783784,0.03696798251253697
MATHNET-06i3,Algebra | Number Theory,Algebraic Expressions | Diophantine Equations | Intermediate Algebra,"Techniques: modulo, size analysis, order analysis, inequalities | Quadratic functions | Polynomials > Polynomial operations",proof and answer,0.596388741370154,0.5422008547008548,0.5292652552926526,0.7545592705167175,0.6845238095238095,0.4843335103558152,0.8461538461538461,0.8783783783783784,0.6020959238781022
MATHNET-01rg,Geometry,Plane Geometry,Circles > Tangents | Quadrilaterals > Cyclic quadrilaterals | Miscellaneous > Angle chasing,proof only,0.3860860329261816,0.5261752136752137,0.5292652552926526,0.0,0.0,0.4843335103558152,1.0,0.8918918918918919,0.4001221550726501
MATHNET-08im,Algebra,Equations and Inequalities | Intermediate Algebra,Cauchy-Schwarz | Quadratic functions | Linear and quadratic inequalities,proof and answer,0.35475305363781195,0.36111111111111116,0.34993773349937735,0.6109422492401216,0.552827380952381,0.1486988847583643,0.8461538461538461,0.8108108108108109,0.402018773305902
MATHNET-0jh7,Algebra | Geometry,Algebraic Expressions | Equations and Inequalities | Plane Geometry,Sequences and Series > Floors and ceilings | Linear and quadratic inequalities | Analytic / Coordinate Methods > Cartesian coordinates,proof and answer,0.45937334041423256,0.3888888888888889,0.7540473225404732,0.0,0.6845238095238095,0.6016994158258099,0.8461538461538461,0.8513513513513513,0.5054648321975055
MATHNET-0hhz,Discrete Mathematics | Geometry,Combinatorics | Plane Geometry,Combinatorial Geometry | Counting two ways,proof and answer,0.24216675517790756,0.24145299145299148,0.34993773349937735,0.0,0.0,0.1486988847583643,0.8461538461538461,0.9459459459459459,0.23106596373923102
MATHNET-07n4,Algebra | Geometry,Intermediate Algebra | Plane Geometry,Analytic / Coordinate Methods > Complex numbers in geometry | Geometric Inequalities > Optimization in geometry | Quadratic functions,proof and answer,0.42857142857142855,0.3888888888888889,0.5292652552926526,0.0,0.6845238095238095,0.1486988847583643,0.8461538461538461,0.8513513513513513,0.39674681753889685
MATHNET-0czk,Algebra,Algebraic Expressions,Functional Equations | Sequences and Series > Recurrence relations,proof and answer,0.7875730217737653,0.8338675213675214,0.9371108343711084,0.6109422492401216,0.552827380952381,0.7594264471587892,0.8461538461538461,0.8108108108108109,0.7873537353735374
MATHNET-04k6,Algebra | Number Theory,Diophantine Equations | Prealgebra / Basic Algebra,"Techniques: modulo, size analysis, order analysis, inequalities | Integers",proof only,0.3404142326075411,0.4150641025641026,0.0,0.6109422492401216,0.552827380952381,0.1486988847583643,1.0,0.8783783783783784,0.34405940594059414
MATHNET-0epr,Number Theory,Divisibility / Factorization,Prime numbers | Factorization techniques,MCQ,0.11524163568773231,0.1917735042735043,0.0,0.0,0.0,0.1486988847583643,0.0,0.9459459459459459,0.08374051690883373
MATHNET-0bhh,Algebra,Linear Algebra,Matrices | Determinants,proof only,0.9277748274030803,0.9316239316239315,0.9489414694894147,0.8882978723404256,0.6845238095238095,0.9989378651088688,1.0,0.8108108108108109,0.9233959110196734
MATHNET-0k0z,Number Theory,Divisibility / Factorization | Modular Arithmetic,,proof and answer,0.3775889537971322,0.2676282051282051,0.34993773349937735,0.6109422492401216,0.9002976190476191,0.32713754646840143,0.8461538461538461,0.9459459459459459,0.44551240838369544
MATHNET-0afj,Discrete Mathematics,Combinatorics,Invariants / monovariants,final answer only,0.25225703664365373,0.0,0.0,0.0,0.0,0.4843335103558152,0.3076923076923077,1.0,0.13707084994213709
MATHNET-0co7,Algebra,Equations and Inequalities | Intermediate Algebra,Linear and quadratic inequalities | Quadratic functions,proof only,0.06319702602230483,0.0,0.0,0.0,0.0,0.1486988847583643,1.0,0.8108108108108109,0.07509322360807509
MATHNET-0l0v,Geometry | Number Theory,Divisibility / Factorization | Plane Geometry,Triangles > Triangle trigonometry | Geometric Inequalities > Triangle inequalities | Greatest common divisors (gcd) | Factorization techniques,MCQ,0.5921402018056293,0.7371794871794872,0.34993773349937735,0.0,0.783482142857143,0.4843335103558152,0.0,0.918918918918919,0.4776263340619778
MATHNET-0kpx,Algebra,Algebraic Expressions | Intermediate Algebra,Polynomials | Quadratic functions,proof and answer,0.16250663834306953,0.24145299145299148,0.5292652552926526,0.0,0.0,0.1486988847583643,0.8461538461538461,0.8108108108108109,0.24559598817024558
MATHNET-01qs,Algebra | Number Theory,Diophantine Equations | Divisibility / Factorization | Intermediate Algebra,"Techniques: modulo, size analysis, order analysis, inequalities | Quadratic functions | Factorization techniques",proof and answer,0.7514604354753053,0.7986111111111112,0.7540473225404732,0.7545592705167175,0.9002976190476191,0.8061603823685608,0.8461538461538461,0.8783783783783784,0.78995756718529
MATHNET-0387,Discrete Mathematics | Number Theory,Combinatorics | Divisibility / Factorization,"Factorization techniques | Coloring schemes, extremal arguments | Pigeonhole principle",proof and answer,0.865108868826341,0.7895299145299146,0.7540473225404732,0.8366261398176291,0.9002976190476191,0.8672331386086033,0.8461538461538461,0.972972972972973,0.8358943037160861
MATHNET-075n,Number Theory,Algebraic Number Theory | Diophantine Equations | Divisibility / Factorization,"Pell's equations | Greatest common divisors (gcd) | Least common multiples (lcm) | Techniques: modulo, size analysis, order analysis, inequalities | Quadratic fields",proof only,0.6739245884227296,0.8157051282051282,0.9489414694894147,0.6109422492401216,0.552827380952381,0.1486988847583643,1.0,0.9459459459459459,0.6947087565899448
MATHNET-0f2k,Discrete Mathematics,Combinatorics,"Games / greedy algorithms | Coloring schemes, extremal arguments | Invariants / monovariants",proof only,0.0,0.0,0.0,0.0,0.0,0.0,1.0,1.0,0.046290343320046314
MATHNET-029t,Algebra,Algebraic Expressions | Equations and Inequalities,Sequences and Series > Sums and products | Linear and quadratic inequalities,proof and answer,0.571959638874137,0.4551282051282052,0.0,0.0,0.0,0.8672331386086033,0.8461538461538461,0.8108108108108109,0.36100038575286103
MATHNET-0k4h,Geometry,Plane Geometry,Triangles | Miscellaneous > Constructions and loci,proof and answer,0.560276155071694,0.6116452991452992,0.5292652552926526,0.0,0.0,0.8672331386086033,0.8461538461538461,0.8918918918918919,0.4976533367622477
MATHNET-0l14,Algebra | Geometry,Plane Geometry | Prealgebra / Basic Algebra,"Triangles > Triangle centers: centroid, incenter, circumcenter, orthocenter, Euler line, nine-point circle | Triangles > Triangle inequalities | Fractions",MCQ,0.8502389803505046,0.8931623931623932,0.8188044831880449,0.0,0.9836309523809524,0.32713754646840143,0.0,0.8513513513513513,0.661759033046162
MATHNET-03t6,Discrete Mathematics,Combinatorics,"Pigeonhole principle | Counting two ways | Inclusion-exclusion | Coloring schemes, extremal arguments",proof and answer,0.8289962825278809,0.7270299145299145,0.34993773349937735,0.9414893617021277,0.8415178571428571,0.4843335103558152,0.8461538461538461,1.0,0.694933779092195
MATHNET-0d9u,Algebra,Algebraic Expressions,Functional Equations > Injectivity / surjectivity | Functional Equations > Existential quantifiers,proof and answer,0.7652681890600107,0.7761752136752136,0.8804483188044833,0.6109422492401216,0.8415178571428571,0.6016994158258099,0.8461538461538461,0.8108108108108109,0.7656872830140157
MATHNET-0ggp,Geometry | Number Theory,Divisibility / Factorization | Plane Geometry,Greatest common divisors (gcd) | Combinatorial Geometry > Convex hulls,proof only,0.8629845990440785,0.8092948717948718,0.6587795765877957,0.9224924012158056,0.8757440476190478,0.32713754646840143,1.0,0.918918918918919,0.7678089237495179
MATHNET-0djw,Discrete Mathematics | Geometry,Combinatorics | Plane Geometry,Miscellaneous > Constructions and loci | Invariants / monovariants,proof and answer,0.0,0.0,0.0,0.0,0.0,0.0,0.8461538461538461,0.9459459459459459,0.038575286100038575
MATHNET-01qi,Algebra,Algebraic Expressions,Sequences and Series > Recurrence relations,proof only,0.064259160913436,0.0,0.0,0.0,0.0,0.1486988847583643,1.0,0.8108108108108109,0.07535039218207534
MATHNET-0hls,Discrete Mathematics,Combinatorics,"Coloring schemes, extremal arguments",proof and answer,0.10939989378651088,0.07158119658119658,0.34993773349937735,0.0,0.0,0.32713754646840143,0.8461538461538461,1.0,0.19114054262569113
MATHNET-038o,Geometry,Plane Geometry,Quadrilaterals > Cyclic quadrilaterals | Miscellaneous > Angle chasing,proof only,0.3297928836962294,0.4738247863247863,0.5292652552926526,0.0,0.552827380952381,0.32713754646840143,1.0,0.8918918918918919,0.40577986370065583
MATHNET-05d6,Discrete Mathematics,Combinatorics,"Coloring schemes, extremal arguments | Invariants / monovariants | Induction / smoothing",proof and answer,0.9745087626128518,0.8771367521367521,0.8188044831880449,0.952887537993921,0.9784226190476192,0.9198088157195964,0.8461538461538461,1.0,0.9200848656294203
MATHNET-06do,Algebra,Equations and Inequalities,QM-AM-GM-HM / Power Mean | Linear and quadratic inequalities,proof and answer,0.6579925650557622,0.6842948717948718,0.8188044831880449,0.8882978723404256,0.8415178571428571,0.4843335103558152,0.8461538461538461,0.8108108108108109,0.7313874244567313
MATHNET-01p2,Algebra | Discrete Mathematics | Number Theory,Abstract Algebra | Combinatorics | Modular Arithmetic,"Coloring schemes, extremal arguments | Other",proof and answer,0.0,0.0,0.0,0.0,0.0,0.0,0.8461538461538461,0.918918918918919,0.037932364665037924
MATHNET-06bz,Discrete Mathematics | Number Theory,Combinatorics | Modular Arithmetic,Invariants / monovariants,proof and answer,0.542219861922464,0.7051282051282051,0.5292652552926526,0.6109422492401216,0.8757440476190478,0.1486988847583643,0.8461538461538461,0.972972972972973,0.5783078307830782
MATHNET-04dz,Geometry,Plane Geometry,Triangles,proof and answer,0.0,0.0,0.0,0.0,0.0,0.0,0.8461538461538461,0.8918918918918919,0.03728944323003732
MATHNET-0ibu,Number Theory,Divisibility / Factorization | Modular Arithmetic,Factorization techniques | Polynomials mod p,proof and answer,0.22676579925650558,0.24145299145299148,0.34993773349937735,0.0,0.0,0.1486988847583643,0.8461538461538461,0.9459459459459459,0.2273370194162274
MATHNET-05bk,Algebra | Number Theory,Algebraic Expressions | Divisibility / Factorization | Modular Arithmetic,Chinese remainder theorem | Greatest common divisors (gcd) | Sequences and Series > Sums and products,proof and answer,0.9160913436006373,0.9204059829059829,0.6587795765877957,0.9779635258358662,0.9665178571428571,0.8061603823685608,0.8461538461538461,0.8783783783783784,0.8662080493763664
MATHNET-01ub,Algebra,Intermediate Algebra | Prealgebra / Basic Algebra,Simple Equations | Other,proof and answer,0.5342538502389803,0.560363247863248,0.7540473225404732,0.0,0.0,0.32713754646840143,0.8461538461538461,0.8108108108108109,0.46119969139771133
MATHNET-08id,Discrete Mathematics | Geometry,Combinatorics | Plane Geometry,Combinatorial Geometry | Counting two ways,proof and answer,0.0,0.0,0.0,0.0,0.0,0.0,0.8461538461538461,0.9459459459459459,0.038575286100038575
MATHNET-07oq,Geometry,Plane Geometry,"Triangles > Triangle centers: centroid, incenter, circumcenter, orthocenter, Euler line, nine-point circle | Miscellaneous > Angle chasing",proof only,0.1768454593733404,0.24145299145299148,0.6587795765877957,0.0,0.0,0.7594264471587892,1.0,0.8918918918918919,0.3581072392953581
MATHNET-0a4k,Algebra | Discrete Mathematics,Other | Prealgebra / Basic Algebra,Integers,proof and answer,0.3712161444503451,0.1917735042735043,0.34993773349937735,0.0,0.0,0.1486988847583643,0.8461538461538461,0.9054054054054054,0.2523788093095024
MATHNET-0clu,Geometry,Plane Geometry,"Triangles > Triangle centers: centroid, incenter, circumcenter, orthocenter, Euler line, nine-point circle | Transformations > Inversion | Transformations > Spiral similarity | Quadrilaterals > Cyclic quadrilaterals | Circles > Tangents | Advanced Configurations > Brocard point, symmedians | Circles > Circle of Apollonius | Miscellaneous > Angle chasing",proof only,0.939458311205523,0.9722222222222223,0.9371108343711084,0.0,0.0,0.9569835369091875,1.0,0.8918918918918919,0.7560756075607563
MATHNET-0cwk,Algebra,Algebraic Expressions,Polynomials > Vieta's formulas | Polynomials > Polynomial operations,proof and answer,0.6409984067976633,0.7954059829059829,0.5292652552926526,0.7545592705167175,0.0,0.8374933616569304,0.8461538461538461,0.8108108108108109,0.6406069178346407
MATHNET-003j,Algebra | Number Theory,Algebraic Expressions | Intermediate Algebra | Other | Prealgebra / Basic Algebra,Quadratic functions | Polynomials | Integers,proof only,0.0,0.0,0.0,0.0,0.0,0.0,1.0,0.8783783783783784,0.0433971968625434
MATHNET-06dp,Algebra | Discrete Mathematics,Algebraic Expressions | Combinatorics,"Recursion, bijection | Sequences and Series > Recurrence relations",proof and answer,0.6972915560276155,0.7954059829059829,0.5292652552926526,0.7545592705167175,0.6845238095238095,0.4843335103558152,0.8461538461538461,0.9054054054054054,0.672881573871673
MATHNET-0bqa,Geometry,Plane Geometry,Triangles | Analytic / Coordinate Methods > Vectors,proof and answer,0.0,0.0,0.0,0.0,0.0,0.0,0.8461538461538461,0.8918918918918919,0.03728944323003732
MATHNET-0kz9,Algebra | Geometry,Equations and Inequalities | Intermediate Algebra | Plane Geometry,Circles > Tangents | Analytic / Coordinate Methods > Cartesian coordinates | Quadratic functions | Linear and quadratic inequalities,MCQ,0.5055762081784386,0.4551282051282052,0.8188044831880449,0.0,0.0,0.6016994158258099,0.0,0.8513513513513513,0.44747331876044744
MATHNET-05vy,Geometry,Plane Geometry,Circles > Tangents | Circles > Radical axis theorem | Transformations > Homothety | Quadrilaterals > Cyclic quadrilaterals | Miscellaneous > Angle chasing,proof only,0.7663303239511418,0.8402777777777778,0.0,0.0,0.0,0.4843335103558152,1.0,0.8918918918918919,0.4395975311816896
MATHNET-07yc,Geometry,Plane Geometry,Quadrilaterals > Cyclic quadrilaterals | Analytic / Coordinate Methods > Complex numbers in geometry | Miscellaneous > Angle chasing,proof only,0.7918215613382901,0.6917735042735044,0.0,0.0,0.0,0.8672331386086033,1.0,0.8918918918918919,0.46531438858171537
MATHNET-01ei,Geometry,Plane Geometry,Quadrilaterals | Miscellaneous > Constructions and loci | Analytic / Coordinate Methods > Trigonometry | Geometric Inequalities > Optimization in geometry,proof and answer,0.7854487519915031,0.7270299145299145,0.34993773349937735,0.0,0.0,0.7594264471587892,0.8461538461538461,0.8918918918918919,0.522920149157773
MATHNET-0fyo,Discrete Mathematics,Combinatorics,"Pigeonhole principle | Coloring schemes, extremal arguments",proof only,0.2713754646840148,0.15224358974358973,0.0,0.0,0.0,0.32713754646840143,1.0,1.0,0.17908576571942908
MATHNET-0kto,Algebra | Number Theory,Algebraic Expressions | Modular Arithmetic,Polynomials > Polynomial operations | Fermat / Euler / Wilson theorems,proof and answer,0.6909187466808284,0.6623931623931625,0.5292652552926526,0.0,0.6845238095238095,0.32713754646840143,0.8461538461538461,0.8783783783783784,0.5318889031760319
MATHNET-04iz,Algebra | Number Theory,Algebraic Expressions | Divisibility / Factorization,Polynomials > Polynomial operations,proof and answer,0.46999468932554433,0.5865384615384616,0.6587795765877957,0.6109422492401216,0.0,0.9198088157195964,0.8461538461538461,0.8783783783783784,0.5815867301015817
MATHNET-08py,Algebra,Equations and Inequalities,Cauchy-Schwarz | QM-AM-GM-HM / Power Mean,proof only,0.5411577270313329,0.2676282051282051,0.0,0.6109422492401216,0.6845238095238095,0.1486988847583643,1.0,0.8108108108108109,0.3758197248296258
MATHNET-0jwx,Discrete Mathematics,Combinatorics,Enumeration with symmetry,proof and answer,0.42857142857142855,0.20566239316239318,0.7540473225404732,0.0,0.0,0.8061603823685608,0.8461538461538461,1.0,0.4340684068406842
MATHNET-0gme,Discrete Mathematics,Combinatorics,Games / greedy algorithms,proof and answer,0.0,0.0,0.0,0.0,0.0,0.0,0.8461538461538461,1.0,0.039861128970039884
MATHNET-09ho,Number Theory,Divisibility / Factorization | Residues and Primitive Roots,Quadratic residues,proof and answer,0.11311736590546997,0.15224358974358973,0.34993773349937735,0.7545592705167175,0.0,0.1486988847583643,0.8461538461538461,0.9459459459459459,0.2794779477947794
MATHNET-0b7y,Algebra,Linear Algebra,Matrices | Vectors,proof only,0.3797132235793946,0.4551282051282052,0.5292652552926526,0.0,0.552827380952381,0.1486988847583643,1.0,0.8108108108108109,0.39096052462389097
MATHNET-02xm,Number Theory,Other,,proof and answer,0.2596919808815719,0.09455128205128205,0.0,0.0,0.0,0.4843335103558152,0.8461538461538461,0.9459459459459459,0.17715700141442717
MATHNET-039w,Precalculus,Trigonometric functions,,proof only,0.8566117896972916,0.9017094017094017,0.5292652552926526,0.6109422492401216,0.552827380952381,0.9883165161975571,1.0,0.5405405405405406,0.7598045518837598
MATHNET-0h3e,Discrete Mathematics,Combinatorics | Logic,"Coloring schemes, extremal arguments | Invariants / monovariants",proof and answer,0.11842804036112584,0.15224358974358973,0.0,0.0,0.0,0.32713754646840143,0.8461538461538461,1.0,0.13562427671338562
MATHNET-0bx8,Algebra | Discrete Mathematics | Number Theory,Algebraic Expressions | Combinatorics | Divisibility / Factorization,"Polynomials > Irreducibility: Rational Root Theorem, Gauss's Lemma, Eisenstein | Polynomials > Polynomial operations | Greatest common divisors (gcd) | Factorization techniques | Algebraic properties of binomial coefficients",proof and answer,0.5586829527349974,0.5966880341880343,0.5292652552926526,0.6109422492401216,0.8415178571428571,0.6919808815719597,0.8461538461538461,0.918918918918919,0.6242445673138742
MATHNET-0fnb,Algebra,Algebraic Expressions | Prealgebra / Basic Algebra,Functional Equations | Sequences and Series > Floors and ceilings | Integers,proof only,0.9086563993627191,0.8990384615384615,0.0,0.0,0.0,0.8672331386086033,1.0,0.8108108108108109,0.5290921949337792
MATHNET-00a6,Discrete Mathematics,Combinatorics,"Invariants / monovariants | Coloring schemes, extremal arguments",proof and answer,0.6898566117896973,0.7537393162393162,0.8188044831880449,0.0,0.8415178571428571,0.32713754646840143,0.8461538461538461,1.0,0.6243731516008745
MATHNET-0ag8,Algebra,Prealgebra / Basic Algebra,Simple Equations | Fractions,proof only,0.30323951141795,0.3888888888888889,0.6587795765877957,0.7545592705167175,0.6845238095238095,0.1486988847583643,1.0,0.8108108108108109,0.4943744374437445
MATHNET-01os,Algebra | Discrete Mathematics,Combinatorics | Equations and Inequalities,Algebraic properties of binomial coefficients | Linear and quadratic inequalities,proof only,0.35475305363781195,0.31143162393162394,0.0,0.0,0.0,0.1486988847583643,1.0,0.9054054054054054,0.2041597016844542
MATHNET-077p,Discrete Mathematics | Number Theory,Algebraic Number Theory | Combinatorics | Divisibility / Factorization,Factorization techniques | Quadratic forms | Counting two ways,proof only,0.9479553903345724,0.9807692307692308,0.9371108343711084,0.9224924012158056,0.9278273809523812,0.9500796601168348,1.0,0.972972972972973,0.958017230294458
MATHNET-02lp,Discrete Mathematics | Number Theory,Other,,proof and answer,0.42485395645246943,0.6752136752136753,0.0,0.0,0.0,0.6919808815719597,0.8461538461538461,0.972972972972973,0.3477562041918478
MATHNET-04ch,Algebra,Algebraic Expressions,Sequences and Series,proof and answer,0.0,0.0,0.0,0.0,0.0,0.0,0.8461538461538461,0.8108108108108109,0.03536067892503536
MATHNET-0j5i,Number Theory,Divisibility / Factorization | Number-Theoretic Functions,τ (number of divisors) | Prime numbers | Factorization techniques,proof and answer,0.43441317047265,0.6383547008547008,0.5292652552926526,0.8366261398176291,0.8757440476190478,0.6919808815719597,0.8461538461538461,0.9459459459459459,0.6339205349106339
MATHNET-09ka,Geometry,Plane Geometry,"Advanced Configurations > Isogonal/isotomic conjugates, barycentric coordinates | Miscellaneous > Angle chasing | Circles > Tangents",proof only,0.0,0.0,0.0,0.0,0.0,0.0,1.0,0.8918918918918919,0.04371865758004375
MATHNET-023t,Algebra,Equations and Inequalities | Prealgebra / Basic Algebra,Integers | Simple Equations | Linear and quadratic inequalities,proof and answer,0.4455655868295273,0.576388888888889,0.0,0.0,0.0,0.1486988847583643,0.8461538461538461,0.8108108108108109,0.2653015301530154
MATHNET-0cc6,Geometry,Plane Geometry,"Triangles > Triangle centers: centroid, incenter, circumcenter, orthocenter, Euler line, nine-point circle | Quadrilaterals > Cyclic quadrilaterals | Miscellaneous > Angle chasing",proof and answer,0.7307488050982476,0.7371794871794872,0.8804483188044833,0.0,0.0,0.4843335103558152,0.8461538461538461,0.8918918918918919,0.5877587758775881
MATHNET-0am0,Precalculus,Trigonometric functions,,proof and answer,0.0,0.0,0.0,0.0,0.0,0.0,0.8461538461538461,0.5405405405405406,0.028931464575028935
MATHNET-0dd1,Discrete Mathematics,Combinatorics,"Counting two ways | Coloring schemes, extremal arguments",proof and answer,0.0,0.0,0.0,0.0,0.0,0.0,0.8461538461538461,1.0,0.039861128970039884
MATHNET-0aw2,Algebra | Number Theory,Diophantine Equations | Prealgebra / Basic Algebra,"Techniques: modulo, size analysis, order analysis, inequalities | Integers | Simple Equations",final answer only,0.1322357939458311,0.1917735042735043,0.5292652552926526,0.0,0.0,0.32713754646840143,0.3076923076923077,0.8783783783783784,0.23000514337148
MATHNET-0le8,Algebra,Algebraic Expressions,Sequences and Series > Recurrence relations,proof and answer,0.5215082315454063,0.4551282051282052,0.7540473225404732,0.6109422492401216,0.0,0.32713754646840143,0.8461538461538461,0.8108108108108109,0.5166516651665166
MATHNET-06nl,Algebra | Discrete Mathematics,Algebraic Expressions | Combinatorics | Equations and Inequalities | Prealgebra / Basic Algebra,Pigeonhole principle | Sequences and Series > Floors and ceilings | Integers | Linear and quadratic inequalities,proof only,0.3871481678173127,0.43589743589743596,0.5292652552926526,0.6109422492401216,0.6845238095238095,0.6016994158258099,1.0,0.9054054054054054,0.5352963867815352
MATHNET-02j5,Algebra,Prealgebra / Basic Algebra,Integers,MCQ,0.12267657992565052,0.09455128205128205,0.0,0.0,0.0,0.7594264471587892,0.0,0.8108108108108109,0.1387102996013887
MATHNET-0gii,Algebra,Algebraic Expressions | Intermediate Algebra,Polynomials > Polynomial operations | Quadratic functions,final answer only,0.09612320764737121,0.17254273504273504,0.0,0.0,0.0,0.1486988847583643,0.3076923076923077,0.8108108108108109,0.08528352835283529
MATHNET-02vo,Discrete Mathematics,Combinatorics,"Coloring schemes, extremal arguments | Invariants / monovariants",proof and answer,0.8736059479553903,0.8584401709401709,0.0,0.0,0.0,0.9198088157195964,0.8461538461538461,1.0,0.5177124855342677
MATHNET-0apq,Algebra | Number Theory,Algebraic Expressions | Divisibility / Factorization,Polynomials > Polynomial operations | Sequences and Series > Sums and products,proof and answer,0.3011152416356877,0.33653846153846156,0.0,0.0,0.0,0.1486988847583643,0.8461538461538461,0.8783783783783784,0.18863314902918862
MATHNET-0gyd,Geometry,Plane Geometry,"Triangles > Triangle centers: centroid, incenter, circumcenter, orthocenter, Euler line, nine-point circle | Miscellaneous > Angle chasing | Miscellaneous > Distance chasing",proof only,0.21295804567180027,0.24145299145299148,0.6587795765877957,0.0,0.0,0.1486988847583643,1.0,0.8918918918918919,0.2929150057862929
MATHNET-08kq,Geometry,Plane Geometry,Quadrilaterals | Miscellaneous > Angle chasing | Miscellaneous > Distance chasing,proof only,0.16516197557089746,0.36111111111111116,0.0,0.0,0.0,0.6016994158258099,1.0,0.8918918918918919,0.22174360293172177
MATHNET-01kt,Geometry,Plane Geometry,"Circles > Tangents | Triangles > Triangle centers: centroid, incenter, circumcenter, orthocenter, Euler line, nine-point circle",proof only,0.5146043547530536,0.560363247863248,0.7540473225404732,0.6109422492401216,0.552827380952381,0.6919808815719597,1.0,0.8918918918918919,0.6342741416998845
MATHNET-0je9,Number Theory,Diophantine Equations | Divisibility / Factorization | Modular Arithmetic,"Techniques: modulo, size analysis, order analysis, inequalities | Fermat / Euler / Wilson theorems | Prime numbers",proof and answer,0.706850770047796,0.8034188034188033,0.9034869240348692,0.0,0.552827380952381,0.1486988847583643,0.8461538461538461,0.9459459459459459,0.6071107110711071
MATHNET-0c5d,Algebra | Geometry,Linear Algebra | Plane Geometry,Analytic / Coordinate Methods > Vectors | Vectors,proof only,0.0,0.0,0.0,0.0,0.0,0.0,1.0,0.8513513513513513,0.042754275427542746
MATHNET-0dw6,Number Theory,Divisibility / Factorization | Number-Theoretic Functions,σ (sum of divisors) | Factorization techniques,proof and answer,0.16941051513542218,0.13301282051282054,0.0,0.0,0.0,0.32713754646840143,0.8461538461538461,0.9459459459459459,0.14321074964639322
MATHNET-0cey,Discrete Mathematics,Combinatorics,"Coloring schemes, extremal arguments | Invariants / monovariants",proof and answer,0.2777482740308019,0.36111111111111116,0.34993773349937735,0.6109422492401216,0.6845238095238095,0.1486988847583643,0.8461538461538461,1.0,0.3992542111353994
MATHNET-009e,Discrete Mathematics | Number Theory,Combinatorics | Diophantine Equations | Divisibility / Factorization,"Factorization techniques | Invariants / monovariants | Techniques: modulo, size analysis, order analysis, inequalities",proof and answer,0.0,0.0,0.0,0.0,0.0,0.0,0.8461538461538461,0.972972972972973,0.039218207535039185
MATHNET-03ln,Algebra | Number Theory,Algebraic Expressions | Divisibility / Factorization | Modular Arithmetic,Fermat / Euler / Wilson theorems | Greatest common divisors (gcd) | Prime numbers | Sequences and Series > Recurrence relations | Polynomials > Vieta's formulas,proof and answer,0.9224641529474243,0.9417735042735043,0.8804483188044833,0.9224924012158056,0.9903273809523808,0.9320233669676048,0.8461538461538461,0.8783783783783784,0.9276391924906776
MATHNET-0dqz,Algebra | Discrete Mathematics | Number Theory,Combinatorics | Divisibility / Factorization | Equations and Inequalities,"Coloring schemes, extremal arguments | Induction / smoothing | Invariants / monovariants | Jensen / smoothing | Prime numbers",proof and answer,0.7971322357939459,0.8803418803418803,0.8804483188044833,0.7545592705167175,0.9002976190476191,0.8061603823685608,0.8461538461538461,0.918918918918919,0.8428378552140928
MATHNET-09k0,Geometry,Plane Geometry,"Miscellaneous > Angle chasing | Advanced Configurations > Isogonal/isotomic conjugates, barycentric coordinates | Transformations > Homothety",proof only,0.0,0.0,0.0,0.0,0.0,0.0,1.0,0.8918918918918919,0.04371865758004375
MATHNET-04qz,Algebra | Discrete Mathematics | Number Theory,Algebraic Expressions | Combinatorics | Diophantine Equations | Divisibility / Factorization,"Invariants / monovariants | Sequences and Series > Sums and products | Greatest common divisors (gcd) | Pell's equations | Techniques: modulo, size analysis, order analysis, inequalities",proof and answer,0.8332448220924057,0.8402777777777778,0.9034869240348692,0.8882978723404256,0.9002976190476191,0.6016994158258099,0.8461538461538461,0.918918918918919,0.8413269898418415
MATHNET-0a7h,Algebra,Algebraic Expressions,"Polynomials > Irreducibility: Rational Root Theorem, Gauss's Lemma, Eisenstein",proof only,0.633563462559745,0.6383547008547008,0.34993773349937735,0.8366261398176291,0.6845238095238095,0.32713754646840143,1.0,0.8108108108108109,0.5876301915905877
MATHNET-08pm,Algebra,Equations and Inequalities,Jensen / smoothing | Linear and quadratic inequalities,proof only,0.7450876261285183,0.6752136752136753,0.6587795765877957,0.7545592705167175,0.8415178571428571,0.32713754646840143,1.0,0.8108108108108109,0.6882152500964384
MATHNET-0l7k,Algebra,Algebraic Expressions,Functional Equations > Injectivity / surjectivity | Functional Equations > Existential quantifiers,proof only,0.0,0.0,0.0,0.0,0.0,0.0,1.0,0.8108108108108109,0.04178989327504179
MATHNET-00l0,Geometry,Plane Geometry,"Quadrilaterals > Cyclic quadrilaterals | Miscellaneous > Angle chasing | Triangles > Triangle centers: centroid, incenter, circumcenter, orthocenter, Euler line, nine-point circle",proof only,0.38980350504514066,0.49198717948717957,0.6587795765877957,0.0,0.6845238095238095,0.1486988847583643,1.0,0.8918918918918919,0.44011186832969
MATHNET-03bc,Geometry,Plane Geometry,Quadrilaterals > Cyclic quadrilaterals | Miscellaneous > Angle chasing | Analytic / Coordinate Methods > Trigonometry,proof only,0.2963356346255974,0.6116452991452992,0.34993773349937735,0.0,0.0,0.1486988847583643,1.0,0.8918918918918919,0.3161566156615662
MATHNET-00nb,Algebra,Algebraic Expressions | Prealgebra / Basic Algebra,Sequences and Series > Sums and products | Simple Equations,proof and answer,0.6096654275092935,0.6260683760683762,0.5292652552926526,0.6109422492401216,0.552827380952381,0.7594264471587892,0.8461538461538461,0.8108108108108109,0.6225408255111227
MATHNET-092p,Algebra,Algebraic Expressions,Functional Equations | Functional Equations > Injectivity / surjectivity,proof and answer,0.8937865108868827,0.9508547008547009,0.9371108343711084,0.6109422492401216,0.783482142857143,0.32713754646840143,0.8461538461538461,0.8108108108108109,0.8017873215893021
MATHNET-0l0y,Algebra,Algebraic Expressions | Intermediate Algebra,Polynomials > Vieta's formulas | Complex numbers,final answer only,0.7472118959107807,0.7179487179487178,0.5292652552926526,0.0,0.0,0.1486988847583643,0.3076923076923077,0.8108108108108109,0.45068792593545065
MATHNET-03us,Discrete Mathematics,Combinatorics,"Pigeonhole principle | Coloring schemes, extremal arguments",proof and answer,0.3090812533191715,0.4551282051282052,0.34993773349937735,0.0,0.6845238095238095,0.32713754646840143,0.8461538461538461,1.0,0.36787964510736787
MATHNET-07x2,Discrete Mathematics | Number Theory,Combinatorics | Divisibility / Factorization,Invariants / monovariants | Greatest common divisors (gcd),proof and answer,0.859798194370685,0.8157051282051282,0.8804483188044833,0.7545592705167175,0.8415178571428571,0.6016994158258099,0.8461538461538461,0.972972972972973,0.8177960653208179
MATHNET-0bal,Calculus,Differential Calculus,Derivatives | Applications,proof only,0.5985130111524163,0.4551282051282052,0.34993773349937735,0.7545592705167175,0.6845238095238095,0.6919808815719597,1.0,0.6756756756756757,0.5766040889803267
MATHNET-032t,Discrete Mathematics,Combinatorics,"Pigeonhole principle | Coloring schemes, extremal arguments",proof and answer,0.43653744025491237,0.33653846153846156,0.6587795765877957,0.0,0.6845238095238095,0.4843335103558152,0.8461538461538461,1.0,0.4601388710299601
MATHNET-0kx0,Geometry,Plane Geometry,"Triangles > Triangle centers: centroid, incenter, circumcenter, orthocenter, Euler line, nine-point circle | Transformations > Inversion | Analytic / Coordinate Methods > Complex numbers in geometry | Miscellaneous > Angle chasing",proof only,0.9861922464152948,0.982905982905983,0.9937733499377335,0.9703647416413373,0.6845238095238095,0.9883165161975571,1.0,0.8918918918918919,0.9671145685997172
MATHNET-0h8n,Geometry,Plane Geometry,Miscellaneous > Constructions and loci | Miscellaneous > Angle chasing | Triangles,proof only,0.1311736590546999,0.20566239316239318,0.34993773349937735,0.0,0.0,0.4843335103558152,1.0,0.8918918918918919,0.24350649350649348
MATHNET-000s,Discrete Mathematics | Number Theory,Combinatorics | Diophantine Equations,"Invariants / monovariants | Techniques: modulo, size analysis, order analysis, inequalities",proof and answer,0.0,0.0,0.0,0.0,0.0,0.0,0.8461538461538461,0.972972972972973,0.039218207535039185
MATHNET-07oo,Algebra,Algebraic Expressions | Prealgebra / Basic Algebra,Polynomials > Polynomial operations | Integers,proof only,0.13754646840148696,0.17254273504273504,0.34993773349937735,0.0,0.0,0.1486988847583643,1.0,0.8108108108108109,0.19650893660794647
MATHNET-05z2,Discrete Mathematics | Number Theory,Combinatorics | Modular Arithmetic,Pigeonhole principle,proof only,0.6856080722251725,0.8215811965811965,0.0,0.0,0.0,0.7594264471587892,1.0,0.972972972972973,0.45190947666195186
MATHNET-0drf,Algebra | Number Theory,Algebraic Expressions | Other,Sequences and Series > Sums and products,proof and answer,0.4131704726500265,0.2676282051282051,0.8188044831880449,0.0,0.552827380952381,0.32713754646840143,0.8461538461538461,0.8783783783783784,0.44178346406069186
MATHNET-0553,Discrete Mathematics,Combinatorics,"Pigeonhole principle | Coloring schemes, extremal arguments",proof and answer,0.5177907594264471,0.20566239316239318,0.6587795765877957,0.6109422492401216,0.0,0.6016994158258099,0.8461538461538461,1.0,0.48878102095923887
MATHNET-0gy1,Precalculus,Functions | Trigonometric functions,,proof and answer,0.2713754646840148,0.2884615384615385,0.34993773349937735,0.6109422492401216,0.6845238095238095,0.32713754646840143,0.8461538461538461,0.5405405405405406,0.39526809823839537
MATHNET-0c4x,Algebra,Linear Algebra,Matrices | Linear transformations,proof only,0.0,0.0,0.0,0.0,0.0,0.0,1.0,0.8108108108108109,0.04178989327504179
MATHNET-060t,Discrete Mathematics | Number Theory,Combinatorics | Modular Arithmetic,"Coloring schemes, extremal arguments | Induction / smoothing | Inverses mod n",proof only,0.8513011152416357,0.9139957264957265,0.0,0.0,0.0,0.9405204460966543,1.0,0.972972972972973,0.5306352063777806
MATHNET-04yn,Discrete Mathematics | Geometry,Combinatorics | Plane Geometry,Induction / smoothing | Miscellaneous > Constructions and loci,proof only,0.736590546999469,0.560363247863248,0.34993773349937735,0.6109422492401216,0.783482142857143,0.6919808815719597,1.0,0.9459459459459459,0.625787578757876
MATHNET-014t,Number Theory,Other,,proof and answer,0.11099309612320764,0.17254273504273504,0.0,0.0,0.0,0.4843335103558152,0.8461538461538461,0.9459459459459459,0.15523338048090526
MATHNET-0hs2,Algebra,Algebraic Expressions | Equations and Inequalities,QM-AM-GM-HM / Power Mean | Polynomials > Polynomial operations,proof and answer,0.2915560276155072,0.31143162393162394,0.34993773349937735,0.8882978723404256,0.0,0.32713754646840143,0.8461538461538461,0.8108108108108109,0.3867815352963868
MATHNET-02x1,Algebra,Intermediate Algebra | Prealgebra / Basic Algebra,Simple Equations | Quadratic functions,proof and answer,0.12533191715347847,0.21901709401709404,0.0,0.0,0.0,0.32713754646840143,0.8461538461538461,0.8108108108108109,0.14485019930564483
MATHNET-0dil,Geometry,Plane Geometry,"Triangles > Triangle trigonometry | Triangles > Triangle centers: centroid, incenter, circumcenter, orthocenter, Euler line, nine-point circle | Miscellaneous > Angle chasing | Miscellaneous > Distance chasing",proof only,0.6006372809346786,0.6917735042735044,0.8188044831880449,0.0,0.0,0.6016994158258099,1.0,0.8918918918918919,0.5559663109168062
MATHNET-09ti,Discrete Mathematics,Combinatorics,"Coloring schemes, extremal arguments | Invariants / monovariants",proof and answer,0.8459904407859798,0.20566239316239318,0.0,0.0,0.0,0.4843335103558152,0.8461538461538461,1.0,0.3404590459045904
MATHNET-07xw,Algebra,Algebraic Expressions | Intermediate Algebra,Polynomials > Symmetric functions | Quadratic functions,proof and answer,0.5029208709506107,0.5966880341880343,0.34993773349937735,0.0,0.552827380952381,0.6919808815719597,0.8461538461538461,0.8108108108108109,0.46865758004371877
MATHNET-0kjw,Number Theory,Divisibility / Factorization,Least common multiples (lcm),MCQ,0.0,0.0,0.0,0.0,0.0,0.0,0.0,0.9459459459459459,0.0032146071750032146
MATHNET-0jog,Number Theory,Divisibility / Factorization | Modular Arithmetic,Greatest common divisors (gcd),proof and answer,0.772703133297929,0.8338675213675214,0.8188044831880449,0.8366261398176291,0.9501488095238098,0.6016994158258099,0.8461538461538461,0.9459459459459459,0.8064163559213067
MATHNET-0buy,Algebra | Number Theory,Algebraic Expressions | Divisibility / Factorization | Number-Theoretic Functions | Prealgebra / Basic Algebra,τ (number of divisors) | Factorization techniques | Polynomials > Polynomial operations | Integers,proof and answer,0.40254912373871476,0.4738247863247863,0.0,0.0,0.0,0.7594264471587892,0.8461538461538461,0.8783783783783784,0.3119133341905619
MATHNET-07k2,Geometry,Plane Geometry,"Triangles > Triangle centers: centroid, incenter, circumcenter, orthocenter, Euler line, nine-point circle | Quadrilaterals > Cyclic quadrilaterals | Circles > Tangents | Miscellaneous > Angle chasing",proof only,0.6797663303239511,0.7692307692307693,0.8549190535491905,0.7545592705167175,0.552827380952381,0.32713754646840143,1.0,0.8918918918918919,0.706859971711457
MATHNET-0i3q,Geometry,Plane Geometry,Quadrilaterals > Inscribed/circumscribed quadrilaterals | Circles > Tangents | Miscellaneous > Distance chasing,proof and answer,0.13542219861922464,0.3888888888888889,0.0,0.0,0.0,0.32713754646840143,0.8461538461538461,0.8918918918918919,0.17988941751317988
MATHNET-087w,Geometry,Solid Geometry,Surface Area | 3D Shapes,MCQ,0.11205523101433883,0.07158119658119658,0.0,0.0,0.0,0.32713754646840143,0.0,0.8918918918918919,0.08158673010158163
MATHNET-0eyj,Discrete Mathematics,Graph Theory,Euler characteristic: V-E+F,proof and answer,0.0,0.0,0.0,0.0,0.0,0.0,0.8461538461538461,1.0,0.039861128970039884
MATHNET-0bpv,Algebra,Equations and Inequalities,QM-AM-GM-HM / Power Mean,proof only,0.0,0.0,0.0,0.0,0.0,0.0,1.0,0.8108108108108109,0.04178989327504179
MATHNET-0ikl,Geometry,Plane Geometry,"Triangles > Triangle trigonometry | Triangles > Triangle centers: centroid, incenter, circumcenter, orthocenter, Euler line, nine-point circle | Circles > Tangents | Miscellaneous > Distance chasing",proof and answer,0.25862984599044075,0.10523504273504274,0.0,0.0,0.0,0.1486988847583643,0.8461538461538461,0.8918918918918919,0.1369101195833869
MATHNET-041i,Algebra | Number Theory,Algebraic Expressions | Divisibility / Factorization,Sequences and Series > Recurrence relations | Sequences and Series > Sums and products | Factorization techniques,proof only,0.5262878385554965,0.3888888888888889,0.34993773349937735,0.7545592705167175,0.0,0.1486988847583643,1.0,0.8783783783783784,0.4270605631991772
MATHNET-04yy,Number Theory,Divisibility / Factorization,Greatest common divisors (gcd) | Factorization techniques,proof only,0.27562400424853956,0.5096153846153847,0.7540473225404732,0.0,0.552827380952381,0.1486988847583643,1.0,0.9459459459459459,0.42522823710942537
MATHNET-0bxl,Geometry,Plane Geometry,Circles > Tangents | Circles > Radical axis theorem | Quadrilaterals > Cyclic quadrilaterals | Miscellaneous > Angle chasing,proof only,0.3074880509824747,0.31143162393162394,0.6587795765877957,0.0,0.0,0.6016994158258099,1.0,0.8918918918918919,0.3832776134756333
MATHNET-0ihr,Discrete Mathematics,Combinatorics,Inclusion-exclusion,proof and answer,0.10143388210302709,0.11591880341880342,0.0,0.6109422492401216,0.0,0.32713754646840143,0.8461538461538461,1.0,0.20248810595345249
MATHNET-07n6,Algebra | Discrete Mathematics,Algebraic Expressions | Combinatorics,"Recursion, bijection | Sequences and Series > Recurrence relations | Induction / smoothing | Games / greedy algorithms",proof only,0.7716409984067977,0.6842948717948718,0.7540473225404732,0.0,0.783482142857143,0.32713754646840143,1.0,0.9054054054054054,0.6174296001028674
MATHNET-09i8,Algebra | Number Theory,Diophantine Equations | Prealgebra / Basic Algebra,"Simple Equations | Techniques: modulo, size analysis, order analysis, inequalities",final answer only,0.0,0.0,0.0,0.0,0.0,0.0,0.3076923076923077,0.8783783783783784,0.014465732287514467
MATHNET-07gp,Algebra | Geometry,Equations and Inequalities | Plane Geometry,Circles > Tangents | Circles > Radical axis theorem | Transformations > Rotation | QM-AM-GM-HM / Power Mean,proof only,0.3250132766861391,0.4738247863247863,0.5292652552926526,0.6109422492401216,0.0,0.4843335103558152,1.0,0.8513513513513513,0.45245595988170245
MATHNET-0apw,Algebra,Algebraic Expressions,Sequences and Series,final answer only,0.2257036643653744,0.2884615384615385,0.5292652552926526,0.0,0.0,0.32713754646840143,0.3076923076923077,0.8108108108108109,0.2684839912562685
MATHNET-0csu,Discrete Mathematics | Number Theory,Combinatorics | Divisibility / Factorization | Modular Arithmetic,Games / greedy algorithms,proof and answer,0.7790759426447159,0.8637820512820513,0.0,0.0,0.0,0.6016994158258099,0.8461538461538461,0.972972972972973,0.4566349492092067
MATHNET-0em4,Algebra | Discrete Mathematics,Algebraic Expressions | Combinatorics,"Recursion, bijection | Counting two ways | Sequences and Series > Sums and products",final answer only,0.2559745087626128,0.17254273504273504,0.34993773349937735,0.0,0.0,0.1486988847583643,0.3076923076923077,0.9054054054054054,0.19850199305644847
MATHNET-0847,Discrete Mathematics | Number Theory,Combinatorics | Modular Arithmetic,Pigeonhole principle,MCQ,0.0,0.0,0.0,0.0,0.0,0.0,0.0,0.972972972972973,0.003857528610003821
MATHNET-01uc,Algebra,Equations and Inequalities,QM-AM-GM-HM / Power Mean,proof only,0.6505576208178439,0.5966880341880343,0.5292652552926526,0.0,0.0,0.1486988847583643,1.0,0.8108108108108109,0.4343255754146844
MATHNET-0hfw,Geometry,Plane Geometry,"Triangles > Triangle centers: centroid, incenter, circumcenter, orthocenter, Euler line, nine-point circle | Miscellaneous > Angle chasing",proof only,0.1476367498672331,0.24145299145299148,0.34993773349937735,0.0,0.0,0.32713754646840143,1.0,0.8918918918918919,0.23492349234923493
MATHNET-0fhq,Discrete Mathematics | Number Theory,Combinatorics | Divisibility / Factorization,Greatest common divisors (gcd) | Pigeonhole principle,proof only,0.4625597450876261,0.4738247863247863,0.0,0.0,0.0,0.32713754646840143,1.0,0.972972972972973,0.28278899318503276
MATHNET-003m,Algebra | Discrete Mathematics,Combinatorics | Equations and Inequalities,"Coloring schemes, extremal arguments | Combinatorial optimization",proof and answer,0.0,0.0,0.0,0.0,0.0,0.0,0.8461538461538461,0.9054054054054054,0.03761090394753758
MATHNET-0bd7,Algebra | Discrete Mathematics | Number Theory,Algebraic Expressions | Combinatorics | Intermediate Algebra | Modular Arithmetic,Polynomials > Roots of unity | Polynomials mod p | Algebraic properties of binomial coefficients | Complex numbers | Polynomials > Polynomial operations,proof only,0.6356877323420074,0.6623931623931625,0.5292652552926526,0.0,0.8415178571428571,0.4843335103558152,1.0,0.918918918918919,0.5585058505850587
MATHNET-08ek,Algebra,Algebraic Expressions,Sequences and Series > Recurrence relations | Sequences and Series > Floors and ceilings,proof only,0.8428040361125864,0.7825854700854701,0.0,0.0,0.0,0.6919808815719597,1.0,0.8108108108108109,0.470907805066221
MATHNET-06tf,Discrete Mathematics | Number Theory,Combinatorics | Other,Counting two ways,proof only,0.9904407859798193,0.9871794871794871,0.9962640099626401,0.9984802431610943,0.8415178571428571,0.9968135953266065,1.0,0.972972972972973,0.9895203806094895
MATHNET-0d7d,Algebra | Number Theory,Algebraic Expressions | Divisibility / Factorization,Polynomials > Polynomial operations,proof and answer,0.13011152416356878,0.10523504273504274,0.0,0.6109422492401216,0.0,0.1486988847583643,0.8461538461538461,0.8783783783783784,0.183007586472933
MATHNET-020b,Number Theory,Divisibility / Factorization,Prime numbers | Factorization techniques,proof and answer,0.7503983005841742,0.8931623931623932,0.9489414694894147,0.7545592705167175,0.9665178571428571,0.32713754646840143,0.8461538461538461,0.9459459459459459,0.7963546354635467
MATHNET-0fti,Geometry,Plane Geometry,Transformations > Rotation | Miscellaneous > Constructions and loci,proof only,0.168348380244291,0.15224358974358973,0.0,0.0,0.0,0.32713754646840143,1.0,0.8918918918918919,0.15156872830140156
MATHNET-04p0,Algebra,Algebraic Expressions | Prealgebra / Basic Algebra,Sequences and Series > Floors and ceilings | Polynomials > Polynomial operations | Integers,proof and answer,0.21826872012745616,0.24145299145299148,0.5292652552926526,0.7545592705167175,0.8415178571428571,0.1486988847583643,0.8461538461538461,0.8108108108108109,0.42757490034717754
MATHNET-0fw2,Discrete Mathematics | Geometry,Combinatorics | Solid Geometry,"Coloring schemes, extremal arguments | 3D Shapes",proof only,0.2039298990971853,0.0,0.0,0.0,0.0,0.32713754646840143,1.0,0.9459459459459459,0.13398482705413398
MATHNET-0a7l,Geometry,Plane Geometry,Quadrilaterals > Cyclic quadrilaterals | Triangles > Triangle trigonometry | Miscellaneous > Angle chasing,proof and answer,0.5586829527349974,0.6260683760683762,0.34993773349937735,0.0,0.0,0.1486988847583643,0.8461538461538461,0.8918918918918919,0.3758518709013759
MATHNET-0ko4,Algebra,Intermediate Algebra | Prealgebra / Basic Algebra,Quadratic functions | Integers,proof and answer,0.11417950079660116,0.21901709401709404,0.34993773349937735,0.0,0.0,0.32713754646840143,0.8461538461538461,0.8108108108108109,0.21441429857271443
MATHNET-0irf,Algebra,Intermediate Algebra,Exponential functions,proof and answer,0.09346787041954328,0.09455128205128205,0.0,0.0,0.0,0.32713754646840143,0.8461538461538461,0.8108108108108109,0.11466503793236468
MATHNET-0e08,Algebra,Algebraic Expressions | Prealgebra / Basic Algebra,Sequences and Series > Sums and products | Simple Equations,proof and answer,0.1396707381837493,0.24145299145299148,0.34993773349937735,0.0,0.0,0.1486988847583643,0.8461538461538461,0.8108108108108109,0.203034589173203
MATHNET-0fxg,Discrete Mathematics,Combinatorics,"Recursion, bijection | Counting two ways",proof and answer,0.4322889006903876,0.17254273504273504,0.0,0.0,0.0,0.6016994158258099,0.8461538461538461,1.0,0.24852128069949858
MATHNET-01bf,Discrete Mathematics,Combinatorics,Games / greedy algorithms,proof and answer,0.5501858736059478,0.6501068376068376,0.5292652552926526,0.7545592705167175,0.9278273809523812,0.6016994158258099,0.8461538461538461,1.0,0.6485148514851485
MATHNET-06ct,Geometry,Plane Geometry,"Triangles > Triangle centers: centroid, incenter, circumcenter, orthocenter, Euler line, nine-point circle | Quadrilaterals > Cyclic quadrilaterals | Miscellaneous > Angle chasing",proof and answer,0.2894317578332448,0.4150641025641026,0.7540473225404732,0.0,0.0,0.1486988847583643,0.8461538461538461,0.8918918918918919,0.35601774463160607
MATHNET-0jfo,Discrete Mathematics,Combinatorics,Games / greedy algorithms,proof and answer,0.1800318640467339,0.08173076923076925,0.5292652552926526,0.0,0.552827380952381,0.4843335103558152,0.8461538461538461,1.0,0.3139063906390639
MATHNET-0041,Geometry,Plane Geometry,"Circles > Tangents | Advanced Configurations > Polar triangles, harmonic conjugates",proof and answer,0.0,0.0,0.0,0.0,0.0,0.0,0.8461538461538461,0.8918918918918919,0.03728944323003732
MATHNET-0f6k,Algebra | Number Theory,Equations and Inequalities | Other | Prealgebra / Basic Algebra,Cauchy-Schwarz | Integers,proof only,0.0,0.0,0.0,0.0,0.0,0.0,1.0,0.8783783783783784,0.0433971968625434
MATHNET-0eak,Discrete Mathematics | Geometry,Combinatorics | Plane Geometry,"Combinatorial Geometry > Convex hulls | Pigeonhole principle | Coloring schemes, extremal arguments",proof and answer,0.6468401486988847,0.6260683760683762,0.34993773349937735,0.8366261398176291,0.6845238095238095,0.4843335103558152,0.8461538461538461,0.9459459459459459,0.6044425871158545
MATHNET-0bw4,Algebra,Equations and Inequalities,Jensen / smoothing | QM-AM-GM-HM / Power Mean | Linear and quadratic inequalities,proof only,0.0,0.0,0.0,0.0,0.0,0.0,1.0,0.8108108108108109,0.04178989327504179
MATHNET-0cmw,Discrete Mathematics,Combinatorics | Graph Theory,"Coloring schemes, extremal arguments",proof only,0.3621879978757302,0.4551282051282052,0.0,0.0,0.0,0.32713754646840143,1.0,1.0,0.2557541468432558
MATHNET-0j0k,Discrete Mathematics,Combinatorics | Graph Theory,Counting two ways,proof and answer,0.20711630377057885,0.21901709401709404,0.34993773349937735,0.6109422492401216,0.0,0.7594264471587892,0.8461538461538461,1.0,0.3712871287128713
MATHNET-0c1k,Number Theory,Divisibility / Factorization | Modular Arithmetic,,proof and answer,0.0,0.0,0.0,0.0,0.0,0.0,0.8461538461538461,0.9459459459459459,0.038575286100038575
MATHNET-0l20,Discrete Mathematics,Combinatorics,Enumeration with symmetry | Inclusion-exclusion,final answer only,0.7121614445034519,0.7371794871794872,0.8549190535491905,0.8366261398176291,0.783482142857143,0.8374933616569304,0.3076923076923077,1.0,0.7746881831040248
MATHNET-000t,Algebra,Prealgebra / Basic Algebra,Integers,proof and answer,0.0,0.0,0.0,0.0,0.0,0.0,0.8461538461538461,0.8108108108108109,0.03536067892503536
MATHNET-0jdx,Algebra | Number Theory,Diophantine Equations | Divisibility / Factorization | Prealgebra / Basic Algebra,"Techniques: modulo, size analysis, order analysis, inequalities | Factorization techniques | Integers",proof and answer,0.14126394052044605,0.24145299145299148,0.0,0.0,0.0,0.4843335103558152,0.8461538461538461,0.8783783783783784,0.17339591101967336
MATHNET-0j4z,Geometry,Plane Geometry,"Quadrilaterals > Cyclic quadrilaterals | Triangles > Triangle centers: centroid, incenter, circumcenter, orthocenter, Euler line, nine-point circle | Triangles > Triangle trigonometry | Circles > Tangents | Geometric Inequalities > Optimization in geometry | Miscellaneous > Angle chasing",proof and answer,0.535847052575677,0.576388888888889,0.6587795765877957,0.0,0.0,0.6919808815719597,0.8461538461538461,0.8918918918918919,0.49090266169474084
MATHNET-0iy8,Number Theory,Divisibility / Factorization | Number-Theoretic Functions,Factorization techniques | τ (number of divisors),final answer only,0.07434944237918215,0.07158119658119658,0.0,0.0,0.0,0.32713754646840143,0.3076923076923077,0.9459459459459459,0.0866015172945866
MATHNET-05zy,Discrete Mathematics | Geometry,Combinatorics | Plane Geometry,"Geometric Inequalities > Optimization in geometry | Miscellaneous > Distance chasing | Coloring schemes, extremal arguments",proof and answer,0.9171534784917685,0.8157051282051282,0.0,0.0,0.0,0.9038767923526289,0.8461538461538461,0.9459459459459459,0.5173267326732673
MATHNET-01db,Geometry,Plane Geometry,Circles > Radical axis theorem | Transformations > Rotation | Miscellaneous > Constructions and loci | Miscellaneous > Angle chasing | Miscellaneous > Distance chasing,proof only,0.7434944237918215,0.9017094017094017,0.6587795765877957,0.0,0.0,0.32713754646840143,1.0,0.8918918918918919,0.5621705027645624
MATHNET-0lbg,Algebra | Discrete Mathematics | Number Theory,Algebraic Expressions | Combinatorics | Modular Arithmetic,"Inverses mod n | Coloring schemes, extremal arguments | Sequences and Series > Floors and ceilings",proof and answer,0.0,0.0,0.0,0.0,0.0,0.0,0.8461538461538461,0.918918918918919,0.037932364665037924
MATHNET-02ca,Discrete Mathematics,Combinatorics,Counting two ways | Invariants / monovariants,proof and answer,0.2766861391396707,0.07158119658119658,0.0,0.0,0.0,0.32713754646840143,0.8461538461538461,1.0,0.1593802237366594
MATHNET-0kpf,Discrete Mathematics,Combinatorics,Invariants / monovariants,proof and answer,0.1444503451938396,0.07158119658119658,0.34993773349937735,0.0,0.0,0.4843335103558152,0.8461538461538461,1.0,0.21865758004371866
MATHNET-05qn,Discrete Mathematics | Number Theory,Combinatorics | Modular Arithmetic | Residues and Primitive Roots,Chinese remainder theorem | Fermat / Euler / Wilson theorems | Primitive roots mod p / p^n | Multiplicative order | Quadratic residues | Quadratic reciprocity | Pigeonhole principle,proof only,0.926712692511949,0.923611111111111,0.0,0.0,0.0,0.9405204460966543,1.0,0.972972972972973,0.5506300630063007
MATHNET-0dtj,Discrete Mathematics | Geometry,Combinatorics | Plane Geometry,"Inclusion-exclusion | Coloring schemes, extremal arguments | Geometric Inequalities > Optimization in geometry",proof only,0.3967073818374934,0.21901709401709404,0.0,0.7545592705167175,0.552827380952381,0.32713754646840143,1.0,0.9459459459459459,0.3637328018516137
MATHNET-0bis,Algebra | Discrete Mathematics,Combinatorics | Equations and Inequalities,"Combinatorial optimization | Induction / smoothing | Coloring schemes, extremal arguments",proof and answer,0.7896972915560276,0.8338675213675214,0.34993773349937735,0.0,0.8415178571428571,0.8061603823685608,0.8461538461538461,0.9054054054054054,0.6219300501478721
MATHNET-0ena,Algebra | Discrete Mathematics,Algebraic Expressions | Combinatorics | Intermediate Algebra,"Coloring schemes, extremal arguments | Quadratic functions | Sequences and Series > Sums and products",proof and answer,0.34360063728093465,0.4150641025641026,0.34993773349937735,0.0,0.0,0.32713754646840143,0.8461538461538461,0.9054054054054054,0.30760576057605754
MATHNET-0528,Algebra | Discrete Mathematics | Number Theory,Algebraic Expressions | Combinatorics | Other,Sequences and Series > Recurrence relations | Pigeonhole principle,proof only,0.3090812533191715,0.13301282051282054,0.34993773349937735,0.0,0.0,0.1486988847583643,1.0,0.918918918918919,0.23347691912048343
MATHNET-0biz,Algebra,Equations and Inequalities,Linear and quadratic inequalities,proof only,0.09718534253850238,0.10523504273504274,0.6587795765877957,0.0,0.0,0.1486988847583643,1.0,0.8108108108108109,0.23836312202648835
MATHNET-05yi,Discrete Mathematics,Combinatorics,"Games / greedy algorithms | Coloring schemes, extremal arguments",proof only,0.3621879978757302,0.10523504273504274,0.0,0.0,0.0,0.6016994158258099,1.0,1.0,0.22582615404397588
MATHNET-020y,Discrete Mathematics,Combinatorics,"Counting two ways | Coloring schemes, extremal arguments",proof and answer,0.7493361656930431,0.4150641025641026,0.5292652552926526,0.8366261398176291,0.552827380952381,0.8061603823685608,0.8461538461538461,1.0,0.6570657065706572
MATHNET-01ef,Geometry,Plane Geometry,Quadrilaterals > Cyclic quadrilaterals | Miscellaneous > Angle chasing | Advanced Configurations > Miquel point,proof only,0.41157727031332975,0.31143162393162394,0.6587795765877957,0.0,0.0,0.32713754646840143,1.0,0.8918918918918919,0.3752410955381253
MATHNET-04e7,Discrete Mathematics | Geometry,Combinatorics | Plane Geometry,Analytic / Coordinate Methods > Vectors | Analytic / Coordinate Methods > Cartesian coordinates | Enumeration with symmetry,proof and answer,0.6558682952734998,0.7462606837606838,0.5292652552926526,0.0,0.0,0.9633563462559744,0.8461538461538461,0.9459459459459459,0.5580236595088082
MATHNET-0huk,Algebra | Discrete Mathematics,Algebraic Expressions | Combinatorics,Functional Equations | Functional Equations > Injectivity / surjectivity | Induction / smoothing,proof and answer,0.3574083908656399,0.43589743589743596,0.34993773349937735,0.6109422492401216,0.8415178571428571,0.8672331386086033,0.8461538461538461,0.9054054054054054,0.5303458917320304
MATHNET-0eff,Statistics,Probability,Counting Methods > Permutations,MCQ,0.07275624004248538,0.08173076923076925,0.0,0.0,0.0,0.32713754646840143,0.0,0.2702702702702703,0.059116625948309125
MATHNET-0ia7,Algebra,Algebraic Expressions,Sequences and Series > Sums and products,final answer only,0.2299522039298991,0.17254273504273504,0.34993773349937735,0.0,0.0,0.1486988847583643,0.3076923076923077,0.8108108108108109,0.18995113797094001
MATHNET-0kqa,Geometry,Plane Geometry,Miscellaneous > Distance chasing | Miscellaneous > Angle chasing | Transformations > Homothety,proof and answer,0.6197557089750398,0.7761752136752136,0.6587795765877957,0.0,0.0,0.4843335103558152,0.8461538461538461,0.8918918918918919,0.5221486434357722
MATHNET-0idn,Geometry,Plane Geometry,Analytic / Coordinate Methods > Cartesian coordinates | Geometric Inequalities > Optimization in geometry | Miscellaneous > Distance chasing,proof and answer,0.2650026553372278,0.08173076923076925,0.0,0.6109422492401216,0.0,0.32713754646840143,0.8461538461538461,0.8918918918918919,0.23334833483348333
MATHNET-08zz,Number Theory,Divisibility / Factorization | Modular Arithmetic | Number-Theoretic Functions,Chinese remainder theorem | φ (Euler's totient) | Möbius inversion | Greatest common divisors (gcd),proof and answer,0.9946893255443441,0.9957264957264956,0.9975093399750934,0.9855623100303951,0.9784226190476192,0.9633563462559744,0.8461538461538461,0.9459459459459459,0.9914169988427416
MATHNET-0l31,Geometry,Plane Geometry,Circles > Tangents | Miscellaneous > Constructions and loci,proof and answer,0.28730748805098244,0.43589743589743596,0.7540473225404732,0.0,0.552827380952381,0.8672331386086033,0.8461538461538461,0.8918918918918919,0.4940208306544941
MATHNET-0752,Algebra | Number Theory,Algebraic Expressions | Divisibility / Factorization,Polynomials > Polynomial operations | Prime numbers | Greatest common divisors (gcd),proof only,0.5793945831120552,0.6383547008547008,0.7540473225404732,0.6109422492401216,0.6845238095238095,0.8061603823685608,1.0,0.8783783783783784,0.6889224636749389
MATHNET-0gk7,Algebra,Algebraic Expressions,Functional Equations > Existential quantifiers,proof and answer,0.17365905469994686,0.24145299145299148,0.0,0.0,0.6845238095238095,0.6016994158258099,0.8461538461538461,0.8108108108108109,0.252989584672753
MATHNET-0kzt,Algebra | Number Theory,Diophantine Equations | Prealgebra / Basic Algebra,"Techniques: modulo, size analysis, order analysis, inequalities | Integers",final answer only,0.4545937334041423,0.6260683760683762,0.5292652552926526,0.0,0.9002976190476191,0.4843335103558152,0.3076923076923077,0.8783783783783784,0.48328404268998343
MATHNET-09m6,Number Theory,Divisibility / Factorization | Modular Arithmetic,Fermat / Euler / Wilson theorems | Prime numbers,proof and answer,0.49761019649495486,0.7270299145299145,0.8549190535491905,0.0,0.9501488095238098,0.8374933616569304,0.8461538461538461,0.9459459459459459,0.6503471775749003
MATHNET-0c1d,Geometry,Plane Geometry,Advanced Configurations > Miquel point | Transformations > Spiral similarity | Transformations > Homothety | Miscellaneous > Angle chasing | Quadrilaterals > Cyclic quadrilaterals,proof only,0.871481678173128,0.9097222222222222,0.9489414694894147,0.7545592705167175,0.8415178571428571,0.32713754646840143,1.0,0.8918918918918919,0.8230037289443232
MATHNET-0agp,Discrete Mathematics,Combinatorics,Inclusion-exclusion | Counting two ways,proof and answer,0.7812002124269783,0.5096153846153847,0.0,0.0,0.6845238095238095,0.32713754646840143,0.8461538461538461,1.0,0.41976340491191994
MATHNET-0j12,Algebra,Algebraic Expressions,Polynomials > Polynomial operations,proof and answer,0.20233669676048854,0.5096153846153847,0.34993773349937735,0.6109422492401216,0.6845238095238095,0.4843335103558152,0.8461538461538461,0.8108108108108109,0.44393725086794406
MATHNET-07yr,Algebra,Equations and Inequalities,QM-AM-GM-HM / Power Mean | Jensen / smoothing,proof and answer,0.8948486457780137,0.8637820512820513,0.0,0.6109422492401216,0.0,0.4843335103558152,0.8461538461538461,0.8108108108108109,0.5441365565127941
MATHNET-0hjb,Discrete Mathematics | Number Theory,Other,,proof and answer,0.2713754646840148,0.31143162393162394,0.5292652552926526,0.0,0.552827380952381,0.6016994158258099,0.8461538461538461,0.972972972972973,0.39105696283914104
MATHNET-04hy,Discrete Mathematics,Combinatorics,Inclusion-exclusion,proof and answer,0.0,0.0,0.0,0.0,0.0,0.0,0.8461538461538461,1.0,0.039861128970039884
MATHNET-0hj7,Number Theory,Divisibility / Factorization | Modular Arithmetic,Greatest common divisors (gcd) | Inverses mod n,proof only,0.12108337758895378,0.11591880341880342,0.0,0.0,0.0,0.32713754646840143,1.0,0.9459459459459459,0.13485277099138482
MATHNET-0iyz,Discrete Mathematics | Number Theory,Combinatorics | Divisibility / Factorization,"Prime numbers | Coloring schemes, extremal arguments",proof and answer,0.6075411577270312,0.5261752136752137,0.7540473225404732,0.0,0.9002976190476191,0.32713754646840143,0.8461538461538461,0.972972972972973,0.5544232994728043
MATHNET-0jag,Algebra | Geometry,Algebraic Expressions | Plane Geometry,Analytic / Coordinate Methods > Complex numbers in geometry | Transformations > Inversion | Sequences and Series > Sums and products,final answer only,0.6718003186404672,0.6116452991452992,0.5292652552926526,0.6109422492401216,0.0,0.7594264471587892,0.3076923076923077,0.8513513513513513,0.5656744245853158
MATHNET-0cgq,Algebra | Number Theory,Other | Prealgebra / Basic Algebra,Integers,proof and answer,0.34838024429102493,0.36111111111111116,0.34993773349937735,0.0,0.0,0.6919808815719597,0.8461538461538461,0.8783783783783784,0.34254854056834255
MATHNET-090m,Geometry,Plane Geometry,Circles > Circle of Apollonius | Transformations > Inversion | Concurrency and Collinearity > Menelaus' theorem | Miscellaneous > Angle chasing | Circles > Tangents | Quadrilaterals > Cyclic quadrilaterals,proof only,0.9872543813064258,0.9903846153846153,0.9788293897882938,0.952887537993921,0.9501488095238098,0.8900690387679234,1.0,0.8918918918918919,0.9744760190304744
MATHNET-06mm,Geometry,Plane Geometry,Quadrilaterals > Cyclic quadrilaterals | Triangles > Triangle trigonometry,proof and answer,0.3382899628252788,0.2884615384615385,0.34993773349937735,0.0,0.0,0.32713754646840143,0.8461538461538461,0.8918918918918919,0.28314259997428315
MATHNET-0kd5,Geometry,Plane Geometry | Solid Geometry,"Volume | Other 3D problems | Triangles > Triangle trigonometry | Triangles > Triangle centers: centroid, incenter, circumcenter, orthocenter, Euler line, nine-point circle",proof and answer,0.6016994158258099,0.576388888888889,0.34993773349937735,0.0,0.0,0.6016994158258099,0.8461538461538461,0.8918918918918919,0.4321396425356822
MATHNET-07ad,Algebra | Discrete Mathematics,Algebraic Expressions | Combinatorics,Polynomials > Intermediate Value Theorem | Polynomials > Polynomial operations | Sequences and Series > Recurrence relations | Induction / smoothing,proof only,0.8258098778544875,0.8541666666666667,0.6587795765877957,0.8882978723404256,0.552827380952381,0.4843335103558152,1.0,0.9054054054054054,0.7533753375337533
MATHNET-0bn3,Geometry,Plane Geometry,Triangles | Miscellaneous > Angle chasing | Transformations > Rotation,proof only,0.18321826872012745,0.2884615384615385,0.5292652552926526,0.0,0.0,0.32713754646840143,1.0,0.8918918918918919,0.2890574771762891
MATHNET-0i5w,Number Theory,Diophantine Equations | Divisibility / Factorization,"Greatest common divisors (gcd) | Techniques: modulo, size analysis, order analysis, inequalities",proof and answer,0.3595326606479023,0.33653846153846156,0.6587795765877957,0.6109422492401216,0.552827380952381,0.4843335103558152,0.8461538461538461,0.9459459459459459,0.5063649222065063
MATHNET-0b1j,Algebra,Algebraic Expressions,Polynomials > Polynomial operations,final answer only,0.13329792883696226,0.15224358974358973,0.34993773349937735,0.0,0.0,0.1486988847583643,0.3076923076923077,0.8108108108108109,0.1628841455574129
MATHNET-0479,Algebra | Discrete Mathematics,Algebraic Expressions | Combinatorics | Intermediate Algebra,Polynomials > Roots of unity | Polynomials > Symmetric functions | Polynomials > Intermediate Value Theorem | Complex numbers | Pigeonhole principle,proof only,0.9320233669676048,0.8664529914529915,0.975093399750934,0.8366261398176291,0.9002976190476191,0.9038767923526289,1.0,0.9054054054054054,0.920888517423171
MATHNET-017j,Geometry,Plane Geometry | Solid Geometry,Other 3D problems | Triangles > Triangle trigonometry | Miscellaneous > Angle chasing | Geometric Inequalities > Optimization in geometry,proof only,0.4689325544344131,0.5422008547008548,0.34993773349937735,0.6109422492401216,0.6845238095238095,0.1486988847583643,1.0,0.8918918918918919,0.4820946380352322
MATHNET-08kn,Number Theory,Divisibility / Factorization | Modular Arithmetic | Residues and Primitive Roots,Inverses mod n | Quadratic residues | Factorization techniques,proof only,0.6494954859267127,0.6623931623931625,0.5292652552926526,0.9224924012158056,0.783482142857143,0.6016994158258099,1.0,0.9459459459459459,0.6887617333161887
MATHNET-0c8t,Discrete Mathematics,Combinatorics | Graph Theory,"Coloring schemes, extremal arguments",proof only,0.5825809877854488,0.43589743589743596,0.34993773349937735,0.0,0.6845238095238095,0.1486988847583643,1.0,1.0,0.4154558312974155
MATHNET-01oe,Discrete Mathematics,Combinatorics,"Invariants / monovariants | Coloring schemes, extremal arguments",proof only,0.3324482209240573,0.0,0.34993773349937735,0.7545592705167175,0.8757440476190478,0.1486988847583643,1.0,1.0,0.38848527709913855
MATHNET-00p6,Number Theory,Algebraic Number Theory | Diophantine Equations,"Unique factorization | Quadratic fields | Techniques: modulo, size analysis, order analysis, inequalities",proof and answer,0.2448220924057355,0.33653846153846156,0.5292652552926526,0.0,0.0,0.1486988847583643,0.8461538461538461,0.9459459459459459,0.28590716214478584
MATHNET-077k,Algebra,Algebraic Expressions,Functional Equations > Injectivity / surjectivity | Polynomials > Polynomial operations | Polynomials > Intermediate Value Theorem,proof and answer,0.9596388741370154,0.9599358974358975,0.9682440846824408,0.9779635258358662,0.9665178571428571,0.9198088157195964,0.8461538461538461,0.8108108108108109,0.9599459945994601
MATHNET-0f78,Discrete Mathematics,Combinatorics | Graph Theory,"Counting two ways | Coloring schemes, extremal arguments",proof and answer,0.0,0.0,0.0,0.0,0.0,0.0,0.8461538461538461,1.0,0.039861128970039884
MATHNET-076g,Geometry,Plane Geometry,"Triangles > Triangle centers: centroid, incenter, circumcenter, orthocenter, Euler line, nine-point circle | Triangles > Triangle trigonometry | Quadrilaterals > Cyclic quadrilaterals | Circles > Tangents",proof and answer,0.902283590015932,0.9540598290598291,0.985678704856787,0.0,0.0,0.7594264471587892,0.8461538461538461,0.8918918918918919,0.7234794908062238
MATHNET-0hak,Discrete Mathematics,Combinatorics,Pigeonhole principle,proof and answer,0.31810939989378645,0.33653846153846156,0.0,0.7545592705167175,0.783482142857143,0.32713754646840143,0.8461538461538461,1.0,0.3807059277356307
MATHNET-05f6,Number Theory,Divisibility / Factorization,Greatest common divisors (gcd),proof and answer,0.5778013807753585,0.5966880341880343,0.0,0.0,0.0,0.4843335103558152,0.8461538461538461,0.9459459459459459,0.34483091166259494
MATHNET-00nm,Number Theory,Diophantine Equations | Divisibility / Factorization,"Prime numbers | Factorization techniques | Techniques: modulo, size analysis, order analysis, inequalities",proof only,0.18799787573021773,0.4150641025641026,0.6587795765877957,0.6109422492401216,0.0,0.4843335103558152,1.0,0.9459459459459459,0.4376687668766876
MATHNET-01bj,Discrete Mathematics | Geometry,Combinatorics | Plane Geometry,"Combinatorial Geometry | Coloring schemes, extremal arguments | Induction / smoothing",proof only,0.7461497610196495,0.576388888888889,0.34993773349937735,0.8882978723404256,0.8415178571428571,0.7594264471587892,1.0,0.9459459459459459,0.6793750803651795
MATHNET-01zv,Algebra,Algebraic Expressions,Polynomials > Polynomial operations | Functional Equations,proof and answer,0.8852894317578333,0.9268162393162394,0.8549190535491905,0.8882978723404256,0.6845238095238095,0.7594264471587892,0.8461538461538461,0.8108108108108109,0.8574000257168576
MATHNET-08yd,Algebra | Number Theory,Modular Arithmetic | Prealgebra / Basic Algebra,Integers,proof and answer,0.3531598513011152,0.4150641025641026,0.8549190535491905,0.0,0.6845238095238095,0.4843335103558152,0.8461538461538461,0.8783783783783784,0.49173845956024187
MATHNET-0ecu,Algebra,Prealgebra / Basic Algebra,Simple Equations | Fractions,MCQ,0.2819968135953266,0.24145299145299148,0.5292652552926526,0.0,0.0,0.32713754646840143,0.0,0.8108108108108109,0.26076893403626084
MATHNET-004m,Geometry,Plane Geometry,Analytic / Coordinate Methods > Trigonometry,proof and answer,0.0,0.0,0.0,0.0,0.0,0.0,0.8461538461538461,0.8918918918918919,0.03728944323003732
MATHNET-0cu5,Geometry,Plane Geometry,"Transformations > Homothety | Circles > Tangents | Triangles > Triangle centers: centroid, incenter, circumcenter, orthocenter, Euler line, nine-point circle",proof only,0.8098778544875199,0.9294871794871795,0.34993773349937735,0.6109422492401216,0.0,0.8061603823685608,1.0,0.8918918918918919,0.6550083579786552
MATHNET-04st,Algebra,Algebraic Expressions | Equations and Inequalities,Polynomials > Vieta's formulas | Linear and quadratic inequalities,proof and answer,0.0,0.0,0.0,0.0,0.0,0.0,0.8461538461538461,0.8108108108108109,0.03536067892503536
MATHNET-0ilv,Algebra,Algebraic Expressions,Polynomials > Polynomial operations | Functional Equations > Existential quantifiers,proof and answer,0.7217206585236325,0.6752136752136753,0.0,0.0,0.783482142857143,0.4843335103558152,0.8461538461538461,0.8108108108108109,0.4583386910119585
MATHNET-0h27,Algebra | Number Theory,Other | Prealgebra / Basic Algebra,Integers,proof and answer,0.08337758895379711,0.17254273504273504,0.0,0.0,0.0,0.1486988847583643,0.8461538461538461,0.8783783783783784,0.10630705927735629
MATHNET-043v,Algebra,Equations and Inequalities | Intermediate Algebra,Complex numbers | Linear and quadratic inequalities,final answer only,0.08656399362719067,0.10523504273504274,0.34993773349937735,0.0,0.0,0.32713754646840143,0.3076923076923077,0.8108108108108109,0.1646843255754147
MATHNET-0gfg,Algebra,Algebraic Expressions | Equations and Inequalities,Jensen / smoothing | Polynomials > Polynomial operations,proof only,0.0,0.0,0.0,0.0,0.0,0.0,1.0,0.8108108108108109,0.04178989327504179
MATHNET-09ad,Geometry,Plane Geometry,"Quadrilaterals > Inscribed/circumscribed quadrilaterals | Circles > Tangents | Advanced Configurations > Polar triangles, harmonic conjugates | Miscellaneous > Angle chasing",proof only,0.4954859267126925,0.7612179487179486,0.6587795765877957,0.0,0.6845238095238095,0.6016994158258099,1.0,0.8918918918918919,0.5691462003343194
MATHNET-01ii,Algebra | Discrete Mathematics,Algebraic Expressions | Combinatorics,Functional Equations | Functional Equations > Injectivity / surjectivity | Induction / smoothing,proof and answer,0.8311205523101434,0.844551282051282,0.9221668742216688,0.6109422492401216,0.0,0.32713754646840143,0.8461538461538461,0.9054054054054054,0.698887745917449
MATHNET-03b4,Discrete Mathematics | Geometry,Combinatorics | Plane Geometry,Invariants / monovariants | Miscellaneous > Angle chasing,proof only,0.0,0.0,0.0,0.0,0.0,0.0,1.0,0.9459459459459459,0.045004500450045004
MATHNET-05ys,Algebra | Number Theory,Algebraic Expressions | Divisibility / Factorization | Intermediate Algebra | Modular Arithmetic | Residues and Primitive Roots,Multiplicative order | Inverses mod n | Sequences and Series > Recurrence relations | Logarithmic functions,proof and answer,0.6834838024429102,0.7051282051282051,0.0,0.0,0.0,0.7594264471587892,0.8461538461538461,0.8783783783783784,0.4216921692169217
MATHNET-0dau,Discrete Mathematics,Combinatorics,"Coloring schemes, extremal arguments",proof and answer,0.18959107806691447,0.08173076923076925,0.0,0.7545592705167175,0.0,0.1486988847583643,0.8461538461538461,1.0,0.21428571428571425
MATHNET-09mt,Number Theory,Divisibility / Factorization | Residues and Primitive Roots,Factorization techniques | Multiplicative order,proof and answer,0.6994158258098779,0.7692307692307693,0.9034869240348692,0.8882978723404256,0.8415178571428571,0.1486988847583643,0.8461538461538461,0.9459459459459459,0.7368201105824868
MATHNET-0kig,Algebra,Prealgebra / Basic Algebra,Decimals | Integers,MCQ,0.36484333510355815,0.5422008547008548,0.34993773349937735,0.0,0.0,0.32713754646840143,0.0,0.8108108108108109,0.29809052333804814
MATHNET-0il8,Algebra,Algebraic Expressions,Sequences and Series > Telescoping series | Sequences and Series > Sums and products | Polynomials > Polynomial operations,proof and answer,0.4083908656399362,0.11591880341880342,0.0,0.0,0.0,0.1486988847583643,0.8461538461538461,0.8108108108108109,0.17317088851742315
MATHNET-0dfz,Number Theory,Diophantine Equations | Divisibility / Factorization,"Greatest common divisors (gcd) | Prime numbers | Techniques: modulo, size analysis, order analysis, inequalities",proof and answer,0.31120552310143385,0.576388888888889,0.34993773349937735,0.7545592705167175,0.552827380952381,0.32713754646840143,0.8461538461538461,0.9459459459459459,0.47338305259097335
MATHNET-0dgr,Geometry,Plane Geometry,"Advanced Configurations > Polar triangles, harmonic conjugates",proof only,0.0,0.0,0.0,0.0,0.0,0.0,1.0,0.8918918918918919,0.04371865758004375
MATHNET-03o9,Geometry,Plane Geometry,"Triangles > Triangle centers: centroid, incenter, circumcenter, orthocenter, Euler line, nine-point circle | Circles > Tangents | Transformations > Spiral similarity | Miscellaneous > Angle chasing",proof only,0.33510355815188525,0.6116452991452992,0.6587795765877957,0.0,0.0,0.4843335103558152,1.0,0.8918918918918919,0.42995370965667995
MATHNET-08ic,Geometry,Plane Geometry,Geometric Inequalities > Optimization in geometry | Miscellaneous > Distance chasing | Analytic / Coordinate Methods > Cartesian coordinates,proof and answer,0.0,0.0,0.0,0.0,0.0,0.0,0.8461538461538461,0.8918918918918919,0.03728944323003732
MATHNET-07gg,Algebra | Discrete Mathematics,Combinatorics | Linear Algebra,Invariants / monovariants | Matrices,proof only,0.6255974508762613,0.7051282051282051,0.0,0.0,0.6845238095238095,0.32713754646840143,1.0,0.9054054054054054,0.4215635849299215
MATHNET-022e,Algebra,Prealgebra / Basic Algebra,Simple Equations,proof and answer,0.42857142857142855,0.36111111111111116,0.0,0.0,0.0,0.7594264471587892,0.8461538461538461,0.8108108108108109,0.2962581972482962
MATHNET-0h46,Algebra,Algebraic Expressions,Polynomials > Polynomial operations | Polynomials > Symmetric functions,proof and answer,0.1003717472118959,0.11591880341880342,0.0,0.0,0.0,0.32713754646840143,0.8461538461538461,0.8108108108108109,0.12019416227337021
MATHNET-0bxp,Geometry,Plane Geometry,Quadrilaterals > Cyclic quadrilaterals | Miscellaneous > Angle chasing | Miscellaneous > Distance chasing,proof only,0.47158789166224097,0.43589743589743596,0.8188044831880449,0.0,0.0,0.1486988847583643,1.0,0.8918918918918919,0.42368522566542377
MATHNET-01ug,Discrete Mathematics | Number Theory,Combinatorics | Other,Invariants / monovariants,proof and answer,0.5156664896441848,0.6383547008547008,0.7540473225404732,0.0,0.783482142857143,0.6919808815719597,0.8461538461538461,0.972972972972973,0.5865050790793367
MATHNET-050a,Geometry,Plane Geometry,Miscellaneous > Angle chasing | Miscellaneous > Constructions and loci | Transformations > Rotation,proof and answer,0.5549654806160382,0.07158119658119658,0.7540473225404732,0.0,0.0,0.6016994158258099,0.8461538461538461,0.8918918918918919,0.4131413141314131
MATHNET-0cvk,Discrete Mathematics,Combinatorics,"Invariants / monovariants | Coloring schemes, extremal arguments",proof and answer,0.38502389803505044,0.0,0.0,0.0,0.0,0.4843335103558152,0.8461538461538461,1.0,0.19171917191719173
MATHNET-0bwb,Algebra | Number Theory,Algebraic Expressions | Algebraic Number Theory | Equations and Inequalities | Intermediate Algebra,Sequences and Series > Sums and products | Quadratic functions | Algebraic numbers | Linear and quadratic inequalities,proof only,0.5252257036643653,0.49198717948717957,0.6587795765877957,0.0,0.0,0.6016994158258099,1.0,0.8783783783783784,0.46827182718271837
MATHNET-08io,Algebra,Equations and Inequalities,QM-AM-GM-HM / Power Mean,proof only,0.41901221455124793,0.4150641025641026,0.34993773349937735,0.0,0.552827380952381,0.32713754646840143,1.0,0.8108108108108109,0.3778127812781278
MATHNET-04up,Discrete Mathematics,Combinatorics,"Games / greedy algorithms | Coloring schemes, extremal arguments | Invariants / monovariants",proof and answer,0.0,0.0,0.0,0.0,0.0,0.0,0.8461538461538461,1.0,0.039861128970039884
MATHNET-05ia,Algebra | Number Theory,Algebraic Expressions | Divisibility / Factorization | Prealgebra / Basic Algebra,Sequences and Series > Telescoping series | Least common multiples (lcm) | Fractions,proof only,0.492299522039299,0.31143162393162394,0.0,0.0,0.0,0.1486988847583643,1.0,0.8783783783783784,0.23682011058248684
MATHNET-0fxv,Discrete Mathematics | Geometry,Combinatorics | Plane Geometry,Combinatorial Geometry > Convex hulls | Counting two ways | Invariants / monovariants,proof only,0.9012214551248009,0.8856837606837606,0.0,0.0,0.0,0.9405204460966543,1.0,0.9459459459459459,0.5369679825125371
MATHNET-01n3,Algebra,Algebraic Expressions,Polynomials > Vieta's formulas | Polynomials > Intermediate Value Theorem,proof and answer,0.7349973446627721,0.7761752136752136,0.7540473225404732,0.6109422492401216,0.8415178571428571,0.7594264471587892,0.8461538461538461,0.8108108108108109,0.7513501350135015
MATHNET-03w8,Algebra | Number Theory,Diophantine Equations | Intermediate Algebra,"Techniques: modulo, size analysis, order analysis, inequalities | Quadratic functions",proof and answer,0.26712692511949016,0.43589743589743596,0.0,0.6109422492401216,0.552827380952381,0.1486988847583643,0.8461538461538461,0.8783783783783784,0.32364665037932366
MATHNET-0a32,Algebra,Algebraic Expressions,Sequences and Series > Sums and products,proof and answer,0.0,0.0,0.0,0.0,0.0,0.0,0.8461538461538461,0.8108108108108109,0.03536067892503536
MATHNET-07nh,Geometry,Plane Geometry,Circles > Tangents | Transformations > Homothety | Miscellaneous > Angle chasing,proof only,0.6075411577270312,0.7537393162393162,0.7540473225404732,0.0,0.783482142857143,0.7594264471587892,1.0,0.8918918918918919,0.6422463674938925
MATHNET-0bfx,Algebra | Discrete Mathematics | Number Theory,Algebraic Expressions | Combinatorics | Other,Invariants / monovariants | Sequences and Series > Floors and ceilings,proof and answer,0.3451938396176314,0.24145299145299148,0.0,0.6109422492401216,0.552827380952381,0.1486988847583643,0.8461538461538461,0.918918918918919,0.30840941236980834
MATHNET-0b9w,Calculus | Precalculus,Differential Calculus | Differential Equations | Trigonometric functions,ODEs | Derivatives,proof and answer,0.0,0.0,0.0,0.0,0.0,0.0,0.8461538461538461,0.5405405405405406,0.028931464575028935
MATHNET-0au5,Algebra,Intermediate Algebra,Exponential functions,proof and answer,0.0,0.0,0.0,0.0,0.0,0.0,0.8461538461538461,0.8108108108108109,0.03536067892503536
MATHNET-0kt8,Discrete Mathematics,Combinatorics,Enumeration with symmetry,final answer only,0.18640467339352093,0.10523504273504274,0.34993773349937735,0.0,0.0,0.32713754646840143,0.3076923076923077,1.0,0.19335862157644335
MATHNET-07dr,Algebra,Algebraic Expressions | Intermediate Algebra,Polynomials > Polynomial operations | Complex numbers,proof only,0.7541157727031332,0.7051282051282051,0.8188044831880449,0.8366261398176291,0.6845238095238095,0.8061603823685608,1.0,0.8108108108108109,0.7836890831940336
MATHNET-02c0,Algebra,Prealgebra / Basic Algebra,Simple Equations,MCQ,0.0,0.0,0.0,0.0,0.0,0.0,0.0,0.8108108108108109,0.0
MATHNET-01t8,Geometry,Plane Geometry,"Circles > Tangents | Miscellaneous > Angle chasing | Analytic / Coordinate Methods > Cartesian coordinates | Advanced Configurations > Polar triangles, harmonic conjugates | Circles > Radical axis theorem",proof only,0.0,0.0,0.0,0.0,0.0,0.0,1.0,0.8918918918918919,0.04371865758004375
MATHNET-0inz,Algebra,Algebraic Expressions,Polynomials > Vieta's formulas | Polynomials > Polynomial operations,proof and answer,0.3223579394583112,0.4150641025641026,0.5292652552926526,0.0,0.0,0.32713754646840143,0.8461538461538461,0.8108108108108109,0.3372444387295872
MATHNET-02qx,Geometry,Plane Geometry,Miscellaneous > Angle chasing | Miscellaneous > Constructions and loci,proof and answer,0.43653744025491237,0.31143162393162394,0.0,0.0,0.0,0.6919808815719597,0.8461538461538461,0.8918918918918919,0.28298186961553295
MATHNET-02nt,Geometry,Plane Geometry,Triangles,proof and answer,0.37227827934147634,0.24145299145299148,0.0,0.0,0.0,0.6016994158258099,0.8461538461538461,0.8918918918918919,0.24386010029574387
MATHNET-01b7,Geometry,Plane Geometry,Triangles > Triangle trigonometry | Quadrilaterals > Cyclic quadrilaterals | Miscellaneous > Angle chasing | Analytic / Coordinate Methods > Trigonometry,proof and answer,0.7843866171003718,0.7825854700854701,0.8188044831880449,0.7545592705167175,0.0,0.6919808815719597,0.8461538461538461,0.8918918918918919,0.7171145685997172
MATHNET-0e0d,Geometry,Plane Geometry,"Triangles > Triangle centers: centroid, incenter, circumcenter, orthocenter, Euler line, nine-point circle | Quadrilaterals > Cyclic quadrilaterals | Miscellaneous > Angle chasing",proof and answer,0.7132235793945831,0.6116452991452992,0.5292652552926526,0.0,0.552827380952381,0.4843335103558152,0.8461538461538461,0.8918918918918919,0.5361000385752861
MATHNET-01f7,Algebra,Algebraic Expressions,Functional Equations > Existential quantifiers | Sequences and Series > Recurrence relations,proof and answer,0.7334041423260755,0.7462606837606838,0.6587795765877957,0.6109422492401216,0.6845238095238095,0.32713754646840143,0.8461538461538461,0.8108108108108109,0.65999099909991
MATHNET-01ud,Discrete Mathematics,Combinatorics,"Recursion, bijection | Counting two ways",proof and answer,0.7928836962294211,0.7051282051282051,0.34993773349937735,0.7545592705167175,0.0,0.6016994158258099,0.8461538461538461,1.0,0.6000064292143501
MATHNET-0iaq,Discrete Mathematics | Geometry,Combinatorics | Plane Geometry,"Triangles > Triangle centers: centroid, incenter, circumcenter, Euler line, nine-point circle | Induction / smoothing",proof and answer,0.2092405735528412,0.11591880341880342,0.34993773349937735,0.0,0.0,0.32713754646840143,0.8461538461538461,0.9459459459459459,0.22203291757747207
MATHNET-05qs,Algebra,Algebraic Expressions,Sequences and Series > Sums and products | Sequences and Series > Telescoping series,proof and answer,0.19861922464152945,0.13301282051282054,0.0,0.0,0.0,0.6016994158258099,0.8461538461538461,0.8108108108108109,0.18030731644593037
MATHNET-087s,Number Theory,Diophantine Equations | Modular Arithmetic,"Fermat / Euler / Wilson theorems | Techniques: modulo, size analysis, order analysis, inequalities",proof only,0.6606479022835899,0.6752136752136753,0.0,0.0,0.0,0.4843335103558152,1.0,0.9459459459459459,0.38549569242638554
MATHNET-02f2,Geometry,Solid Geometry,3D Shapes,proof and answer,0.18799787573021773,0.17254273504273504,0.0,0.0,0.0,0.1486988847583643,0.8461538461538461,0.8918918918918919,0.13195962453388196
MATHNET-03vm,Discrete Mathematics | Geometry,Combinatorics | Plane Geometry,"Quadrilaterals > Cyclic quadrilaterals | Miscellaneous > Distance chasing | Coloring schemes, extremal arguments | Pigeonhole principle",proof and answer,0.9075942644715879,0.8771367521367521,0.34993773349937735,0.9414893617021277,0.552827380952381,0.9198088157195964,0.8461538461538461,0.9459459459459459,0.7675517551755178
MATHNET-05u0,Number Theory,Diophantine Equations | Divisibility / Factorization | Residues and Primitive Roots,"Techniques: modulo, size analysis, order analysis, inequalities | Quadratic residues | Prime numbers",proof and answer,0.5847052575677111,0.5096153846153847,0.0,0.7545592705167175,0.0,0.6919808815719597,0.8461538461538461,0.9459459459459459,0.45168445415970165
MATHNET-00fc,Algebra | Geometry,Plane Geometry | Prealgebra / Basic Algebra,Combinatorial Geometry | Integers,proof and answer,0.5868295273499734,0.6501068376068376,0.5292652552926526,0.0,0.6845238095238095,0.8061603823685608,0.8461538461538461,0.8513513513513513,0.5618168959753119
MATHNET-0fvr,Geometry,Plane Geometry,Miscellaneous > Angle chasing | Miscellaneous > Distance chasing,proof only,0.54753053637812,0.6116452991452992,0.0,0.0,0.0,0.4843335103558152,1.0,0.8918918918918919,0.34534524881059525
MATHNET-06rf,Discrete Mathematics | Geometry,Combinatorics | Plane Geometry,Invariants / monovariants | Analytic / Coordinate Methods > Cartesian coordinates,proof and answer,0.889537971322358,0.7537393162393162,0.7540473225404732,0.8882978723404256,0.8415178571428571,0.9198088157195964,0.8461538461538461,0.9459459459459459,0.8425485405683427
MATHNET-0dvb,Geometry,Plane Geometry,Analytic / Coordinate Methods > Cartesian coordinates | Triangles,proof and answer,0.10249601699415824,0.15224358974358973,0.0,0.0,0.0,0.8061603823685608,0.8461538461538461,0.8918918918918919,0.1871865758004372
MATHNET-03x3,Algebra,Intermediate Algebra,Logarithmic functions | Quadratic functions,proof and answer,0.3775889537971322,0.5261752136752137,0.34993773349937735,0.0,0.0,0.6016994158258099,0.8461538461538461,0.8108108108108109,0.36688311688311687
MATHNET-0eex,Discrete Mathematics,Combinatorics,Inclusion-exclusion,proof and answer,0.3250132766861391,0.17254273504273504,0.0,0.0,0.0,0.8672331386086033,0.8461538461538461,1.0,0.25469332647550474
MATHNET-0cnh,Discrete Mathematics,Algorithms | Combinatorics,Games / greedy algorithms,proof only,0.7705788635156665,0.560363247863248,0.0,0.0,0.0,0.32713754646840143,1.0,1.0,0.3736337919506237
MATHNET-09pd,Geometry,Plane Geometry,Circles > Radical axis theorem | Quadrilaterals > Cyclic quadrilaterals | Miscellaneous > Angle chasing,proof only,0.3250132766861391,0.4738247863247863,0.5292652552926526,0.0,0.0,0.6919808815719597,1.0,0.8918918918918919,0.4010222450816511
MATHNET-0b09,Number Theory,Modular Arithmetic | Residues and Primitive Roots,Multiplicative order,proof and answer,0.0,0.0,0.0,0.0,0.0,0.0,0.8461538461538461,0.9459459459459459,0.038575286100038575
MATHNET-03xa,Algebra | Geometry,Algebraic Expressions | Equations and Inequalities | Plane Geometry,Analytic / Coordinate Methods > Cartesian coordinates | Analytic / Coordinate Methods > Vectors | Polynomials > Vieta's formulas | Linear and quadratic inequalities,proof and answer,0.5708975039830058,0.6623931623931625,0.6587795765877957,0.0,0.0,0.1486988847583643,0.8461538461538461,0.8513513513513513,0.4481805323389483
MATHNET-0cha,Calculus | Precalculus,Differential Calculus | Integral Calculus | Limits,Techniques > Single-variable | Applications,proof and answer,0.5613382899628253,0.5422008547008548,0.0,0.0,0.0,0.1486988847583643,0.8461538461538461,0.5405405405405406,0.28073164459303074
MATHNET-023f,Discrete Mathematics,Combinatorics,"Invariants / monovariants | Coloring schemes, extremal arguments | Counting two ways",proof and answer,0.2883696229421136,0.0,0.0,0.0,0.0,0.7594264471587892,0.8461538461538461,1.0,0.2016201620162016
MATHNET-0aj0,Algebra,Equations and Inequalities,QM-AM-GM-HM / Power Mean | Muirhead / majorization,proof only,0.7599575146043548,0.5261752136752137,0.0,0.6109422492401216,0.0,0.32713754646840143,1.0,0.8108108108108109,0.43792593545068803
MATHNET-0ed9,Geometry,Plane Geometry,"Quadrilaterals > Cyclic quadrilaterals | Circles > Tangents | Concurrency and Collinearity > Ceva's theorem | Concurrency and Collinearity > Menelaus' theorem | Advanced Configurations > Brocard point, symmedians | Miscellaneous > Angle chasing",proof only,0.8608603292618163,0.9268162393162394,0.8804483188044833,0.0,0.6845238095238095,0.7594264471587892,1.0,0.8918918918918919,0.7523788093095026
MATHNET-0hdo,Algebra | Discrete Mathematics,Algebraic Expressions | Combinatorics,Enumeration with symmetry | Sequences and Series > Sums and products,proof only,0.5666489644184811,0.49198717948717957,0.8188044831880449,0.0,0.0,0.6016994158258099,1.0,0.9054054054054054,0.511990484762762
MATHNET-0bq8,Algebra,Algebraic Expressions,Functional Equations | Functional Equations > Injectivity / surjectivity,proof only,0.4147636749867233,0.5261752136752137,0.6587795765877957,0.0,0.0,0.8061603823685608,1.0,0.8108108108108109,0.470843512922721
MATHNET-0bui,Algebra,Prealgebra / Basic Algebra,Simple Equations,proof and answer,0.24588422729686668,0.31143162393162394,0.0,0.0,0.0,0.6919808815719597,0.8461538461538461,0.8108108108108109,0.23489134627748492
MATHNET-0j9k,Algebra | Discrete Mathematics,Combinatorics | Intermediate Algebra,Algebraic properties of binomial coefficients | Complex numbers,proof and answer,0.8916622411046202,0.844551282051282,0.7540473225404732,0.6109422492401216,0.552827380952381,0.9198088157195964,0.8461538461538461,0.9054054054054054,0.7983476919120485
MATHNET-0a2l,Discrete Mathematics,Combinatorics,"Invariants / monovariants | Coloring schemes, extremal arguments",proof and answer,0.7737652681890601,0.8034188034188033,0.5292652552926526,0.7545592705167175,0.783482142857143,0.6919808815719597,0.8461538461538461,1.0,0.7287835926449787
MATHNET-0d0s,Algebra,Algebraic Expressions | Prealgebra / Basic Algebra,Integers | Sequences and Series > Sums and products,proof only,0.2092405735528412,0.11591880341880342,0.34993773349937735,0.0,0.0,0.1486988847583643,1.0,0.8108108108108109,0.20364536453645368
MATHNET-0d7c,Number Theory,Diophantine Equations | Divisibility / Factorization | Modular Arithmetic | Residues and Primitive Roots,"Factorization techniques | Polynomials mod p | Multiplicative order | Techniques: modulo, size analysis, order analysis, inequalities",proof only,0.6096654275092935,0.6752136752136753,0.0,0.6109422492401216,0.8415178571428571,0.6919808815719597,1.0,0.9459459459459459,0.5485405683425485
MATHNET-04i0,Algebra | Geometry,Algebraic Expressions | Plane Geometry,Circles | Sequences and Series > Sums and products,proof and answer,0.0,0.0,0.0,0.0,0.0,0.0,0.8461538461538461,0.8513513513513513,0.036325061077536316
MATHNET-04a3,Discrete Mathematics,Combinatorics,"Induction / smoothing | Recursion, bijection",proof only,0.6845459373340415,0.7179487179487178,0.5292652552926526,0.6109422492401216,0.552827380952381,0.8061603823685608,1.0,1.0,0.6738459560241739
MATHNET-0d4o,Algebra | Discrete Mathematics,Algebraic Expressions | Combinatorics | Equations and Inequalities,Cauchy-Schwarz | Induction / smoothing | Sequences and Series > Telescoping series,proof only,0.8534253850238981,0.5966880341880343,0.6587795765877957,0.8366261398176291,0.552827380952381,0.32713754646840143,1.0,0.9054054054054054,0.6879902275941882
MATHNET-0gqo,Algebra,Equations and Inequalities,QM-AM-GM-HM / Power Mean | Linear and quadratic inequalities,proof only,0.19490175252257033,0.21901709401709404,0.34993773349937735,0.0,0.0,0.1486988847583643,1.0,0.8108108108108109,0.21878616433071876
MATHNET-0fwn,Algebra,Equations and Inequalities,QM-AM-GM-HM / Power Mean,proof and answer,0.6038236856080722,0.3888888888888889,0.0,0.0,0.0,0.32713754646840143,0.8461538461538461,0.8108108108108109,0.2913719943422914
MATHNET-02h7,Geometry,Plane Geometry | Solid Geometry,Other 3D problems | Analytic / Coordinate Methods > Cartesian coordinates | Transformations > Translation,proof and answer,0.8268720127456187,0.6116452991452992,0.34993773349937735,0.8366261398176291,0.783482142857143,0.6919808815719597,0.8461538461538461,0.8918918918918919,0.6778320689211779
MATHNET-0iqa,Geometry,Plane Geometry,Circles > Tangents | Miscellaneous > Angle chasing,final answer only,0.11736590546999469,0.2676282051282051,0.0,0.0,0.0,0.4843335103558152,0.3076923076923077,0.8918918918918919,0.15015430114440015
MATHNET-0cww,Discrete Mathematics,Combinatorics,"Pigeonhole principle | Coloring schemes, extremal arguments",proof and answer,0.6224110462028677,0.4150641025641026,0.6587795765877957,0.0,0.6845238095238095,0.8061603823685608,0.8461538461538461,1.0,0.5582808280828083
MATHNET-072g,Algebra | Discrete Mathematics,Combinatorics | Prealgebra / Basic Algebra,Integers | Invariants / monovariants,proof only,0.6526818906001063,0.6383547008547008,0.6587795765877957,0.7545592705167175,0.552827380952381,0.32713754646840143,1.0,0.9054054054054054,0.6364922206506367
MATHNET-0e5q,Algebra,Algebraic Expressions,Functional Equations > Injectivity / surjectivity | Functional Equations > Existential quantifiers,proof only,0.13648433351035577,0.17254273504273504,0.34993773349937735,0.6109422492401216,0.6845238095238095,0.1486988847583643,1.0,0.8108108108108109,0.33293686511508297
MATHNET-08a3,Algebra,Algebraic Expressions,Polynomials | Functional Equations,MCQ,0.1800318640467339,0.24145299145299148,0.0,0.0,0.0,0.32713754646840143,0.0,0.8108108108108109,0.12678410698212678
MATHNET-0103,Algebra | Number Theory,Diophantine Equations | Equations and Inequalities,"Techniques: modulo, size analysis, order analysis, inequalities | Linear and quadratic inequalities",proof and answer,0.23420074349442374,0.31143162393162394,0.6587795765877957,0.6109422492401216,0.552827380952381,0.4843335103558152,0.8461538461538461,0.8783783783783784,0.46987913077022
MATHNET-0jxp,Geometry,Plane Geometry,Circles > Radical axis theorem | Miscellaneous > Distance chasing,proof and answer,0.3127987254381306,0.3888888888888889,0.34993773349937735,0.6109422492401216,0.0,0.32713754646840143,0.8461538461538461,0.8918918918918919,0.3726372637263727
MATHNET-0fre,Geometry,Plane Geometry,Quadrilaterals | Triangles > Triangle trigonometry | Miscellaneous > Constructions and loci,proof only,0.4572490706319702,0.5096153846153847,0.0,0.0,0.0,0.7594264471587892,1.0,0.8918918918918919,0.3383695512408384
MATHNET-09hn,Algebra | Number Theory,Other | Prealgebra / Basic Algebra,Integers,proof and answer,0.0,0.0,0.0,0.0,0.0,0.0,0.8461538461538461,0.8783783783783784,0.03696798251253697
MATHNET-01x5,Algebra,Algebraic Expressions | Equations and Inequalities | Intermediate Algebra,Polynomials > Vieta's formulas | QM-AM-GM-HM / Power Mean | Quadratic functions,proof only,0.4731810939989378,0.5096153846153847,0.8188044831880449,0.0,0.0,0.32713754646840143,1.0,0.8108108108108109,0.4570528481419571
MATHNET-06jk,Algebra | Discrete Mathematics,Algebraic Expressions | Combinatorics,Generating functions | Enumeration with symmetry | Polynomials > Roots of unity,proof and answer,0.5847052575677111,0.6752136752136753,0.34993773349937735,0.0,0.9002976190476191,0.8374933616569304,0.8461538461538461,0.9054054054054054,0.5525266812395525
MATHNET-0j09,Geometry,Plane Geometry,Circles | Analytic / Coordinate Methods > Cartesian coordinates,final answer only,0.4322889006903876,0.560363247863248,0.0,0.0,0.0,0.6919808815719597,0.3076923076923077,0.8918918918918919,0.3043911534010543
MATHNET-0bl4,Algebra,Equations and Inequalities,Linear and quadratic inequalities,proof only,0.0,0.0,0.0,0.0,0.0,0.0,1.0,0.8108108108108109,0.04178989327504179
MATHNET-0efy,Statistics,Probability,Counting Methods > Other,proof and answer,0.46362187997875726,0.33653846153846156,0.0,0.0,0.0,0.4843335103558152,0.8461538461538461,0.2702702702702703,0.2541468432557541
MATHNET-0coi,Discrete Mathematics,Combinatorics,"Invariants / monovariants | Coloring schemes, extremal arguments",proof only,0.8927243759957515,0.7051282051282051,0.0,0.0,0.0,0.6016994158258099,1.0,1.0,0.4625819724829625
MATHNET-01dv,Algebra,Algebraic Expressions,Polynomials > Polynomial operations,proof and answer,0.681359532660648,0.6752136752136753,0.7540473225404732,0.6109422492401216,0.6845238095238095,0.4843335103558152,0.8461538461538461,0.8108108108108109,0.6732673267326733
MATHNET-00ug,Discrete Mathematics,Combinatorics,Games / greedy algorithms | Invariants / monovariants,proof and answer,0.3754646840148699,0.3888888888888889,0.5292652552926526,0.0,0.6845238095238095,0.4843335103558152,0.8461538461538461,1.0,0.4280570914234282
MATHNET-0iew,Discrete Mathematics,Combinatorics,Expected values,final answer only,0.26128518321826866,0.4150641025641026,0.34993773349937735,0.0,0.552827380952381,0.1486988847583643,0.3076923076923077,1.0,0.2935900732930436
MATHNET-0jet,Discrete Mathematics | Geometry,Combinatorics | Plane Geometry,Analytic / Coordinate Methods > Cartesian coordinates | Inclusion-exclusion,final answer only,0.5188528943175783,0.4738247863247863,0.0,0.0,0.0,0.7594264471587892,0.3076923076923077,0.9459459459459459,0.31917834640606924
MATHNET-03di,Algebra | Number Theory,Algebraic Expressions | Divisibility / Factorization,Polynomials > Polynomial operations | Greatest common divisors (gcd),proof and answer,0.21508231545406264,0.33653846153846156,0.5292652552926526,0.0,0.0,0.32713754646840143,0.8461538461538461,0.8783783783783784,0.29870129870129875
MATHNET-0gda,Discrete Mathematics,Combinatorics,"Games / greedy algorithms | Coloring schemes, extremal arguments",proof and answer,0.2039298990971853,0.2676282051282051,0.0,0.0,0.0,0.4843335103558152,0.8461538461538461,1.0,0.19618747589044616
MATHNET-0jv5,Discrete Mathematics,Combinatorics,Algebraic properties of binomial coefficients,proof and answer,0.3382899628252788,0.24145299145299148,0.34993773349937735,0.6109422492401216,0.552827380952381,0.32713754646840143,0.8461538461538461,1.0,0.4025331104539026
MATHNET-0fhe,Geometry,Plane Geometry,"Triangles > Triangle centers: centroid, incenter, circumcenter, orthocenter, Euler line, nine-point circle | Circles > Tangents | Quadrilaterals > Cyclic quadrilaterals | Miscellaneous > Angle chasing",proof and answer,0.36590546999468926,0.49198717948717957,0.0,0.0,0.0,0.6016994158258099,0.8461538461538461,0.8918918918918919,0.28754661180403757
MATHNET-0iqf,Geometry,Plane Geometry,Geometric Inequalities > Optimization in geometry | Miscellaneous > Distance chasing,proof and answer,0.08868826340945297,0.13301282051282054,0.34993773349937735,0.0,0.0,0.4843335103558152,0.8461538461538461,0.8918918918918919,0.21367493892246364
MATHNET-0ay0,Algebra | Number Theory,Algebraic Expressions | Divisibility / Factorization,Prime numbers | Factorization techniques | Sequences and Series > Floors and ceilings,proof and answer,0.11949017525225702,0.1917735042735043,0.34993773349937735,0.0,0.0,0.6016994158258099,0.8461538461538461,0.8783783783783784,0.2456281342419956
MATHNET-02cu,Algebra,Prealgebra / Basic Algebra,Fractions,MCQ,0.0,0.0,0.0,0.0,0.0,0.0,0.0,0.8108108108108109,0.0
MATHNET-0ft3,Algebra | Geometry,Equations and Inequalities | Plane Geometry,Triangles > Triangle inequalities | Geometric Inequalities > Triangle inequalities | QM-AM-GM-HM / Power Mean | Jensen / smoothing,proof and answer,0.23844928305894847,0.33653846153846156,0.0,0.0,0.0,0.1486988847583643,0.8461538461538461,0.8513513513513513,0.17281728172817284
MATHNET-08gj,Number Theory,Diophantine Equations | Divisibility / Factorization,"Factorization techniques | Techniques: modulo, size analysis, order analysis, inequalities",proof and answer,0.822623473181094,0.906517094017094,0.0,0.0,0.0,0.8061603823685608,0.8461538461538461,0.9459459459459459,0.4990034717757491
MATHNET-03n2,Geometry,Plane Geometry,"Triangles > Triangle centers: centroid, incenter, circumcenter, orthocenter, Euler line, nine-point circle | Quadrilaterals > Cyclic quadrilaterals | Circles > Tangents | Concurrency and Collinearity | Miscellaneous > Angle chasing | Triangles > Triangle trigonometry",proof only,0.8247477429633564,0.8685897435897436,0.9221668742216688,0.7545592705167175,0.0,0.32713754646840143,1.0,0.8918918918918919,0.7260190304744761
MATHNET-0cx2,Algebra | Number Theory,Divisibility / Factorization | Prealgebra / Basic Algebra,Prime numbers | Integers,final answer only,0.0,0.0,0.0,0.0,0.0,0.0,0.3076923076923077,0.8783783783783784,0.014465732287514467
MATHNET-02lc,Algebra | Geometry,Plane Geometry | Prealgebra / Basic Algebra,Quadrilaterals | Fractions,MCQ,0.16516197557089746,0.17254273504273504,0.0,0.0,0.0,0.32713754646840143,0.0,0.8513513513513513,0.1117075993313617
MATHNET-0kje,Geometry,Plane Geometry | Solid Geometry,3D Shapes | Miscellaneous > Distance chasing,MCQ,0.5942644715878915,0.6116452991452992,0.7540473225404732,0.0,0.0,0.7594264471587892,0.0,0.8918918918918919,0.5038896746817539
MATHNET-0i0w,Geometry,Plane Geometry,Circles > Radical axis theorem | Quadrilaterals > Cyclic quadrilaterals,proof only,0.7886351566648966,0.8157051282051282,0.5292652552926526,0.8366261398176291,0.552827380952381,0.4843335103558152,1.0,0.8918918918918919,0.7038060948952041
MATHNET-05qu,Geometry,Plane Geometry,Analytic / Coordinate Methods > Cartesian coordinates | Circles > Tangents | Miscellaneous > Distance chasing,proof and answer,0.6255974508762613,0.560363247863248,0.0,0.0,0.0,0.32713754646840143,0.8461538461538461,0.8918918918918919,0.32952938150957956
MATHNET-05n9,Discrete Mathematics,Combinatorics,Invariants / monovariants | Games / greedy algorithms,proof and answer,0.7323420074349443,0.8157051282051282,0.0,0.0,0.0,0.7594264471587892,0.8461538461538461,1.0,0.4563777806352065
MATHNET-0d92,Discrete Mathematics | Number Theory,Combinatorics | Divisibility / Factorization,"Recursion, bijection",proof and answer,0.4445034519383962,0.4551282051282052,0.5292652552926526,0.6109422492401216,0.0,0.1486988847583643,0.8461538461538461,0.972972972972973,0.4338433843384338
MATHNET-04iq,Discrete Mathematics,Combinatorics,Counting two ways | Invariants / monovariants,proof and answer,0.0,0.0,0.0,0.0,0.0,0.0,0.8461538461538461,1.0,0.039861128970039884
MATHNET-0a4y,Number Theory,Divisibility / Factorization | Modular Arithmetic,Chinese remainder theorem | Least common multiples (lcm),final answer only,0.12533191715347847,0.31143162393162394,0.7540473225404732,0.0,0.0,0.1486988847583643,0.3076923076923077,0.9459459459459459,0.2763597788350263
MATHNET-0kn4,Algebra,Prealgebra / Basic Algebra,Fractions,MCQ,0.0,0.0,0.0,0.0,0.0,0.0,0.0,0.8108108108108109,0.0
MATHNET-06un,Number Theory,Diophantine Equations | Divisibility / Factorization | Modular Arithmetic | Residues and Primitive Roots,"Fermat / Euler / Wilson theorems | Inverses mod n | Multiplicative order | Prime numbers | Greatest common divisors (gcd) | Factorization techniques | Techniques: modulo, size analysis, order analysis, inequalities",proof and answer,0.8783855549654805,0.8931623931623932,0.8804483188044833,0.0,0.9836309523809524,0.6016994158258099,0.8461538461538461,0.9459459459459459,0.7521537868072522
MATHNET-0gx3,Discrete Mathematics | Number Theory,Combinatorics | Divisibility / Factorization,Greatest common divisors (gcd) | Invariants / monovariants,proof and answer,0.3467870419543282,0.31143162393162394,0.34993773349937735,0.0,0.0,0.32713754646840143,0.8461538461538461,0.972972972972973,0.2912755561270413
MATHNET-0a5l,Algebra | Number Theory,Other | Prealgebra / Basic Algebra,Integers,proof only,0.40945300053106737,0.49198717948717957,0.34993773349937735,0.0,0.0,0.32713754646840143,1.0,0.8783783783783784,0.3432236080750931
MATHNET-09zj,Discrete Mathematics,Combinatorics,"Coloring schemes, extremal arguments | Games / greedy algorithms",MCQ,0.0,0.0,0.0,0.0,0.0,0.0,0.0,1.0,0.004500450045004519
MATHNET-0ehs,Algebra,Prealgebra / Basic Algebra,Fractions,MCQ,0.10462028677642057,0.10523504273504274,0.0,0.0,0.0,0.32713754646840143,0.0,0.8108108108108109,0.08393339333933393
MATHNET-09hf,Geometry,Plane Geometry,Miscellaneous > Angle chasing | Miscellaneous > Distance chasing,proof only,0.16250663834306953,0.4150641025641026,0.6587795765877957,0.0,0.0,0.32713754646840143,1.0,0.8918918918918919,0.3336440786935837
MATHNET-0khx,Discrete Mathematics,Combinatorics | Graph Theory,"Coloring schemes, extremal arguments",MCQ,0.0,0.0,0.0,0.0,0.0,0.0,0.0,1.0,0.004500450045004519
MATHNET-0dz5,Algebra,Intermediate Algebra,Exponential functions | Logarithmic functions,proof and answer,0.16728624535315983,0.36111111111111116,0.5292652552926526,0.0,0.6845238095238095,0.1486988847583643,0.8461538461538461,0.8108108108108109,0.3275041789893275
MATHNET-0542,Number Theory,Divisibility / Factorization | Other,Factorization techniques,proof and answer,0.12851832182687198,0.20566239316239318,0.34993773349937735,0.0,0.0,0.4843335103558152,0.8461538461538461,0.9459459459459459,0.23772020059148774
MATHNET-09u9,Algebra,Prealgebra / Basic Algebra,Integers | Simple Equations,proof and answer,0.0,0.0,0.0,0.0,0.0,0.0,0.8461538461538461,0.8108108108108109,0.03536067892503536
MATHNET-0b2t,Algebra | Discrete Mathematics,Algebraic Expressions | Combinatorics,"Recursion, bijection | Sequences and Series > Recurrence relations",proof and answer,0.4944237918215614,0.5096153846153847,0.5292652552926526,0.0,0.6845238095238095,0.6919808815719597,0.8461538461538461,0.9054054054054054,0.5015430114440017
MATHNET-0fam,Geometry,Plane Geometry,Quadrilaterals > Cyclic quadrilaterals | Miscellaneous > Angle chasing,proof only,0.26287838555496545,0.13301282051282054,0.34993773349937735,0.0,0.0,0.6919808815719597,1.0,0.8918918918918919,0.2874180275170374
MATHNET-0g45,Algebra,Algebraic Expressions | Equations and Inequalities,Functional Equations | Polynomials > Polynomial operations | Linear and quadratic inequalities,proof and answer,0.9798194370685076,0.9764957264957265,0.9221668742216688,0.8882978723404256,0.9002976190476191,0.7594264471587892,0.8461538461538461,0.8108108108108109,0.9217886074321718
MATHNET-0hn5,Geometry,Plane Geometry,Miscellaneous > Angle chasing | Miscellaneous > Distance chasing | Miscellaneous > Constructions and loci,proof only,0.1715347849176845,0.2884615384615385,0.34993773349937735,0.0,0.0,0.4843335103558152,1.0,0.8918918918918919,0.26822682268226816
MATHNET-0gxz,Number Theory,Divisibility / Factorization,Factorization techniques,proof and answer,0.217206585236325,0.5422008547008548,0.34993773349937735,0.0,0.0,0.1486988847583643,0.8461538461538461,0.9459459459459459,0.27931721743602933
MATHNET-09z8,Geometry,Plane Geometry,Miscellaneous > Angle chasing | Miscellaneous > Distance chasing,proof only,0.6760488582049919,0.7612179487179486,0.9221668742216688,0.0,0.0,0.32713754646840143,1.0,0.8918918918918919,0.574868201105825
MATHNET-02zm,Number Theory,Divisibility / Factorization,Factorization techniques,proof and answer,0.645246946362188,0.6842948717948718,0.0,0.0,0.0,0.6016994158258099,0.8461538461538461,0.9459459459459459,0.3911855471261412
MATHNET-0az2,Discrete Mathematics,Combinatorics,"Enumeration with symmetry | Counting two ways | Recursion, bijection",proof and answer,0.21295804567180027,0.21901709401709404,0.0,0.0,0.0,0.4843335103558152,0.8461538461538461,1.0,0.18959753118168962
MATHNET-0002,Algebra,Algebraic Expressions,Sequences and Series > Sums and products,proof only,0.0,0.0,0.0,0.0,0.0,0.0,1.0,0.8108108108108109,0.04178989327504179
MATHNET-09t7,Algebra | Geometry,Algebraic Expressions | Plane Geometry | Prealgebra / Basic Algebra,Miscellaneous > Angle chasing | Integers | Sequences and Series > Sums and products,proof and answer,0.9129049389272438,0.923611111111111,0.0,0.0,0.0,0.8672331386086033,0.8461538461538461,0.8513513513513513,0.529092194933779
MATHNET-0kkw,Statistics,Probability,Counting Methods > Other,final answer only,0.7695167286245354,0.3888888888888889,0.0,0.8882978723404256,0.8415178571428571,0.6016994158258099,0.3076923076923077,0.2702702702702703,0.5148193390767649
MATHNET-017x,Geometry,Plane Geometry,"Quadrilaterals > Cyclic quadrilaterals | Miscellaneous > Angle chasing | Miscellaneous > Constructions and loci | Triangles > Triangle centers: centroid, incenter, circumcenter, orthocenter, Euler line, nine-point circle",proof and answer,0.8385554965480616,0.7825854700854701,0.5292652552926526,0.0,0.783482142857143,0.6919808815719597,0.8461538461538461,0.8918918918918919,0.6423749517808925
MATHNET-0cmp,Discrete Mathematics,Combinatorics | Other,Induction / smoothing,proof only,0.6144450345193839,0.4150641025641026,0.0,0.0,0.0,0.4843335103558152,1.0,1.0,0.32862929150057874
MATHNET-05m2,Geometry,Plane Geometry,Circles > Tangents | Circles > Radical axis theorem | Quadrilaterals > Cyclic quadrilaterals | Triangles > Triangle trigonometry,proof only,0.7148167817312799,0.7270299145299145,0.0,0.0,0.0,0.6919808815719597,1.0,0.8918918918918919,0.431818181818182
MATHNET-02uo,Algebra,Prealgebra / Basic Algebra,Simple Equations,proof and answer,0.248008497079129,0.33653846153846156,0.0,0.0,0.0,0.32713754646840143,0.8461538461538461,0.8108108108108109,0.19576957695769576
MATHNET-0anq,Algebra,Equations and Inequalities | Intermediate Algebra,Linear and quadratic inequalities | Exponential functions,proof and answer,0.0,0.0,0.0,0.0,0.0,0.0,0.8461538461538461,0.8108108108108109,0.03536067892503536
MATHNET-0ai8,Number Theory,Diophantine Equations | Divisibility / Factorization | Modular Arithmetic,Fermat / Euler / Wilson theorems | Infinite descent / root flipping | Prime numbers,proof only,0.591078066914498,0.7270299145299145,0.7540473225404732,0.6109422492401216,0.783482142857143,0.32713754646840143,1.0,0.9459459459459459,0.6599267069564099
MATHNET-04x6,Discrete Mathematics | Geometry | Number Theory,Combinatorics | Divisibility / Factorization | Plane Geometry,"Coloring schemes, extremal arguments | Invariants / monovariants | Analytic / Coordinate Methods > Cartesian coordinates",proof and answer,0.951141795007966,0.9556623931623931,0.7540473225404732,0.9224924012158056,0.9501488095238098,0.4843335103558152,0.8461538461538461,0.9459459459459459,0.8549247781921049
MATHNET-07gw,Algebra | Number Theory,Abstract Algebra | Algebraic Expressions | Diophantine Equations | Divisibility / Factorization,"Polynomials > Polynomial operations | Ring Theory | Greatest common divisors (gcd) | Techniques: modulo, size analysis, order analysis, inequalities",proof only,0.9713223579394583,0.9583333333333333,0.9682440846824408,0.9779635258358662,0.9002976190476191,0.6919808815719597,1.0,0.8783783783783784,0.9372187218721874
MATHNET-0dad,Algebra,Algebraic Expressions | Equations and Inequalities | Intermediate Algebra,Sequences and Series > Recurrence relations | Exponential functions | Jensen / smoothing,proof only,0.7684545937334042,0.5422008547008548,0.34993773349937735,0.6109422492401216,0.8415178571428571,0.6919808815719597,1.0,0.8108108108108109,0.6320239166773821
MATHNET-00qi,Geometry,Plane Geometry,"Triangles > Triangle centers: centroid, incenter, circumcenter, orthocenter, Euler line, nine-point circle | Circles > Tangents | Miscellaneous > Distance chasing",proof only,0.6622411046202867,0.7179487179487178,0.34993773349937735,0.0,0.6845238095238095,0.32713754646840143,1.0,0.8918918918918919,0.5046933264755047
MATHNET-06fc,Algebra | Number Theory,Algebraic Expressions | Divisibility / Factorization,Polynomials > Polynomial operations | Sequences and Series > Recurrence relations | Sequences and Series > Telescoping series | Factorization techniques,proof only,0.3605947955390334,0.4738247863247863,0.5292652552926526,0.7545592705167175,0.0,0.32713754646840143,1.0,0.8783783783783784,0.4609103767519609
MATHNET-08x7,Algebra,Algebraic Expressions,Polynomials > Polynomial operations,final answer only,0.28624535315985133,0.2676282051282051,0.34993773349937735,0.0,0.0,0.1486988847583643,0.3076923076923077,0.8108108108108109,0.22074707470747076
MATHNET-0157,Number Theory,Diophantine Equations | Divisibility / Factorization,"Techniques: modulo, size analysis, order analysis, inequalities | Greatest common divisors (gcd)",proof and answer,0.5055762081784386,0.6501068376068376,0.8188044831880449,0.0,0.0,0.4843335103558152,0.8461538461538461,0.9459459459459459,0.5060756075607561
MATHNET-01qk,Algebra,Algebraic Expressions | Equations and Inequalities,Cauchy-Schwarz | Muirhead / majorization | Polynomials > Symmetric functions,proof only,0.6144450345193839,0.4738247863247863,0.5292652552926526,0.0,0.0,0.6919808815719597,1.0,0.8108108108108109,0.46917191719171936
MATHNET-0lad,Algebra,Equations and Inequalities,Cauchy-Schwarz | Jensen / smoothing,proof and answer,0.0,0.0,0.0,0.0,0.0,0.0,0.8461538461538461,0.8108108108108109,0.03536067892503536
MATHNET-0fru,Geometry,Plane Geometry,"Triangles > Triangle centers: centroid, incenter, circumcenter, orthocenter, Euler line, nine-point circle | Miscellaneous > Angle chasing | Miscellaneous > Constructions and loci",proof only,0.3207647371216144,0.43589743589743596,0.0,0.0,0.0,0.6016994158258099,1.0,0.8918918918918919,0.2729201491577729
MATHNET-08kv,Geometry,Plane Geometry,"Triangles > Triangle centers: centroid, incenter, circumcenter, orthocenter, Euler line, nine-point circle | Miscellaneous > Angle chasing",proof only,0.2246415294742432,0.2884615384615385,0.5292652552926526,0.0,0.0,0.4843335103558152,1.0,0.8918918918918919,0.3181175260383181
MATHNET-00va,Algebra | Number Theory,Algebraic Expressions | Divisibility / Factorization,Sequences and Series > Recurrence relations,proof and answer,0.7270313329792883,0.7761752136752136,0.34993773349937735,0.7545592705167175,0.8757440476190478,0.1486988847583643,0.8461538461538461,0.8783783783783784,0.6148257682911148
MATHNET-0axe,Algebra,Intermediate Algebra | Prealgebra / Basic Algebra,Simple Equations | Quadratic functions,final answer only,0.08762612851832179,0.13301282051282054,0.0,0.0,0.0,0.1486988847583643,0.3076923076923077,0.8108108108108109,0.0760897518323261
MATHNET-0a95,Discrete Mathematics | Number Theory,Combinatorics | Divisibility / Factorization,Games / greedy algorithms | Invariants / monovariants | Factorization techniques,proof and answer,0.42485395645246943,0.31143162393162394,0.5292652552926526,0.0,0.6845238095238095,0.32713754646840143,0.8461538461538461,0.972972972972973,0.4063584929921563
MATHNET-0h1p,Discrete Mathematics | Number Theory,Combinatorics | Other,Induction / smoothing,proof and answer,0.6165693043016462,0.49198717948717957,0.7540473225404732,0.6109422492401216,0.6845238095238095,0.6919808815719597,0.8461538461538461,0.972972972972973,0.6534974926064036
MATHNET-035k,Discrete Mathematics | Number Theory,Combinatorics | Other,"Induction / smoothing | Coloring schemes, extremal arguments",proof only,0.56558682952735,0.560363247863248,0.34993773349937735,0.6109422492401216,0.0,0.6016994158258099,1.0,0.972972972972973,0.5063970682782565
MATHNET-0dv1,Number Theory,Modular Arithmetic,,proof and answer,0.0918746680828465,0.15224358974358973,0.0,0.0,0.0,0.6919808815719597,0.8461538461538461,0.9459459459459459,0.17207792207792214
MATHNET-047k,Algebra | Discrete Mathematics,Combinatorics | Equations and Inequalities,Muirhead / majorization | Combinatorial optimization | Induction / smoothing,proof only,0.9755708975039831,0.967948717948718,0.6587795765877957,0.9855623100303951,0.8415178571428571,0.6016994158258099,1.0,0.9054054054054054,0.8616754532596117
MATHNET-0amu,Geometry,Plane Geometry,Circles,final answer only,0.0,0.0,0.0,0.0,0.0,0.0,0.3076923076923077,0.8918918918918919,0.014787193005014816
MATHNET-0da8,Geometry,Plane Geometry,Quadrilaterals > Cyclic quadrilaterals | Miscellaneous > Angle chasing,proof only,0.29952203929899096,0.33653846153846156,0.7540473225404732,0.0,0.0,0.6919808815719597,1.0,0.8918918918918919,0.4164845055934165
MATHNET-0302,Algebra | Number Theory,Divisibility / Factorization | Prealgebra / Basic Algebra,Factorization techniques | Least common multiples (lcm) | Integers,proof and answer,0.694105151354222,0.7537393162393162,0.0,0.0,0.0,0.8672331386086033,0.8461538461538461,0.8783783783783784,0.44609103767519626
MATHNET-0ldf,Discrete Mathematics | Geometry,Combinatorics | Plane Geometry,"Analytic / Coordinate Methods > Cartesian coordinates | Induction / smoothing | Coloring schemes, extremal arguments",proof only,0.8125331917153478,0.6383547008547008,0.6587795765877957,0.8366261398176291,0.9665178571428571,0.8900690387679234,1.0,0.9459459459459459,0.7904719043332906
MATHNET-0if1,Algebra | Discrete Mathematics,Algebraic Expressions | Combinatorics,Enumeration with symmetry | Sequences and Series > Sums and products,proof and answer,0.21614445034519383,0.21901709401709404,0.5292652552926526,0.0,0.552827380952381,0.1486988847583643,0.8461538461538461,0.9054054054054054,0.3045518837598046
MATHNET-02ff,Algebra | Number Theory,Algebraic Expressions | Modular Arithmetic | Residues and Primitive Roots,Functional Equations | Fermat / Euler / Wilson theorems | Primitive roots mod p / p^n | Quadratic residues,proof and answer,0.528412108337759,0.6842948717948718,0.34993773349937735,0.6109422492401216,0.9278273809523812,0.6016994158258099,0.8461538461538461,0.8783783783783784,0.5912626976983413
MATHNET-02n7,Number Theory,Divisibility / Factorization,,proof and answer,0.2575677110993096,0.36111111111111116,0.34993773349937735,0.0,0.0,0.6016994158258099,0.8461538461538461,0.9459459459459459,0.31123826668381127
MATHNET-02n9,Discrete Mathematics | Number Theory,Combinatorics | Divisibility / Factorization,Enumeration with symmetry | Factorization techniques,proof and answer,0.0,0.0,0.0,0.0,0.0,0.0,0.8461538461538461,0.972972972972973,0.039218207535039185
MATHNET-0jxw,Discrete Mathematics,Combinatorics,Inclusion-exclusion,proof and answer,0.718534253850239,0.7986111111111112,0.34993773349937735,0.6109422492401216,0.0,0.8672331386086033,0.8461538461538461,1.0,0.6128005657708628
MATHNET-0gfd,Algebra,Equations and Inequalities,Muirhead / majorization | QM-AM-GM-HM / Power Mean,proof only,0.0,0.0,0.0,0.0,0.0,0.0,1.0,0.8108108108108109,0.04178989327504179
MATHNET-0bg5,Geometry,Plane Geometry,"Triangles > Triangle centers: centroid, incenter, circumcenter, orthocenter, Euler line, nine-point circle | Miscellaneous > Angle chasing",proof only,0.15560276155071692,0.36111111111111116,0.34993773349937735,0.0,0.0,0.1486988847583643,1.0,0.8918918918918919,0.23685225665423684
MATHNET-0jx0,Algebra,Algebraic Expressions | Intermediate Algebra,Complex numbers | Polynomials > Roots of unity,proof and answer,0.41688794476898566,0.33653846153846156,0.7540473225404732,0.0,0.0,0.1486988847583643,0.8461538461538461,0.8108108108108109,0.37077279156487086
MATHNET-0jar,Discrete Mathematics,Combinatorics,"Games / greedy algorithms | Coloring schemes, extremal arguments",proof only,0.36749867233138606,0.08173076923076925,0.34993773349937735,0.0,0.0,0.4843335103558152,1.0,1.0,0.28092452102353094
MATHNET-00mi,Algebra,Algebraic Expressions | Equations and Inequalities,QM-AM-GM-HM / Power Mean | Polynomials > Polynomial operations | Polynomials > Symmetric functions,proof and answer,0.3324482209240573,0.21901709401709404,0.34993773349937735,0.0,0.0,0.1486988847583643,0.8461538461538461,0.8108108108108109,0.24566028031374568
MATHNET-0dbf,Algebra,Algebraic Expressions,Polynomials > Vieta's formulas | Polynomials > Symmetric functions,proof only,0.5624004248539564,0.3888888888888889,0.6587795765877957,0.0,0.0,0.1486988847583643,1.0,0.8108108108108109,0.4022116497364023
MATHNET-06fe,Algebra | Number Theory,Algebraic Expressions | Divisibility / Factorization | Prealgebra / Basic Algebra,Integers | Polynomials > Polynomial operations,proof only,0.09028146574614976,0.11591880341880342,0.0,0.6109422492401216,0.0,0.1486988847583643,1.0,0.8783783783783784,0.1817217436029317
MATHNET-03qe,Geometry,Plane Geometry,Concurrency and Collinearity > Menelaus' theorem | Quadrilaterals,proof and answer,0.6484333510355815,0.6383547008547008,0.0,0.6109422492401216,0.6845238095238095,0.32713754646840143,0.8461538461538461,0.8918918918918919,0.48582358235823586
MATHNET-0kw5,Geometry,Plane Geometry,"Transformations > Spiral similarity | Advanced Configurations > Isogonal/isotomic conjugates, barycentric coordinates | Miscellaneous > Angle chasing | Miscellaneous > Distance chasing",proof and answer,0.4052044609665427,0.49198717948717957,0.7540473225404732,0.0,0.552827380952381,0.6919808815719597,0.8461538461538461,0.8918918918918919,0.5114761476147616
MATHNET-06nj,Discrete Mathematics,Combinatorics,"Coloring schemes, extremal arguments",proof and answer,0.8672331386086033,0.8803418803418803,0.6587795765877957,0.7545592705167175,0.552827380952381,0.9038767923526289,0.8461538461538461,1.0,0.7977690626205478
MATHNET-0l0n,Algebra | Number Theory,Algebraic Expressions | Diophantine Equations | Divisibility / Factorization,"Techniques: modulo, size analysis, order analysis, inequalities | Factorization techniques | Polynomials > Polynomial operations",proof and answer,0.30483271375464677,0.3888888888888889,0.34993773349937735,0.0,0.0,0.1486988847583643,0.8461538461538461,0.8783783783783784,0.2712485534267712
MATHNET-0gm2,Algebra,Algebraic Expressions,Functional Equations > Injectivity / surjectivity | Functional Equations > Existential quantifiers,proof and answer,0.0,0.0,0.0,0.0,0.0,0.0,0.8461538461538461,0.8108108108108109,0.03536067892503536
MATHNET-0aae,Geometry,Plane Geometry,Quadrilaterals > Cyclic quadrilaterals | Miscellaneous > Angle chasing | Miscellaneous > Constructions and loci,proof only,0.516728624535316,0.4150641025641026,0.5292652552926526,0.6109422492401216,0.6845238095238095,0.6016994158258099,1.0,0.8918918918918919,0.5625884016973127
MATHNET-0c9v,Geometry,Plane Geometry,"Triangles > Triangle centers: centroid, incenter, circumcenter, orthocenter, Euler line, nine-point circle | Circles > Tangents | Analytic / Coordinate Methods > Cartesian coordinates | Miscellaneous > Angle chasing",proof only,0.0,0.0,0.0,0.0,0.0,0.0,1.0,0.8918918918918919,0.04371865758004375
MATHNET-0b7n,Geometry,Plane Geometry,"Combinatorial Geometry | Triangles > Triangle centers: centroid, incenter, circumcenter, orthocenter, Euler line, nine-point circle | Geometric Inequalities > Optimization in geometry",proof and answer,0.8544875199150291,0.8803418803418803,0.5292652552926526,0.9224924012158056,0.6845238095238095,0.4843335103558152,0.8461538461538461,0.8918918918918919,0.7472675839012473
MATHNET-0hgo,Algebra | Number Theory,Algebraic Expressions | Divisibility / Factorization | Other,Factorization techniques | Polynomials > Polynomial operations,proof only,0.0759426447158789,0.11591880341880342,0.0,0.6109422492401216,0.0,0.1486988847583643,1.0,0.8783783783783784,0.17824996785392827
MATHNET-08rj,Geometry,Solid Geometry,Volume,proof and answer,0.6277217206585236,0.6623931623931625,0.34993773349937735,0.0,0.0,0.4843335103558152,0.8461538461538461,0.8918918918918919,0.43975826154043984
MATHNET-0500,Discrete Mathematics,Combinatorics,"Counting two ways | Coloring schemes, extremal arguments",proof and answer,0.5369091874668082,0.5865384615384616,0.5292652552926526,0.8366261398176291,0.6845238095238095,0.4843335103558152,0.8461538461538461,1.0,0.609007329304359
MATHNET-0652,Geometry,Plane Geometry,Circles > Tangents | Miscellaneous > Distance chasing,proof and answer,0.5762081784386617,0.4551282051282052,0.5292652552926526,0.0,0.0,0.4843335103558152,0.8461538461538461,0.8918918918918919,0.42689983284042676
MATHNET-08wo,Number Theory,Divisibility / Factorization | Number-Theoretic Functions,τ (number of divisors) | Factorization techniques,proof and answer,0.7243759957514606,0.7371794871794872,0.9034869240348692,0.6109422492401216,0.783482142857143,0.4843335103558152,0.8461538461538461,0.9459459459459459,0.7374951780892376
MATHNET-06c9,Geometry,Plane Geometry,"Triangles > Triangle centers: centroid, incenter, circumcenter, orthocenter, Euler line, nine-point circle | Miscellaneous > Angle chasing | Quadrilaterals > Cyclic quadrilaterals",proof only,0.13436006372809345,0.2676282051282051,0.0,0.0,0.0,0.32713754646840143,1.0,0.8918918918918919,0.1641699884274142
MATHNET-02xf,Algebra | Number Theory,Other | Prealgebra / Basic Algebra,Integers,final answer only,0.4482209240573552,0.33653846153846156,0.0,0.0,0.0,0.4843335103558152,0.3076923076923077,0.8783783783783784,0.24238138099524237
MATHNET-0g1b,Geometry,Plane Geometry,Miscellaneous > Angle chasing | Geometric Inequalities > Optimization in geometry | Analytic / Coordinate Methods > Cartesian coordinates,proof and answer,0.9649495485926713,0.7537393162393162,0.0,0.0,0.0,0.9500796601168348,0.8461538461538461,0.8918918918918919,0.5220200591487721
MATHNET-0anv,Algebra,Algebraic Expressions,"Polynomials > Polynomial interpolation: Newton, Lagrange",MCQ,0.0,0.0,0.0,0.0,0.0,0.0,0.0,0.8108108108108109,0.0
MATHNET-0ggv,Algebra | Discrete Mathematics | Geometry,Combinatorics | Equations and Inequalities | Plane Geometry,Analytic / Coordinate Methods > Cartesian coordinates | QM-AM-GM-HM / Power Mean | Counting two ways,proof and answer,0.22039298990971853,0.49198717948717957,0.0,0.0,0.0,0.6016994158258099,0.8461538461538461,0.9009009009009008,0.2525288243110025
MATHNET-0gj4,Discrete Mathematics,Combinatorics,"Invariants / monovariants | Coloring schemes, extremal arguments",proof only,0.5241635687732342,0.560363247863248,0.0,0.0,0.0,0.6016994158258099,1.0,1.0,0.34720972097209724
MATHNET-03xn,Algebra,Algebraic Expressions,Polynomials > Symmetric functions | Polynomials > Vieta's formulas | Polynomials > Polynomial operations,proof only,0.8364312267657992,0.7051282051282051,0.5292652552926526,0.8366261398176291,0.0,0.8061603823685608,1.0,0.8108108108108109,0.6846791822039348
MATHNET-0e84,Algebra,Algebraic Expressions,Polynomials > Polynomial operations,final answer only,0.0,0.0,0.0,0.0,0.0,0.0,0.3076923076923077,0.8108108108108109,0.012858428700012858
MATHNET-0f3d,Algebra,Linear Algebra,Vectors,proof only,0.15347849176845457,0.17254273504273504,0.7540473225404732,0.0,0.552827380952381,0.32713754646840143,1.0,0.8108108108108109,0.3531888903176032
MATHNET-00md,Algebra,Algebraic Expressions,Functional Equations | Polynomials,proof and answer,0.2788104089219331,0.36111111111111116,0.5292652552926526,0.0,0.0,0.4843335103558152,0.8461538461538461,0.8108108108108109,0.3359907419313359
MATHNET-0alz,Algebra,Intermediate Algebra,Quadratic functions | Other,proof and answer,0.0,0.0,0.0,0.0,0.0,0.0,0.8461538461538461,0.8108108108108109,0.03536067892503536
MATHNET-08pg,Number Theory,Divisibility / Factorization | Modular Arithmetic,Factorization techniques | Fermat / Euler / Wilson theorems,proof and answer,0.6420605416887943,0.6752136752136753,0.6587795765877957,0.6109422492401216,0.8415178571428571,0.6919808815719597,0.8461538461538461,0.9459459459459459,0.6859971711456859
MATHNET-03yl,Algebra,Equations and Inequalities,QM-AM-GM-HM / Power Mean,proof and answer,0.7642060541688794,0.8477564102564102,0.5292652552926526,0.0,0.9784226190476192,0.8374933616569304,0.8461538461538461,0.8108108108108109,0.6686704384724188
MATHNET-0ag7,Number Theory,Divisibility / Factorization | Modular Arithmetic,Fermat / Euler / Wilson theorems | Prime numbers,proof only,0.2681890600106213,0.4150641025641026,0.0,0.6109422492401216,0.0,0.4843335103558152,1.0,0.9459459459459459,0.32104281856757105
MATHNET-07du,Algebra | Discrete Mathematics,Abstract Algebra | Combinatorics,Invariants / monovariants | Permutations / basic group theory,proof only,0.6548061603823685,0.43589743589743596,0.6587795765877957,0.0,0.6845238095238095,0.4843335103558152,1.0,0.9054054054054054,0.5351035103510351
MATHNET-03qo,Geometry,Plane Geometry,Analytic / Coordinate Methods > Cartesian coordinates,MCQ,0.10355815188528943,0.13301282051282054,0.34993773349937735,0.0,0.0,0.1486988847583643,0.0,0.8918918918918919,0.14128198534139125
MATHNET-0bvn,Number Theory,Divisibility / Factorization | Modular Arithmetic,Inverses mod n | Greatest common divisors (gcd),proof and answer,0.5092936802973977,0.6116452991452992,0.0,0.7545592705167175,0.9665178571428571,0.6016994158258099,0.8461538461538461,0.9459459459459459,0.5244310145300244
MATHNET-0j8y,Geometry,Plane Geometry,Triangles > Triangle trigonometry,proof and answer,0.1598513011152416,0.15224358974358973,0.34993773349937735,0.0,0.0,0.32713754646840143,0.8461538461538461,0.8918918918918919,0.21534653465346526
MATHNET-0fj3,Algebra | Discrete Mathematics,Algebraic Expressions | Combinatorics,Functional Equations > Injectivity / surjectivity | Induction / smoothing,proof and answer,0.5082315454062666,0.36111111111111116,0.0,0.0,0.0,0.1486988847583643,0.8461538461538461,0.9054054054054054,0.24386010029574387
MATHNET-0j20,Statistics,Probability,Counting Methods > Other,proof and answer,0.580987785448752,0.7051282051282051,0.6587795765877957,0.0,0.552827380952381,0.6919808815719597,0.8461538461538461,0.2702702702702703,0.5580558055805581
MATHNET-0dps,Discrete Mathematics | Geometry,Combinatorics | Plane Geometry,Combinatorial Geometry > Helly's theorem | Combinatorial Geometry > Convex hulls | Pigeonhole principle,proof only,0.956452469463622,0.9492521367521367,0.8188044831880449,0.8882978723404256,0.9665178571428571,0.9320233669676048,1.0,0.9459459459459459,0.9261283271184264
MATHNET-09xk,Algebra | Discrete Mathematics,Algebraic Expressions | Combinatorics,Invariants / monovariants | Induction / smoothing | Sequences and Series > Sums and products,proof and answer,0.9044078597981944,0.8584401709401709,0.8804483188044833,0.8366261398176291,0.6845238095238095,0.4843335103558152,0.8461538461538461,0.9054054054054054,0.8173460203163173
MATHNET-09jj,Number Theory,Diophantine Equations | Divisibility / Factorization,"Factorization techniques | Techniques: modulo, size analysis, order analysis, inequalities",proof and answer,0.0,0.0,0.0,0.0,0.0,0.0,0.8461538461538461,0.9459459459459459,0.038575286100038575
MATHNET-072u,Geometry,Plane Geometry,Triangles | Miscellaneous > Angle chasing,proof only,0.4843335103558152,0.5422008547008548,0.8804483188044833,0.7545592705167175,0.783482142857143,0.4843335103558152,1.0,0.8918918918918919,0.6627877073421629
MATHNET-0ej1,Geometry,Solid Geometry,Surface Area | 3D Shapes | Other 3D problems,MCQ,0.15135422198619225,0.1917735042735043,0.0,0.0,0.0,0.32713754646840143,0.0,0.8918918918918919,0.11280056577086277
MATHNET-017c,Discrete Mathematics | Number Theory,Combinatorics | Modular Arithmetic,Fermat / Euler / Wilson theorems | Pigeonhole principle,proof only,0.5464684014869887,0.5865384615384616,0.5292652552926526,0.7545592705167175,0.552827380952381,0.6016994158258099,1.0,0.972972972972973,0.6095216664523596
MATHNET-0k1e,Statistics,Probability,Counting Methods > Other,proof and answer,0.12692511949017524,0.17254273504273504,0.0,0.0,0.0,0.32713754646840143,0.8461538461538461,0.2702702702702703,0.12398739873987397
MATHNET-0bh8,Algebra | Geometry,Algebraic Expressions | Plane Geometry,Sequences and Series > Sums and products | Analytic / Coordinate Methods > Trigonometry,proof and answer,0.0,0.0,0.0,0.0,0.0,0.0,0.8461538461538461,0.8513513513513513,0.036325061077536316
MATHNET-0jnd,Number Theory,Divisibility / Factorization | Modular Arithmetic,Chinese remainder theorem | Fermat / Euler / Wilson theorems | Greatest common divisors (gcd) | Inverses mod n | Prime numbers,proof and answer,0.7110993096123207,0.7051282051282051,0.8188044831880449,0.6109422492401216,0.783482142857143,0.7594264471587892,0.8461538461538461,0.9459459459459459,0.7443101453002444
MATHNET-0ab4,Algebra,Prealgebra / Basic Algebra,Integers,final answer only,0.07806691449814125,0.09455128205128205,0.0,0.0,0.0,0.32713754646840143,0.3076923076923077,0.8108108108108109,0.0884338433843384
MATHNET-07cj,Algebra,Algebraic Expressions | Equations and Inequalities,QM-AM-GM-HM / Power Mean | Cauchy-Schwarz | Polynomials > Symmetric functions,proof only,0.8279341476367499,0.7051282051282051,0.9221668742216688,0.0,0.552827380952381,0.32713754646840143,1.0,0.8108108108108109,0.6473575929021473
MATHNET-09qh,Discrete Mathematics | Number Theory,Combinatorics | Other,"Coloring schemes, extremal arguments | Induction / smoothing",proof and answer,0.6664896441848115,0.3888888888888889,0.0,0.0,0.0,0.6919808815719597,0.8461538461538461,0.972972972972973,0.3545711714028546
MATHNET-01b8,Algebra,Algebraic Expressions,"Polynomials > Polynomial operations | Polynomials > Irreducibility: Rational Root Theorem, Gauss's Lemma, Eisenstein",proof only,0.8321826872012746,0.8685897435897436,0.8188044831880449,0.952887537993921,0.8757440476190478,0.8672331386086033,1.0,0.8108108108108109,0.8707727915648708
MATHNET-0ii2,Number Theory,Divisibility / Factorization | Residues and Primitive Roots,Quadratic residues | Factorization techniques,proof and answer,0.0844397238449283,0.13301282051282054,0.0,0.0,0.0,0.32713754646840143,0.8461538461538461,0.9459459459459459,0.12263726372637261
MATHNET-0bnb,Algebra,Equations and Inequalities,Cauchy-Schwarz | Linear and quadratic inequalities,proof only,0.5135422198619225,0.4551282051282052,0.0,0.0,0.0,0.1486988847583643,1.0,0.8108108108108109,0.2662980583772664
MATHNET-09jr,Geometry,Plane Geometry,Quadrilaterals | Analytic / Coordinate Methods > Cartesian coordinates | Transformations > Homothety,proof only,0.0,0.0,0.0,0.0,0.0,0.0,1.0,0.8918918918918919,0.04371865758004375
MATHNET-0jpj,Number Theory,Other,,final answer only,0.13860860329261812,0.08173076923076925,0.0,0.0,0.0,0.1486988847583643,0.3076923076923077,0.9459459459459459,0.08239038189533238
MATHNET-05i6,Algebra,Algebraic Expressions,Functional Equations,proof and answer,0.35156664896441847,0.33653846153846156,0.0,0.0,0.0,0.32713754646840143,0.8461538461538461,0.8108108108108109,0.22084351292272086
MATHNET-00f0,Algebra | Discrete Mathematics,Combinatorics | Equations and Inequalities,"Counting two ways | Coloring schemes, extremal arguments | Cauchy-Schwarz",proof only,0.6983536909187467,0.7895299145299146,0.5292652552926526,0.6109422492401216,0.6845238095238095,0.1486988847583643,1.0,0.9054054054054054,0.6196476790536198
MATHNET-0dyz,Geometry,Plane Geometry,Concurrency and Collinearity > Menelaus' theorem | Miscellaneous > Angle chasing | Miscellaneous > Constructions and loci,proof only,0.7015400955921401,0.6752136752136753,0.5292652552926526,0.0,0.0,0.4843335103558152,1.0,0.8918918918918919,0.5034074836055035
MATHNET-0k65,Geometry,Plane Geometry,Combinatorial Geometry | Miscellaneous > Constructions and loci,proof and answer,0.7031332979288369,0.49198717948717957,0.5292652552926526,0.0,0.0,0.1486988847583643,0.8461538461538461,0.8918918918918919,0.42365307959367376
MATHNET-0l68,Geometry,Plane Geometry,Transformations > Inversion | Analytic / Coordinate Methods > Cartesian coordinates | Circles > Tangents,final answer only,0.5698353690918746,0.4738247863247863,0.7540473225404732,0.0,0.0,0.7594264471587892,0.3076923076923077,0.8918918918918919,0.48595216664523605
MATHNET-0dvk,Geometry,Plane Geometry,"Triangles > Triangle centers: centroid, incenter, circumcenter, orthocenter, Euler line, nine-point circle | Circles > Tangents | Miscellaneous > Angle chasing",proof only,0.3021773765268189,0.4150641025641026,0.0,0.0,0.0,0.6016994158258099,1.0,0.8918918918918919,0.26465860871801467
MATHNET-0ig6,Discrete Mathematics,Combinatorics,"Enumeration with symmetry | Recursion, bijection",proof and answer,0.1072756240042485,0.09455128205128205,0.0,0.0,0.0,0.32713754646840143,0.8461538461538461,1.0,0.12250867943937252
MATHNET-08l3,Algebra,Algebraic Expressions,Polynomials > Symmetric functions,proof and answer,0.19065321295804566,0.21901709401709404,0.8188044831880449,0.0,0.0,0.1486988847583643,0.8461538461538461,0.8108108108108109,0.3081522437958082
MATHNET-01el,Geometry,Plane Geometry,"Triangles > Triangle centers: centroid, incenter, circumcenter, orthocenter, Euler line, nine-point circle | Miscellaneous > Angle chasing | Miscellaneous > Distance chasing",proof only,0.46574614976101963,0.5966880341880343,0.8804483188044833,0.0,0.0,0.32713754646840143,1.0,0.8918918918918919,0.4856307059277356
MATHNET-0g1n,Geometry,Plane Geometry,"Triangles > Triangle centers: centroid, incenter, circumcenter, orthocenter, Euler line, nine-point circle | Circles > Tangents | Quadrilaterals > Cyclic quadrilaterals | Miscellaneous > Angle chasing",proof only,0.6378120021242698,0.8034188034188033,0.0,0.0,0.0,0.6016994158258099,1.0,0.8918918918918919,0.41603446058891613
MATHNET-0g57,Algebra,Intermediate Algebra,Other,proof and answer,0.3834306956983537,0.576388888888889,0.0,0.0,0.0,0.4843335103558152,0.8461538461538461,0.8108108108108109,0.2908898032660409
MATHNET-0dk0,Algebra | Geometry,Equations and Inequalities | Plane Geometry,Triangles > Triangle inequalities | Geometric Inequalities > Triangle inequalities | Geometric Inequalities > Optimization in geometry | Linear and quadratic inequalities,proof and answer,0.6537440254912374,0.5865384615384616,0.5292652552926526,0.0,0.0,0.1486988847583643,0.8461538461538461,0.8513513513513513,0.42779992284942797
MATHNET-0f7p,Algebra | Number Theory,Other | Prealgebra / Basic Algebra,Integers,proof and answer,0.0,0.0,0.0,0.0,0.0,0.0,0.8461538461538461,0.8783783783783784,0.03696798251253697
MATHNET-0bot,Algebra,Algebraic Expressions | Equations and Inequalities | Prealgebra / Basic Algebra,Sequences and Series > Sums and products | Linear and quadratic inequalities | Fractions,proof and answer,0.31810939989378645,0.33653846153846156,0.7540473225404732,0.0,0.0,0.32713754646840143,0.8461538461538461,0.8108108108108109,0.36845827439886847
MATHNET-05yo,Geometry,Plane Geometry,Circles > Tangents | Quadrilaterals > Cyclic quadrilaterals | Transformations > Homothety | Transformations > Rotation | Analytic / Coordinate Methods > Cartesian coordinates | Analytic / Coordinate Methods > Vectors | Miscellaneous > Angle chasing,proof only,0.8783855549654805,0.8771367521367521,0.0,0.0,0.0,0.8672331386086033,1.0,0.8918918918918919,0.5197376880545198
MATHNET-0jxx,Algebra,Algebraic Expressions,Sequences and Series > Recurrence relations,final answer only,0.09346787041954328,0.13301282051282054,0.0,0.0,0.0,0.32713754646840143,0.3076923076923077,0.8108108108108109,0.0991063392053491
MATHNET-0krr,Algebra | Geometry,Plane Geometry | Prealgebra / Basic Algebra,Analytic / Coordinate Methods > Vectors | Simple Equations,proof and answer,0.46787041954328196,0.31143162393162394,0.34993773349937735,0.0,0.0,0.1486988847583643,0.8461538461538461,0.8513513513513513,0.29609746688954613
MATHNET-0b2w,Geometry,Plane Geometry,"Triangles > Triangle centers: centroid, incenter, circumcenter, orthocenter, Euler line, nine-point circle | Miscellaneous > Angle chasing | Analytic / Coordinate Methods > Trigonometry",proof and answer,0.39139670738183746,0.4150641025641026,0.5292652552926526,0.0,0.0,0.6919808815719597,0.8461538461538461,0.8918918918918919,0.4000578629291501
MATHNET-0dts,Geometry,Plane Geometry,Miscellaneous > Angle chasing | Miscellaneous > Distance chasing,proof only,0.12373871481678171,0.2884615384615385,0.5292652552926526,0.0,0.0,0.32713754646840143,1.0,0.8918918918918919,0.2746560370322746
MATHNET-0jjl,Geometry,Plane Geometry,Triangles > Triangle trigonometry,final answer only,0.06956983536909186,0.11591880341880342,0.34993773349937735,0.0,0.0,0.32713754646840143,0.3076923076923077,0.8918918918918919,0.16442715700141441
MATHNET-08o1,Geometry,Plane Geometry,Quadrilaterals > Cyclic quadrilaterals | Concurrency and Collinearity | Miscellaneous > Angle chasing,proof only,0.5974508762612851,0.7462606837606838,0.7540473225404732,0.0,0.0,0.6919808815719597,1.0,0.8918918918918919,0.5625884016973127
MATHNET-0htx,Geometry,Plane Geometry,"Triangles > Triangle centers: centroid, incenter, circumcenter, orthocenter, Euler line, nine-point circle | Miscellaneous > Angle chasing",proof only,0.26606479022835894,0.31143162393162394,0.6587795765877957,0.0,0.552827380952381,0.32713754646840143,1.0,0.8918918918918919,0.38777806352063776
MATHNET-0cus,Discrete Mathematics,Combinatorics,"Coloring schemes, extremal arguments",proof and answer,0.8003186404673394,0.5261752136752137,0.0,0.0,0.783482142857143,0.8374933616569304,0.8461538461538461,1.0,0.4977176289057479
MATHNET-0j3m,Geometry,Plane Geometry,"Triangles > Triangle centers: centroid, incenter, circumcenter, orthocenter, Euler line, nine-point circle | Transformations > Rotation | Geometric Inequalities > Optimization in geometry | Miscellaneous > Angle chasing",proof and answer,0.49973446627721724,0.6623931623931625,0.6587795765877957,0.6109422492401216,0.6845238095238095,0.6016994158258099,0.8461538461538461,0.8918918918918919,0.6234409155201236
MATHNET-0bo4,Algebra | Number Theory,Modular Arithmetic | Prealgebra / Basic Algebra,Integers,proof only,0.663303239511418,0.5422008547008548,0.7540473225404732,0.0,0.552827380952381,0.6016994158258099,1.0,0.8783783783783784,0.5782113925678283
MATHNET-05g5,Geometry,Plane Geometry,Quadrilaterals > Quadrilaterals with perpendicular diagonals | Quadrilaterals > Cyclic quadrilaterals | Miscellaneous > Angle chasing,proof only,0.7482740308019118,0.6917735042735044,0.0,0.0,0.0,0.8672331386086033,1.0,0.8918918918918919,0.4547704770477049
MATHNET-078n,Discrete Mathematics,Combinatorics,"Coloring schemes, extremal arguments | Invariants / monovariants",proof and answer,0.44344131704726497,0.3888888888888889,0.5292652552926526,0.0,0.6845238095238095,0.6016994158258099,0.8461538461538461,1.0,0.4587244438729587
MATHNET-03n8,Algebra | Discrete Mathematics,Combinatorics | Linear Algebra,Invariants / monovariants | Vectors,proof only,0.9065321295804567,0.8856837606837606,0.6587795765877957,0.9224924012158056,0.9278273809523812,0.9320233669676048,1.0,0.9054054054054054,0.8695512408383695
MATHNET-0hai,Algebra,Equations and Inequalities,QM-AM-GM-HM / Power Mean | Linear and quadratic inequalities,proof only,0.31810939989378645,0.31143162393162394,0.0,0.0,0.0,0.6016994158258099,1.0,0.8108108108108109,0.2478783592644979
MATHNET-01k3,Discrete Mathematics,Combinatorics,Games / greedy algorithms | Induction / smoothing,proof and answer,0.6643653744025492,0.33653846153846156,0.5292652552926526,0.0,0.8415178571428571,0.6919808815719597,0.8461538461538461,1.0,0.5272598688440274
MATHNET-0839,Discrete Mathematics,Combinatorics,"Coloring schemes, extremal arguments | Invariants / monovariants",proof and answer,0.7227827934147637,0.2676282051282051,0.0,0.0,0.0,0.1486988847583643,0.8461538461538461,1.0,0.28118168959753126
MATHNET-0f9k,Geometry,Plane Geometry,Quadrilaterals | Miscellaneous > Angle chasing,proof only,0.09506107275624003,0.24145299145299148,0.34993773349937735,0.6109422492401216,0.0,0.32713754646840143,1.0,0.8918918918918919,0.29972997299729975
MATHNET-00cv,Algebra | Discrete Mathematics,Algebraic Expressions | Combinatorics | Prealgebra / Basic Algebra,"Sequences and Series > Sums and products | Coloring schemes, extremal arguments | Integers",proof and answer,0.400955921402018,0.560363247863248,0.0,0.0,0.0,0.1486988847583643,0.8461538461538461,0.9054054054054054,0.2538575286100038
MATHNET-0h39,Algebra | Discrete Mathematics | Number Theory,Combinatorics | Other | Prealgebra / Basic Algebra,Invariants / monovariants | Integers,proof and answer,0.5878916622411046,0.6623931623931625,0.0,0.0,0.0,0.6016994158258099,0.8461538461538461,0.918918918918919,0.3727015558698727
MATHNET-0ig4,Calculus,Differential Calculus | Differential Equations,ODEs | Derivatives,proof and answer,0.3977695167286245,0.4738247863247863,0.34993773349937735,0.0,0.0,0.32713754646840143,0.8461538461538461,0.6756756756756757,0.3258647293300759
MATHNET-03gy,Geometry,Plane Geometry,Analytic / Coordinate Methods > Cartesian coordinates | Miscellaneous > Constructions and loci | Miscellaneous > Distance chasing,proof and answer,0.7769516728624536,0.8728632478632478,0.5292652552926526,0.0,0.0,0.7594264471587892,0.8461538461538461,0.8918918918918919,0.5842227079850842
MATHNET-0jtz,Number Theory,Diophantine Equations | Modular Arithmetic,"Techniques: modulo, size analysis, order analysis, inequalities",proof and answer,0.7578332448220925,0.8157051282051282,0.6587795765877957,0.7545592705167175,0.6845238095238095,0.8374933616569304,0.8461538461538461,0.9459459459459459,0.7616690240452619
MATHNET-0ebi,Number Theory,Divisibility / Factorization | Modular Arithmetic,Greatest common divisors (gcd) | Prime numbers | Inverses mod n,proof and answer,0.3924588422729686,0.5865384615384616,0.0,0.0,0.0,0.32713754646840143,0.8461538461538461,0.9459459459459459,0.2790921949337791
MATHNET-09iq,Geometry,Plane Geometry,Quadrilaterals > Cyclic quadrilaterals | Circles > Radical axis theorem | Miscellaneous > Angle chasing,proof only,0.1933085501858736,0.33653846153846156,0.7540473225404732,0.0,0.0,0.1486988847583643,1.0,0.8918918918918919,0.32499678539282506
MATHNET-0doe,Geometry,Plane Geometry,Circles > Radical axis theorem | Quadrilaterals > Cyclic quadrilaterals | Concurrency and Collinearity > Pappus theorem,proof only,0.4572490706319702,0.6917735042735044,0.0,0.0,0.0,0.7594264471587892,1.0,0.8918918918918919,0.3712549826411213
MATHNET-0590,Discrete Mathematics,Combinatorics,"Pigeonhole principle | Coloring schemes, extremal arguments",proof only,0.4545937334041423,0.2676282051282051,0.34993773349937735,0.0,0.6845238095238095,0.6016994158258099,1.0,1.0,0.4089301787321589
MATHNET-05tl,Number Theory,Diophantine Equations | Divisibility / Factorization | Modular Arithmetic,"Techniques: modulo, size analysis, order analysis, inequalities | Factorization techniques",proof and answer,0.9532660647902284,0.9754273504273504,0.0,0.6109422492401216,0.0,0.9405204460966543,0.8461538461538461,0.9459459459459459,0.6368779735116369
MATHNET-00et,Algebra | Number Theory,Algebraic Number Theory | Other | Prealgebra / Basic Algebra,Algebraic numbers | Integers,proof only,0.7620817843866172,0.7051282051282051,0.5292652552926526,0.9414893617021277,0.9002976190476191,0.1486988847583643,1.0,0.8783783783783784,0.6797929792979299
MATHNET-0j86,Number Theory,Divisibility / Factorization | Number-Theoretic Functions,φ (Euler's totient) | Greatest common divisors (gcd),proof only,0.23844928305894847,0.4150641025641026,0.34993773349937735,0.0,0.6845238095238095,0.32713754646840143,1.0,0.9459459459459459,0.34868844027259865
MATHNET-03bp,Discrete Mathematics,Combinatorics,"Pigeonhole principle | Coloring schemes, extremal arguments",proof and answer,0.7307488050982476,0.6501068376068376,0.6587795765877957,0.0,0.552827380952381,0.6016994158258099,0.8461538461538461,1.0,0.5908126526938409
MATHNET-0law,Algebra,Algebraic Expressions | Equations and Inequalities,Sequences and Series > Recurrence relations | Sequences and Series > Telescoping series | QM-AM-GM-HM / Power Mean,proof only,0.6675517790759427,0.49198717948717957,0.9221668742216688,0.0,0.0,0.32713754646840143,1.0,0.8108108108108109,0.5222772277227724
MATHNET-029k,Discrete Mathematics | Geometry,Combinatorics | Plane Geometry,Miscellaneous > Constructions and loci | Counting two ways,proof and answer,0.07063197026022304,0.0,0.0,0.0,0.0,0.4843335103558152,0.8461538461538461,0.9459459459459459,0.11431143114311428
MATHNET-0feu,Discrete Mathematics,Combinatorics,"Coloring schemes, extremal arguments",proof only,0.19861922464152945,0.08173076923076925,0.0,0.0,0.0,0.1486988847583643,1.0,1.0,0.12713771377137714
MATHNET-0cie,Geometry,Plane Geometry,Miscellaneous > Angle chasing | Miscellaneous > Constructions and loci,proof only,0.0,0.0,0.0,0.0,0.0,0.0,1.0,0.8918918918918919,0.04371865758004375
MATHNET-071o,Discrete Mathematics | Geometry,Combinatorics | Plane Geometry,"Triangles > Triangle inequalities | Recursion, bijection",proof only,0.6388741370154009,0.6383547008547008,0.9034869240348692,0.0,0.783482142857143,0.4843335103558152,1.0,0.9459459459459459,0.6278449273498778
MATHNET-084e,Discrete Mathematics | Number Theory,Combinatorics | Divisibility / Factorization,Inclusion-exclusion | Least common multiples (lcm),proof and answer,0.5894848645778014,0.4551282051282052,0.0,0.0,0.0,0.7594264471587892,0.8461538461538461,0.972972972972973,0.3560498907033561
MATHNET-01u9,Geometry,Plane Geometry,"Miscellaneous > Angle chasing | Circles > Tangents | Triangles > Triangle centers: centroid, incenter, circumcenter, orthocenter, Euler line, nine-point circle",proof only,0.6186935740839086,0.7051282051282051,0.34993773349937735,0.0,0.0,0.32713754646840143,1.0,0.8918918918918919,0.4326861257554328
MATHNET-00kp,Algebra,Equations and Inequalities,QM-AM-GM-HM / Power Mean,proof and answer,0.10939989378651088,0.13301282051282054,0.0,0.0,0.0,0.1486988847583643,0.8461538461538461,0.8108108108108109,0.10386395782435383
MATHNET-03z3,Algebra,Equations and Inequalities,QM-AM-GM-HM / Power Mean | Jensen / smoothing,proof only,0.9182156133828996,0.7462606837606838,0.6587795765877957,0.9414893617021277,0.6845238095238095,0.6919808815719597,1.0,0.8108108108108109,0.7972868715442972
MATHNET-03tp,Algebra,Equations and Inequalities,Linear and quadratic inequalities,MCQ,0.38980350504514066,0.2676282051282051,0.34993773349937735,0.0,0.0,0.32713754646840143,0.0,0.8108108108108109,0.2545647421885045
MATHNET-0e73,Discrete Mathematics,Combinatorics,Games / greedy algorithms | Invariants / monovariants,proof and answer,0.5379713223579393,0.5261752136752137,0.5292652552926526,0.8366261398176291,0.783482142857143,0.32713754646840143,0.8461538461538461,1.0,0.5878873601645881
MATHNET-0698,Number Theory,Diophantine Equations | Divisibility / Factorization | Modular Arithmetic,"Prime numbers | Fermat / Euler / Wilson theorems | Techniques: modulo, size analysis, order analysis, inequalities",proof and answer,0.0,0.0,0.0,0.0,0.0,0.0,0.8461538461538461,0.9459459459459459,0.038575286100038575
MATHNET-0g0v,Algebra | Number Theory,Algebraic Expressions | Divisibility / Factorization,Factorization techniques | Polynomials > Polynomial operations,proof only,0.5730217737652681,0.2884615384615385,0.0,0.0,0.0,0.7594264471587892,1.0,0.8783783783783784,0.32615404397582615
MATHNET-0ef5,Algebra,Prealgebra / Basic Algebra,Simple Equations,proof and answer,0.22251725969198086,0.2884615384615385,0.0,0.0,0.0,0.32713754646840143,0.8461538461538461,0.8108108108108109,0.18091809180918098
MATHNET-0gbv,Algebra | Number Theory,Algebraic Expressions | Divisibility / Factorization | Modular Arithmetic,Greatest common divisors (gcd) | Polynomials > Polynomial operations,proof only,0.34838024429102493,0.6501068376068376,0.0,0.0,0.0,0.4843335103558152,1.0,0.8783783783783784,0.30374823196605377
MATHNET-09cc,Algebra | Discrete Mathematics,Algebraic Expressions | Combinatorics,Generating functions | Polynomials > Polynomial operations | Sequences and Series > Sums and products,proof only,0.4413170472650026,0.2676282051282051,0.0,0.0,0.0,0.1486988847583643,1.0,0.9054054054054054,0.21721100681496724
MATHNET-06h1,Geometry,Plane Geometry,"Triangles > Triangle centers: centroid, incenter, circumcenter, orthocenter, Euler line, nine-point circle | Quadrilaterals > Cyclic quadrilaterals | Miscellaneous > Angle chasing",proof only,0.6123207647371216,0.5422008547008548,0.7540473225404732,0.0,0.0,0.6919808815719597,1.0,0.8918918918918919,0.5293493635077794
MATHNET-0ij0,Algebra,Algebraic Expressions,Polynomials > Vieta's formulas | Polynomials > Symmetric functions | Polynomials > Intermediate Value Theorem | Sequences and Series > Recurrence relations,proof and answer,0.6702071163037705,0.7051282051282051,0.8549190535491905,0.0,0.0,0.32713754646840143,0.8461538461538461,0.8108108108108109,0.5410826796965411
MATHNET-02jz,Geometry,Plane Geometry,Circles,MCQ,0.4131704726500265,0.43589743589743596,0.0,0.0,0.0,0.6919808815719597,0.0,0.8918918918918919,0.26443358621576446
MATHNET-09hc,Number Theory,Divisibility / Factorization | Modular Arithmetic | Residues and Primitive Roots,Prime numbers | Factorization techniques | Fermat / Euler / Wilson theorems | Multiplicative order,proof and answer,0.6797663303239511,0.7895299145299146,0.9371108343711084,0.8366261398176291,0.552827380952381,0.32713754646840143,0.8461538461538461,0.9459459459459459,0.732769705541983
MATHNET-002s,Number Theory,Divisibility / Factorization,Greatest common divisors (gcd) | Factorization techniques,proof only,0.0,0.0,0.0,0.0,0.0,0.0,1.0,0.9459459459459459,0.045004500450045004
MATHNET-0a4r,Discrete Mathematics | Geometry,Combinatorics | Plane Geometry,"Miscellaneous > Angle chasing | Coloring schemes, extremal arguments | Pigeonhole principle",proof only,0.7631439192777483,0.5096153846153847,0.7540473225404732,0.6109422492401216,0.783482142857143,0.8374933616569304,1.0,0.9459459459459459,0.7241224122412241
MATHNET-0djq,Discrete Mathematics,Combinatorics,"Pigeonhole principle | Coloring schemes, extremal arguments",proof and answer,0.07434944237918215,0.11591880341880342,0.0,0.6109422492401216,0.0,0.1486988847583643,0.8461538461538461,1.0,0.17432814710042435
MATHNET-049x,Geometry,Plane Geometry,Triangles,proof and answer,0.0,0.0,0.0,0.0,0.0,0.0,0.8461538461538461,0.8918918918918919,0.03728944323003732
MATHNET-00cu,Number Theory,Modular Arithmetic,Inverses mod n,proof and answer,0.3882103027084439,0.6116452991452992,0.0,0.0,0.0,0.32713754646840143,0.8461538461538461,0.9459459459459459,0.28259611675453256
MATHNET-05zn,Algebra | Discrete Mathematics,Algebraic Expressions | Combinatorics,Sequences and Series > Recurrence relations | Sequences and Series > Sums and products | Induction / smoothing,proof only,0.7408390865639936,0.7051282051282051,0.0,0.0,0.0,0.6919808815719597,1.0,0.9054054054054054,0.4344863057734344
MATHNET-039t,Geometry,Plane Geometry,"Triangles > Triangle centers: centroid, incenter, circumcenter, orthocenter, Euler line, nine-point circle | Quadrilaterals > Cyclic quadrilaterals | Circles > Tangents | Miscellaneous > Angle chasing",proof and answer,0.09930961232076471,0.13301282051282054,0.34993773349937735,0.0,0.0,0.4843335103558152,0.8461538461538461,0.8918918918918919,0.21624662466246625
MATHNET-07cc,Geometry | Number Theory,Divisibility / Factorization | Plane Geometry,Miscellaneous > Constructions and loci | Circles > Circle of Apollonius | Concurrency and Collinearity > Ceva's theorem | Analytic / Coordinate Methods > Cartesian coordinates | Factorization techniques,proof and answer,0.9808815719596389,0.9706196581196581,0.9221668742216688,0.9779635258358662,0.552827380952381,0.9038767923526289,0.8461538461538461,0.918918918918919,0.9223993827954224
MATHNET-04ra,Discrete Mathematics,Combinatorics,Invariants / monovariants,proof only,0.2405735528412108,0.3888888888888889,0.5292652552926526,0.0,0.552827380952381,0.1486988847583643,1.0,1.0,0.34981355278384985
MATHNET-0apd,Algebra,Prealgebra / Basic Algebra,Simple Equations,final answer only,0.14976101964949548,0.09455128205128205,0.0,0.0,0.0,0.1486988847583643,0.3076923076923077,0.8108108108108109,0.08419056191333418
MATHNET-056g,Geometry,Plane Geometry,Miscellaneous > Angle chasing,proof and answer,0.4901752522570366,0.2884615384615385,0.6587795765877957,0.0,0.0,0.6919808815719597,0.8461538461538461,0.8918918918918919,0.427864214992928
MATHNET-0alb,Geometry,Plane Geometry,Quadrilaterals | Analytic / Coordinate Methods > Cartesian coordinates,MCQ,0.0,0.0,0.0,0.0,0.0,0.0,0.0,0.8918918918918919,0.0019287643050019563
MATHNET-076c,Algebra,Algebraic Expressions,Functional Equations > Injectivity / surjectivity,proof and answer,0.4768985661178968,0.6116452991452992,0.8804483188044833,0.7545592705167175,0.6845238095238095,0.4843335103558152,0.8461538461538461,0.8108108108108109,0.6566156615661568
MATHNET-0joq,Geometry,Plane Geometry,"Transformations > Rotation | Circles > Tangents | Triangles > Triangle centers: centroid, incenter, circumcenter, orthocenter, Euler line, nine-point circle | Triangles > Triangle trigonometry",proof and answer,0.23579394583112057,0.24145299145299148,0.34993773349937735,0.0,0.0,0.4843335103558152,0.8461538461538461,0.8918918918918919,0.2688697441172689
MATHNET-081q,Algebra | Number Theory,Diophantine Equations | Intermediate Algebra,"Exponential functions | Techniques: modulo, size analysis, order analysis, inequalities",proof and answer,0.23207647371216145,0.5422008547008548,0.0,0.0,0.0,0.6016994158258099,0.8461538461538461,0.8783783783783784,0.263887102996014
MATHNET-02er,Discrete Mathematics,Combinatorics,"Coloring schemes, extremal arguments",proof only,0.14126394052044605,0.20566239316239318,0.0,0.0,0.552827380952381,0.1486988847583643,1.0,1.0,0.1833933393339334
MATHNET-06x6,Geometry,Plane Geometry,"Triangles > Triangle centers: centroid, incenter, circumcenter, orthocenter, Euler line, nine-point circle | Quadrilaterals > Cyclic quadrilaterals | Circles > Tangents | Transformations > Spiral similarity | Advanced Configurations > Miquel point | Miscellaneous > Angle chasing",proof only,0.7079129049389272,0.8279914529914529,0.8188044831880449,0.0,0.0,0.8672331386086033,1.0,0.8918918918918919,0.638678153529639
MATHNET-03f4,Algebra,Equations and Inequalities | Intermediate Algebra,Linear and quadratic inequalities | Quadratic functions | Logarithmic functions,proof and answer,0.4073287307488051,0.36111111111111116,0.34993773349937735,0.0,0.0,0.32713754646840143,0.8461538461538461,0.8108108108108109,0.31104539025331107
MATHNET-0eao,Algebra,Prealgebra / Basic Algebra,Simple Equations,final answer only,0.0,0.0,0.0,0.0,0.0,0.0,0.3076923076923077,0.8108108108108109,0.012858428700012858
MATHNET-06ak,Algebra,Equations and Inequalities | Intermediate Algebra,QM-AM-GM-HM / Power Mean | Quadratic functions,proof and answer,0.6606479022835899,0.5966880341880343,0.0,0.6109422492401216,0.6845238095238095,0.32713754646840143,0.8461538461538461,0.8108108108108109,0.4793300758647294
MATHNET-0b84,Geometry,Plane Geometry,Triangles | Transformations > Homothety | Miscellaneous > Distance chasing,proof only,0.3451938396176314,0.31143162393162394,0.34993773349937735,0.7545592705167175,0.0,0.4843335103558152,1.0,0.8918918918918919,0.41018387553041025
MATHNET-0g60,Algebra | Number Theory,Algebraic Expressions | Diophantine Equations,"Techniques: modulo, size analysis, order analysis, inequalities | Infinite descent / root flipping | Polynomials > Polynomial operations",proof and answer,0.45087626128518316,0.6116452991452992,0.0,0.0,0.0,0.4843335103558152,0.8461538461538461,0.8783783783783784,0.3151922335090652
MATHNET-0juf,Geometry | Number Theory,Divisibility / Factorization | Plane Geometry,Analytic / Coordinate Methods > Cartesian coordinates | Transformations > Translation | Least common multiples (lcm),proof and answer,0.22357939458311202,0.17254273504273504,0.34993773349937735,0.0,0.0,0.4843335103558152,0.8461538461538461,0.918918918918919,0.25411469718400415
MATHNET-0bm7,Geometry,Plane Geometry,"Transformations > Inversion | Triangles > Triangle centers: centroid, incenter, circumcenter, orthocenter, Euler line, nine-point circle | Circles > Tangents",proof only,0.5215082315454063,0.7179487179487178,0.0,0.0,0.0,0.1486988847583643,1.0,0.8918918918918919,0.31760318889031763
MATHNET-0aut,Algebra | Geometry,Intermediate Algebra | Plane Geometry,Analytic / Coordinate Methods > Cartesian coordinates | Geometric Inequalities > Optimization in geometry | Quadratic functions,proof and answer,0.0,0.0,0.0,0.0,0.0,0.0,0.8461538461538461,0.8513513513513513,0.036325061077536316
MATHNET-09vr,Algebra,Algebraic Expressions,Polynomials > Polynomial operations | Polynomials > Intermediate Value Theorem,proof only,0.5751460435475305,0.6501068376068376,0.8188044831880449,0.0,0.552827380952381,0.4843335103558152,1.0,0.8108108108108109,0.5739038189533239
MATHNET-0925,Geometry,Plane Geometry,Circles > Tangents | Circles > Radical axis theorem | Quadrilaterals > Cyclic quadrilaterals | Miscellaneous > Angle chasing,proof only,0.6346255974508763,0.7179487179487178,0.8549190535491905,0.0,0.0,0.6016994158258099,1.0,0.8918918918918919,0.5763790664780765
MATHNET-0ibi,Geometry,Plane Geometry,"Triangles > Triangle centers: centroid, incenter, circumcenter, orthocenter, Euler line, nine-point circle | Miscellaneous > Constructions and loci | Miscellaneous > Angle chasing",proof only,0.25438130642591605,0.3888888888888889,0.5292652552926526,0.0,0.0,0.4843335103558152,1.0,0.8918918918918919,0.34344863057734343
MATHNET-0am1,Precalculus,Trigonometric functions,,final answer only,0.5847052575677111,0.5422008547008548,0.5292652552926526,0.0,0.0,0.9713223579394583,0.3076923076923077,0.5405405405405406,0.47277227722772275
MATHNET-0677,Number Theory,Diophantine Equations | Divisibility / Factorization,"Factorization techniques | Techniques: modulo, size analysis, order analysis, inequalities",proof and answer,0.807222517259692,0.8247863247863247,0.8549190535491905,0.0,0.783482142857143,0.32713754646840143,0.8461538461538461,0.9459459459459459,0.6667738202391669
MATHNET-0fev,Algebra,Equations and Inequalities | Intermediate Algebra | Prealgebra / Basic Algebra,Integers | Other | Linear and quadratic inequalities,proof and answer,0.21295804567180027,0.24145299145299148,0.0,0.0,0.0,0.1486988847583643,0.8461538461538461,0.8108108108108109,0.14851485148514854
MATHNET-0901,Algebra | Number Theory,Algebraic Expressions | Divisibility / Factorization,Functional Equations > Injectivity / surjectivity | Greatest common divisors (gcd),proof and answer,0.6728624535315983,0.7612179487179486,0.9371108343711084,0.9224924012158056,0.0,0.4843335103558152,0.8461538461538461,0.8783783783783784,0.7065385109939566
MATHNET-05jg,Geometry,Plane Geometry,Triangles > Triangle trigonometry | Transformations > Homothety | Miscellaneous > Angle chasing,proof only,0.8783855549654805,0.9332264957264957,0.0,0.0,0.0,0.8374933616569304,1.0,0.8918918918918919,0.5262633406197762
MATHNET-04ru,Geometry,Plane Geometry,Circles > Circle of Apollonius | Transformations > Homothety | Triangles > Triangle trigonometry | Miscellaneous > Constructions and loci | Miscellaneous > Angle chasing,proof and answer,0.9352097716409985,0.9369658119658119,0.9589041095890412,0.7545592705167175,0.9278273809523812,0.8374933616569304,0.8461538461538461,0.8918918918918919,0.9082229651536584
MATHNET-0d6i,Geometry,Plane Geometry,"Triangles > Triangle centers: centroid, incenter, circumcenter, orthocenter, Euler line, nine-point circle | Quadrilaterals > Cyclic quadrilaterals | Miscellaneous > Angle chasing",proof only,0.33404142326075403,0.6842948717948718,0.5292652552926526,0.0,0.0,0.6016994158258099,1.0,0.8918918918918919,0.4302751703741804
MATHNET-0jfs,Geometry,Plane Geometry,"Analytic / Coordinate Methods > Complex numbers in geometry | Triangles > Triangle centers: centroid, incenter, circumcenter, orthocenter, Euler line, nine-point circle",final answer only,0.3159851301115241,0.49198717948717957,0.34993773349937735,0.0,0.0,0.6016994158258099,0.3076923076923077,0.8918918918918919,0.32522180789507527
MATHNET-0i9x,Discrete Mathematics,Combinatorics,Invariants / monovariants | Games / greedy algorithms,proof only,0.9915029208709506,0.9663461538461537,0.9489414694894147,0.9703647416413373,0.9747023809523812,0.9198088157195964,1.0,1.0,0.9755046933264757
MATHNET-0bhj,Algebra,Equations and Inequalities | Prealgebra / Basic Algebra,Linear and quadratic inequalities | Simple Equations,proof and answer,0.7748274030801912,0.8637820512820513,0.8804483188044833,0.8366261398176291,0.6845238095238095,0.9883165161975571,0.8461538461538461,0.8108108108108109,0.8456988555998457
MATHNET-0bmd,Algebra | Number Theory,Divisibility / Factorization | Modular Arithmetic | Prealgebra / Basic Algebra,Prime numbers | Integers,proof and answer,0.4912373871481678,0.4738247863247863,0.5292652552926526,0.0,0.0,0.6016994158258099,0.8461538461538461,0.8783783783783784,0.42358878745017353
MATHNET-0gfz,Algebra | Discrete Mathematics,Algorithms | Linear Algebra,Matrices,proof only,0.0,0.0,0.0,0.0,0.0,0.0,1.0,0.9054054054054054,0.044040118297544006
MATHNET-06pl,Geometry,Plane Geometry,Concurrency and Collinearity | Analytic / Coordinate Methods > Trigonometry | Miscellaneous > Distance chasing | Miscellaneous > Constructions and loci,proof only,0.9150292087095061,0.9182692307692307,0.8804483188044833,0.7545592705167175,0.0,0.8672331386086033,1.0,0.8918918918918919,0.8136170759933137
MATHNET-07j1,Discrete Mathematics,Combinatorics,"Counting two ways | Pigeonhole principle | Coloring schemes, extremal arguments",proof and answer,0.5639936271906532,0.17254273504273504,0.6587795765877957,0.7545592705167175,0.552827380952381,0.6919808815719597,0.8461538461538461,1.0,0.570914234280571
MATHNET-0azg,Algebra,Algebraic Expressions,"Polynomials > Polynomial interpolation: Newton, Lagrange | Polynomials > Polynomial operations",proof and answer,0.3361656930430164,0.49198717948717957,0.6587795765877957,0.0,0.0,0.4843335103558152,0.8461538461538461,0.8108108108108109,0.4002507393596503
MATHNET-0d0r,Algebra,Equations and Inequalities,QM-AM-GM-HM / Power Mean | Muirhead / majorization,proof only,0.5013276686139139,0.36111111111111116,0.5292652552926526,0.6109422492401216,0.6845238095238095,0.32713754646840143,1.0,0.8108108108108109,0.5139513951395139
MATHNET-0j2y,Algebra,Algebraic Expressions,Polynomials > Polynomial operations | Polynomials > Roots of unity,final answer only,0.1853425385023898,0.13301282051282054,0.34993773349937735,0.0,0.0,0.1486988847583643,0.3076923076923077,0.8108108108108109,0.17201362993442196
MATHNET-0b2x,Algebra | Discrete Mathematics | Number Theory,Abstract Algebra | Combinatorics | Divisibility / Factorization | Modular Arithmetic,Chinese remainder theorem | Greatest common divisors (gcd) | Inclusion-exclusion | Group Theory,proof and answer,0.7780138077535849,0.7270299145299145,0.8804483188044833,0.6109422492401216,0.9278273809523812,0.4843335103558152,0.8461538461538461,0.918918918918919,0.7557220007715059
MATHNET-020t,Algebra | Number Theory,Algebraic Expressions | Divisibility / Factorization,"Polynomials | Polynomials > Polynomial interpolation: Newton, Lagrange | Factorization techniques",proof and answer,0.7381837493361656,0.8279914529914529,0.6587795765877957,0.9414893617021277,0.783482142857143,0.8900690387679234,0.8461538461538461,0.8783783783783784,0.7961617590330462
MATHNET-0k94,Discrete Mathematics,Combinatorics,Invariants / monovariants,proof and answer,0.370154009559214,0.1917735042735043,0.6587795765877957,0.0,0.0,0.4843335103558152,0.8461538461538461,1.0,0.3587823068021088
MATHNET-0f8b,Geometry,Plane Geometry,Transformations > Homothety | Miscellaneous > Constructions and loci,proof only,0.5215082315454063,0.6917735042735044,0.6587795765877957,0.8882978723404256,0.6845238095238095,0.4843335103558152,1.0,0.8918918918918919,0.6614375723286616
MATHNET-0eug,Algebra | Geometry,Equations and Inequalities | Plane Geometry,Cauchy-Schwarz | QM-AM-GM-HM / Power Mean | Triangles > Triangle inequalities,proof only,0.1163037705788635,0.13301282051282054,0.34993773349937735,0.6109422492401216,0.0,0.1486988847583643,1.0,0.8513513513513513,0.2627298444130128
MATHNET-0gqz,Discrete Mathematics,Combinatorics,Games / greedy algorithms | Invariants / monovariants | Induction / smoothing,proof and answer,0.7206585236325014,0.6623931623931625,0.5292652552926526,0.8882978723404256,0.8757440476190478,0.32713754646840143,0.8461538461538461,1.0,0.6712421242124212
MATHNET-02jw,Algebra,Algebraic Expressions | Prealgebra / Basic Algebra,Polynomials > Polynomial operations | Simple Equations,MCQ,0.08178438661710037,0.08173076923076925,0.0,0.0,0.0,0.4843335103558152,0.0,0.8108108108108109,0.09319146200334318
MATHNET-0fx2,Number Theory,Diophantine Equations | Divisibility / Factorization,"Greatest common divisors (gcd) | Prime numbers | Techniques: modulo, size analysis, order analysis, inequalities",proof and answer,0.5560276155071694,0.6752136752136753,0.0,0.0,0.0,0.7594264471587892,0.8461538461538461,0.9459459459459459,0.387038703870387
MATHNET-06y4,Algebra,Algebraic Expressions,Functional Equations | Functional Equations > Injectivity / surjectivity,proof and answer,0.9883165161975571,0.9914529914529915,0.9682440846824408,0.9962006079027356,0.9866071428571428,0.6016994158258099,0.8461538461538461,0.8108108108108109,0.9381188118811881
MATHNET-00jk,Algebra,Algebraic Expressions,Sequences and Series > Recurrence relations | Functional Equations > Existential quantifiers,proof only,0.5778013807753585,0.33653846153846156,0.34993773349937735,0.9224924012158056,0.0,0.1486988847583643,1.0,0.8108108108108109,0.4497878359264499
MATHNET-0jgr,Discrete Mathematics | Number Theory,Combinatorics | Modular Arithmetic,Invariants / monovariants,proof and answer,0.6781731279872542,0.560363247863248,0.5292652552926526,0.6109422492401216,0.552827380952381,0.8061603823685608,0.8461538461538461,0.972972972972973,0.6367815352963867
MATHNET-0acz,Algebra | Number Theory,Algebraic Expressions | Diophantine Equations | Divisibility / Factorization,"Sequences and Series > Recurrence relations | Greatest common divisors (gcd) | Factorization techniques | Techniques: modulo, size analysis, order analysis, inequalities",proof and answer,0.5995751460435474,0.7270299145299145,0.6587795765877957,0.9224924012158056,0.6845238095238095,0.1486988847583643,0.8461538461538461,0.8783783783783784,0.6436607946508938
MATHNET-0fg6,Geometry,Plane Geometry,"Circles > Radical axis theorem | Transformations > Inversion | Advanced Configurations > Polar triangles, harmonic conjugates | Miscellaneous > Angle chasing",proof only,0.0,0.0,0.0,0.0,0.0,0.0,1.0,0.8918918918918919,0.04371865758004375
MATHNET-0bml,Algebra,Prealgebra / Basic Algebra,Decimals,proof and answer,0.3738714816781731,0.31143162393162394,0.0,0.0,0.0,0.1486988847583643,0.8461538461538461,0.8108108108108109,0.20010929664395008
MATHNET-01nc,Geometry,Plane Geometry,Circles > Tangents | Analytic / Coordinate Methods > Cartesian coordinates,proof only,0.0,0.0,0.0,0.0,0.0,0.0,1.0,0.8918918918918919,0.04371865758004375
MATHNET-01l8,Geometry,Plane Geometry,Quadrilaterals > Cyclic quadrilaterals | Circles | Miscellaneous > Angle chasing | Miscellaneous > Distance chasing,proof only,0.31120552310143385,0.4150641025641026,0.8549190535491905,0.0,0.0,0.4843335103558152,1.0,0.8918918918918919,0.42918220393467915
MATHNET-0f8j,Discrete Mathematics | Number Theory,Combinatorics | Divisibility / Factorization,Invariants / monovariants | Factorization techniques,proof and answer,0.1964949548592671,0.43589743589743596,0.34993773349937735,0.0,0.552827380952381,0.4843335103558152,0.8461538461538461,0.972972972972973,0.34415584415584416
MATHNET-0k6m,Statistics,Probability,Counting Methods > Other,proof and answer,0.3382899628252788,0.15224358974358973,0.0,0.6109422492401216,0.0,0.32713754646840143,0.8461538461538461,0.2702702702702703,0.24903561784749909
MATHNET-07la,Number Theory,Divisibility / Factorization,Factorization techniques,proof only,0.2002124269782262,0.2676282051282051,0.34993773349937735,0.0,0.0,0.1486988847583643,1.0,0.9459459459459459,0.23206249196348203
MATHNET-02ya,Geometry,Plane Geometry,Triangles > Triangle trigonometry | Miscellaneous > Angle chasing | Miscellaneous > Constructions and loci,proof and answer,0.5894848645778014,0.5261752136752137,0.0,0.0,0.0,0.6016994158258099,0.8461538461538461,0.8918918918918919,0.34785264240709785
MATHNET-0ckb,Algebra,Equations and Inequalities | Prealgebra / Basic Algebra,Linear and quadratic inequalities | Simple Equations,proof only,0.15454062665958573,0.24145299145299148,0.7540473225404732,0.0,0.6845238095238095,0.1486988847583643,1.0,0.8108108108108109,0.3556641378423557
MATHNET-02eg,Discrete Mathematics,Combinatorics,"Invariants / monovariants | Coloring schemes, extremal arguments",proof and answer,0.7195963887413701,0.7051282051282051,0.7540473225404732,0.7545592705167175,0.6845238095238095,0.6016994158258099,0.8461538461538461,1.0,0.7248617718914749
MATHNET-05lp,Discrete Mathematics,Combinatorics,Counting two ways,proof only,0.7822623473181094,0.4738247863247863,0.0,0.0,0.0,0.8900690387679234,1.0,1.0,0.42898932750417895
MATHNET-04t3,Discrete Mathematics,Combinatorics,Induction / smoothing | Games / greedy algorithms,proof only,0.8831651619755709,0.8728632478632478,0.9034869240348692,0.7545592705167175,0.0,0.7594264471587892,1.0,1.0,0.791982769705542
MATHNET-0dyh,Geometry,Plane Geometry,Miscellaneous > Angle chasing | Miscellaneous > Distance chasing | Triangles > Triangle trigonometry,proof only,0.6686139139670737,0.7692307692307693,0.8188044831880449,0.0,0.0,0.6016994158258099,1.0,0.8918918918918919,0.5864086408640865
MATHNET-0jgz,Algebra | Number Theory,Algebraic Expressions | Divisibility / Factorization | Modular Arithmetic,Fermat / Euler / Wilson theorems | Factorization techniques | Sequences and Series > Recurrence relations,proof only,0.9522039298990972,0.9690170940170939,0.7540473225404732,0.9224924012158056,0.9002976190476191,0.9500796601168348,1.0,0.8783783783783784,0.9144914491449146
MATHNET-0dsa,Discrete Mathematics,Combinatorics,"Invariants / monovariants | Coloring schemes, extremal arguments",proof and answer,0.2559745087626128,0.2884615384615385,0.34993773349937735,0.0,0.552827380952381,0.6016994158258099,0.8461538461538461,1.0,0.3467918220393468
MATHNET-0f42,Algebra,Algebraic Expressions | Equations and Inequalities,Polynomials > Polynomial operations | Linear and quadratic inequalities,proof only,0.0801911842804036,0.15224358974358973,0.5292652552926526,0.0,0.0,0.1486988847583643,1.0,0.8108108108108109,0.21598945608846595
MATHNET-0er4,Math Word Problems,,,MCQ,0.09028146574614976,0.09455128205128205,0.34993773349937735,0.0,0.0,0.1486988847583643,0.0,0.0,0.1099074193133599
MATHNET-00h0,Discrete Mathematics,Combinatorics | Graph Theory,"Coloring schemes, extremal arguments | Algebraic properties of binomial coefficients",proof and answer,0.9691980881571959,0.9097222222222222,0.9489414694894147,0.96048632218845,0.9501488095238098,0.960169941582581,0.8461538461538461,1.0,0.9549633534782049
